codigo;nombre;institucion_nombre;institucion_rut;unidad;direccion;comuna;region;tipo;estado;descripcion;fecha_inicio;fecha_final;fecha_adjudicacion;monto_estimado;unidad_monetaria;proveedores_participantes;adjudicados
1220203-12-LE25;"Ser profesional especializado apoyo para la ejecuc";"SERVICIO NACIONAL DEL PATRIMONIO CULTURAL";"60.905.047-0";"DIRECCION REGIONAL DE ANTOFAGASTA";"Manuel Antonio Matta 2822";"Antofagasta";"Región de Antofagasta";"LE";"Adjudicada";"Servicio profesional especializado apoyo para la ejecución de plan regional de revitalización cultural indígena y tribal afrodescendiente en la región de Antofagasta";2025-03-18T12:28:37.057;2025-04-01T18:00:00;2025-04-09T22:52:57.73;;"CLP";0;0
2309-33-LQ25;"CONCESIÓN PARA EL COBRO DE ESTACIONAMIENTOS REGULADOS EN EL RADIO URBANO DE LA CIUDAD DE MOLINA";"ILUSTRE MUNICIPALIDAD DE MOLINA";"69.110.100-2";"Secretaria Comunal de Planificacion";"MAIPU 1846";"Molina";"Región del Maule";"LQ";"Adjudicada";"SE REQUIERE CONCESIÓN PARA EL COBRO DE ESTACIONAMIENTOS REGULADOS EN EL RADIO URBANO DE LA CIUDAD DE MOLINA";2025-01-31T20:38:00;2025-02-25T12:00:00;2025-04-09T17:49:11.743;;"CLP";0;0
3209-5-L125;"DAEM SAN RAFAEL";"I MUNICIPALIDAD DE SAN RAFAEL";"69.264.500-6";"Departamento Educación";"AVDA ORIENTE 2533";"San Rafael";"Región del Maule";"L1";"Adjudicada";"Traslado de alumnos San Rafael.";2025-03-28T17:09:39.997;2025-04-03T18:06:00;2025-04-09T17:40:46.263;;"CLP";0;0
835727-8-LQ25;"2° PROYECTO DE CONSTRUCCIÓN DE 20 SOLUCIONES SANITARIAS PARA POBLADORES COMUNA DE GENERAL LAGOS";"Ilustre Municipalidad de General Lagos";"69.250.700-2";"Administracion Municipal";"";"";"Región de Arica y Parinacota";"LQ";"Adjudicada";"2° PROYECTO DE CONSTRUCCIÓN DE 20 SOLUCIONES SANITARIAS PARA POBLADORES COMUNA DE GENERAL LAGOS";2025-01-30T14:43:00;2025-02-20T15:30:00;2025-04-09T18:58:38.937;250500067;"CLP";0;0
730736-10-LE25;"CONTRATO DE SUMINISTRO DE MOVILIZACIÓN PARA EL DESARROLLO DE ACTIVIDADES MUNICIPALES Y PROGRAMAS SOCIALES AÑO 2025";"I MUNICIPALIDAD DE PAREDONES";"69.090.900-6";"Adquisiciones";"Avenida Doctor Moore Nº 15";"Paredones";"Región del Libertador General Bernardo O´Higgins";"LE";"Adjudicada";"	La necesidad del Municipio de Paredones manifestada por el Departamento Social en conjunto con DIDECO de disponer de un Convenio de Suministro de Movilización para el Desarrollo de Actividades Municipales y Programas Sociales, que serán utilizados en la gestión diaria del municipio, suministro que tendrá vigencia desde la fecha de aceptación de la Orden de Compra que formalizará el proceso hasta el 31 de diciembre del año 2025.";2025-03-18T16:21:46.14;2025-03-28T09:00:00;2025-04-09T18:15:11.857;;"CLP";0;0
1663-85-LE25;"COMPRA E INSTALACION CAMARAS DE SEGURIDAD PARA NHQ";"SERVICIO DE SALUD CHILOE";"61.602.276-8";"Hospital de Quellón";"";"";"Región de los Lagos";"LE";"Adjudicada";"La Red de Salud necesita contar con Servicio de Compra e Instalación de Cámaras de Seguridad para NHQ para instalar en puntos críticos, para vigilancia, control y visualización del flujo de usuarios yo funcionarios del Establecimiento";2025-03-03T15:46:29.203;2025-03-13T16:30:00;2025-04-09T17:40:10.757;;"CLP";0;0
2793-64-LE25;"Adquisición de Licencias Computacionales";"Municipalidad de Huechuraba";"69.255.400-0";"Municipalidad de Huechuraba";"Premio Nóbel   5555";"Huechuraba";"Región Metropolitana de Santiago";"LE";"Adjudicada";"Adquisición de Licencias Computacionales";2025-03-25T18:30:34.91;2025-03-31T15:26:00;2025-04-09T17:06:16.86;;"CLP";0;0
838104-47-LE24;"CMCP TARJETAS DE ABASTECIMIENTO O PRE-PAGO";"COMANDO DE APOYO A LA FUERZA";"73.923.800-5";"División de Bienestar ZB Región Metropolitana BSoc";"Avda. Neptuno Nº 097, Villa Militar Oeste, Estación Central";"Estación Central";"Región Metropolitana de Santiago";"LE";"Adjudicada";"CMCP ADQUISICIÓN DE TARJETAS DE ABASTECIMIENTO O PRE-PAGO CANJEABLES PARA COMPRAS EN SUPERMERCADOS Y COMERCIO ASOCIADOS.";2025-03-20T14:58:58.257;2025-04-01T17:00:00;2025-04-09T17:05:26.39;;"CLP";0;0
1057494-2-LP25;"SUMINISTRO DE INSUMOS PARA LA UNIDAD DE MANTENIMIE";"SERVICIO DE SALUD SUR HOSPITAL EXEQUIEL";"61.608.102-0";"Bienes y Servicios";"Gran Avenida Jose Miguel Carrera Nº3300";"San Miguel";"Región Metropolitana de Santiago";"LP";"Adjudicada";"SUMINISTRO DE INSUMOS PARA LA UNIDAD DE MANTENIMIENTO PARA EL HOSPITAL DR. EXEQUIEL GONZÁLEZ CORTÉS.";2025-01-16T15:06:46.727;2025-02-05T16:00:00;2025-04-09T17:03:54.447;;"CLP";0;0
598-2-LE25;"Servicio de Administración de Salas Cunas DIPRECA";"DIRECCION PREVISION DE CARABINEROS DE CHILE";"61.513.000-1";"Unidad de Abastecimiento DIPRECA";"21 de mayo 592";"Santiago";"Región Metropolitana de Santiago";"LE";"Adjudicada";"La Dirección de Previsión de Carabineros de Chile, en adelante “DIPRECA”, ubicada en calle 21 de Mayo Nº592, comuna de Santiago, de esta ciudad, llama a Licitación Pública para la contratación del servicio de administración de salas cunas para el personal de la Dirección de Previsión de Carabineros de Chile. La contratación de este servicio de administración de sala cunas, tiene como finalidad que cuente con cobertura nacional, desde Arica a Punta Arenas, que disponga de varias opciones por zona, durante un período de 24 meses, el cual estará destinado a losas hijosas de funcionarias de la Dirección de Previsión de Carabineros de Chile, menores de 2 años de edad, a fin de que dispongan de un lugar adecuado, que les proporcione cuidado y seguridad a los niñosas, durante la ausencia laboral de sus padres.";2025-03-03T17:30:00;2025-03-18T18:00:00;2025-04-09T17:04:21.11;;"CLP";0;0
3976-8-LE25;"IMPLEMENTOS DE AUDIO Y SONORIZACION PARA TALLERES ARTÍSTICOS AÑO 2025 ESCUELA EL HUACHI";"I MUNICIPALIDAD DE SANTA BARBARA";"69.170.201-4";"Departamento De Educacion Municipal";"Arturo Prat Nº 121 Santa Bárbara";"Santa Bárbara";"Región del Biobío";"LE";"Adjudicada";"IMPLEMENTOS DE AUDIO Y SONORIZACION PARA TALLERES ARTÍSTICOS AÑO 2025 ESCUELA EL HUACHI";2025-03-13T16:59:14.597;2025-03-25T15:00:00;2025-04-09T17:02:37.547;8000000;"CLP";0;0
1058095-16-LE25;"COMPRA EXTRA FCIA FOLIOS VARIOS 1° TRIME. 2025 4";"COMPLEJO ASISTENCIAL DR. SOTERO DEL RIO";"61.608.502-6";"Fármarcos";"CONCHA Y TORO 3459";"Puente Alto";"Región Metropolitana de Santiago";"LE";"Adjudicada";"COTIZAR: PRECIOS UNITARIOS NETOS, SOLO COTIZAR PRODUCTOS CON STOCK PARA DESPACHO INMEDIATO, Y CON VENCIMIENTO MAYOR A 12 MESES, INDICAR FACTOR EMPAQUE EN CADA LÍNEA COTIZADA E INDICAR EL NOMBRE DE LA MARCA OFERTADA.";2025-03-27T09:28:52.06;2025-04-03T10:00:00;2025-04-09T17:02:31.3;;"CLP";0;0
1411-1-LE25;"Servicio de Extracción de basura para el CPF San Miguel";"DIRECCION GENERAL DE GENDARMERIA DE CHIL";"61.933.800-6";"Región Metropolitana";"Camino Quilapilún, Parcela N°25";"Til Til";"Región Metropolitana de Santiago";"LE";"Adjudicada";"Servicio de Extracción de basura para el CPF San Miguel";2025-01-06T16:02:55.653;2025-01-20T15:30:00;2025-04-09T16:53:23.967;;"CLP";0;0
2202-32-LE25;"Adq.de vestuario y calzado para funcionarios del H";"SERVICIO SALUD ARAUCANIA NORTE HOSPITAL CURACAUTIN";"61.602.241-5";"SERVICIO SALUD ARAUCANIA NORTE HOSPITAL CURACAUTIN";"Patricio Chavez N°105";"Curacautín";"Región de la Araucanía";"LE";"Adjudicada";"La presente licitación tiene como objetivo adquisición de vestuario y calzado para funcionarios del Hospital de Curacautín año 2025 para la identificación de personal de urgencias y para adquirir EEPP y así proteger la seguridad e integridad de los riesgos expuestos durante sus funciones en el trabajo";2025-03-25T10:29:53.94;2025-04-04T12:57:00;2025-04-09T16:31:59.46;14800000;"CLP";0;0
2793-54-LE25;"MANTENIMIENTO PREVENTIVO Y CORRECTIVO ASCENSOR";"Municipalidad de Huechuraba";"69.255.400-0";"Municipalidad de Huechuraba";"Premio Nóbel   5555";"Huechuraba";"Región Metropolitana de Santiago";"LE";"Adjudicada";"SERVICIO DE MANTENIMIENTO PREVENTIVO Y CORRECTIVO ASCENSOR EDIFICIO CONSISTORIAL";2025-03-05T15:50:20.387;2025-03-11T11:09:00;2025-04-09T16:30:38.533;;"CLP";0;0
4308-9-L125;"Contratación de servicio de Endodoncia";"I MUNICIPALIDAD DE ERCILLA";"69.180.600-6";"Salud";"AVDA. ERCILLA 289 ESQ. CAUPOLICAN";"Ercilla";"Región de la Araucanía";"L1";"Adjudicada";"contratación de servicio de endodoncia, en molares y piezas anteriores y premolares, mas detalle en EETT adjunta.";2025-03-26T12:28:43.847;2025-04-01T13:34:00;2025-04-09T16:27:05.367;4250000;"CLP";0;0
1046-14-LE25;"CONSULTORÍA GEOFÍSICA SHACS MARICUNGA PIEDRA POME";"MINISTERIO DE OBRAS PUBLICAS DIREC CION GRAL DE OO PP DCYF";"61.202.000-0";"Dirección General de Aguas - III Región";"Av. Circunvalación Esquina Rancagua N° 499, piso 1";"Copiapó";"Región de Atacama";"LE";"Adjudicada";"Prospección geofisica de aguas subterráneas para la determinación de puntos de perforación para la construcción de pozos de monitoreo.";2025-03-14T12:53:49.923;2025-03-24T16:20:00;2025-04-09T16:16:21.727;25000000;"CLP";0;0
3992-14-LE25;"Profesional Médico Familiar";"I MUNICIPALIDAD DE COLTAUCO";"69.080.700-9";"Departamento de Educación";"Departamento de Educación Municipal, Avenida Bernardo O’Higgins # 254";"Coltauco";"Región del Libertador General Bernardo O´Higgins";"LE";"Adjudicada";"Surge la necesidad de realizar un llamado a licitación pública con el objeto de contar con Profesional Médico Especialista en Salud Familiar para evaluar niños y niñas beneficiarias del Proyecto Integración de los Establecimientos Educacionales y liceo politécnico según términos especificados en las Bases Administrativas y Técnicas que forman parte de este procedimiento concursal.";2025-03-17T15:24:26.737;2025-03-27T15:00:00;2025-04-09T15:56:36.187;;"CLP";0;0
2738-9-LE25;"PLATAFORMA DIGITAL INGLES EE.EE DAEM SAN FELIPE";"I MUNICIPALIDAD DE SAN FELIPE";"69.050.600-9";"ADQUISICIONES EDUCACION";"CARLOS CONDELL  218";"San Felipe";"Región de Valparaíso";"LE";"Adjudicada";"SERVICIO DE PLATAFORMA DIGITAL DE INGLES PARA EE.EE DE LA DAEM DE SAN FELIPE";2025-02-25T12:38:50.093;2025-03-07T12:00:00;2025-04-09T15:56:10.713;;"CLP";0;0
1943-6-LQ25;"CONVENIO SUMINISTRO SERVICIO DE MONITOREO ALARMAS";"CORP NACIONAL FORESTAL";"61.313.000-4";"V Región - Oficina Regional  de Valparaiso";"Melgarejo 669, Piso 7";"Valparaíso";"Región de Valparaíso";"LQ";"Adjudicada";"Se requiere el servicio de instalación de central de monitoreo de alarma con transmisión inalámbrica, para diferentes dependencias de CONAF Región de Valparaíso, que genere formas de identificación y alerta de siniestros o emergencias, con capacidad de reacción de manera inmediata. Debe incluir la instalación de los dispositivos necesarios para su funcionamiento y reportes diarios.";2025-03-26T17:08:18.1;2025-04-07T15:00:00;2025-04-09T18:21:58.08;200000000;"CLP";0;0
1058128-3-LQ25;"CONVENIO SUMINISTRO ALTEPLASA 50 MG HPM";"HOSPITAL PUERTO MONTT SERVICIO DE SALUD DEL RELONCAVI";"61.975.100-0";"Fármacos";"Los Aromos N° 65 Paipote 3 - Región de los Lagos";"Puerto Montt";"Región de los Lagos";"LQ";"Adjudicada";"Debido a la necesidad del Hospital de Puerto Montt, de contratar un Proveedor en condiciones de ejecutar un convenio de suministro de ALTEPLASA 50MG, necesario para asegurar un tratamiento oportuno, adecuado, eficiente y correcto para los pacientes, en conformidad con la Resolución N°12.499, emitida el 29 de octubre de 2024, que aprueba el Arsenal Terapéutico del Hospital de Puerto Montt.";2025-03-03T11:41:01.83;2025-03-17T15:00:00;2025-04-09T16:15:24.16;;"CLP";0;0
3729-13-LE25;"ADQUISICIÓN DE CAMIÓN DOBLE CABINA";"I MUNICIPALIDAD DE CHIMBARONGO";"69.090.300-8";"Secpla";"JAVIERA CARRERA 511";"Chimbarongo";"Región del Libertador General Bernardo O´Higgins";"LE";"Adjudicada";"Se requiere la adquisición de camión doble cabina, de acuerdo a lo señalado en las Especificaciones Técnicas, anexas. Decreto 784  y Decreto 785 de fecha 06/03/2025 que aprueba y designa, respectivamente.";2025-03-06T16:37:00;2025-03-17T15:05:00;2025-04-09T15:52:32.207;31000000;"CLP";0;0
4090-5-LE25;"MEDICAMENTOS E INSUMOS PARA FARMACIA POPULAR";"I MUNICIPALIDAD DE MAULLIN";"69.220.500-6";"Departamento de Salud";"Bernardo O'Higgins 641";"Maullín";"Región de los Lagos";"LE";"Adjudicada";"EL DEPARTAMENTO DE SALUD REQUIERE ADQUIRIR MEDICAMENTOS E INSUMOS MEDICOS PARA ABASTECIMIENTO FARMACIA POPULAR, SEGUN DECRETO EXENTO N 744";2025-03-07T16:15:15.19;2025-03-14T10:00:00;2025-04-09T15:23:54.25;;"CLP";0;0
2914-18-E225;"SUMINISTRO DE OXIGENO AÑO 2025 SOL 02";"ILUSTRE MUNICIPALIDAD DE DIEGO DE ALMAGRO";"69.250.500-k";"Salud";"Juan Martínez de Rosa 1403, I. MUNICIPALIDAD DE DIEGO DE ALMAGRO";"Diego De Almagro";"Región de Atacama";"E2";"Adjudicada";"ADQUIRIR SUMINISTRO DE OXIGENO SEGUN NECESIDAD DEL SERVICIO PARA ESTABLECIMIENTOS DE SALUD MUNICIPAL DE LA COMUNA DE DIEGO DE ALMAGRO. SERVICIO DEBE INCLUIR RECARGA, TRASLADO DE CILINDROS Y SI SE REQUIERE MANTENCIONES O REPARACION. NO SE INCLUYE ARRIENDO DE CILINDROS.";2025-04-02T12:28:30.48;2025-04-08T14:11:00;2025-04-09T15:34:08.473;5042016;"CLP";0;0
2597-6-LQ25;"SERVICIO DE MANTENCIÓN DE BALIZAS PEATONALES";"I MUNICIPALIDAD DE CONCON";"73.568.600-3";"SECPLAC";"Percy 904 esquina calle Rio de Oro";"Concón";"Región de Valparaíso";"LQ";"Adjudicada";"LA ILUSTRE MUNICIPALIDAD DE CONCON REQUIERE CONTRATAR EL SERVICIO DE MANTENCION DE BALIZAS PEATONALES DE LA COMUNA, SEGUN ESPECIFICACIONES TECNICAS ADJUNTAS Y DEMAS ANTECEDENTES QUE COMPONEN LA PROPUESTA.";2025-02-18T13:36:16.317;2025-02-28T15:30:00;2025-04-09T15:23:13.407;;"CLP";0;0
4159-13-LE25;"PLATAFORMA PROGRAMA INTEGRACION ESCOLAR DAEM 2025";"I MUNICIPALIDAD DE PARRAL";"69.130.700-K";"DEPARTAMENTO DE EDUCACION";"Balmaceda Nº 206 Esquina Pablo Neruda";"Parral";"Región del Maule";"LE";"Adjudicada";"1.	La necesidad de proveer una “PLATAFORMA PARA EL PROGRAMA DE INTEGRACIÓN ESCOLAR PIE, DAEM PARRAL 2025”, para todos los Establecimientos Educacionales Municipalizados que tienen este programa de inclusión  pertenecientes al Departamento Administrativo de Educación Municipal de la comuna de Parral, para el año 2025.-";2025-03-13T17:38:27.827;2025-03-18T19:00:00;2025-04-09T15:21:42.7;;"CLP";0;0
2405-179-LP24;"ADQUISICIÓN LUMINARIAS VÍAS DE EVACUACIÓN";"I MUNICIPALIDAD DE IQUIQUE";"69.010.300-1";"SECRETARIA COMUNAL DE PLANIFICACION";"Serrano #134";"Iquique";"Región de Tarapacá";"LP";"Adjudicada";"ADQUISICIÓN LUMINARIAS VÍAS DE EVACUACIÓN ZONA CENTRO - IQUIQUE";2024-11-06T16:01:38.33;2024-11-26T10:00:00;2025-04-09T20:26:54.973;103321750;"CLP";0;0
2982-10-LE25;"VESTUARIO FORMAL Y DEPORTIVO ALUMNOS CURSO OFICIALES GRADUADO EN INVESTIGACIONES  CRIMINALISTICAS - ASEPOL 2025";"POLICIA DE INVESTIGACIONES DE CHILE";"60.506.000-5";"JEFATURA NACIONAL DE EDUCACIÓN Y DOCTRINA (JENAED)";"AVDA. GLADYS MARIN MILLIE N° 5783";"Estación Central";"Región Metropolitana de Santiago";"LE";"Adjudicada";"Que los alumnos cuenten con la indumentaria adecuada para la realización de las actividades propia del curso.";2025-03-03T18:29:06.863;2025-03-14T15:00:00;2025-04-09T14:46:22.72;10250000;"CLP";0;0
1692-17-LE25;"SUMINISTRO DE DIESEL PARA HOSPITAL COCHRANE";"SERVICIO NACIONAL DE SALUD HOSPITAL DE COCHRANE";"61.602.292-k";"Hospital Cochrane";"Doctor Steffens 730";"Cochrane";"Región Aysén del General Carlos Ibáñez del Campo";"LE";"Adjudicada";"SE REQUIERE LA ADQUISICION DE 18.000 LITROS DE DIESEL PARA RESPALDO TERMICO Y RESPALDO ELECTRICO DEL HOSPITAL COCHRANE.";2025-03-26T17:38:02.897;2025-04-03T15:00:00;2025-04-09T14:44:37.093;;"CLP";0;0
3870-4-LE25;"Suministro de materiales de Ferretería";"I MUNICIPALIDAD DE PEMUCO";"69.141.601-1";"Educación";"San Martín 498";"Pemuco";"Región del Ñuble";"LE";"Adjudicada";"Disponer de materiales para la mantención y reparación de establecimientos y dependencias del Departamento de Educación";2025-03-27T12:25:00;2025-04-03T13:00:00;2025-04-09T15:20:42.187;;"CLP";0;0
1359-7-LE25;"ADQUISICION DE EMULSION ASFALTICA VIA PRIME";"MINISTERIO DE OBRAS PUBLICAS DIREC CION GRAL DE OO PP DCYF";"61.202.000-0";"Dirección de Vialidad - RM - Provincia de Maipo";"Freire 148";"San Bernardo";"Región Metropolitana de Santiago";"LE";"Adjudicada";"“Suministro de 3.000 Litros de Emulsión Asfáltica imprimante VIA - PRIME para trabajos  de pavimentación  en Camino Santa Teresa de Tango, Comuna San Bernardo y en los diferentes caminos pertenecientes a la Red Vial de la Provincia  de Maipo, Región Metropolitana”";2025-03-17T19:12:04.877;2025-03-27T19:54:00;2025-04-09T14:46:37.773;;"CLP";0;0
3561-15-L125;"MEDICAMENTOS PARA LA FARMACIA COMUNAL";"I MUNICIPALIDAD DE LA CALERA";"69.060.300-4";"Departamento de Salud Municipal";"San Diego Nº 147";"La Calera";"Región de Valparaíso";"L1";"Adjudicada";"NECESIDAD DE COMPRA DE MEDICAMENTOS PARA LA FARMACIA COMUNAL";2025-03-20T08:34:01.253;2025-03-26T08:15:00;2025-04-09T14:30:56.64;;"CLP";0;0
2597-1-LE25;"Asesoría Técnica Mejoramiento Pavimento Calle P2";"I MUNICIPALIDAD DE CONCON";"73.568.600-3";"SECPLAC";"Percy 904 esquina calle Rio de Oro";"Concón";"Región de Valparaíso";"LE";"Adjudicada";"LA I. MUNICIPALIDAD DE CONCON REQUIERE LA CONTRATACION DE UN PROFESIONAL ASESOR TECNICO PARA LA EJECUCION DEL PROYECTO “Mejoramiento Pavimento Calle P2 Área Extensión Urbana Oriente, Concón”, código BIP N° 40034292-0, SEGUN LAS BASES ADMINISTRATIVAS Y DEMAS ANTECEDENTES QUE COMPONEN LA PROPUESTA, ASI COMO LOS QUE COMPONEN LA PROPUESTA DE LAS OBRAS BAJO LA ID 2597-67-LR24.";2025-01-15T12:22:51.127;2025-01-29T15:00:00;2025-04-09T13:44:50.18;7200000;"CLP";0;0
2258-41-LP25;"ARRIENDO DE ASPIRADOR ULTIMA GENERACION Y NEUROMONITOREO";"SERVICIO DE SALUD ANTOFAGASTA HOSPITAL L";"61.606.201-8";"Abastecimiento Principal";"Av. Argentina 1962";"Antofagasta";"Región de Antofagasta";"LP";"Adjudicada";"ARRIENDO DE ASPIRADOR ULTIMA GENERACION Y NEUROMONITOREO";2025-03-05T16:52:16.193;2025-03-18T18:04:00;2025-04-09T13:31:48.81;;"CLP";0;0
2963-2-LE25;"SERVICIO DE IMPRESIÓN DE FORMULARIOS";"I MUNICIPALIDAD DE LA GRANJA";"69.072.400-6";"SECPLA";"Americo Vespucio 002";"La Granja";"Región Metropolitana de Santiago";"LE";"Adjudicada";"Las presentes Bases de Licitación están relacionadas al  SERVICIO DE IMPRESIÓN DE FORMULARIOS, FICHA, CARNÉ Y AFICHES, PARA LOS CENTROS DE SALUD DEPENDIENTES DEL DEPARTAMENTO DE ADMINISTRACIÓN DE SALUD MUNICIPAL";2025-01-15T17:57:00;2025-03-03T15:00:00;2025-04-09T13:43:27.393;;"CLP";0;0
218-5-LQ25;"SERVICIO DE TRANSPORTE URBANO DE PASAJEROS";"I MUNICIPALIDAD SAN JOAQUIN";"69.254.600-8";"Ilustre Municipalidad de San Joaquin";"Avenida Santa Rosa Nº 2606";"San Joaquín";"Región Metropolitana de Santiago";"LQ";"Adjudicada";"SERVICIO DE TRANSPORTE URBANO DE PASAJEROS, MUNICIPALIDAD DE SAN JOAQUIN";2025-02-13T13:50:28.467;2025-02-24T16:00:00;2025-04-09T12:51:18.647;155040000;"CLP";0;0
5052-6-LE25;"CONVENIO ORTESIS PARA PECTUS CARINATUM PEDIATRICO";"SERVICIO DE SALUD DEL MAULE HOSPITAL DE TALCA";"61.606.901-2";"Generales";"1 Norte Nº 1951, Bodegas";"Talca";"Región del Maule";"LE";"Adjudicada";"El objetivo de la presente licitación, es invitar a través de www.mercadopublico.cl a todos los proveedores del rubro a participar de la adquisición de ORTESIS PARA PECTUS CARINATUM PEDIATRICO necesario para el servicio de Cirugía Infantil del Hospital Regional de Talca y bajo las especificaciones técnicas requeridas por la Institución con el fin de seleccionar la oferta más conveniente de acuerdo a los criterios de evaluación, asegurando el abastecimiento en calidad y oportunidad, satisfaciendo así la demanda de los usuarios.";2025-02-13T17:18:03.547;2025-02-26T17:34:00;2025-04-09T13:41:54.26;7140000;"CLP";0;0
5051-10-LE25;"ADQUISICION DE LIRAGLUTIDE";"SERVICIO DE SALUD DEL MAULE HOSPITAL DE TALCA";"61.606.901-2";"Farmacia";"1 Norte Nº 1990";"Talca";"Región del Maule";"LE";"Adjudicada";"El objetivo de la presente licitación, es la adquisición de LIRAGLUTIDE, para el Hospital Regional de Talca, con el fin de asegurar el abastecimiento en calidad y oportunidad, para satisfacer la demanda de los usuarios por un periodo de 18 meses.";2025-01-29T08:11:00;2025-02-07T15:00:00;2025-04-09T12:41:39.117;;"CLP";0;0
2446-41-LE25;"L.P.  24-2025 SUMINISTRO POR PUBLICACION EN DIARIO";"I MUNICIPALIDAD DE COQUIMBO";"69.040.300-5";"IMUNI_COQUIMBO";"BILBAO 348";"Coquimbo";"Región de Coquimbo";"LE";"Adjudicada";"SUMINISTRO POR PLAN DE DIFUSION DE MEDIOS DE PRENSA ESCRITOS DE CIRCULACIÓN COMUNAL Y REGIONAL";2025-02-28T18:26:47.223;2025-03-10T15:04:00;2025-04-09T12:38:26.36;61880000;"CLP";0;0
2738-7-LE25;"SERVICIO EVALUACIONES MEDICAS PIE- DAEM SAN FELIPE";"I MUNICIPALIDAD DE SAN FELIPE";"69.050.600-9";"ADQUISICIONES EDUCACION";"CARLOS CONDELL  218";"San Felipe";"Región de Valparaíso";"LE";"Adjudicada";"SERVICIO DE EVALUACIONES MEDICAS PROGRAMA DE INTEGRACION ESCOLAR DE LA DAEM DE SAN FELIPE";2025-02-25T10:59:48.96;2025-03-06T16:00:00;2025-04-09T12:37:48.063;;"CLP";0;0
2734-4-LE25;"SERVICIO DE REAS DEPTO DE SALUD";"MUNICIPALIDAD DE PEÑAFLOR";"69.071.700-K";"DEPARTAMENTO DE SALUD";"ALCALDE LUIS ARAYA CERECEDA  1215";"Peñaflor";"Región Metropolitana de Santiago";"LE";"Adjudicada";"La Ilustre Municipalidad de Peñaflor, en adelante “la Municipalidad”, requiere la contratación del Servicio de Manejo, Retiro, Transporte y Disposición Final de Residuos Especiales y Peligrosos. El objetivo de esta licitación es garantizar la correcta gestión de los residuos especiales y peligrosos generados por la Municipalidad, asegurando su manejo, retiro, transporte y disposición final de acuerdo con la normativa vigente y los estándares de seguridad y medioambientales aplicables. En particular, se requiere el retiro de residuos catalogados como ESPECIALES y PELIGROSOS, conforme a lo establecido en el Decreto Supremo N°6 de 2009 del Ministerio de Salud.";2025-03-28T16:20:22.89;2025-04-02T16:32:00;2025-04-09T12:13:00.69;;"CLP";0;0
1291-7-LE25;"ADQUISICIÓN DE  2.000 M3 DE MATERIAL GRANULAR";"MINISTERIO DE OBRAS PUBLICAS DIREC CION GRAL DE OO PP DCYF";"61.202.000-0";"Dirección de Vialidad - VII Región - Provincia de Linares";"Linares";"Linares";"Región del Maule";"LE";"Adjudicada";"ADQUISICIÓN DE   SUMINISTRO DE 2.000 M3 DE BASE GRANULAR BAJO 2” PUESTO EN CAMINO L-449 CRUCE L-45 RETÉN ACHIBUENO - LOS HUALLES, COMUNA DE LINARES, PROVINCIA DE LINARES";2025-03-25T15:28:37.713;2025-04-04T16:00:00;2025-04-09T12:38:44.587;;"CLP";0;0
776-10-LP25;"SERVICIO DE PRODUCCIÓN DÍA DE LOS PATRIMONIOS 2025";"PRESIDENCIA DE LA REPUBLICA";"60.000.000-4";"Presidencia de la República";"Agustinas 1220, Subsuelo";"Santiago";"Región Metropolitana de Santiago";"LP";"Adjudicada";"La Presidencia de la Republica requiere la contratación de los servicios de producción integral para el correcto desarrollo de las actividades culturales del denominado “Día de los Patrimonios mayo 2025” y “Día de los Patrimonios para Niños, Niñas y Adolescentes noviembre 2025”, a realizarse en el Palacio de la Moneda de la Presidencia de la República, sus alrededores y la Residencia Presidencial Palacio Cerro Castillo. Todo ello conforme a las condiciones y estipulaciones contenidas en las presentes Bases Administrativas, Especificaciones Técnicas y los otros documentos que forman parte integrante de esta licitación.";2025-02-28T13:22:02.993;2025-03-21T16:00:00;2025-04-09T12:31:31.613;180000000;"CLP";0;0
4956-4-LQ25;"MARTILLERO REMATE VEHICULOS MUNICIPALES Y OTROS";"I MUNICIPALIDAD DE RENCA";"69.071.200-8";"I MUNICIPALIDAD DE RENCA";"BLANCO ENCALADA 1335";"Renca";"Región Metropolitana de Santiago";"LQ";"Adjudicada";"Contratar el servicio de Martillero Público para rematar bienes municipales que se den de baja, tales como vehículos, muebles, equipos informáticos y otros, o bien, vehículos abandonados en la vía pública de la comuna de Renca que se mantengan en la Custodia Metropolitana Concesionada, durante el plazo de vigencia del contrato.";2025-01-20T13:34:46.667;2025-02-13T15:01:00;2025-04-09T12:03:27.707;;"CLP";0;0
4114-5-LP25;"CONVENIO DE SUMINISTRO ARTICULOS DE LIBRERIA";"I MUNICIPALIDAD DE CURACAUTIN";"69.181.000-3";"EDUCACION";"Arturo Prat 336";"Curacautín";"Región de la Araucanía";"LP";"Adjudicada";"CONTRATACION DE SERVICIO DE CONVENIO DE SUMINISTRO ARTICULOS DE LIBRERIA, DIDACTICOS, INSUMOS Y ACCESORIOS COMPUTACIONALES , ESTIMULOS Y OTROS ANALOGOS PARA DAEM Y ESTABLECIMIENTOS EDUCACIONALES SEGUN BASES ADMINISTRATIVAS Y TECNICAS DE LA PRESENTE LICITACION.";2025-03-12T12:36:35.957;2025-03-24T15:00:00;2025-04-09T12:05:30.427;;"CLP";0;0
2583-59-L125;"SMAPA-RRHH-39461-CURSO OPERADOR DE PLANTA AGUA POTABLE";"I MUNICIPALIDAD DE MAIPU";"69.070.900-7";"I. MUNI  MAIPU  DEPARTAMENTO DE ADQUISICIONES";"CALLE EMILIANO LLONA N° 1874";"Maipú";"Región Metropolitana de Santiago";"L1";"Adjudicada";"CURSO OPERADOR DE PLANTA AGUA POTABLE";2025-03-24T12:17:30.793;2025-03-31T21:02:00;2025-04-09T11:36:10.87;6800000;"CLP";0;0
608897-3-LR25;"SUMINISTRO DE SERVICIOS DE ASISTENCIA Y APOYO LOGISTICO PARA EL DESARROLLO DE LOS MECANISMOS DE PARTICIPACIÓN CIUDADANA APROBADOS MEDIANTE RESOLUCIÓN EXENTA N°02002024 DE LA SUBSECRETARÍA DEL MEDIO AMBIENTE";"SUBSECRETARIA DEL MEDIO AMBIENTE";"61.979.930-5";"Subsecretaría del Medio Ambiente";"San Martín 73, piso 2,";"Santiago Centro";"Región Metropolitana de Santiago";"LR";"Adjudicada";"E102RT9  Contar con un proveedor que responda oportunamente a las necesidades de servicios de producción de eventos gestionando, resolviendo y asegurando la prestación de servicios necesarios para coordinar y garantizar el óptimo desarrollo de las actividades que se le encomienden, considerando a los participantes en el desarrollo y gestión operativa de cada uno de los procesos que indica la Norma de Participación Ciudadana del Ministerio del Medio Ambiente que establece modalidades formales y específicas en el marco de la Ley N°20.500, aprobada mediante la Resolución Exenta N°0200 del 01 de marzo del 2024.";2025-02-17T15:19:13.173;2025-03-19T15:30:00;2025-04-09T11:33:44.06;495530376;"CLP";0;0
3328-225-LE24;"DNF ANTISEPSIA DE MANOS REQ. N 107";"FUERZA AEREA DE CHILE COMANDO LOGISTICO";"61.103.007-K";"Hospital Clinico   General Dr. Raúl Yazigi J.";"Avenida Las Condes Nº 8631";"Las Condes";"Región Metropolitana de Santiago";"LE";"Adjudicada";"ADQUISICION DE INSUMOS CON Y SIN APOYO CLÍNICO DISPOSITIVOS ANTISEPSIA DE MANOS";2024-12-09T18:24:28.827;2024-12-19T18:00:00;2025-04-09T11:28:01.763;;"CLP";0;0
5195-7-LE25;"LP_SERVICIO DE EXTRACCIÓN DE RESIDUOS DOMICILIARIOS Y ESPECIALES";"COMANDO DE APOYO A LA FUERZA";"65.743.680-1";"Brigada de Operaciones Especiales - BOE";"Autopista Los Libertadores KM 28,6";"Colina";"Región Metropolitana de Santiago";"LE";"Adjudicada";"LP_ Se requiere la contratación de servicio de extracción de residuos domiciliarios y especiales para la Brigada de Operaciones Especiales  Lautaro";2025-03-19T17:26:53.707;2025-03-31T19:07:00;2025-04-09T11:25:31.217;12824478;"CLP";0;0
2099-13-L125;"SERVICIO DE MANTENIMIENTO PREVENTIVO DEL GENERADOR ELÉCTRICO UBICADO EN DEPENDENCIAS DEL EDIFICIO BIOCLIMÁTICO DE LA SEREMI DE SALUD XII REGION DE MAGALLANES Y ANTÁRTICA CHILENA EN PUNTA ARENAS”.";"SUBSECRETARIA DE SALUD PUBLICA";"61.601.000-K";"Seremi de Salud de XII Región";"avda bulnes 0136";"Punta Arenas";"Región de Magallanes y de la Antártica";"L1";"Adjudicada";"Mantención preventiva del generador eléctrico ubicado en dependencias del Edificio Bioclimático, Avda. Bulnes N°0136, Punta Arenas. Se cuenta con un presupuesto disponible para el servicio de mantenimiento preventivo del equipo por un monto de       $ 2.400.000.- con impuesto incluido para el año 2025 . Se cuenta con un presupuesto disponible para el servicio de mantenimiento preventivo del equipo por un monto de $ 2.700.000.- con impuesto incluido para el año 2026";2025-03-20T10:19:49.7;2025-04-03T09:50:00;2025-04-09T11:30:32.883;5100000;"CLP";0;0
1350296-15-LE25;"CONVENIO SUMINISTRO DE INSUMOS OBSTÉTRICOS Y NEONATALES PARA SALA DE ATENCIÓN INTEGRAL DE PARTO HOSPITAL ALTO HOSPICIO POR 24 MESES";"HOSPITAL DE ALTO HOSPICIO";"65.228.694-1";"ABASTECIMIENTO HAH";"";"";"Región de Tarapacá";"LE";"Adjudicada";"el Hospital Alto Hospicio, mediante Formulario Requerimiento N°2024-942 generado por la Unidad de Salas de Atención Integral de Partos (SAIP), solicita el suministro de insumos obstétricos y neonatales, para atenciones obstétricas (recién nacido) y neonatales de Alto Hospicio.";2025-02-13T15:48:07.647;2025-02-24T16:00:00;2025-04-09T11:05:09.433;38562545;"CLP";0;0
800-36-LR24;"AUDIFONOS GES";"UNIVERSIDAD DE CHILE";"60.910.000-1";"Hospital Clínico Univ. de Chile - Insumos Clínicos";"Dr. Carlos Lorca Tobar 999 (Ex Santos Dumont)";"Independencia";"Región Metropolitana de Santiago";"LR";"Adjudicada";"Que, la Universidad de Chile requiere contratar   para su Hospital Clínico, establecimiento docente-asistencial de medicina de alta complejidad, el suministro de Audífonos para pacientes adultos con Hipoacusia leve, moderada y severa con equipamiento en comodato, a fin de dar cumplimiento a la cobertura estatal relativa a la Garantía Explicita en Salud de la patología GES Nº 56.";2024-11-12T10:16:00.617;2024-12-13T16:00:00;2025-04-09T11:03:59.68;;"CLP";0;0
1057480-2-R125;"Contratación de Servicios Técnicos Específicos para el Hospital San José de Melipilla.";"Hospital de Melipilla";"61.602.123-0";"Hospital de Melipilla";"Bienes y Servicios";"Melipilla";"Región Metropolitana de Santiago";"LR";"Adjudicada";"El Hospital requiere generar un convenio por la contratación de Servicios Técnicos Diurnos Específicos para Hospital San José de Melipilla";2025-01-25T17:18:09.577;2025-02-26T17:00:00;2025-04-09T10:47:05.54;;"CLP";0;0
761984-36-LE24;"ASES. FTO CONST. PAV. PARTICIPATIVOS 32 LL. ARICA";"SERVICIO REGIONAL DE LA VIVIENDA Y URBAN";"61.813.000-2";"Sección Licitaciones y Contratos Depto Técnico";"18 DE SEPTIEMBRE Nº 122";"Arica";"Región de Arica y Parinacota";"LE";"Adjudicada";"Código E1O2RT9. El objeto de la presente licitación es la contratación del servicio de Asesoría a la Fiscalización Técnica de Obra durante la ejecución de la obra “CONSTRUCCIÓN PAVIMENTOS PARTICIPATIVOS 32° LLAMADO, ARICA Y PARINACOTA”, Código BIP 40039360-0.";2024-12-31T12:41:17.973;2025-01-10T15:29:00;2025-04-09T11:04:22.327;;"CLP";0;0
1523-80-LP24;"Propuesta Pública N.º 8124 “SUMINISTRO DE INSUMOS VARIOS PARA EL HOSPITAL DR. ABRAHAM GODOY PEÑA DE LAUTARO”";"SERVICIO NACIONAL ARAUCANIA SUR HOSPITAL DR ABRAHAM GODOY PENA LAUTARO";"61.602.236-9";"Hospital Dr. Abraham Godoy Peña";"Barros Arana N°820 Lautaro";"Lautaro";"Región de la Araucanía";"LP";"Adjudicada";"Propuesta Pública N.º 8124 “SUMINISTRO DE INSUMOS VARIOS PARA EL HOSPITAL DR. ABRAHAM GODOY PEÑA DE LAUTARO”";2024-06-18T17:05:54.963;2024-10-10T19:49:00;2025-04-09T10:47:09.543;;"CLP";0;0
1969-16-L125;"E102RT9 SERVICIO DE HIGIENE AMBIENTAL PARA UNIDADES PENALES REGIÓN DEL BIOBÍO";"DIRECCION GENERAL DE GENDARMERIA DE CHIL";"61.004.068-3";"Región del Bio Bío";"O higgins N°77 Poniente oficina 607, concepcion";"Concepción";"Región del Biobío";"L1";"Adjudicada";"E102RT9 Se requiere la contratación del servicio de Higiene Ambiental para Unidades Penales de la Región del Biobío  por un período de 12 meses, según especificaciones técnicas adjuntas.";2025-03-25T15:49:21.19;2025-04-03T15:00:00;2025-04-09T10:46:14.183;6000000;"CLP";0;0
1057480-3-R125;"Contratación de Servicios Técnicos Específicos Turnos Rotativos para el Hospital San José de Melipilla.";"Hospital de Melipilla";"61.602.123-0";"Hospital de Melipilla";"Bienes y Servicios";"Melipilla";"Región Metropolitana de Santiago";"LR";"Adjudicada";"El Hospital requiere generar un convenio por la contratación de Servicios Técnicos Específicos Turnos Rotativos del Hospital San José de Melipilla";2025-01-25T17:31:00.913;2025-02-26T17:00:00;2025-04-09T10:40:09.52;;"CLP";0;0
1133353-6-LE25;"CONTRATACION DE SOFTWARE PARA TRAMITES DOM";"I MUNICIPALIDAD DE RAUCO";"69.100.400-7";"SECPLAC";"Balmaceda 35";"Rauco";"Región del Maule";"LE";"Adjudicada";"LA MUNICIPALIDAD DE RAUCO, REQUIERE CONTRATAR SOFTWARE PARA TRAMITES EN LINEA DOM, MUNICIPALIDAD DE RAUCO, SEGUN DOCUMENTACIÓN ADJUNTA.";2025-01-30T16:34:33.713;2025-02-10T15:30:00;2025-04-09T10:36:15.46;;"CLP";0;0
975-8-LP25;"SUMINISTRO DE VESTUARIO Y ELEMENTOS DE PROTECCIÓN";"MINISTERIO DE OBRAS PUBLICAS DIREC CION GRAL DE OO PP DCYF";"61.202.000-0";"Dirección de Obras Hidráulicas - MOP";"Morandé 59, 5° piso, Of. N°529";"Santiago Centro";"Región Metropolitana de Santiago";"LP";"Adjudicada";"Que, se requiere realizar un convenio del suministro de Elementos de Protección Personal para  funcionarios as de la Dirección de Obras Hidráulicas y la Subdirección de Servicios Sanitarios Rurales a Nivel Nacional.";2025-02-10T12:56:01.5;2025-03-17T15:00:00;2025-04-09T10:16:41.793;;"CLP";0;0
2732-6-LP25;"CONTRATACIÓN DEL SERVICIO DE AUDITORIA FINANCIERA";"MUNICIPALIDAD DE PEÑAFLOR";"69.071.700-K";"SECRETARIA COMUNAL DE PLANIFICACIÓN";"ALCALDE LUIS ARAYA CERECEDA  1215";"Peñaflor";"Región Metropolitana de Santiago";"LP";"Adjudicada";"La Municipalidad de Peñaflor requiere la contratación de una consultoría externa a fin de que realice una auditoría a los estados financieros y presupuestarios del municipio, incluyendo aquellos de los servicios traspasados Departamento de Salud y Educación, en el periodo de tiempo comprendido entre el día 01 de enero del año 2020 y hasta el día 5 de diciembre del año 2024. De igual forma se debe hacer mención que la auditoria también es de índole legal, a modo de peritaje, la que tiene por finalidad la evaluación del cumplimiento de las normativas legales y reglamentarias en diversas áreas de la gestión pública. Para llevar a cabo el cometido se deberá evaluar la Ejecución Presupuestaria, el Estado de Situación Financiera y todos los ingresos y los gastos del Municipio, Departamento de Salud y Educación, correspondiente al periodo comprendido, en términos generales y salvo las excepciones que se especificarán, para lo cual se deberán examinar los ingresos y gastos de dicho periodo, revisar, verificar y validar bajo la base de pruebas selectivas, las transacciones, documentos, comprobantes, registros, libros e informes y la evaluación de los sistemas y procedimientos de orden presupuestario, contable y financiero, además de la legalidad de los procedimientos correspondientes.";2025-02-26T13:33:22.22;2025-03-18T14:00:00;2025-04-09T10:10:02.02;80000000;"CLP";0;0
3232-11-LE25;"DRON PARA USO DE LA DIRECCIÓN DE SEGURIDAD PÚBLICA";"I MUNICIPALIDAD DE SANTO DOMINGO";"69.073.500-8";"I MUNICIPALIDAD DE SANTO DOMINGO";"Avenida Santa Teresa N° 1";"Santo Domingo";"Región de Valparaíso";"LE";"Adjudicada";"DRON PARA USO DE LA DIRECCIÓN DE SEGURIDAD PÚBLICA";2025-03-12T11:43:25.82;2025-03-24T15:00:00;2025-04-09T10:06:17.843;;"CLP";0;0
1133353-12-LE25;"CONTRATACION DE SERVICIOS PROFESIONALES INGENIERO AGRONOMO";"I MUNICIPALIDAD DE RAUCO";"69.100.400-7";"SECPLAC";"Balmaceda 35";"Rauco";"Región del Maule";"LE";"Adjudicada";"LA MUNICIPALIDAD DE RAUCO, REQUIERE CONTRATAR SERVICIOS PROFESIONALES  DE INGENIERO AGRONOMO, SEGUN DOCUMENTACIÓN ADJUNTA.";2025-03-17T09:52:32.703;2025-03-27T10:35:00;2025-04-09T09:46:58.953;;"CLP";0;0
548868-2-LE25;"Servicio de Sala Cuna y Jardín Infantil IPS";"INSTITUTO DE PREVISION SOCIAL";"61.979.440-0";"IPS Region de Los Lagos";"Almirante Riveros Nº 538";"Chaitén";"Región de los Lagos";"LE";"Adjudicada";"E102RT9 - SERVICIO DE SALA CUNA Y JARDIN INFANTIL, PARA BENEFICIARIAS/OS DE LA DIRECCION REGIONAL DE LOS LAGOS Y CAPRI PUERTO MONTT";2025-03-06T10:30:22.4;2025-03-20T15:30:00;2025-04-09T09:41:07.08;29340000;"CLP";0;0
1057432-13-LE25;"SERVICIO DE ARRIENDO DE 6 UPS PARA EL SSC";"SERVICIO DE SALUD CONCEPCION";"61.607.100-9";"Servicio de Salud  Concepción";"Ohiggins N°297";"Concepción";"Región del Biobío";"LE";"Adjudicada";"Se requiere adquirir 6 UPS por 36 meses, segun especificaciones tecnicas.";2025-03-13T08:59:28.907;2025-03-25T15:00:00;2025-04-09T10:09:37.1;;"CLP";0;0
1493-23-LE25;"CONVENIO DE SUMINISTRO SERVICIO DE VULCANIZADO PARA VEHICULOS Y MAQUINARIAS SAN NICOLAS";"I MUNICIPALIDAD DE SAN NICOLAS";"69.140.800-0";"I MUNICIPALIDAD DE SAN NICOLAS";"Arturo Prat 202 - San Nicolás";"San Nicolás";"Región del Ñuble";"LE";"Adjudicada";"CONVENIO DE SUMINISTRO, SERVICIO DE VULCANIZADO PARA VEHICULOS Y MAQUINARIAS, SAN NICOLAS";2025-03-24T15:06:47.127;2025-04-01T09:00:00;2025-04-09T10:06:59.727;10000000;"CLP";0;0
1233600-35-LP25;"CONV SUM.DISEÑO GRÁFICO IMPRESIÓN Y MERCHANDISING";"CORP MUNICIPAL DE RENCA";"70.931.100-K";"CORP MUNICIPAL DE RENCA";"Los Aromos 3339";"Renca";"Región Metropolitana de Santiago";"LP";"Adjudicada";"El servicio consiste en la elaboración del diseño gráfico campañas digitales, volantes, dípticos, trípticos, afiches, calendarios, lienzos de pvc, merchandising, etc que la Unidad Técnica solicite en los plazos establecidos. Es así como la comunicación y diseño gráfico digital nos dará mayor inmediatez para mantener informada a la comunidad a través de las redes sociales institucionales, estas y el material físico deben estar estrictamente alineados con los formatos, colores, tipografía, uso correcto de imágenes y vectores que serán de exclusivo uso y entrega del oferente con la línea gráfica ya existente tanto en redes sociales como en el material impreso.";2025-03-20T11:21:55.92;2025-03-31T19:00:00;2025-04-09T10:01:03.973;76000000;"CLP";0;0
1198-7-LE25;"IMPLEMENTACIÓN EQUIPAMIENTO Y ACTIVOS FIJOS PARA EL COMPONENTE PROMESAS CHILE VALPARAÍSO";"INSTITUTO NACIONAL DE DEPORTES DE CHILE";"61.107.000-4";"I.N.D. REGION V";"";"";"Región de Valparaíso";"LE";"Adjudicada";"E1O2RT9 - Que, el IND requiere adquirir “implementación, indumentaria, activos fijos, equipamiento técnico y de laboratorio” para los 14 centros de las distintas disciplinas deportivas presentes en el Programa. El equipamiento de laboratorio será utilizado por los profesionales de la Unidad de Ciencias Aplicadas al Deporte para el trabajo directo con los deportistas. Con esta compra a través de Licitación Pública, se verán beneficiados las y los 191 deportistas a nivel regional pertenecientes al Componente Detección y Proyección de Nuevos Talentos Deportivos - Entrenamientos Promesas Chile (EPCH) para su correcta formación, desarrollo metodológico y preparación técnica - táctica.";2025-02-27T17:37:51.347;2025-03-10T15:01:00;2025-04-09T09:11:18.71;29198000;"CLP";0;0
845-3-LQ25;"SUMINISTRO PARA LA ADQUISICION Y DISTRIBUCIÓN DE MATERIAL DE ASEO E HIGIENE PARA LA JUNJI REGION DE TARAPACA";"JUNTA NACIONAL DE JARDINES         INFANTILES";"70.072.600-2";"Junji - I Región - Iquique";"Wilson N°243";"Iquique";"Región de Tarapacá";"LQ";"Adjudicada";"La Junta Nacional de Jardines Infantiles, en adelante, JUNJI, Región de Tarapacá, requiere contratar el SUMINISTRO PARA LA ADQUISICIÓN Y DISTRIBUCIÓN DE MATERIAL DE ASEO E HIGIENE PARA LA JUNJI REGIÓN DE TARAPACÁ. El mandante de esta licitación es la Junta Nacional de Jardines Infantiles, Región de Tarapacá, cuyo domicilio para todos los efectos legales de esta convocatoria, es Calle Wilson N°243, comuna de Iquique, Región de Tarapacá. Este proceso de Licitación se realizará a través del Sistema de Información de la Dirección de Compras y Contrataciones Públicas www.mercadopublico.cl de acuerdo con lo establecido en la Ley Nº 19.886, sobre la materia y su Reglamento, según condiciones, normas y políticas del uso del portal.";2025-02-18T15:56:13.487;2025-03-12T16:00:00;2025-04-09T09:26:42.267;;"CLP";0;0
528208-16-LE25;"SUMINISTRO INSUMOS VETERINARIOS 2025";"I.MUNICIPALIDAD DE CERRO NAVIA";"69.254.200-2";"SECPLAC 2";"Del Consistorial 6645";"Cerro Navia";"Región Metropolitana de Santiago";"LE";"Adjudicada";"Contar con el suministro de medicamentos e insumos veterinarios para el equipamiento de la Clínica Veterinaria Municipal de la comuna de Cerro Navia, la que busca promover la tenencia responsable de mascotas mediante la prestación de servicios veterinarios a nivel local.";2025-02-12T15:49:11.73;2025-02-24T15:06:00;2025-04-09T09:12:18.44;;"CLP";0;0
3595-6-LE25;"ARQUITECTO DE APOYO EQUIPO SECPLAN AÑO 2025";"ILUSTRE MUNICIPALIDAD DE RIO VERDE";"69.251.400-9";"Ilustre Municipalidad de Rio Verde";"KM. 40.7 NORTE RUTA Y-50  SN";"Río Verde";"Región de Magallanes y de la Antártica";"LE";"Adjudicada";"Las presentes bases administrativas generales tienen como objetivo reglamentar el llamado a licitación pública para la adquisición del Servicio de “Arquitecto de apoyo equipo Secplan año 2025” Según lo propuesto en las presentes bases, los que serán detallados en el Artículo Nº23, de las presentes bases.";2025-03-06T10:06:11.607;2025-03-17T15:00:00;2025-04-09T08:51:47.383;;"CLP";0;0
1057489-36-LE25;"Convenio de Suministro de Insumos Clínicos para UPC por 24 meses para Hospital del Salvador";"SERVICIO DE SALUD ORIENTE HOSPITAL DEL SALVADOR";"61.608.406-2";"Bienes y Servicios";"AV SALVADOR 364";"Providencia";"Región Metropolitana de Santiago";"LE";"Adjudicada";"Que, el Hospital del Salvador necesita contar con un Convenio de Suministro de Insumos Clínicos para UPC por 24 meses para Hospital del Salvador con la finalidad de satisfacer de manera adecuada y eficiente la labor asistencial";2025-01-20T17:09:58.687;2025-01-31T12:00:00;2025-04-10T10:05:46.427;62840000;"CLP";0;0
1572-6-L125;"COMPRA DE PROTECTORES SOLARES PARA LA JUNJI ARICA Y PARINACOTA";"JUNTA NACIONAL DE JARDINES         INFANTILES";"70.072.600-2";"Junji - XV Región - Arica";"Av. Santa María N°2163";"Arica";"Región de Arica y Parinacota";"L1";"Adjudicada";"Se requiere la compra de protectores solares para niños, niñas y adultos de la Junta Nacional de Jardines Infantiles de Arica y Parinacota., programas 01, 02 y 04, en la modalidad de contrato de suministros. Las cantidades  se calcularán al momento de la adjudicación, par asegurar el gasto eficiente del presupuesto";2025-02-10T15:27:46.993;2025-02-17T16:00:00;2025-04-09T08:37:24.63;2980000;"CLP";0;0
1057489-86-LE25;"Convenio de Suministro de Cinta de Control Externo de Óxido de Etileno por 36 meses para Hospital del Salvador";"SERVICIO DE SALUD ORIENTE HOSPITAL DEL SALVADOR";"61.608.406-2";"Bienes y Servicios";"AV SALVADOR 364";"Providencia";"Región Metropolitana de Santiago";"LE";"Adjudicada";"Que, el Hospital del Salvador necesita contar con un Convenio de Suministro de Cinta de Control Externo de Óxido de Etileno por 36 meses para Hospital del Salvador con la finalidad de satisfacer de manera adecuada y eficiente la labor asistencial   Que, por la cuantía determinada, la presente licitación se ubica en el tramo para aquellas contrataciones iguales o superiores a 100 UTM e inferiores a 1.000 UTM, en conformidad al Artículo 36º del Reglamento de la Ley Nº19.886";2025-03-05T11:20:37.703;2025-03-17T16:00:00;2025-04-10T09:48:55.07;20000000;"CLP";0;0
2661-6-LP25;"CONSTRUCCION CASETAS SANITARIAS SECTOR NORTE";"ILUSTRE MUNICIPALIDAD DE NATALES";"69.250.100-4";"SECRETARIA DE PLANIFICACION";"CARLOS BORIES 398";"Puerto Natales";"Región de Magallanes y de la Antártica";"LP";"Adjudicada";"SE CONTEMPLA LA CONSTRUCCIÓN DE CASETAS SANITARIAS SECTOR NORTE";2025-02-04T15:05:00;2025-03-04T12:00:00;2025-04-10T10:02:25.4;71582018;"CLP";0;0
1058085-39-LE25;"Convenio Suministro de linfoglobulina 250 mg solución inyectable para el Hospital del Salvador";"SERVICIO DE SALUD ORIENTE HOSPITAL DEL SALVADOR";"61.608.406-2";"Fármacos";"AV SALVADOR 364";"Providencia";"Región Metropolitana de Santiago";"LE";"Adjudicada";"Que, el Hospital del Salvador necesita contar con un Convenio Suministro de linfoglobulina 250 mg solución inyectable para el Hospital del Salvador con la finalidad de satisfacer de manera adecuada y eficiente la labor asistencial durante un periodo de 36 meses.  Que, por la cuantía determinada, la presente licitación se ubica en el tramo para aquellas contrataciones iguales o superiores a las 100 UTM e inferiores a las 1.000 UTM, en conformidad al Artículo 36 del Reglamento de la Ley Nº19.886 Que hechas las consultas respectivas, la provisión de Convenio Suministro de linfoglobulina 250 mg solución inyectable para el Hospital del Salvador no se encuentra disponible por Convenio Marco ofrecidos en el Sistema de Información de la Dirección de Compras, www.mercadopublico.cl Que, esta compra está vinculada al proyecto 1058085-5-PC25, correspondiente al plan anual de compras del año 2025.";2025-03-14T10:30:41.077;2025-03-20T17:00:00;2025-04-10T10:04:37.233;68000000;"CLP";0;0
1823-3-CO25;"Fomación y habilitación ocupacional jóvenes";"SERVICIO NACIONAL DE MENORES";"61.008.000-6";"CIP CRC Limache";"San Alfonso # 1000. Camino Lliu LLiu";"Limache";"Región de Valparaíso";"CO";"Adjudicada";"CONTRATACIÓN DE SERVICIOS DE FORMACIÓN Y HABILITACIÓN OCUPACIONAL PARA JÓVENES SANCIONADOS BAJO LA LEY DE RESPONSABILIDAD PENAL ADOLESCENTE, QUE CUMPLEN SANCIÓN EN REGIMEN CERRADO Y DE INTERNACIÓN PROVISORIA EN CIP CRC LIMACHE, DEPENDIENTE DE LA DIRECCIÓN REGIONAL DE VALPARAÍSO DEL SENAME.";2025-03-12T15:31:35.823;2025-03-24T17:00:00;2025-04-09T08:39:45.747;;"CLP";0;0
621-880-LR24;"COLCHON ANTIESCARAS VISCOELASTICO CAJ1UN 1000020391";"CENTRAL DE ABASTECIMIENTO DEL SISTEMA NACIONAL DE SERVICIO DE SALUD";"61.608.700-2";"Compras del Giro 621";"Bodega Proveedor";"Santiago Centro";"Región Metropolitana de Santiago";"LR";"Adjudicada";"BASES ADMINISTRATIVAS Y TÉCNICAS TIPO, POR LAS QUE SE REGIRÁN LOS PROCESOS DE LICITACIÓN PARA LA ADQUISICIÓN DE PRODUCTOS FARMACÉUTICOS, COSMÉTICOS, VACUNAS, INSUMOS, DISPOSITIVOS, Y/O ALIMENTOS DE USO MÉDICO, DESTINADO AL EJERCICIO DE ACCIONES DE SALUD";2024-10-30T13:12:23.24;2024-11-29T16:00:00;2025-04-10T09:29:05.76;3611405384;"CLP";0;0
3947-16-LP25;"MEJORAMIENTO ALUMBRADO PUBLICO BARRIO RENANCER DE RAYENANTU PROGRAMA QUIERO MI BARRIO";"I MUNICIPALIDAD DE SANTA JUANA";"69.151.400-5";"Municipalidad de Santa Juana";"Yungay 125";"Santa Juana";"Región del Biobío";"LP";"Adjudicada";"MEJORAMIENTO ALUMBRADO PUBLICO BARRIO RENANCER DE RAYENANTU, PROGRAMA QUIERO MI BARRIO, COMUNA DE SANTA JUANA";2025-02-25T12:54:35.393;2025-03-17T16:00:00;2025-04-10T09:27:28.093;80000000;"CLP";0;0
1514-49-L125;"Medicamentos Abril";"SERVICIO DE SALUD CHILOE";"61.602.275-k";"Hospital de Castro";"Freire 852";"Castro";"Región de los Lagos";"L1";"Adjudicada";"Necesidad de dar continuidad a las prestaciones";2025-03-31T15:20:44.98;2025-04-07T19:00:00;2025-04-10T09:16:51.757;;"CLP";0;0
4086-23-LE25;"ADQUISICION  BALDES DE ASFALTO";"I MUNICIPALIDAD DE MAULLIN";"69.220.500-6";"Administracion y Finanzas";"Bernardo O'Higgins  641";"Maullín";"Región de los Lagos";"LE";"Adjudicada";"ADQUISICION  BALDES DE ASFALTO PARA MEJORAMIENTO DE CAMINOS DE LA COMUNA";2025-03-11T10:27:37.593;2025-03-20T10:00:00;2025-04-10T09:21:29.843;7500000;"CLP";0;0
316-11-LE25;"“Adquisición de pinturas para demarcación vial en la comuna de Villa Alemana”.";"I MUNICIPALIDAD DE VILLA ALEMANA";"69.061.500-2";"ADQUISICIONES";"CALLE BUENOS AIRES N°850, VILLA ALEMANA";"Villa Alemana";"Región de Valparaíso";"LE";"Adjudicada";"En la presente licitación Pública se solicitará la adquisición de pinturas para la demarcación vial, con la finalidad de atender las diversas labores de pintado que se requieren en la comuna de Villa Alemana, realizadas por el taller de señalizaciones de la Dirección de Tránsito y Transporte Publico. Cabe mencionar que esta adquisición considera 4 entregas parciales que se harán efectivas durante el periodo del año 2025. Para mayores características de la adquisición, remitirse a las bases técnicas.";2025-03-18T14:44:03.85;2025-03-28T12:00:00;2025-04-10T09:39:04.64;23253195;"CLP";0;0
2069-12-LE25;"IGS SUM DE REACTIVOS PARA EL LABORATORIO HBLT";"SERVICIO DE SALUD METROPOLITANO SUR HOSP";"61.608.101-2";"HOSPITAL BARROS LUCO TRUDEAU";"Gran Avenida 3204";"San Miguel";"Región Metropolitana de Santiago";"LE";"Adjudicada";"El objetivo de la presente licitación es contratar durante 24 veinticuatro meses “SUMINISTRO DE REACTIVOS PARA EL LABORATORIO DEL HBLT”, con las características que se señalan en las Bases Técnicas, respecto a los procedimientos, términos y exigencias del suministro de los productos solicitados, que apoyen el correcto funcionamiento de este servicio y con esto responder a las necesidades del Hospital Barros Luco Trudeau. Que, además para los fines precedentes, el los proveedor es que contraten, serán responsables de cumplir estricta y cabalmente con los requerimientos y especificaciones consagrados en los documentos de la presente licitación. Sin perjuicio de lo anterior, el suministro a contratar deberá permitir la opción de ser ampliado o reducido, de acuerdo a las necesidades del Hospital, en consideración a la demanda variable del Hospital.";2025-01-20T11:22:59.573;2025-01-31T16:00:00;2025-04-10T09:21:05.36;;"CLP";0;0
4065-2-LE25;"ADQUISICIÓN CIERRO PANDERETAS PROYECTO FRIL HABILITACIÓN DEPENDENCIAS MUNICIPALES Y MEJORAMIENTO PLAZA DE ARMAS PUERTO IBÁÑEZ";"I MUNICIPALIDAD RIO IBANEZ";"69.253.100-0";"Dirección de Obras Municipales";"";"";"Región Aysén del General Carlos Ibáñez del Campo";"LE";"Adjudicada";"SE REQUIERE LA ADQUISICIÓN DE CIERRO DE PANDERETAS, CORRESPONDIENTE AL PROYECTO FRIL:  HABILITACIÓN DEPENDENCIAS MUNICIPALES Y MEJORAMIENTO PLAZA DE ARMAS PUERTO IBÁÑEZ .";2025-03-21T15:07:37.117;2025-04-02T16:00:00;2025-04-10T08:49:00.573;8330000;"CLP";0;0
2157-14-LP25;"ADQUISICION DE COLCHONES DE ESPUMA VISCOELASTICOS";"SERVICIO NAC DE SALUD HOSPITAL TRAUMATOLOGICO";"61.602.295-4";"2157 Licitaciones HTC - ADM PRINCIPAL";"San Martin 1580";"Concepción";"Región del Biobío";"LP";"Adjudicada";"Se requiere efectuar “ADQUISICION DE COLCHONES DE ESPUMA VISCOELASTICOS” a fin de entregar atención clínica oportuna y eficiente a todos los pacientes tratados en el HTC";2025-02-04T09:56:15.24;2025-02-14T15:04:00;2025-04-10T08:19:53.31;68008500;"CLP";0;0
5019-5-LE25;"Suministro de Insumos y Reactivos de Laboratorio para equipos DIRUI H-500 COUNTER 31 AL Y CM 250";"COMANDO DE APOYO A LA FUERZA";"65.224.300-2";"Centro Clínico Militar Coyhaique - CCM Coyhaique";"Av. Ejército S/N";"Coyhaique";"Región Aysén del General Carlos Ibáñez del Campo";"LE";"Adjudicada";"Suministro de Insumos y Reactivos de Laboratorio para equipos DIRUI H-500, COUNTER 31 AL Y CM 250";2025-03-12T16:26:09.027;2025-03-24T15:30:00;2025-04-10T07:52:20.033;36000000;"CLP";0;0
3202-2-LE25;"NORMALIZACIÓN ELÉCTRICA VIVIENDAS FISCALES";"DIRECCION DE ABASTECIMIENTO DE LA ARMADA";"61.102.120-8";"GOBERNACION MARITIMA DE CASTRO";"CALLE PEDRO MONTT Nº 85";"Castro";"Región de los Lagos";"LE";"Adjudicada";"La presente licitación pública regirá la ejecución para el diseño, normalización y confección de las instalaciones eléctricas en 2 viviendas fiscales, ubicadas en Av.Galvarino Riveros 1610 en la ciudad de Castro.";2025-03-19T10:19:42.647;2025-03-28T17:44:00;2025-04-09T19:03:10.417;8700000;"CLP";0;0
1979-60-LP25;"66.25 “CONVENIO DE SUMINISTRO DE CAJAS PLÁSTICAS Y OTROS PARA NODO COSTERO H. NVA IMPERIAL”.";"SERVICIO DE SALUD ARAUCANIA SUR HOSPITAL DE NUEVA IMPERIAL";"61.607.401-6";"Hospital Nueva Imperial";"Castellón # 0115";"Nueva Imperial";"Región de la Araucanía";"LP";"Adjudicada";"Se requiere contrato de suministro por el periodo de 18 meses para las adquisiciones de “CONVENIO DE SUMINISTRO DE CAJAS PLÁSTICAS Y OTROS PARA NODO COSTERO H. NVA IMPERIAL”. de acuerdo a necesidades del Hospital Nueva Imperial.";2025-03-13T17:20:41.3;2025-03-24T15:00:00;2025-04-09T19:41:17.02;;"CLP";0;0
4937-5-L125;"Adquisición de embragues vehículos de seguridad";"I MUNICIPALIDAD DE CASABLANCA";"69.061.400-6";"ADMINISTRACION DE VEHICULOS";"Av. Caupolicán 9400";"Quilicura";"Región Metropolitana de Santiago";"L1";"Adjudicada";"Se requiere la adquisición de repuestos para reparar sistema de embragues para vehículos de seguridad ciudadana";2025-04-03T15:43:38.47;2025-04-08T15:00:00;2025-04-09T18:16:14.647;1000000;"CLP";0;0
2395-13-L125;"(Sol. Ped. 169) Mantenimiento Preventivo y Correctivo de Equipos Electrógenos, Recintos de Salud";"I MUNICIPALIDAD PEDRO AGUIRRE CERDA";"69.254.900-7";"DIRECCION DE SALUD";"CLOTARIO BLEST Nº 6035 (FARMACIA POPULAR UBICADA AL INTERIOR DEL CENTRO DE ESPECIALIDADES MÉDICAS VILLA SUR)";"Pedro Aguirre Cerda";"Región Metropolitana de Santiago";"L1";"Adjudicada";"Mantenimiento Preventivo y Correctivo de Equipos Electrógenos, Recintos de Salud";2025-03-31T18:48:13.813;2025-04-07T15:00:00;2025-04-09T18:49:36.21;6700000;"CLP";0;0
2402-11-LE25;"PRODUCCIÓN TÉCNICA FIESTA HUASA 2025";"I MUNICIPALIDAD DE RANCAGUA";"69.080.100-0";"DEPARTAMENTO DE ESTUDIOS Y PROYECTOS";"PLAZA DE LOS HEROES No. 445, RANCAGUA";"Rancagua";"Región del Libertador General Bernardo O´Higgins";"LE";"Adjudicada";"Las Presentes Bases busca generar instancias en las áreas productivas e impulsar las tradiciones folclóricas, como son los sectores de la gastronomía, artesanía, orfebrería, vitivinícola y presentaciones folclóricas, a realizarse en la Plaza de los Héroes”.";2025-02-28T13:07:47.027;2025-03-11T10:00:00;2025-04-09T21:01:15.363;50000000;"CLP";0;0
976-3-LE25;"SERVICIO DE MANTENTENCIÓN TECHUMBRE";"MINISTERIO DE OBRAS PUBLICAS DIREC CION GRAL DE OO PP DCYF";"61.202.000-0";"Dirección de Aeropuertos - MOPTT";"Morandé 59, piso 11, Santiago Centro";"Santiago Centro";"Región Metropolitana de Santiago";"LE";"Adjudicada";"APRUEBA BASES ADMINISTRATIVAS, FORMULARIOS, ESPECIFICACIONES TÉCNICAS Y DESIGNA COMISIÓN DE EVALUACIÓN DE OFERTAS PARA CONTRATAR EL SERVICIO DE REPARACIÓN DE SSHH DEL PISO 12 Y MANTENCIÓN DE TECHUMBRE DE LAS DEPENDENCIAS DE LA DIRECCIÓN DE AEROPUERTOS, NIVEL CENTRAL.";2025-03-14T16:26:17.887;2025-03-28T15:00:00;2025-04-09T17:44:51.427;;"CLP";0;0
1057547-58-LE25;"CONV. SUMINISTRO PLANCHAS POSTFORMADO MELAMINA Y OTROS ACCESORIOS";"SERVICIO DE SALUD VALDIVIA HOSPITAL BASE";"61.607.502-0";"Bienes y Servicios";"Bienes y Servicios";"Valdivia";"Región de Los Ríos";"LE";"Adjudicada";"“CONVENIO SUMINISTRO DE PLANCHAS DE POSTFORMADO, MELAMINA Y OTROS ACCESORIOS PARA EL HOSPITAL BASE VALDIVIA”";2025-02-13T17:39:14.973;2025-02-24T17:00:00;2025-04-09T18:39:08.947;50000000;"CLP";0;0
2854-21-LQ24;"ADQUISICION SERVICIOS GUARDIAS SEGURIDAD SALUD PV";"I MUNICIPALIDAD DE PUERTO VARAS";"69.220.200-7";"Departamento de Salud Municipal";"Del Salvador 320, Cuarto piso, Puerto Varas";"Puerto Varas";"Región de los Lagos";"LQ";"Adjudicada";"Se requiere realizar la ADQUISICIÓN DE SERVICIOS DE GUARDIAS DE SEGURIDAD PARA DEPENDENCIAS DE SALUD MUNICIPAL DE PUERTO VARAS, según especificaciones indicadas en Bases Técnicas, con el objetivo de establecer medidas de seguridad y proteger a los funcionarios y usuarios de los centros asistenciales, como también resguardar los bienes de los recintos.";2024-12-02T17:46:38.593;2024-12-13T15:30:00;2025-04-09T17:56:34.41;;"CLP";0;0
1001546-8-LE25;"Adquisición de licencias de Adobe para equipos";"Primer Tribunal Ambiental con asiento en Antofagasta";"61.999.230-k";"Primer Tribunal Ambiental";"JOSE MIGUEL CARRERA 1579";"Antofagasta";"Región de Antofagasta";"LE";"Adjudicada";"El objetivo de la presente contratación es la adquisición de un conjunto de licencias de software esenciales para la optimización de la gestión documental. La adquisición garantiza la continuidad en la creación, edición y gestión segura de documentos PDF, proporciona a los equipos acceso a una vasta biblioteca de imágenes y videos, facilitando la creación de contenido visual profesional y asegura la disponibilidad de herramientas de diseño gráfico, desarrollo de aplicaciones y edición de contenido multimedia, promoviendo la colaboración eficiente y la flexibilidad en el uso de múltiples plataformas.  Estas soluciones tecnológicas contribuirán a mejorar la productividad institucional, optimizar el flujo de trabajo y asegurar la continuidad operativa en entornos digitales.";2025-03-27T16:56:10.06;2025-04-03T19:59:00;2025-04-09T18:22:25.967;7117008;"CLP";0;0
4100-2-LE25;"ADQ. DE TROFEOS Y OTROS PARA EL DEPTO. RELCAR";"DIRECCION DE LOGISTICA DE CARABINEROS";"60.505.000-K";"Depto.Relaciones Públicas";"Avda.Lib.Bdo. O'higgins 1196, piso 12";"Santiago Centro";"Región Metropolitana de Santiago";"LE";"Adjudicada";"ADQ. DE CONDECORACIONES, TROFEOS, PLACAS VIDRIOMADERA Y DIPLOMAS PARA EL DEPTO. DE RELACIONES PUBLICAS, CONFORME ESPECIFICACIONES QUE SE ESTABLECEN EN ANXO N 2 DE ESTA LICITACION";2025-03-28T18:31:39.047;2025-04-07T15:00:00;2025-04-09T17:50:36.857;8200000;"CLP";0;0
1000-2-LE25;"Material pétreo convenio zona Norte";"MINISTERIO DE OBRAS PUBLICAS DIREC CION GRAL DE OO PP DCYF";"61.202.000-0";"Dirección de Vialidad - VIII Región - Provincia Bio Bio";"Avda. Ricardo Vicuña Nº 243, Los Angeles";"Los Angeles";"Región del Biobío";"LE";"Adjudicada";"Necesario para dar cumplimiento a labores de Conservación por Administración Directa de la Red Vial de la Provincia de Biobío.";2025-03-05T15:12:52.06;2025-03-17T15:01:00;2025-04-09T17:47:28.477;;"CLP";0;0
2405-22-LE25;"SERVICIO FIRMA ELECTRONICA AVANZADA";"I MUNICIPALIDAD DE IQUIQUE";"69.010.300-1";"SECRETARIA COMUNAL DE PLANIFICACION";"Serrano #134";"Iquique";"Región de Tarapacá";"LE";"Adjudicada";"SERVICIO FIRMA ELECTRONICA AVANZADA";2025-02-27T19:57:22.737;2025-03-10T15:08:00;2025-04-09T19:56:46.5;;"CLP";0;0
1057547-47-LE25;"ADQUISICIÓN PRODUCTOS CONGELADOS";"SERVICIO DE SALUD VALDIVIA HOSPITAL BASE";"61.607.502-0";"Bienes y Servicios";"Bienes y Servicios";"Valdivia";"Región de Los Ríos";"LE";"Adjudicada";"“ADQUISICIÓN PRODUCTOS CONGELADOS PARA UNIDAD CENTRAL DE PRODUCCION DE ALIMENTOS (U.C.P.A) DEL HOSPITAL BASE VALDIVIA”";2025-02-06T10:56:44.85;2025-02-17T19:00:00;2025-04-09T18:03:36.72;41331660;"CLP";0;0
5053-13-LE25;"MANTENCION PREVENTIVA ENVASADORA AUTOMATIZADA";"SERVICIO DE SALUD DEL MAULE HOSPITAL DE TALCA";"61.606.901-2";"Operaciones";"";"";"Región del Maule";"LE";"Adjudicada";"El objetivo de la presente licitación, es la adquisición mantención preventiva envasadora automatizada del  Hospital Regional de Talca, con el fin de asegurar el abastecimiento en calidad y oportunidad, para satisfacer la demanda de los usuarios";2025-02-11T09:00:00;2025-02-24T17:43:00;2025-04-09T17:58:53.417;10734600;"CLP";0;0
585893-13-LE25;"Cont prof. apoyo prog. RIEGO DR Indap Tarapaca";"INSTITUTO DE DESARROLLO AGROPECUARIO";"61.307.000-1";"INDAP - Region de Tarapaca";"AGUSTINAS 1465";"Santiago";"Región de Tarapacá";"LE";"Adjudicada";"Contratación de los servicios de 01 profesional, con conocimientos en el área del riego, cuyo objetivo de acción, esté dado sobre la realización de acciones de apoyo técnico-económico, administrativo, de seguimiento y acompañamiento en la ejecución de los Programas y Convenios de Regadío desarrollados en los sistemas productivos de INDAP Región de Tarapacá.";2025-03-19T14:46:47.057;2025-03-27T15:30:00;2025-04-09T17:42:16.587;44700000;"CLP";0;0
1592-4-LQ25;"Suministro Producción Actividades en Terreno";"SUBSECRETARIA DE PREVISION SOCIAL";"61.503.000-7";"M. del Trabajo - Subsecretaría de Previsión Social";"";"";"Región Metropolitana de Santiago";"LQ";"Adjudicada";"Por lo tanto, el desarrollo de la presente licitación busca contar con un contrato de suministro que permita disponer de los servicios necesarios para la realización de actividades de difusión y educación en las materias antes descritas, dirigidas a la ciudadanía.";2025-03-12T19:30:09.093;2025-04-01T10:00:00;2025-04-09T17:36:00.263;250000000;"CLP";0;0
1621-7-L125;"Ampliación sala de espera laboratorio y remodelación recepción";"SERVICIO DE SALUD HOSPITAL DE MARCHIGUE";"61.602.151-6";"Hospital de Marchigue";"Direccion no aplica a productos virtuales";"Santiago";"Región Metropolitana de Santiago";"L1";"Adjudicada";"S requiere realizar trabajos de mejoras en dependencias de laboratorio";2025-03-21T16:14:35.697;2025-03-27T15:05:00;2025-04-09T17:37:46.227;2636040;"CLP";0;0
931-1-LE25;"Suministro Químicos para mantención piscina temperada";"INSTITUTO NACIONAL DE DEPORTES DE CHILE";"61.107.000-4";"I.N.D. REGION IV";"SUBIDA SAN JOAQUIN Nº 1784";"La Serena";"Región de Coquimbo";"LE";"Adjudicada";"Suministro Químicos para mantención piscina temperada";2025-02-10T13:53:24.883;2025-02-20T15:01:00;2025-04-09T17:33:45.033;;"CLP";0;0
1621-8-L125;"Acondicionamiento clinico de Boxs cardiovascular";"SERVICIO DE SALUD HOSPITAL DE MARCHIGUE";"61.602.151-6";"Hospital de Marchigue";"Direccion no aplica a productos virtuales";"Santiago";"Región Metropolitana de Santiago";"L1";"Adjudicada";"se requiere realizar acondicionamiento clínico de boxs cardiovascular  detalles en bases adjuntas";2025-03-25T17:15:26.55;2025-03-31T15:05:00;2025-04-09T17:37:38.52;2600000;"CLP";0;0
1434-1-L125;"Adquisición de Productos Químicos, Productos Farmacéuticos, Materiales y Útiles Quirúrgicos, para las Clínicas Dentales del Departamento Bienestar Social de la D.G.A.C., de la Región Metropolitana.";"DIRECCION GENERAL DE AERONAUTICA CIVIL";"61.104.022-9";"UNIDAD DE COMPRA BIENESTAR SOCIAL REGION METROPOLITANA";"elidoro yañez 2394";"Providencia";"Región Metropolitana de Santiago";"L1";"Adjudicada";"Adquisición de Productos Químicos, Productos Farmacéuticos, Materiales y Útiles Quirúrgicos, para las Clínicas Dentales del Departamento Bienestar Social de la D.G.A.C., de la Región Metropolitana.";2025-03-17T15:24:43.48;2025-03-25T15:05:00;2025-04-09T17:35:54.113;6016456;"CLP";0;0
3541-1-L125;"ARRIENDO DE IMPRESORAS MULTIFUNCIONALES";"COMANDO DE APOYO A LA FUERZA";"61.935.200-9";"Segundo Juzgado Militar de Santiago - II JUZMIL";"Avenida Las Parcelas 5598";"Estación Central";"Región Metropolitana de Santiago";"L1";"Adjudicada";"Servicio de arriendo de Impresoras multifuncionales para el año 2025, en las dependencias del Segundo Juzgado Militar de Santiago y sus Fiscalías Militares dependientes";2025-03-26T16:32:00;2025-04-03T16:30:00;2025-04-09T17:19:23.097;6500000;"CLP";0;0
4879-8-LE25;"Suministro alimentación 2025-2026";"SUBSECRETARÍA DE LAS CULTURAS Y LAS ARTES";"65.819.650-2";"SEREMI  de la Cultura  las Artes patrimon Tarapacá";"Baquedano N° 1073";"Iquique";"Región de Tarapacá";"LE";"Adjudicada";"SUMINISTRO DE ALIMENTACIÓN PARA LAS ACTIVIDADES QUE REALICE LA SEREMI DE LAS CULTURAS, LAS ARTES Y EL PATRIMONIO, REGIÓN DE TARAPACÁ, 2025 Y 2026";2025-03-11T10:34:00;2025-03-21T09:00:00;2025-04-09T17:35:00.047;;"CLP";0;0
5482-18-LP25;"SERVICIO DE HIGIENE AMBIENTAL EN LA COMUNA DE ÑUÑOA”";"I MUNICIPALIDAD DE NUNOA";"69.070.500-1";"SECPLANUNOA";"";"";"Región Metropolitana de Santiago";"LP";"Adjudicada";"La Municipalidad de Ñuñoa requiere contratar el ““SERVICIO DE HIGIENE AMBIENTAL EN LA COMUNA DE ÑUÑOA”, a fin de prevenir y/o controlar las plagas de importancia en la salud pública en la comuna de Ñuñoa. Los servicios a contratar podrán ejecutarse en instituciones públicas, establecimientos educacionales, sedes de Juntas de Vecinos u otros centros u oficinas comunitarias, instituciones sin fines de lucro, viviendas colectivos sociales y unifamiliares y otras viviendas o lugares que el IMC estime necesario en la comuna.";2025-02-20T15:57:00;2025-03-10T15:30:00;2025-04-09T17:24:59.84;;"CLP";0;0
1298357-4-L125;"CAMBIO PISO LABORATORIO CREATIVO CENTRO CULTURAL";"CORPORACION CULTURAL MUNICIPAL DE LA COMUNA DE CHILLAN";"65.077.305-5";"CORPORACION CULTURAL MUNICIPAL DE LA COMUNA DE CHILLAN";"Herminda Martin #579";"Chillán";"Región del Ñuble";"L1";"Adjudicada";"La Corporación Cultural Municipal de Chillán, en adelante “LA CORPORACIÓN”, mediante las presentes bases llama a licitación pública el “CAMBIO DE PISO EN EL LABORATORIO CREATIVO DEL CENTRO CULTURAL MUNICIPAL DE CHILLÁN”, con la finalidad de responder a la necesidad de mejorar la seguridad, higiene y funcionalidad del espacio.  Actualmente, el laboratorio cuenta con un piso flotante que no cumple con los requisitos óptimos para la realización de actividades artísticas y educativas. Se requiere reemplazarlo por porcelanato antideslizante, lo que proporcionará una superficie más fácil de limpiar, duradera, resistentes a la humedad, lo que mejorará la higiene y las condiciones de seguridad del espacio. LA CORPORACIÓN, es la Institución que aplicará y ejecutará el proyecto Folio N° 771325  Habilitación del laboratorio creativo del Centro Cultural Municipal de Chillán “, financiado por el Fondart Nacional línea de Infraestructura Cultural, a través de un convenio de ejecución de proyecto aprobado en la REX N°212 del 14 de marzo de 2025. Los antecedentes administrativos y el Calendario de Licitación están disponibles en el portal www.mercadopublico.cl.";2025-04-01T08:24:48.033;2025-04-07T15:05:00;2025-04-09T17:20:29.523;;"CLP";0;0
886954-82-LP25;"Convenio anual en consignación de stent autoexpandible con equipo en comodato para la Unidad de Neurovascular del HGGB";"HOSPITAL GUILLERMO GRANT BENAVENTE DE CO";"61.602.189-3";"Abastecimiento Insumos";"San Martin 1436";"Concepción";"Región del Biobío";"LP";"Adjudicada";"Proveer al HGGB de los insumos necesarios para la atención oportuna de los pacientes";2025-02-28T15:33:22.45;2025-03-11T15:22:00;2025-04-09T17:28:17.657;330000000;"CLP";0;0
3791-10-L125;"Servicio de Desratización y sanitización dependencias Municipales año 2025";"I MUNICIPALIDAD DE CISNES";"69.240.200-6";"Finanzas";"Rafael Sotomayor 191";"Cisnes";"Región Aysén del General Carlos Ibáñez del Campo";"L1";"Adjudicada";"Se trata de contratar los servicios especializados de una empresa del rubro, para desratizar y sanitizar dependencias municipales en la Comuna de Cisnes, de acuerdo a las Bases Administrativas y Técnicas que se adjuntan.";2025-03-17T09:33:51.98;2025-03-24T15:30:00;2025-04-09T17:30:42.39;3500000;"CLP";0;0
1621-10-L125;"Atenciones integrales Terapeuta Ocupacional";"SERVICIO DE SALUD HOSPITAL DE MARCHIGUE";"61.602.151-6";"Hospital de Marchigue";"Direccion no aplica a productos virtuales";"Santiago";"Región Metropolitana de Santiago";"L1";"Adjudicada";"Se requiere contar con atenciones integrales terapeuta ocupacional";2025-03-27T17:05:01.857;2025-04-02T15:05:00;2025-04-09T17:37:11.843;2720000;"CLP";0;0
1477-6-H225;"Servicio de Aseo en Centros y Oficinas de la Región de O’Higgins CAJMETRO";"Corporación de Asistencia Judicial RM";"70.786.200-9";"Corporación de Asistencia Judicial RM";"Of. de Partes Agustinas Nº1419, Santiago Centro";"Santiago Centro";"Región Metropolitana de Santiago";"H2";"Adjudicada";"contratación del servicio de Aseo en Centros y Oficinas de la Región de O’Higgins de la Corporación de Asistencia Judicial de la Región Metropolitana.";2025-03-13T10:58:30;2025-04-02T18:00:00;2025-04-09T17:08:40.847;;"CLP";0;0
4940-2-LP25;"C.S en Medicamentos para Esclerosis Múltiple";"SERVICIO DE SALUD ATACAMA HOSPITAL COPIA";"61.606.307-3";"Farmacia Hospital de Copiapo";"Los Carrera 1320";"Copiapó";"Región de Atacama";"LP";"Adjudicada";"GARANTIZAR EL ABASTECIMIENTO OPORTUNO DEL HOSPITAL REGIONAL DE COPIAPO.";2025-02-13T17:06:55.117;2025-03-05T09:00:00;2025-04-09T17:08:42.107;;"CLP";0;0
4476-13-L125;"INTERNET SATELITAL PARA LAS POSTAS RURALES DE LA COMUNA DE ROMERAL 2025";"I.MUNICIPALIDAD DE ROMERAL";"69.100.200-4";"Salud";"Pasaje Luis Saiz 196";"Romeral";"Región del Maule";"L1";"Adjudicada";"INTERNET SATELITAL PARA LAS POSTAS RURALES DE LA COMUNA DE ROMERAL 2025";2025-03-19T12:53:28.93;2025-03-26T15:00:00;2025-04-09T17:26:11.097;5700000;"CLP";0;0
4940-5-LP25;"C.S en Medicamentos para Artritis Juvenil";"SERVICIO DE SALUD ATACAMA HOSPITAL COPIA";"61.606.307-3";"Farmacia Hospital de Copiapo";"Los Carrera 1320";"Copiapó";"Región de Atacama";"LP";"Adjudicada";"GARANTIZAR EL ABASTECIMIENTO OPORTUNO DEL HOSPITAL REGIONAL DE COPIAPO.";2025-02-14T12:41:47.31;2025-03-06T09:00:00;2025-04-09T17:38:53.2;;"CLP";0;0
2019-2-LE25;"Servicio Aseo Complejo Fronterizo Río Don Guillermo";"DELEGACIÓN PRESIDENCIAL PROVINCIAL DE ÚLTIMA ESPERANZA";"60.511.122-k";"Deleg  Presid Provincial de Última Esperanza";"Herman Eberhard # 445";"Puerto Natales";"Región de Magallanes y de la Antártica";"LE";"Adjudicada";"Se requiere contratar el servicio de aseo para el Complejo Fronterizo Río Don Guillermo, edificio ubicado a 67 kilómetros de Puerto Natales. Contrato a contar del 07/04/2025 al 31/12/2025, ambas fechas inclusive.";2025-03-20T15:13:20.343;2025-03-28T15:00:00;2025-04-09T17:17:49.18;9000000;"CLP";0;0
1698-14-L125;"CONVENIO DE PRECIOS PARA EL SERVICIO DE AGUA PURIFICADA, PARA UNIDADES JUDICIALES DEL PODER JUDICIAL, CORRESPONDIENTES A LA ZONA 4 (LOS VILOS, ILLAPEL Y COMBARBALÁ)";"CORP ADMINISTRATIVA DEL PODER JUDICIAL";"60.301.001-9";"Corp. Adm. del Poder Judicial - La Serena";"Juan Cisternas N°2497, Oficina 401";"La Serena";"Región de Coquimbo";"L1";"Adjudicada";"La Corporación Administrativa del Poder Judicial, en adelante e indistintamente “la Corporación” o “la Corporación Administrativa”, realiza el llamado a licitación pública para la contratación de “Convenio de precios para el servicio de agua purificada, para Unidades Judiciales del Poder Judicial, correspondientes a la zona 4 (Los Vilos, Illapel y Combarbalá).";2025-03-27T12:21:20.62;2025-04-03T15:30:00;2025-04-09T17:04:28.847;;"CLP";0;0
3185-3-LE25;"INSTALACIÓN ELECTRICA HORNO CONVECTOR COCINA GENERAL";"DIRECCION DE ABASTECIMIENTO DE LA ARMADA";"61.102.001-5";"GOBERNACION MARITIMA DE ARICA";"MAXIMO LIRA 315";"Arica";"Región de Arica y Parinacota";"LE";"Adjudicada";"ADQUIRIR EL SERVICIO DE INSTALACIÓN ELECTRICA PARA HORNO CONVECTOR DE LA COCINA GENERAL DE LA GOBERNACIÓN MARÍTIMA DE ARICA, UBICADA EN AVENIDA MÁXIMO LIRA N° 315, CIUDAD DE ARICA.";2025-03-21T12:52:35.21;2025-03-31T16:00:00;2025-04-09T17:02:49.647;;"CLP";0;0
3287-13-LE25;"EJECUTOR DE SOLUCIONES CONSTRUCTIVAS PRG HAB.";"I MUNICIPALIDAD DE LICANTEN";"69.100.500-3";"Departamento de Finanzas";"Juan E. Montero   25";"Licantén";"Región del Maule";"LE";"Adjudicada";"LA ILUSTRE MUNICIPALIDAD DE LICANTEN, INVITA A TODOS LOS OFERENTES CON CONOCIMENTO Y EXPERIENCIA EN LOS SERVICIOS REQUERIDOS E INCRITOS EN EL RUBRO A PARTICIAR EN EL PROCESO DE EJECUTOR DE SOLUCIONES CONSTRUCTIVAS PRROGRAMA HABITABILIDAD.";2025-03-17T10:53:16.16;2025-03-25T15:00:00;2025-04-09T17:01:23.037;22000000;"CLP";0;0
1016-2-LE25;"Asesoría Integral en Coordinación y Comunicación Visual del Plan Nacional de Infraestructura Pública 2025-2055";"MINISTERIO DE OBRAS PUBLICAS DIREC CION GRAL DE OO PP DCYF";"61.202.000-0";"Dirección de Planeamiento - MOP";"Morandé 59, 7° piso, Of. 712";"Santiago Centro";"Región Metropolitana de Santiago";"LE";"Adjudicada";"Dar término al proceso de gobernanza público-privada del Plan Nacional de Infraestructura Pública 2025-2055, generando las coordinaciones y elementos gráficos necesarios para el retorno necesario con la ciudadanía y actores relevantes, incluyendo todos aquellos que participaron activamente en el proceso de elaboración.";2025-03-25T16:08:45.063;2025-04-04T15:30:00;2025-04-09T17:02:20.79;50049466;"CLP";0;0
2982-16-LE25;"BOTINES TÁCTICOS - CECAPRO";"POLICIA DE INVESTIGACIONES DE CHILE";"60.506.000-5";"JEFATURA NACIONAL DE EDUCACIÓN Y DOCTRINA (JENAED)";"AVDA. GLADYS MARIN MILLIE N° 5783";"Estación Central";"Región Metropolitana de Santiago";"LE";"Adjudicada";"Que los alumnos cuenten con la indumentaria adecuada para la realización de las actividades propia del curso";2025-03-18T15:02:09.327;2025-03-27T15:00:00;2025-04-09T17:03:09.04;39500000;"CLP";0;0
3882-20-LP25;"“ARRIENDO DE MAQUINARIAS LIMPIEZA DE ESTERO LOS LOROS Y OTROS SECTORES COMUNA DE LLAY LLAY”";"I MUNICIPALIDAD DE LLAY LLAY";"69.060.400-0";"Ilustre Municipalidad de Llay Llay";"Avda. Balmaceda 174";"Llay-Llay";"Región de Valparaíso";"LP";"Adjudicada";"Lo anterior se requiere Con el fin de realizar limpieza de esteros, acequias y otros que requieran, que son de competencia municipal, buscando evitar inundaciones en época invernal y resguardar la seguridad de las viviendas aledañas a estos.";2025-03-04T12:01:00;2025-03-24T15:00:00;2025-04-09T17:01:05.507;;"CLP";0;0
918434-8-LR25;"EJECUCIÓN DE LA SEGUNDA ETAPA DE LAS OBRAS CIVILES";"MINISTERIO DE LA MUJER Y LA EQUIDAD DE GÉNERO";"61.980.680-8";"MINISTERIO DE LA MUJER Y LA EQUIDAD DE GÉNERO";"CATEDRAL N°1401 2DO PISO";"Santiago";"Región Metropolitana de Santiago";"LR";"Adjudicada";"Para efectos de habilitar las futuras dependencias del Nivel Central del Ministerio de la Mujer y la Equidad de Género MMEG, es necesario contratar el servicio de ejecución de la segunda etapa de las obras civiles, en el inmueble fiscal ubicado en Agustinas N° 1253, 1269 y 1275 piso 1 y subterráneo, que constituyen las futuras dependencias del Nivel Central del Ministerio de la Mujer y la Equidad de Género.";2025-03-06T19:24:00;2025-04-07T20:00:00;2025-04-09T17:02:20.273;589300000;"CLP";0;0
2585-17-LE25;"ADQ. MATERIALES ELECTRICOS DIMAO ORD N° 372025 LSV IMA";"I MUNICIPALIDAD DE ARICA";"69.010.100-9";"FINANZAS IMA";"AV. RENATO ROCCA 1585";"Arica";"Región de Arica y Parinacota";"LE";"Adjudicada";"ADQ. MATERIALES ELECTRICOS, DIMAO, ORD N° 37/2025, LSV, IMA";2025-02-27T16:57:31.433;2025-03-10T15:05:00;2025-04-09T16:59:28.863;17011050;"CLP";0;0
3553-8-LE25;"Suministro Apoyo Logístico Consulta Indigena";"MINISTERIO DE BIENES NACIONALES";"61.402.000-8";"MINISTERIO DE BIENES NACIONALES";"Av.Lib.Bdo. O´Higgins Nº720";"Santiago Centro";"Región Metropolitana de Santiago";"LE";"Adjudicada";"Suministro para Apoyo Logístico y Operativo para el Proceso De Consulta Indígena por la Modificación de los Deslindes del Parque Nacional Puyehue ubicado en las Regiones de Los Ríos y Los Lagos, año 2025.";2025-03-12T19:19:29.723;2025-03-24T15:00:00;2025-04-09T16:59:45.957;32000000;"CLP";0;0
4988-70-LR24;"CONSTRUCCIÓN CANCHA DE PASTO SINTETICO Y CIERRE PERIMETRAL CD FRONTERA CONCEPCIÓN";"I MUNICIPALIDAD DE CONCEPCION";"69.150.400-K";"SECPLAN MUNICIPALIDAD DE CONCEPCION";"O´HIGGINS 525";"Concepción";"Región del Biobío";"LR";"Adjudicada";"El proyecto se ubicará en un terreno Municipal de 5.500 m² e incluye la ejecución de una superficie sintética de 4.588 m² y su sistema de infiltración de aguas lluvias (A.LL). También considera 285 metros lineales de cierre perimetral con una altura de 2,5 metros en los laterales y 4,10 metros en los fondos de cancha, ambos en malla Acmafor 3D de acero galvanizado. Además, se incluyen 786 m² de pavimentos para accesos y circulaciones, y dos graderías de 16 metros lineales en acero.";2024-11-21T10:10:00;2025-01-03T13:00:00;2025-04-09T16:58:03.967;650000000;"CLP";0;0
2455-21-LE25;"ADQUISICIÓN DE TOLDOS Y MESAS PLEGABLES";"ILUSTRE MUNICIPALIDAD DE QUINTA NORMAL";"69.071.000-5";"SECRETARIA COMUNAL DE PLANIFICACIÓN";"Av. Carrascal 4447, Quinta Normal";"Quinta Normal";"Región Metropolitana de Santiago";"LE";"Adjudicada";"El presente certamen licitatorio tiene por finalidad convocar a los interesados, para que presenten sus ofertas para la “ADQUISICIÓN DE TOLDOS Y MESAS PLEGABLES PARA EVENTOS”.   Los bienes requeridos se encuentran descritos en las Especificaciones Técnicas de la presente propuesta.";2025-02-24T14:15:25.753;2025-03-06T09:00:00;2025-04-09T16:56:16.477;9377200;"CLP";0;0
3471-62-LR24;"SUMINISTRO MEDICAMENTOS USO EN MEDICINA 24 MESES";"DIRECCION DE LOGISTICA DE CARABINEROS";"60.505.723-3";"Hospital de Carabineros";"Av. Antonio Varas Nº 2500";"Ñuñoa";"Región Metropolitana de Santiago";"LR";"Adjudicada";"CONTRATACIÓN EN LÍNEAS DE ADJUDICACIÓN, DE UN SUMINISTRO DE MEDICAMENTOS DE USO EN MEDICINA, PARA EL HOSPITAL DE CARABINEROS, POR UN PERIODO DE 24 MESES.";2024-11-20T15:35:00;2024-12-26T16:00:00;2025-04-09T16:56:30.967;;"CLP";0;0
5350-10-LE25;"Suministros de insumos Dentales";"I MUNICIPALIDAD DE VALLENAR";"69.030.500-3";"DEPTO DE SALUD MUNICIPAL";"Calle Merced Esquina Talca N°1455 - Ex Hospital";"Vallenar";"Región de Atacama";"LE";"Adjudicada";"Adquisición de Insumos Dentales para los establecimientos de Salud APS";2025-03-21T17:26:19.617;2025-03-31T19:51:00;2025-04-09T16:52:18.217;9000000;"CLP";0;0
1057500-11-LP25;"Servicio oxigenoterapia domiciliaria";"SERVICIO DE SALUD METROPOLITANO SUR ORIENTE";"61.608.500-K";"Bienes y Servicios";"Av. Concha y Toro Nº 3459";"Puente Alto";"Región Metropolitana de Santiago";"LP";"Adjudicada";"La Necesidad de dar respuesta a los requerimientos emergentes del programa de Cuidados Paliativos Universales tiene por propósito dar alivio de síntomas y acompañamiento a personas con enfermedades terminales de origen no oncológicos, y sus familias en el contexto de la ley N°21.375. La implementación del programa tiene como pilar fundamental el modelo de atención domiciliaria, que se enfoca en otorgar  intervenciones realizadas por el equipo de salud  principalmente en el domicilio de las personas ingresadas o institucionalizados, con el fin de brindar apoyo, tratamiento, rehabilitación y seguimiento, centrado en la atención en cuidados paliativos, con el fin de llevar a cabo esta estrategia, se espera que los equipos de la atención primaria en salud, puedan contar con recursos de oxigenoterapia, para las personas ingresadas, con requerimientos de uso de oxígeno no cubiertas por otro programa de salud.";2025-02-03T18:06:00;2025-02-28T16:00:00;2025-04-09T16:49:45.023;100000000;"CLP";0;0
1058095-116-LR24;"Convenio 6 medicamentos inyectables por 36 meses";"COMPLEJO ASISTENCIAL DR. SOTERO DEL RIO";"61.608.502-6";"Fármarcos";"CONCHA Y TORO 3459";"Puente Alto";"Región Metropolitana de Santiago";"LR";"Adjudicada";"La necesidad de contar con medicamentos";2025-01-09T12:23:49.813;2025-02-10T15:30:00;2025-04-09T16:50:20.457;;"CLP";0;0
4378-4-L125;"Básculas para CESFAM";"I MUNICIPALIDAD DE SAN ROSENDO";"69.151.102-2";"Departamento de Salud";"Baquedano 95";"San Rosendo";"Región del Biobío";"L1";"Adjudicada";"Básculas para CESFAM";2025-03-20T12:54:44.92;2025-03-26T14:45:00;2025-04-09T16:51:16.827;;"CLP";0;0
1002-117-LP24;"CONVENIO DE MANTENCIÓN REPARACIÓN ESTRUCTURAL Y SUMINISTRO DE REPUESTOS CAMIONES BEIBEN";"MINISTERIO DE OBRAS PUBLICAS DIREC CION GRAL DE OO PP DCYF";"61.202.000-0";"Dirección de Vialidad - X Región - Dirección Regional";"Av. Bdo OHiggins 451, 4º Piso";"Puerto Montt";"Región de los Lagos";"LP";"Adjudicada";"DESTINADO A CAMIONES MARCA BEIBEN DE LA DIRECCION DE VIALIDAD, REGION DE LOS LAGOS";2024-11-11T09:48:00;2024-11-25T17:00:00;2025-04-09T16:47:36.54;;"CLP";0;0
886954-107-LE25;"Convenio Suministro Cuchilla Artroscópica para U. de Ortopedia y Traumatología Infantil";"HOSPITAL GUILLERMO GRANT BENAVENTE DE CO";"61.602.189-3";"Abastecimiento Insumos";"San Martin 1436";"Concepción";"Región del Biobío";"LE";"Adjudicada";"La necesidad de abastecer de los insumos para la atención oportuna de pacientes";2025-03-10T15:40:45.74;2025-03-17T15:31:00;2025-04-09T16:43:03.36;20000000;"CLP";0;0
3959-3-L125;"MEDICAMENTOS 2025, NC Nº 61";"I MUNICIPALIDAD DE NAVIDAD";"69.073.800-7";"Unidad de Salud";"PLAZA GENERAL BONILLA N° 24";"Navidad";"Región del Libertador General Bernardo O´Higgins";"L1";"Adjudicada";"MEDICAMENTOS 2025, NC Nº 61";2025-02-28T17:35:24.65;2025-03-06T20:57:00;2025-04-09T16:42:51.137;;"CLP";0;0
1210674-9-LE25;"Adquisición de productos de menaje para AADD";"SERVICIO NACIONAL DE PROTECCIÓN ESPECIALIZADA A LA NIÑEZ Y ADOLESCENCI";"62.000.890-7";"ADMINISTRACIÓN DIRECTA REGIÓN METROPOLITANA";"Av.Libertador Bernardo O'Higgins N°1449,Torre 7 P3";"Santiago";"Región Metropolitana de Santiago";"LE";"Adjudicada";"Abordar las necesidades de los niños, niñas y adolescentes de los Centros de Administración Directa dependientes de la Dirección Regional Metropolitana del Servicio.";2025-03-21T13:41:52.257;2025-03-27T15:00:00;2025-04-09T16:41:09.5;65000000;"CLP";0;0
701-15-LR24;"INFORMES AMBIENTALES INFAs";"SERV NACIONAL DE PESCA";"60.701.002-1";"D.N - Servicio Nacional de Pesca y Acuicultura";"Victoria 2832";"Valparaíso";"Región de Valparaíso";"LR";"Adjudicada";"CONTRATACIÓN DEL SERVICIO CONSISTENTE EN LA ELABORACIÓN DE INFORMES AMBIENTALES INFAs DE LOS CENTROS DE CULTIVO DE SALMÓNIDOS Y ALGAS, PARA EL SERVICIO NACIONAL DE PESCA Y ACUICULTURA.";2024-08-14T10:16:00;2024-09-23T15:01:00;2025-04-09T16:37:59.133;;"CLF";0;0
1057389-20-LE25;"CONTRATACION ANALISIS E INFORMES BIOPSIAS RENALES";"SERVICIO SALUD ARAUCANIA NORTE HOSPITAL VICTORIA";"61.602.229-6";"Bienes y Servicios";"Avda Dartnell N°1100";"Victoria";"Región de la Araucanía";"LE";"Adjudicada";"La presente licitación tiene por objetivo suscribir contrato para la prestación de servicios de análisis e informes de biopsias renales para cubrir la necesidad y demanda del Hospital San José de Victoria.";2025-02-25T16:23:00;2025-03-20T16:00:00;2025-04-09T16:36:05.503;;"CLP";0;0
5083-20-LE25;"ADQUISICION DE KIT DE PROTESIS TUMORAL DE CADERA";"SERVICIO DE SALUD DEL MAULE HOSPITAL DE CURICO";"61.606.903-9";"Unidad Pròtesis";"CHACABUCO 121 CURICO";"Curicó";"Región del Maule";"LE";"Adjudicada";"El Hospital San Juan de Dios de Curicó, requiere la adquisición de kit de prótesis tumoral de cadera, a objeto de satisfacer adecuadamente la demanda de esta.";2025-04-03T18:10:48.203;2025-04-08T18:30:00;2025-04-09T16:34:54.98;;"CLP";0;0
1576-10-LE25;"SERVICO DE TRANSPORTE ESCOLAR PARVULOS ALTO BIOBIO JARDIN INFANTIL RALCO LEPOY";"JUNTA NACIONAL DE JARDINES         INFANTILES";"70.072.600-2";"Junji - VIII Región";"OHIGGINS PONIENTE 77, CONCEPCION";"Alto Bio Bio";"Región del Biobío";"LE";"Adjudicada";"SERVICO DE TRANSPORTE ESCOLAR PARVULOS ALTO BIOBIO JARDIN INFANTIL RALCO LEPOY";2025-03-18T12:41:00;2025-04-01T15:30:00;2025-04-09T16:44:07.43;;"CLP";0;0
2277-20-LP25;"JESUCRISTO SUPER ESTRELLA 2025";"MUNICIPALIDAD DE PUDAHUEL";"69.071.100-1";"UNIDAD DE LICITACIONES DE PUDAHUEL";"SAN PABLO 8444";"Pudahuel";"Región Metropolitana de Santiago";"LP";"Adjudicada";"el proceso de Licitación para la contratación del Servicio de producción de eventos para la realización de cultural y comunitaria para vecinos y vecinas de la comuna de Pudahuel según la licitación denominada “Jesucristo Superestrella 2025 La Municipalidad tiene entre sus lineamientos principales impulsar actividades culturales y patrimoniales  a los vecinos y vecinas de la comuna de Pudahuel";2025-03-04T17:34:54.367;2025-03-17T15:00:00;2025-04-09T16:32:05.003;;"CLP";0;0
3622-9-LE25;"Servicio de Mecánica para mantenimiento";"I MUNICIPALIDAD DE O HIGGINS";"69.253.500-6";"Administracion Y Finanzas";"LAGO CHRISTIE 121 A";"O Higgins";"Región Aysén del General Carlos Ibáñez del Campo";"LE";"Adjudicada";"Servicio de Mecánica para mantenimiento de Vehículos, maquinaria pesada y motores en general de la Ilustre Municipalidad de O´Higgins";2025-04-03T16:36:10.383;2025-04-09T09:00:00;2025-04-09T16:29:44.883;;"CLP";0;0
5240-160-R125;"ADQUISICIÓN DE HENO DE ALFALFA PARA CABALLARES Y MULARES";"DIRECCION DE LOGISTICA DE CARABINEROS";"61.938.500-4";"Direccion de Compras Publicas de Carabineros";"Av. Lib. Bernardo OHiggins N° 1449,torre 7,PISO 11";"Santiago Centro";"Región Metropolitana de Santiago";"LR";"Adjudicada";"MATERIALIZAR LA ADQUISICIÓN, EN LÍNEAS DE ADJUDICACIÓN, DE HENO DE ALFALFA PARA CABALLARES Y MULARES DE CARABINEROS DE CHILE, AÑO 2025";2024-10-17T14:47:58.533;2024-11-18T15:30:00;2025-04-09T16:22:21.397;;"CLP";0;0
4464-24-LE25;"CONTRATO DE ARRIENDO DE SERVIDOR MULTIPROPÓSITO Y STORAGE DE IMÁGENES RADIOLÓGICAS";"SERVICIO DE SALUD DEL MAULE HOSPITAL DE CURICO";"61.606.903-9";"Servicios Generales";"Chacabuco 121";"Curicó";"Región del Maule";"LE";"Adjudicada";"El Hospital San Juan de Dios de Curicó necesita licitar CONTRATO DE ARRIENDO DE SERVIDOR MULTIPROPÓSITO Y STORAGE DE IMÁGENES RADIOLÓGICAS, Para el buen funcionamiento del servicio de imagenolgia.";2025-03-20T11:05:13.103;2025-03-26T11:34:00;2025-04-09T16:19:49.27;22000000;"CLP";0;0
3842-7-LE25;"REPINT. DE PASOS PEATONALES Y RESALTOS PUNITAQUI";"I MUNICIPALIDAD DE PUNITAQUI";"69.040.900-3";"Oficina de Proyectos";"Caupolican 1147";"Punitaqui";"Región de Coquimbo";"LE";"Adjudicada";"Repintado de pasos peatonales y resaltos reductores de velocidad, con el fin de mejorar las condiciones de tránsito en las calles de la comuna de Punitaqui. 106 Repintado de pasos peatonales de seis o siete líneas según corresponda, de 4,00 mts por 0,50 mts. 16	Repintado de resaltos reductores de velocidad.";2025-03-24T11:16:32.777;2025-04-03T15:30:00;2025-04-09T16:12:19.33;;"CLP";0;0
2335-22-LE25;"MEDICAMENTOS Y PROD. FARMACEUTICOS F.C. OP 108 109";"I MUNICIPALIDAD DE LINARES";"69.130.301-2";"ADQUISICIONES SALUD";"VALENTIN LETELIER 587";"Linares";"Región del Maule";"LE";"Adjudicada";"LAS NECESIDADES DEL DEPTO DE SALUD EN LA COMPRA DE MEDICAMENTOS PARA SU FARMACIA COMUNITARIA SEGUN ORDENES DE PEDIDO Nª108, 109.";2025-03-13T11:24:06.383;2025-03-19T11:00:00;2025-04-09T16:13:36.733;27647041;"CLP";0;0
1271178-2-LE25;"SERVICIO RETIRO DE REAS 2025";"CORPORACION MUNICIPAL DE DESARROLLO SOCIAL DE MACUL";"71.369.900-4";"CORPORACION MUNICIPAL DE DESARROLLO SOCIAL DE MACUL";"Gregorio de la Fuente N°3556";"Macul";"Región Metropolitana de Santiago";"LE";"Adjudicada";"La Corporación Municipal de Desarrollo Social de Macul, en adelante la “Corporación”, a través de las presentes bases, tiene como propósito contratar el servicio de retiro de residuos especiales y peligrosos, incluyendo el suministro de insumos asociados a su manejo, para los centros de salud dependientes de la Corporación, que se individualizan en las bases técnicas, con la finalidad de cumplir con el reglamento sobre manejo de residuos de establecimientos de atención de salud REAS.";2025-03-10T08:36:36.243;2025-03-19T17:00:00;2025-04-09T16:12:10.77;;"CLP";0;0
2460-30-LE25;"Servicio de impresión Cuenta Pública y Resumen Ejecutivo";"I MUNICIPALIDAD DE PROVIDENCIA";"69.070.300-9";"Dirección de Administración y Finanzas";"Pedro de Valdivia N° 1077";"Providencia";"Región Metropolitana de Santiago";"LE";"Adjudicada";"Informar a la comunidad y dar cumplimiento a lo establecido en el artículo 67 de la ley 18.695 Orgánica Constitucional de Municipalidades.";2025-03-26T17:46:29.897;2025-04-04T12:00:00;2025-04-09T16:07:32.297;9500000;"CLP";0;0
1725-24-LQ25;"IMPLEMENTACIÓN DEL PROYECTO “ACCIONA TU BARRIO”";"SUBSECRETARÍA DE LAS CULTURAS Y LAS ARTES";"60.901.002-9";"SUBSECRETARIA DE LAS CULTURAS Y LAS ARTES";"SOTOMAYOR 233";"Valparaíso";"Región de Valparaíso";"LQ";"Adjudicada";"SERVICIO DE IMPLEMENTACIÓN DEL PROYECTO “ACCIONA TU BARRIO” EN 60 COMUNAS DEL PAÍS EN EL MARCO DE UN CONVENIO DE COLABORACIÓN ENTRE LA SUBSECRETARÍA DE LA NIÑEZ Y LA SUBSECRETARÍA DE LAS CULTURAS Y LAS ARTES.";2025-01-31T16:11:07.433;2025-02-21T12:00:00;2025-04-09T15:59:20.83;275000000;"CLP";0;0
2377-24-L125;"IDDOC N° 838277 SERVICIO DE PRODUCCION CUENTA PUBLICA";"I MUNICIPALIDAD DE LA FLORIDA";"69.070.700-4";"DEPARTAMENTO DE ADQUISICIONES";"VICUÑA MACKENNA  7210";"La Florida";"Región Metropolitana de Santiago";"L1";"Adjudicada";"CUENTA PUBLICA";2025-03-26T13:11:25.213;2025-04-04T10:00:00;2025-04-09T16:03:27.073;6700000;"CLP";0;0
2832-40-LR24;"MEDICAMENTOS FARMACIAS COMUNALES";"I MUNICIPALIDAD DE QUILLOTA";"69.260.400-8";"DEPARTAMENTO DE SALUD";"Clorindo Veliz 520 Villa Mexico";"Quillota";"Región de Valparaíso";"LR";"Adjudicada";"CONTRATO DE SUMINISTRO DE MEDICAMENTOS FARMACIAS COMUNALES, DEPARTAMENTO DE SALUD MUNICIPALIDAD DE QUILLOTA” El objetivo principal es adquirir medicamentos que no son intermediados por CENABAST, de calidad y certificados por la autoridad sanitaria para el tratamiento de las patologías que presentan los habitantes de la comuna de Quillota. Adquisición que será en forma directa con los laboratorios y droguerías con el fin de abaratar costos y entregarlos de manera personalizada a los beneficiarios inscritos en los centros de salud de nuestra comuna y con su receta médica. Esta entrega permite también optimizar el uso del presupuesto familiar en este rubro.";2024-09-17T11:08:28.953;2024-10-18T15:30:00;2025-04-09T15:58:54.867;665000000;"CLP";0;0
3326-15-LE25;"ADQUISICIÓN DE NEUMÁTICOS PARA STOCK DE BODEGA DEL DEPARTAMENTO DE TRANSPORTES L.3 DE CARGO DE CARABINEROS DE CHILE SEGÚN BASES ADMINISTRATIVAS Y TÉCNICAS";"DIRECCION DE LOGISTICA DE CARABINEROS";"61.938.500-4";"Depto.Transportes L.3";"Vivaceta Nro. 2700";"Independencia";"Región Metropolitana de Santiago";"LE";"Adjudicada";"ADQUISICIÓN DE NEUMÁTICOS PARA STOCK DE BODEGA DEL DEPARTAMENTO DE TRANSPORTES L.3, DE CARGO DE CARABINEROS DE CHILE, SEGÚN BASES ADMINISTRATIVAS Y TÉCNICAS";2025-03-13T16:48:41.853;2025-03-27T15:25:00;2025-04-09T15:59:01.18;40000000;"CLP";0;0
3797-20-LE25;"LEÑA PARA DEPENDENCIAS MUNICIPALES";"I MUNICIPALIDAD DE COCHRANE";"69.254.500-1";"I MUNICIPALIDAD DE COCHRANE";"calle esmeralda 398";"Cochrane";"Región Aysén del General Carlos Ibáñez del Campo";"LE";"Adjudicada";"La necesidad de la Ilustre Municipalidad de Cochrane de adquirir leña para dependencias municipales";2025-03-25T16:03:51.17;2025-04-04T10:05:00;2025-04-09T15:58:12.807;33040000;"CLP";0;0
1088-2-LR25;"Licitación por servicios de construcción Centro Interpretación Ambiental P.N. Llanos de Challe";"CORP NACIONAL FORESTAL";"61.313.000-4";"III  Región - Oficina Regional de Atacama";"JUAN MARTINEZ 55";"Copiapó";"Región de Atacama";"LR";"Adjudicada";"E102RT9 Construcción de un centro de interpretación que permita la atención al visitante, el centro de interpretación contará con 5 módulos, los cuales tendrán como programa recibir al visitante y contar con una muestra sobre los objetos de conservación y normativas del parque. El centro contará además con baños diferenciados  los cuales están unidos";2025-01-30T15:51:00;2025-03-14T15:00:00;2025-04-09T16:07:43.943;1237710000;"CLP";0;0
2446-43-LE25;"P.P 59-2025 ADQUISICIÓN DE MAT. DE CONSTRUCCIÓN";"I MUNICIPALIDAD DE COQUIMBO";"69.040.300-5";"IMUNI_COQUIMBO";"BILBAO 348";"Coquimbo";"Región de Coquimbo";"LE";"Adjudicada";"“ADQUISICIÓN DE MATERIALES DE CONSTRUCCIÓN PARA MANTENCIÓN DE GIMNASIO TECHADO MUNICIPAL”";2025-03-04T12:38:57.097;2025-03-14T15:00:00;2025-04-09T16:15:20.39;30000000;"CLP";0;0
1641-48-LE25;"CCV - PROTESIS Y EXPANSORES MAMARIOS";"SERVICIO DE SALUD OCCIDENTE HOSPITAL SAN JUAN DE DIOS";"61.608.204-3";"SERVICIO DE SALUD OCCIDENTE HOSPITAL SAN JUAN DE D";"FACTURAR DIRECTAMENTE A FONASA  ID 2239-11044-LP08";"Santiago";"Región Metropolitana de Santiago";"LE";"Adjudicada";"LA PRESENTE LICITACIÓN TIENE POR OBETIVO LA  OBTENCIÓN DE INSUMOS PARA EL HOSPITAL SAN JUAN DE DIOS";2025-01-31T09:14:03.143;2025-02-05T16:35:00;2025-04-09T15:57:36.013;;"CLP";0;0
1058128-1-LR25;"ADQUISICIÓN EMPAGLIFLOZINA 10MG Y MESALAZINA 500MG";"HOSPITAL PUERTO MONTT SERVICIO DE SALUD DEL RELONCAVI";"61.975.100-0";"Fármacos";"Los Aromos N° 65 Paipote 3 - Región de los Lagos";"Puerto Montt";"Región de los Lagos";"LR";"Adjudicada";"Debido a la necesidad del Hospital de Puerto Montt, de contratar un Proveedor en condiciones de ejecutar el abastecimiento de medicamentos a través de la Adquisición de EMPAGLIFLOZINA 10MG COMPRIMIDO ORAL ENVASADO EN BLISTER Y MESALAZINA 500MG SUPOSITORIO RECTAL para el Servicio de Farmacia del Hospital de Puerto Montt con la finalidad de garantizar el oportuno, adecuado, eficiente y correcto tratamiento de los pacientes. Lo anterior, según resolución N°12.499 de fecha 29 de octubre de 2024 que aprueba el Arsenal Terapéutico del Hospital de Puerto Montt.";2025-02-05T11:19:12.663;2025-03-07T15:00:00;2025-04-09T15:55:58.403;;"CLP";0;0
612-7-LQ25;"Análisis de Dioxinas Furanos y PCB´s";"SERVICIO AGRICOLA Y GANADERO";"61.308.000-7";"Servicio Agricola y Ganadero (SAG central)";"Paseo Bulnes 140";"Santiago";"Región Metropolitana de Santiago";"LQ";"Adjudicada";"El objetivo de esta licitación es disponer de Análisis de Dioxinas, Furanos y PCB´s para tejido animal, productos pecuarios y alimentos para animales, a través de la técnica de cromatografía de masas de alta resolución, realizados por laboratorios autorizados por el Servicio con resolución vigente";2025-02-24T16:18:17.29;2025-03-24T20:00:00;2025-04-09T15:54:42.27;;"CLP";0;0
3130-3-CO25;"MANTENCIÓN DE ESTANQUE CALENTADOR D AGUA SANITARIA";"DIRECCION DE ABASTECIMIENTO DE LA ARMADA";"61.102.029-5";"HOSPITAL DE LAS FF.AA. CIRUJANO GUZMAN";"AVDA. BULNES 0256";"Punta Arenas";"Región de Magallanes y de la Antártica";"CO";"Adjudicada";"Existe la necesidad de contratar la “Mantención de estanque calentador de agua sanitaria, para el Hospital de las FF.AA. “Cirujano Cornelio Guzmán” de Punta Arenas.";2025-03-11T09:15:51.193;2025-03-25T16:00:00;2025-04-09T15:53:57.767;13500000;"CLP";0;0
3572-6-LR25;"ADQUISICIÓN Y REPOSICIÓN DE MAQUINARIA.";"I MUNICIPALIDAD DE CARAHUE";"69.190.500-4";"Secplac";"Villagran 240";"Carahue";"Región de la Araucanía";"LR";"Adjudicada";"“ADQUISICIÓN Y REPOSICIÓN DE MAQUINARIA, PARA LA UNIDAD DE  CAMINOS COMUNA DE  CARAHUE.”";2025-01-17T16:48:53.227;2025-02-17T18:00:00;2025-04-09T15:52:57.313;583760000;"CLP";0;0
2669-57-L125;"PTR S - 33 MEDICAMENTOS FALTANTES ARSENAL APS";"I MUNICIPALIDAD DE VITACURA";"69.255.600-3";"SALUD";"INDIANA N° 1195, VITACURA";"Vitacura";"Región Metropolitana de Santiago";"L1";"Adjudicada";"COMPRA DE MEDICAMENTOS FALTANTES ARSENAL APS DEL CESFAM VITACURA";2025-02-12T19:52:45.76;2025-02-18T20:43:00;2025-04-09T15:40:57.83;;"CLP";0;0
4026-18-LE25;"COMPRA DE PREUNIVERSITARIO PRESENCIAL PARA 25 ALUMNOS DE CUARTO MEDIO DEL LICEO BICENTENARIO DE EXCELENCIA DR. VICTOR RIOS RUIZ";"I MUNICIPALIDAD DE ANTUCO";"69.250.901-3";"Depto. Educacion";"Calixto Padilla 155";"Antuco";"Región del Biobío";"LE";"Adjudicada";"El objetivo de preparar a los estudiantes para rendir en forma exitosa la Prueba de Acceso a la Educación Superior (PAES), y aumentar puntajes obtenidos, reforzando los contenidos en las asignaturas de lenguaje y matemáticas de acuerdo al temario oficial del DEMRE y MINEDUC, ejercitando, orientando y permitiendo así que nuestros jóvenes puedan acceder a los servicios de preparación a la PAES";2025-03-26T14:51:56.157;2025-04-02T16:13:00;2025-04-09T15:35:59.313;16500000;"CLP";0;0
4294-3-LR25;"Prestaciones procedimientos y exámenes médicos";"COMANDO DE APOYO A LA FUERZA";"65.077.010-2";"Jefatura Ejecutiva de Administración de los Fondos de Salud";"Av. Libertador Bernando O'Higgins N 1449 TORRE 3 PISO 7";"Santiago";"Región Metropolitana de Santiago";"LR";"Adjudicada";"Prestaciones, procedimientos y exámenes médicos para la Ciudad de Santiago";2025-02-17T14:28:16.86;2025-03-19T18:00:00;2025-04-09T15:42:33.723;1000000000;"CLP";0;0
2263-19-LE25;"Vigas Metálicas 18 metros Curacautín";"MINISTERIO DE OBRAS PUBLICAS DIREC CION GRAL DE OO PP DCYF";"61.202.000-0";"Dirección de Vialidad - IX Región - Provincia de Malleco";"Lautaro 17";"Angol";"Región de la Araucanía";"LE";"Adjudicada";"Vigas Metálicas 18 metros Curacautín";2025-03-12T16:39:00;2025-03-24T18:39:00;2025-04-09T15:52:21.717;;"CLP";0;0
564162-26-L125;"Solicitud N° 82524 - Medidor portátil y otros CC 112 / PS 1611";"UNIVERSIDAD DE SANTIAGO DE CHILE";"60.911.000-7";"VICERRECTORIA DE INVESTIGACION Y DESARROLLO";"EL Belloto con Enrique Kirberg. EDIFICIO REMS";"Estación Central";"Región Metropolitana de Santiago";"L1";"Adjudicada";"El Departamento de Obras Civiles de la Universidad de Santiago de Chile, requiere la adquisición de los productos que se indican, Despacho:   Av. Víctor Jara 3659, Santiago, Estación Central, Departamento de Ingeniería en Obras Civiles, Universidad de Santiago de Chile.";2025-04-01T16:59:02.96;2025-04-08T15:00:00;2025-04-09T15:50:53.333;5050000;"CLP";0;0
45-22-LE25;"SERVICIO DE MONITOREO BÚSQUEDA Y ANÁLISIS DE NOTICIAS  SERVICIO NACIONAL DE CAPACITACIÓN Y EMPLEO";"SERVICIO NACIONAL DE CAPACITACION Y EMPLEO";"61.531.000-K";"Servicio Nacional de Capacitación y Empleo";"";"";"Región Metropolitana de Santiago";"LE";"Adjudicada";"El Servicio Nacional de Capacitación y Empleo requiere contratar el servicio de monitoreo, búsqueda y análisis de noticias a nivel nacional y regional, a fin de contar con información actualizada y oportuna sobre los ámbitos de interés del SENCE, para apoyar la labor comunicacional de la institución.";2025-03-05T08:20:03.647;2025-03-17T15:00:00;2025-04-09T15:34:26.507;;"CLP";0;0
1643-27-LE25;"Suministro determinaciones Troponina I Dimero D";"SERVICIO NACIONAL DE SALUD HOSPITAL DE T";"61.602.122-2";"Hospital de Talagante";"Balmaceda 1458";"Talagante";"Región Metropolitana de Santiago";"LE";"Adjudicada";"SE REQUIERE GENERAR UN CONVENIO POR SUMINISTRO DE REACTIVOS, EQUIPAMIENTO EN PRÉSTAMO Y SU MANTENCIÓN PARA LAS DETERMINACIONES DE EXÁMENES DE TROPONINA I ULTRASENSIBLE Y DIMERO D, PARA EL HOSPITAL DE TALAGANTE.POR UN PERIODO DE 12 MESES.";2025-03-19T12:57:57.82;2025-03-26T17:01:00;2025-04-09T15:32:41.007;;"CLP";0;0
5350-4-LE25;"Convenio Jardín Infantil y Sala Cuna Departamento de Salud Municipal";"I MUNICIPALIDAD DE VALLENAR";"69.030.500-3";"DEPTO DE SALUD MUNICIPAL";"Calle Merced Esquina Talca N°1455 - Ex Hospital";"Vallenar";"Región de Atacama";"LE";"Adjudicada";"Convenio Jardín Infantil y Sala Cuna, Departamento de Salud Municipal";2025-03-12T17:44:36.057;2025-03-21T12:15:00;2025-04-09T15:31:10.933;24000000;"CLP";0;0
1350296-20-LP25;"CONVENIO DE SUMINISTROS DE NUTRICIONES PARENTERALES PRELLENADAS PARA EL HOSPITAL ALTO HOSPICIO POR 12 MESES";"HOSPITAL DE ALTO HOSPICIO";"65.228.694-1";"ABASTECIMIENTO HAH";"CALLE ALEMANIA N° 3240";"Alto Hospicio";"Región de Tarapacá";"LP";"Adjudicada";"El Hospital de Alto Hospicio, en el marco de su compromiso con el funcionamiento de la atención médico-quirúrgica de pacientes de baja complejidad, requiere disponer de nutriciones parenterales y soluciones (incluyendo oligoelementos, multivitamínicos hidrosolubles y liposolubles) para garantizar el correcto cuidado de sus usuarios Esto permitirá ofrecer una atención de calidad, oportuna y alineada con las necesidades de la población de esta región de Tarapacá. En este contexto, se ha generado la presente licitación con el objetivo de suscribir un contrato de suministro para la provisión de nutriciones parenterales prellenadas. Las presentes bases técnicas establecen los requisitos y condiciones que regularán la adquisición de estos insumos, los cuales serán suministrados durante un período de 12 meses, asegurando así la continuidad del servicio y el bienestar de los pacientes.";2025-02-12T16:07:49.55;2025-03-03T15:00:00;2025-04-09T15:30:10.853;320653473;"CLP";0;0
837-8-LQ25;"CDP N141- Sum. Gases Especiales para el SML";"SERVICIO MEDICO LEGAL";"61.003.000-9";"SERVICIO MEDICO LEGAL";"";"";"Región Metropolitana de Santiago";"LQ";"Adjudicada";"Suministro de Gases Especiales para el Servicio Médico Legal a Nivel Nacional, por un periodo de 24 meses.";2025-02-07T16:37:00;2025-03-03T15:30:00;2025-04-09T15:29:19.557;297047060;"CLP";0;0
1191688-189-R125;"Adquisición e instalación de branding para 3 buses";"I MUNICIPALIDAD DE LA COMUNA DE EL BOSQUE";"69.255.300-4";"Secretaria de Planificación";"Javiera Carrera 736";"El Bosque";"Región Metropolitana de Santiago";"LE";"Adjudicada";"Adquirir el suministro e instalación de branding para 03 buses eléctricos municipales, según solicitud de compra Nro. 2805.";2024-12-23T12:27:04.327;2025-01-02T15:01:00;2025-04-09T15:28:11.137;;"CLP";0;0
4090-6-L125;"LEÑA NATIVA CERTIFICADA PARA POSTAS RURALES";"I MUNICIPALIDAD DE MAULLIN";"69.220.500-6";"Departamento de Salud";"Bernardo O'Higgins 641";"Maullín";"Región de los Lagos";"L1";"Adjudicada";"EL DEPARTAMENTO DE SALUD REQUIERE ADQUIRIR, LEÑA NATIVA CERTIFICADA PARA POSTAS RURALES DE MISQUIHUE, PEÑOL, QUENUIR Y ASTILLERO, SEGUN DECRETO EXENTO N 728";2025-03-11T16:20:15.623;2025-03-17T15:00:00;2025-04-09T15:26:49.867;;"CLP";0;0
886954-1-LP25;"CONVENIO SUMINISTRO SISTEMA CIRUGÍA DE COLUMNA CERVICAL ANTERIOR Y ABORDAJE CERVICAL POSTERIOR MALETA EN TRÁNSITO";"HOSPITAL GUILLERMO GRANT BENAVENTE DE CO";"61.602.189-3";"Abastecimiento Insumos";"San Martin 1436";"Concepción";"Región del Biobío";"LP";"Adjudicada";"La necesidad de abastecer de insumos para la atención oportuna del paciente.";2025-01-15T21:39:26.827;2025-02-04T12:00:00;2025-04-09T15:22:57.353;337000000;"CLP";0;0
3710-14-L125;"Medicamentos Faltantes Marzo 2025";"I MUNICIPALIDAD DE VICTORIA";"69.180.900-5";"Salud";"Muñoz Vargas 730";"Victoria";"Región de la Araucanía";"L1";"Adjudicada";"Medicamentos Faltantes Marzo 2025, SEGUN SOLICTUD DE PEDIDO N°138, 2152204004001/P-23";2025-03-26T12:41:31.107;2025-04-01T13:55:00;2025-04-09T15:21:44.443;3000000;"CLP";0;0
3759-32-LE25;"Conforme a solicitud 113";"Ilustre Municipalidad de Yerbas Buenas";"69.130.400-0";"Ilustre Municipalidad de Yerbas Buenas";"Avda. Centenario 101";"Yerbas Buenas";"Región del Maule";"LE";"Adjudicada";"Mobiliario y otros conforme a especificaciones del pliego de condiciones.";2025-03-31T19:09:00.83;2025-04-07T15:01:00;2025-04-09T15:18:23.327;16403305;"CLP";0;0
619-9-LE25;"Estudio Impacto Fijación Límites Tasas intercambio";"SUBSECRETARIA DEL MINISTERIO DE HACIENDA";"60.801.000-9";"SUBSECRETARIA DEL MINISTERIO DE HACIENDA";"dipresrecepcion@custodium.com";"Santiago";"Región Metropolitana de Santiago";"LE";"Adjudicada";"El Comité para la Fijación de Límites a las Tasas de Intercambio en adelante, el “Comité”, cuya función consiste en determinar los límites a las tasas de intercambio aplicables a transacciones con tarjetas, entre emisores y operadores, correspondientes a la venta de bienes o la prestación de servicios por entidades afiliadas en el país, sea que los pagos respectivos se realicen en forma directa o por intermedio del respectivo titular de marca de tarjetas, solicitó a la Secretaría y Administración General del Ministerio de Hacienda en adelante, e indistintamente el “Ministerio” o la “Subsecretaría” la contratación del “Estudio de Impacto de la Fijación de Límites a las Tasas de Intercambio”, según se especifica en las presentes Bases. El Estudio de Impacto de la Fijación de Límites a las Tasas de Intercambio permitirá al Comité evaluar aspectos tales como: el crecimiento del mercado de medios de pago  la dinámica en la afiliación de comercios al sistema de pago con tarjetas  la penetración en el uso de las tarjetas de pago versus otros instrumentos  aspectos indicativos del grado de transparencia y competitividad del mercado  aspectos indicativos de la eficiencia y seguro funcionamiento del sistema de pagos minorista  y otros factores, desde la fecha de entrada en vigencia de los límites provisorios. Los hallazgos del estudio permitirán evaluar los efectos del proceso de determinación de límites a las tasas de intercambio sobre aquellos aspectos del mercado que sean pertinentes para el cumplimiento de los objetivos del Comité, establecidos en la Ley de Tasas de Intercambio.";2025-02-11T09:32:35.15;2025-03-13T15:00:00;2025-04-09T15:17:56.107;;"CLP";0;0
1057388-4-LE25;"CONVENIO DE SUMINISTRO DE CARNES Y ABARROTES";"SERVICIO NACIONAL DE SALUD HOSPITAL PUREN";"61.602.224-5";"Bienes y Servicios";"Imperial 1562";"Purén";"Región de la Araucanía";"LE";"Adjudicada";"La presente licitación tiene como objetivo la oportuna  reposición de carnes y abarrotes para los servicios de alimentación del Hospital de Purén";2025-03-26T15:04:23.073;2025-04-07T17:31:00;2025-04-09T15:16:35.577;;"CLP";0;0
731136-1-L125;"SERVICIO TRASLADO DE PERSONAS  PARA EL 11° JUZGADO DE GARANTIA DE SANTIAGO";"CORP ADMINISTRATIVA DEL PODER JUDICIAL";"60.301.001-9";"11° Jdo de Garantia de Santiago";"Avda Pedro Montt 1606 - Torre E - 7° piso";"Santiago";"Región Metropolitana de Santiago";"L1";"Adjudicada";"SERVICIO TRASLADO DE PERSONAS  PARA EL 11° JUZGADO DE GARANTIA DE SANTIAGO";2025-03-19T14:28:39.84;2025-04-01T17:52:00;2025-04-09T15:16:06.283;;"CLP";0;0
4773-1-LE25;"ADQUISICIÓN DE LIBROS CRBP 2025";"SERVICIO NACIONAL DEL PATRIMONIO CULTURAL";"60.905.000-4";"Coord. Bibliotecas Públicas Región de Coquimbo";"REGIDOR MUÑOZ 362 - LA SERENA";"La Serena";"Región de Coquimbo";"LE";"Adjudicada";"La Coordinación Regional de Bibliotecas Públicas Coquimbo dependiente del Servicio Nacional del Patrimonio Cultural en adelante también el “Servicio” o el “SERPAT”, licita públicamente el servicio de “ADQUISICIÓN DE LIBROS PARA LA COORDINACIÓN DE BIBLIOTECAS PÚBLICAS, REGIÓN DE COQUIMBO 2025”, para cuyo efecto invita a personas naturales y jurídicas del rubro a formular ofertas conforme a lo dispuesto en las presentes Bases Administrativas y Técnicas.";2025-03-12T09:46:11.21;2025-03-21T12:00:00;2025-04-09T15:09:13.243;31300000;"CLP";0;0
1057500-13-LE25;"INSTRUCTORES RCP AVANZADO";"SERVICIO DE SALUD METROPOLITANO SUR ORIENTE";"61.608.500-K";"Bienes y Servicios";"Av. Concha y Toro Nº 3459";"Puente Alto";"Región Metropolitana de Santiago";"LE";"Adjudicada";"el Servicio de Salud Metropolitano Sur Oriente requiere contratar la siguiente actividad de capacitación SERVICIO DE CAPACITACIÓN PARA INSTRUCTORES RCP AVANZADO, actividad requerida por parte del subdepartamento Red de Urgencia y Gestión de Camas, Subdirección Gestión Asistencial, Servicio de Salud Metropolitano Sur Oriente.";2025-02-19T15:58:00;2025-03-05T13:00:00;2025-04-09T15:03:54.937;;"CLP";0;0
937232-21-LQ25;"SERVICIO DE PROVISIÓN DE PRÓTESIS DE CADERA";"CENTRO DE REFERENCIA DE SALUD HOSPITAL PROVINCIA CORDILLERA";"61.980.620-4";"Centro de Referencia de Salud Hospital Provincia Cordillera";"";"";"Región Metropolitana de Santiago";"LQ";"Adjudicada";"EL CRS Hospital Provincia Cordillera requiere abastecer de forma oportuna De prótesis de cadera. Esta adquisición presenta los siguientes objetivos: ●	Disminuir la lista de espera de paciente con problemas de movilidad. ●	Contar con Insumos Clínicos necesarios para cumplir con la demanda en la atención de pacientes con patología traumatológicas de cadera que requieren cirugía ambulatoria que mejore su calidad de vida ●	Asegurar la entrega oportuna de insumos para procedimientos clínicos de prótesis de cadera.";2025-03-04T16:36:24.643;2025-03-24T15:00:00;2025-04-09T15:17:15.95;;"CLP";0;0
3928-21-L125;"CONTRATO DE SUMINISTRO LIMPIA FOSAS SEPTICAS PARA DEPARTAMENTO DE EDUCACION MUNICIPAL ESTABLECIMIENTOS EDUCACIONALES JARDINES INFANTILES AÑO 2025";"ILUSTRE MUNICIPALIDAD DE PICHILEMU";"69.091.201-5";"Educación Municipal";"Angel Gaete 365";"Pichilemu";"Región del Libertador General Bernardo O´Higgins";"L1";"Adjudicada";"CONTRATO DE SUMINISTRO LIMPIA FOSAS SEPTICAS PARA DEPARTAMENTO DE EDUCACION MUNICIPAL ESTABLECIMIENTOS EDUCACIONALES JARDINES INFANTILES AÑO 2025";2025-03-25T17:14:16.313;2025-04-01T15:00:00;2025-04-09T14:59:51.153;;"CLP";0;0
272-3-LR25;"GORE - XI - Entrega Capacidades Silvoagropecuarias";"SUBSECRETARIA DEL MINISTERIO DE AGRICULT";"61.301.000-9";"SEREMI XI Región";"AV OGANA 1060";"Coyhaique";"Región Aysén del General Carlos Ibáñez del Campo";"LR";"Adjudicada";"Nombre de la Adquisición: Prestación de servicios para la entrega de capacidades a productores, asesores técnicos y profesionales del agro de la región de Aysén, en implementación de prácticas silvoagroambientales. 3.2 Objetivo de la Contratación: Entregar capacidades a productores, asesores técnicos y profesionales del agro, en la implementación de prácticas silvoagroambientales.";2025-02-07T12:42:55.67;2025-03-10T15:00:00;2025-04-09T14:52:27.42;387868000;"CLP";0;0
3284-4-L125;"Servicio de Difusion Radial año 2025";"I MUNICIPALIDAD DE CHAITEN";"69.231.100-0";"I MUNICIPALIDAD DE CHAITEN";"Pedro Aguirre Cerda N° 398";"Chaitén";"Región de los Lagos";"L1";"Adjudicada";"Las presentes Bases Administrativas tienen por objeto reglamentar el llamado a Propuesta Pública de la Ilustre Municipalidad de Chaitén, para la adquisición de servicios de difusión radial bajo la modalidad de convenio de suministro año 2025. El objetivo de la presente licitación es asegurar la entrega de información hacia la comunidad en general de los servicios municipales. Los servicios deben ser provistos en el tiempo acordado, en la cantidad pactada y en calidad aceptada por la municipalidad.";2025-03-25T10:55:29.683;2025-04-01T15:00:00;2025-04-09T14:51:04.373;;"CLP";0;0
4090-7-L125;"SERVICIOS DE CONTROL DE PLAGAS PARA DESAM MAULLIN";"I MUNICIPALIDAD DE MAULLIN";"69.220.500-6";"Departamento de Salud";"Bernardo O'Higgins 641";"Maullín";"Región de los Lagos";"L1";"Adjudicada";"EL DEPARTAMENTO DE SALUD MAULLIN REQUIERE ADQUIRIR SERVICIOS DE  CONTROL DE PLAGAS PARA LOS DIFERENTES ESTABLECIMIENTOS , SEGUN DECRETO EXENTO N°764.";2025-03-13T12:58:09.333;2025-03-19T13:00:00;2025-04-09T14:49:34.333;;"CLP";0;0
3656-57-LE25;"SUMINISTRO SERVICIO DE TALA Y PODA EN ALTURA DE ARBOLEADO PUBLICO VARIOS SECTORES COMUNA DE REQUINOA.";"I MUNICIPALIDAD DE REQUINOA";"69.081.300-9";"Ilustre Municipalidad de Requínoa";"COMERCIO 21";"Requinoa";"Región del Libertador General Bernardo O´Higgins";"LE";"Adjudicada";"SUMINISTRO SERVICIO DE TALA Y PODA EN ALTURA DE ARBOLEADO PUBLICO VARIOS SECTORES COMUNA DE REQUINOA.";2025-03-07T12:55:31.287;2025-03-17T15:01:00;2025-04-09T14:46:10.77;;"CLP";0;0
3656-70-L125;"SERVICIO DE APOYO EN ASESORIAS ADMINISTRATIVAS";"I MUNICIPALIDAD DE REQUINOA";"69.081.300-9";"Ilustre Municipalidad de Requínoa";"Comercio 121 Municipalidad de Requínoa";"Requinoa";"Región del Libertador General Bernardo O´Higgins";"L1";"Adjudicada";"SERVICIO DE APOYO EN ASESORIAS ADMINISTRATIVAS, ESTATUTARIAS, FINANCIERAS, CONTABLES PRESUPUESTARIAS, IMPLEMENTACION DE LAS NICSP Y DE CONTROL INTERNO INHERENTE A LA GESTION MUNICIPAL";2025-03-26T12:50:40.51;2025-04-01T15:01:00;2025-04-09T14:31:52.227;;"CLP";0;0
2659-51-R125;"PTR N°157 - PROVISION E INSTALACION DE 2 JUEGOS INFANTILES EN PLAZA ANTON DIAZ";"I MUNICIPALIDAD DE VITACURA";"69.255.600-3";"ADQUISICIONES";"Avenida Bicentenario Nº 3.800.Giro: Servicio Público.";"Vitacura";"Región Metropolitana de Santiago";"L1";"Adjudicada";"PROVISION E INSTALACION DE 2 JUEGOS INFANTILES EN PLAZA ANTON DIAZ. VER MAS DETALLE DE LO REQUERIDO Y SOLICITADO EN BASES DE LICITACION EN ARCHIVO ADJUNTO.";2025-02-26T09:20:33.983;2025-03-05T10:00:00;2025-04-09T14:28:31.237;;"CLP";0;0
5594-3-LR25;"SERVICIO DE DIÁLISIS A NIVEL NACIONAL";"FUERZA AEREA DE CHILE COMANDO LOGISTICO";"61.103.005-3";"División de Sanidad-Convenios";"Avda. José Miguel Carrera N° 11.087";"El Bosque";"Región Metropolitana de Santiago";"LR";"Adjudicada";"La presente propuesta pública tiene por objeto materializar el proceso de Contratar Servicios de Hemodiálisis, Peritoneodiálisis y otros, para adultos y niños beneficiarios del Sistema de Salud SISAF, por ciudades a nivel nacional.";2025-02-10T16:24:33.707;2025-03-12T17:00:00;2025-04-09T14:11:03.227;;"CLP";0;0
1057544-56-LP25;"Contratación de Servicios de apoyo para Esterilización del Hospital Las Higueras";"SERVICIO DE SALUD DE TALCAHUANO HOSPITAL";"61.607.202-1";"Bienes y Servicios";"Alto Horno 777 - Higueras";"Talcahuano";"Región del Biobío";"LP";"Adjudicada";"La presente licitación pública tiene por objetivo contratar servicios de apoyo para reforzar la gestión de la Unidad de Esterilización del Hospital las Higueras. Conforme a lo anteriormente expuesto, los servicios licitados y requeridos deberán ser otorgados por al menos 1 profesional enfermero y 10 TENS, todos con su título registrado en la Superintendencia de Salud, más 1 auxiliar de servicios.";2025-03-05T15:51:07.22;2025-03-17T15:01:00;2025-04-09T14:15:07.757;99000000;"CLP";0;0
1233615-35-LE25;"SERVICIO DE ACTIVIDAD DE DOCENCIA Y CAPACITACIÓN";"Servicio Local de Educación Pública Aysén";"61.980.950-5";"Servicio Local de Educación Pública Aysén";"José de Moraleda #437";"Coyhaique";"Región Aysén del General Carlos Ibáñez del Campo";"LE";"Adjudicada";"ACTIVIDAD DE DOCENCIA Y CAPACITACIÓN TÉCNICA PARA EL FORTALECIMIENTO DE ESTRATEGIAS PEDAGÓGICAS PARA MEJORAR LOS APRENDIZAJES EN LENGUAJE Y COMUNICACIÓN EN NIÑOS DE PRIMERO BÁSICO, PRIORIZANDO LA COMPRENSIÓN LECTORA.";2025-03-17T18:50:04.45;2025-03-27T17:00:00;2025-04-09T14:11:00.233;;"CLP";0;0
3665-5-LE25;"Adquisición de medicamentos. Farmacia Comunal.";"I MUNICIPALIDAD DE TIL TIL";"69.071.600-3";"Municipalidad";"AV. ARTURO PRAT 200";"Til Til";"Región Metropolitana de Santiago";"LE";"Adjudicada";"La necesidad de adquirir medicamentos para abastecer farmacia comunal y a los distintos vecinos de la comuna.";2025-03-20T14:11:01.363;2025-03-31T15:00:00;2025-04-09T14:01:56.363;20000000;"CLP";0;0
3889-12-LE25;"Mantenimiento Alumbrado Publico Municipal Placilla";"I MUNICIPALIDAD DE PLACILLA";"69.090.200-1";"I MUNICIPALIDAD DE PLACILLA";"Oscar Gajardo 2250";"Placilla";"Región del Libertador General Bernardo O´Higgins";"LE";"Adjudicada";"Contratación del servicio “Mantención y Reparación de Alumbrado Público de la comuna de Placilla, durante el periodo comprendido entre el momento de aceptación de la OC por parte del oferente, hasta el 31 de diciembre 2025, según lo indicado en las Bases Técnicas y Bases Administrativas.";2025-03-25T18:09:05.71;2025-03-31T15:01:00;2025-04-09T14:00:25.99;13300000;"CLP";0;0
2378-6-LE25;"BUSES DE ACOMPAÑAMIENTO DE SERVICIOS FUNERARIOS";"I MUNICIPALIDAD DE LA FLORIDA";"69.070.700-4";"SECRETARIA DE PLANIFICACION";"AMERICO VESPUCIO 6886";"La Florida";"Región Metropolitana de Santiago";"LE";"Adjudicada";"La presente licitación tiene por objeto el servicio de traslado de personas a los distintos cementerios que se encuentran dentro de la Región Metropolitana, en virtud del requerimiento espontaneo de los vecinos y vecinas de la comuna de La Florida, con validación a través de Registro Social de Hogares vigente, como consecuencia de un servicio funerario para un vecino de la comuna.";2025-02-14T15:32:32.077;2025-02-26T12:30:00;2025-04-09T13:55:02.867;32820000;"CLP";0;0
2776-7-LE25;"MANTENCION MENSUAL DE EQUIPOS DE AIRE ACONDICIONADO PARA LA MUNICIPALIDAD DE RENGO";"I MUNICIPALIDAD DE RENGO";"69.081.200-2";"ADQUISICION MUNICIPAL";"Avenida Bisquert 262, Rengo";"Rengo";"Región del Libertador General Bernardo O´Higgins";"LE";"Adjudicada";"ADQUISICION DEL SERVICIO DE MANTENCION MENSUAL DE EQUIPOS DE AIRE ACONDICIONADO PARA LA MUNICIPALIDAD DE RENGO";2025-02-26T15:59:07.92;2025-03-06T12:00:00;2025-04-09T13:45:15.55;;"CLP";0;0
2597-2-L125;"Asesoría Técnica Pavimento Calle Higuerillas";"I MUNICIPALIDAD DE CONCON";"73.568.600-3";"SECPLAC";"Percy 904 esquina calle Rio de Oro";"Concón";"Región de Valparaíso";"L1";"Adjudicada";"LA I. MUNICIPALIDAD DE CONCON REQUIERE LA CONTRATACION DE UN PROFESIONAL ASESOR TECNICO PARA LA EJECUCION DEL PROYECTO “CONSTRUCCIÓN PAVIMENTO CALLE HIGUERILLAS ENTRE COSTANERA Y PAVIMENTO EXISTENTE, CONCÓN”, código BIP N° 40007618, SEGUN LAS BASES ADMINISTRATIVAS Y DEMAS ANTECEDENTES QUE COMPONEN LA PROPUESTA, ASI COMO LOS QUE COMPONEN LA PROPUESTA DE LAS OBRAS BAJO LA ID 2597-68-LQ24.";2025-01-15T12:22:58.363;2025-01-29T15:00:00;2025-04-09T13:53:33.377;5400000;"CLP";0;0
2776-10-L125;"SERVICIO MENSUAL DE ANALISIS DE AGUA PARA EL EDIFICIO CONSISTORIAL DE LA MUNICIPALIDAD DE RENGO";"I MUNICIPALIDAD DE RENGO";"69.081.200-2";"ADQUISICION MUNICIPAL";"Avenida Bisquert 262, Rengo";"Rengo";"Región del Libertador General Bernardo O´Higgins";"L1";"Adjudicada";"ADQUISICION DEL SERVICIO MENSUAL DE ANALISIS DE AGUA PARA EL EDIFICIO CONSISTORIAL DE LA MUNICIPALIDAD DE RENGO";2025-02-27T13:20:00;2025-03-05T17:00:00;2025-04-09T13:45:02.717;;"CLP";0;0
3017-12-LE25;"MATERIALES DE CONSTRUCCIÓN ARRIENDO MAQUINARIAS PARA PROYECTO N° 750 PMU-E";"I MUNICIPALIDAD DE LOTA";"69.151.300-9";"Departamento de Adquisiciones";"Pedro Aguirre Cerda 302";"Lota";"Región del Biobío";"LE";"Adjudicada";"MATERIALES DE CONSTRUCCIÓN ARRIENDO MAQUINARIAS PARA PROYECTO N° 750 PMU-E";2025-03-07T11:24:33.987;2025-03-17T15:04:00;2025-04-09T13:44:33.123;15989463;"CLP";0;0
3847-3-LE25;"Serv.telefonía móvilfuncionarios municipalidad SG";"I MUNICIPALIDAD DE SIERRA GORDA";"69.253.200-7";"Secoplac";"Salvador Allende 452";"Sierra Gorda";"Región de Antofagasta";"LE";"Adjudicada";"El objeto de la presente licitación es la contratación del servicio de telefonía móvil de un total de 45 celulares, los cuales serán utilizados para las funciones propias del municipio tanto para el área Municipal y las áreas de Educación y Salud, especialmente ante eventos críticos, en donde se requiere una comunicación efectiva para la continuidad del normal funcionamiento de la Municipalidad.";2025-03-04T17:24:37.977;2025-03-13T09:05:00;2025-04-09T13:37:35.953;;"CLP";0;0
1641-11-LP25;"SFR- SUMINISTRO DE LITOTRIPTOR";"SERVICIO DE SALUD OCCIDENTE HOSPITAL SAN JUAN DE DIOS";"61.608.204-3";"SERVICIO DE SALUD OCCIDENTE HOSPITAL SAN JUAN DE D";"FACTURAR DIRECTAMENTE A FONASA  ID 2239-11044-LP08";"Santiago";"Región Metropolitana de Santiago";"LP";"Adjudicada";"La contratación de “SUMINISTRO DE LITOTRIPTOR” tiene por objeto, cumplir de manera continua la labor asistencial que ha sido encomendada a nuestra Institución, estableciendo las condiciones que permitan alcanzar la combinación más ventajosa entre todos los beneficios del bien o servicio a adquirir, y todos sus costos asociados, presentes y futuros. (Art. 37° del Reglamento)";2025-01-27T15:51:16.67;2025-02-06T16:00:00;2025-04-09T13:26:54.34;;"CLP";0;0
2597-3-LE25;"ATO REPOSICION ALUMBRADO PUBLICO AEREO CONCON";"I MUNICIPALIDAD DE CONCON";"73.568.600-3";"SECPLAC";"Percy 904 esquina calle Rio de Oro";"Concón";"Región de Valparaíso";"LE";"Adjudicada";"LA I. MUNICIPALIDAD DE CONCON REQUIERE LA CONTRATACION DE UN PROFESIONAL ASESOR TECNICO PARA LA EJECUCION DEL PROYECTO “REPOSICION ALUMBRADO PUBLICO AEREO COMUNA DE CONCON”, Código BIP 30487144-0, SEGUN LAS BASES ADMINISTRATIVAS Y DEMAS ANTECEDENTES QUE COMPONEN LA PROPUESTA, ASI COMO LOS QUE COMPONEN LA PROPUESTA DE LAS OBRAS BAJO LA ID 2597-48-LR24.";2025-01-16T13:50:08.307;2025-01-29T15:00:00;2025-04-09T13:26:22.94;10840000;"CLP";0;0
2914-14-L125;"CANASTAS ECOGRAFIAS PRENATALES AÑO 2025 SOL 112";"ILUSTRE MUNICIPALIDAD DE DIEGO DE ALMAGRO";"69.250.500-k";"Salud";"Juan Martínez de Rosa 1403, I. MUNICIPALIDAD DE DIEGO DE ALMAGRO";"Diego De Almagro";"Región de Atacama";"L1";"Adjudicada";"ADQUIRIR SERVICIO PARA 100 ECOGRAFIAS PRENATALES SEGUN NECESIDAD DEL SERVICIO PARA ESTABLECIMEINTO DE SALUD MUNICIPAL SEGÚN BASES TECNICAS, ADMINISTRATIVAS Y SUS ANEXOS.";2025-04-02T11:36:07.307;2025-04-08T12:55:00;2025-04-09T13:17:18.793;5462185;"CLP";0;0
2484-2-LE25;"ADQ. DE LIBROS CUADERNOS MARCA PÁGINAS STICKERS Y BOLSAS PARA ACTIVIDADES CON LA COMUNIDAD";"I MUNICIPALIDAD DE QUILICURA";"69.071.301-2";"Adquisiciones DESAM";"";"";"Región Metropolitana de Santiago";"LE";"Adjudicada";"NECESIDAD DEL SERVICIO";2025-03-21T10:43:34.51;2025-03-31T15:01:00;2025-04-09T13:20:19.807;;"CLP";0;0
744835-28-L125;"MEDICAMENTOS VARIOS FARMACIA COMUNITARIA B.S.J.";"I MUNICIPALIDAD DE LO ESPEJO";"69.255.100-1";"Departamento de Adquisiciones";"Av. Cardenal Raúl Silva Henríquez N° 8321";"Lo Espejo";"Región Metropolitana de Santiago";"L1";"Adjudicada";"Solicitud de Materiales Nº F-01/2025 Departamento de Salud  Farmacia Comunitaria Beatriz Sepúlveda Jiménez";2025-02-28T13:54:36.65;2025-03-06T17:19:00;2025-04-09T13:20:05.753;;"CLP";0;0
4629-11-LP25;"ARRIENDO TABLETS PARA PROYECTO SGI";"DIRECCION DEL TRABAJO";"61.502.000-1";"Nivel Central Santiago";"AGUSTINAS 1253, SANTIAGO, 6°piso DAF";"Santiago";"Región Metropolitana de Santiago";"LP";"Adjudicada";"La Dirección del Trabajo DT, es un organismo público encargado de fiscalizar el cumplimiento de la normativa laboral en Chile. En este contexto, la DT requiere contratar el servicio de arriendo de 120 tablets con teclado, lápiz, protector de equipo, mica de pantalla, cable de datos y carga, para proyecto del Sistema de Gestión Inspectivo SGI del Departamento de Inspección que se enmarca en el proceso de modernización de la DT establecido mediante Ley 21.327 del año 2021. El arriendo se realizará por un período de 12 meses, con el objetivo de dotar a los fiscalizadores de las regiones donde se implantará el sistema, con herramientas tecnológicas de trabajo que les permitirá ingresar in situ la información recopilada durante las fiscalizaciones asignadas";2025-02-28T17:51:00;2025-03-25T14:00:00;2025-04-09T13:10:48.887;108000000;"CLP";0;0
688-7-LE25;"Cambios de Productividad de Cultivos";"OFICINA DE ESTUDIOS Y POLITICAS AGRARIAS";"61.301.100-5";"OFICINA DE ESTUDIOS Y POLITICAS AGRARIAS";"Teatinos Nº 40 piso 7, Depto. Adm. y Finanzas";"Santiago Centro";"Región Metropolitana de Santiago";"LE";"Adjudicada";"Generación una herramienta y la provisión de insumos clave para establecer un sistema de monitoreo continuo de la variación de los potenciales de producción de los principales cultivos, en las distintas zonas del país en respuesta al cambio y variabilidad climática, que permita disponer de información para la correcta y oportuna toma de decisiones productivas, tanto a nivel público como privado.";2025-03-03T13:15:00;2025-03-25T15:00:00;2025-04-09T13:15:19.49;30000000;"CLP";0;0
529229-8-LE25;"Suministro de pasajes aéreos internacionales";"CONSEJO PARA LA TRANSPARENCIA";"61.979.430-3";"Consejo para la Transparencia";"Morandé 360 piso 7";"Santiago";"Región Metropolitana de Santiago";"LE";"Adjudicada";"Adquirir un servicio de suministro de pasajes aéreos internacionales, bajo modalidad de solicitud de compra, esto es, según la necesidad de viajes requeridos por el Consejo.";2025-03-25T11:53:09.817;2025-04-01T16:00:00;2025-04-09T12:56:59.71;30000000;"CLP";0;0
2380-24-LE25;"AGUA TOBOGANES SONRISAS Y BUEN TRATO OS 138529";"I MUNICIPALIDAD DE COPIAPO";"69.030.200-4";"DEPARTAMENTO DE ABASTECIMIENTO";"CHACABUCO 857";"Copiapó";"Región de Atacama";"LE";"Adjudicada";"“SERVICIO DE PRODUCCIÓN DE EVENTOS PARA ACTIVIDAD ‘AGUA, TOBOGANES, SONRISAS Y BUEN TRATO’ PARA EL DIA 12 DE ABRIL 2025, PARQUE EL PRETIL COPIAPÓ SEGUN BASES";2025-04-01T10:08:53.82;2025-04-07T15:30:00;2025-04-09T12:57:40.533;29000000;"CLP";0;0
5407-9-LP25;"SERVICIOS DE FTO LP17 CNT PORTAL II NEGRETE";"SERVICIO DE VIVIENDA Y URBANIZACION REGIÓN DEL BIO BIO";"61.820.004-3";"Departamento Técnico";"Prat 575 Concepción";"Concepción";"Región del Biobío";"LP";"Adjudicada";"EL OBJETIVO DE LA PRESENTE CONTRATACIÓN COMPRENDE LA REALIZACIÓN COMPLETA DE LOS SERVICIOS DE FISCALIZACIÓN TÉCNICA DE OBRAS PARA EL PROGRAMA FONDO SOLIDARIO DE ELECCIÓN DE VIVIENDA D.S. 49 Y SUS MODIFICACIONES, LP17, PROYECTO CNT CONJUNTO HABITACIONAL PORTAL II NEGRETE, PERTENECIENTE A LA COMUNA DE NEGRETE. PROVINCIA DEL BIOBÍO, PERTENECIENTE A LA REGIÓN DEL BIOBÍO, DE ACUERDO A LOS PROCEDIMIENTOS QUE LA UNIDAD TÉCNICA, EN ESTE CASO SERVIU REGIÓN DEL BIOBÍO, EN ADELANTE “SERVIU”, POSEA PARA EL EFECTO Y LA CELEBRACIÓN DE LOS CONTRATOS RESPECTIVOS HASTA LA APROBACIÓN DEL SERVICIO CONTRATADO.";2025-02-17T16:24:00;2025-03-10T15:00:00;2025-04-09T12:54:30.253;;"CLF";0;0
3017-23-LE25;"MATERIALES DE CONSTRUCCIÓN ARRIENDO MAQUINARIAS PARA PROYECTO 744 PMU-E";"I MUNICIPALIDAD DE LOTA";"69.151.300-9";"Departamento de Adquisiciones";"Pedro Aguirre Cerda 302";"Lota";"Región del Biobío";"LE";"Adjudicada";"MATERIALES DE CONSTRUCCIÓN ARRIENDO MAQUINARIAS PARA PROYECTO 744 PMU-E,  MEJORAMIENTO ILUMINACIÓN CALLE BRASILIA ENTRE CALLE 1 Y ASUNCIÓN SECTOR VALLE COLCURA, LOTA";2025-03-13T12:06:39.647;2025-03-24T15:11:00;2025-04-09T12:56:39.183;17532925;"CLP";0;0
3692-12-LE25;"Adquisición de Lentes Ópticos para usuarios de UAPO de El Quisco";"I MUNICIPALIDAD DE EL QUISCO";"69.061.700-5";"Departamento de Salud";"Isidoro Dubormais N° 240 - Región de Valparaíso -";"El Quisco";"Región de Valparaíso";"LE";"Adjudicada";"Adquisición de Lentes Ópticos para usuarios de UAPO de El Quisco";2025-03-18T12:03:38.347;2025-03-25T15:00:00;2025-04-09T12:53:28.46;15900000;"CLP";0;0
963799-7-LE25;"Suministro de Insumos varios de laboratorio 2025";"SERVICIO DE SALUD DEL MAULE HOSPITAL SAN JAVIER";"61.606.912-8";"LABORATORIO";"RIQUELME 1131 - Región del Maule - San Javier";"San Javier";"Región del Maule";"LE";"Adjudicada";"ABASTECER DE INSUMOS VARIOS A LA UNIDAD DE LABORATORIO DEL HOSPITAL DE SAN JAVIER PARA ASÍ PODER REALIZAR EXÁMENES A LOS USUARIOS.";2025-02-19T14:37:56.37;2025-03-04T19:28:00;2025-04-09T12:52:42.193;;"CLP";0;0
1509-34-L125;"MANTENIMIENTO Y MEJORAMIENTO DE JARDIN INFANTIL";"SERVICIO DE SALUD METROPOLITANO NORTE HOSPITAL DE TIL TIL";"61.608.006-7";"Hospital Til - Til";"Direccion no aplica a productos virtuales";"Santiago";"Región Metropolitana de Santiago";"L1";"Adjudicada";"EL Hospital Comunitario de Til Til, requiere la contratación del SERVICIO DE MANTENIMIENTO Y MEJORAMIENTO DEL JARDÍN INFANTIL, con el fin de optimizar la estadía diaria de los niños en dicho espacio. Este mantenimiento se considera necesario debido al deterioro de los patios del jardín, lo cual ha generado un entorno propenso a caídas y golpes entre los niños. Estos incidentes podrían resultar en consecuencias graves, especialmente para los niños de los funcionarios del hospital.";2025-03-18T08:15:16.197;2025-03-24T19:32:00;2025-04-09T13:05:49.62;5000000;"CLP";0;0
1067476-2-L125;"Servicio de impresión y distribución de la publicación del libro 50 Versos a lo Poeta";"SERVICIO NACIONAL DEL PATRIMONIO CULTURAL";"60.905.000-4";"SUBDIRECCIÓN NACIONAL DE PATRIMONIO INMATERIAL";"Huerfanos stgo2";"Santiago";"Región Metropolitana de Santiago";"L1";"Adjudicada";"Mediante esta licitación pública se requiere contratar el servicio de impresión y distribución de 1000 (mil) ejemplares del libro '50 Versos a lo Poeta', conforme a las especificaciones y pruebas de calidad solicitadas por la Subdirección Nacional de Patrimonio Cultural Inmaterial";2025-03-25T16:42:26.37;2025-03-31T22:00:00;2025-04-09T12:39:20.143;6700000;"CLP";0;0
2318-25-LE25;"INSUMOS VETERINARIOS";"I MUNICIPALIDAD DE SAN JAVIER";"69.130.100-1";"IMUNI_SAN JAVIER DEPTO. ADQUISICIONES";"Arturo Prat  N° 2490";"San Javier";"Región del Maule";"LE";"Adjudicada";"Adquisición de insumos veterinarios para control sanitario de endoparásitos y ectoparásitos en animales mayores y menores del programa Prodesal.";2025-03-24T10:29:20.807;2025-03-31T15:00:00;2025-04-09T12:29:32.79;10000000;"CLP";0;0
3232-13-LE25;"CONVENIO DE SUMINISTRO -ARREGLOS FLORALES";"I MUNICIPALIDAD DE SANTO DOMINGO";"69.073.500-8";"I MUNICIPALIDAD DE SANTO DOMINGO";"Avenida Santa Teresa N° 1";"Santo Domingo";"Región de Valparaíso";"LE";"Adjudicada";"CONVENIO DE SUMINISTRO PARA LA PROVISIÓN DE ARREGLOS FLORALES, CORONAS FÚNEBRES Y OTROS DEL RUBRO";2025-03-14T15:33:11.573;2025-03-25T15:00:00;2025-04-09T12:28:23.973;;"CLP";0;0
564953-59-LE25;"JORNADAS DE CAPACITACIÓN EDUCACIÓN 2025";"Corporación de Educación y Salud de Las Condes";"70.902.000-5";"Corporación de Educación y Salud de Las Condes";"RIO LOA 8350 (360 RAM)";"Las Condes";"Región Metropolitana de Santiago";"LE";"Adjudicada";"Realiza llamado a Licitación Pública para 10 JORNADAS DE CAPACITACIÓN - EDUCACIÓN 2025 PARA LA CORPORACIÓN DE EDUCACIÓN Y SALUD DE LAS CONDES";2025-03-26T16:42:00;2025-04-07T15:00:00;2025-04-09T12:26:33.277;;"CLP";0;0
1057532-10-LE25;"Adquisición de Alimentos no Perecibles CTPeulla";"SERVICIO DE SALUD OSORNO";"61.607.600-0";"Bienes y Servicios";"Av. Juan Mackenna N°825, Edificio Plaza Sur";"Osorno";"Región de los Lagos";"LE";"Adjudicada";"El objetivo de la siguiente Licitación es para adquirir Alimentos perecibles para la Comunidad Terapéutica Peulla. La prestación consiste en la reposición de Alimentos perecibles, para la alimentación diaria de 10 a 12 personas en Tratamiento residencial y para grupos de ambulatorio  en donde la preparación y compartir alimentos son una instancia de socialización fundamental para el proceso terapéutico 4 actividad de alimentación al día. Además, se requiere insumos para preparar alimentos para personas que se encuentran en tratamiento en la Comunidad Ambulatoria  donde se llevan a cabo actividades terapéuticas individuales y grupales con las personas en tratamiento.";2025-02-28T15:12:00;2025-03-12T15:00:00;2025-04-09T12:26:32.08;9000000;"CLP";0;0
2445-23-LE25;"MEDICAMENTOS DESTINADOS A FARMACIA POPULAR CURICO";"I MUNICIPALIDAD DE CURICO";"69.100.100-8";"Salud - Adquisiciones";"VILLA SANTA ELENA S/N LOS NICHES";"Curicó";"Región del Maule";"LE";"Adjudicada";"LA NECESIDAD DE ADQUIRIR MEDICAMENTOS DESTINADOS A USUARIOS INSCRITOS EN FCIA POPULAR , PARA LA CONTINUIDAD DE SIS TRATAMIENTOS FARMACOLOGICOS.";2025-03-13T11:20:43.78;2025-03-20T17:30:00;2025-04-09T12:23:24.55;;"CLP";0;0
2546-10-LE25;"PROPUESTA PUBLICA 12 REPOS. AV HUICHAHUE";"I MUNICIPALIDAD DE PADRE LAS CASAS";"61.955.000-5";"MUNICIPALIDAD DE PADRE LAS CASAS";"Maquehue #1441";"Padre Las Casas";"Región de la Araucanía";"LE";"Adjudicada";"REPOSICIÓN CALZADA AV. HUICHAHUE PADRE LAS CASAS:La presente licitación tiene como objetivo llevar a cabo el proyecto consiste en la reposición de la calzada de la Avenida Huichahue en un tramo de 87 metros aproximadamente, el cual actualmente se encuentra en muy mal estado.";2025-02-06T15:16:17.497;2025-02-19T11:00:00;2025-04-09T12:24:44.137;52955032;"CLP";0;0
1341-7-LE25;"Material trabajo Emprendamos Semilla y 2025";"FONDO DE SOLIDARIDAD E INVERSION SOCIAL";"60.109.000-7";"B - Subdirección Gestión Programas SGP";"Merced Nº 480 piso 5º";"Santiago Centro";"Región Metropolitana de Santiago";"LE";"Adjudicada";"Contratar servicio de impresión, diseño y despacho, correspondiente a materiales de trabajo Emprendamos 2025.";2025-03-14T12:30:03.45;2025-03-27T11:00:00;2025-04-09T12:22:04.157;;"CLP";0;0
2905-9-L125;"SUMINISTRO REPARACIÓN Y MAESTRANZAS HIDRAULICAS";"I MUNICIPALIDAD DE LANCO";"69.200.300-4";"Administración y Finanzas";"Libertad 251";"Lanco";"Región de Los Ríos";"L1";"Adjudicada";"“CONTRATO DE SUMINISTRO POR HORAS MECÁNICO, MANTENCIONES Y MAESTRANZAS VARIAS, REPARACIÓN DE MANGUERAS HIDRAULICAS DE DIFERENTES DIAMETROS, REPARACIÓN DE CILINDROS HIDRAULICOS PARA CAMIONES, VEHICULOS Y MAQUINARIA DE LA FLOTA MUNICIPAL ” SEGUN SOLICITUD DE PEDIDO N 126 DE LA DIRECCIÓN DE OPREACIONES";2025-03-14T13:40:39.693;2025-03-20T15:00:00;2025-04-09T12:21:48.71;;"CLP";0;0
5061-12-L125;"SCHC N° 32 ADQUISICIÓN DE IMPRESORAS LÁSER MONOCROMÁTICAS PARA ESTABLECIMIENTOS DE SALUD, SEGÚN ESPECIFICACIONES TÉCNICAS ADJUNTAS";"I MUNICIPALIDAD DE TEMUCO";"69.190.700-7";"Municipalidad de Temuco-Salud";"DESPACHAR CON FLETE PAGADO A BODEGA DE FARMACIA IUBICADO MANUEL BULNES 815 LOCAL 13. CONTACTO KATHERINNE FUENTES: 45-3244180";"Temuco";"Región de la Araucanía";"L1";"Adjudicada";"ADQUISICIÓN DE IMPRESORAS LÁSER MONOCROMÁTICAS PARA ESTABLECIMIENTOS DE SALUD, SEGÚN ESPECIFICACIONES TÉCNICAS ADJUNTAS.";2025-03-13T18:32:34.393;2025-03-20T19:00:00;2025-04-09T12:21:24.6;6700000;"CLP";0;0
5051-7-LP25;"CONVENIO FLUORURACILO DOXORRUBICINA Y OTROS FARMA";"SERVICIO DE SALUD DEL MAULE HOSPITAL DE TALCA";"61.606.901-2";"Farmacia";"Av. San Miguel S/N";"Talca";"Región del Maule";"LP";"Adjudicada";"El objetivo de la presente licitación, es invitar a través de www.mercadopublico.cl a todos los proveedores del rubro a participar de la adquisición FLUORURACILO, DOXORRUBICINA Y OTROS FARMACOS ONCOLOGICOS necesario para la atención directa a pacientes en el servicio de Hemodinamia del Hospital Regional de Talca";2025-02-11T17:18:00;2025-02-24T15:00:00;2025-04-09T12:16:16.21;;"CLP";0;0
4955-3-LE25;"ARRIENDO DE IMPRESORAS  Y COMPUTADORES";"DIRECCION DE LOGISTICA DE CARABINEROS";"60.505.000-k";"Departamento Contabilidad Institucional";"Amunátegui N° 645, Piso 2";"Santiago";"Región Metropolitana de Santiago";"LE";"Adjudicada";"SERVICIO DE ARRIENDO DE IMPRESORAS  Y COMPUTADORES PARA EL DEPARTAMENTO DE CONTABILIDAD INSTITUCIONAL DE LA DIRECCIÓN DE FINANZAS.";2025-03-25T15:19:21.353;2025-04-03T19:53:00;2025-04-09T12:15:09.883;;"CLP";0;0
3697-11-LP25;"Bases Ctto. de Sum de Serv. Arriendo Camiones Aljibe con Chofer Reparto de Agua 2025";"I MUNICIPALIDAD DE VICTORIA";"69.180.900-5";"Adquisiciones";"Lagos 680";"Victoria";"Región de la Araucanía";"LP";"Adjudicada";"La licitación consiste en proveer a la Municipalidad de Victoria de un Servicio de Arriendo de camión aljibe para reparto de agua potable en sectores rurales de la comuna de Victoria, por 6 meses del año 2025, según Bases Adm adjuntas.-";2025-03-07T16:30:20.817;2025-03-18T15:03:00;2025-04-09T12:17:05;129000000;"CLP";0;0
794947-2-LE25;"SA 9 UUII 005-037 GBS PAF CHOC SVC DE LAVANDERIA";"FUERZA AEREA DE CHILE COMANDO LOGISTICO";"61.103.006-1";"Bienestar Social I Brigada Aerea";"DIEGO PORTALES 1605 IQUIQUE";"Iquique";"Región de Tarapacá";"LE";"Adjudicada";"SA 9 UUII 005-037 GBS PAF CHOC SVC DE LAVANDERIA PARA CASINO DE OFICIALES CAVANCHA QUE COMPRENDA, RETIRO Y ENTREGA DE DIVERSAS PRENDAS DE ACUERDO A ARCHIVO ADJUNTO";2025-03-10T15:50:47.873;2025-03-25T08:00:00;2025-04-09T12:06:03.857;9000000;"CLP";0;0
622-31-LE25;"ADQUISICIÓN LICENCIA AUTODESK PARA TGR";"TESORERIA GENERAL DE LA REPUBLICA";"60.805.000-0";"Tesorería General de la República";"Amanda Labarca 041  Santiago(Adjuntar copia OC a Fact.)";"Santiago";"Región Metropolitana de Santiago";"LE";"Adjudicada";"La TGR llama a interesados en participar en la licitación pública para la adquisición de licencias “AUTODESK” o de la marca que ofrezca como similar o equivalente, para lo cual el adjudicatario contará con la información entregada en las Bases Técnicas, y respuestas a las aclaraciones, si las hubiere";2025-03-24T16:29:25.213;2025-03-31T15:05:00;2025-04-09T12:02:06.943;12000000;"CLP";0;0
2202-31-LE25;"Adquisición de Medicamentos Hospital de Curacautí";"SERVICIO SALUD ARAUCANIA NORTE HOSPITAL CURACAUTIN";"61.602.241-5";"SERVICIO SALUD ARAUCANIA NORTE HOSPITAL CURACAUTIN";"Patricio Chavez N°105";"Curacautín";"Región de la Araucanía";"LE";"Adjudicada";"La necesidad de realizar licitación pública para la adquisición de “ ADQUISICION DE MEDICAMENTOS PARA EL HOSPITAL CURACAUTIN AÑO 2025”.";2025-03-24T16:44:45.107;2025-04-03T13:19:00;2025-04-09T12:01:20.29;;"CLP";0;0
1337362-1-LE25;"PRODUCCION PARA PLAN DE REVITALIZACIÓN CULTURAL";"SERVICIO NACIONAL DEL PATRIMONIO CULTURAL";"60.905.000-4";"DIRECCIÓN REGIONAL DE ARICA Y PARINACOTA";"Sangra N°350, Arica";"Arica";"Región de Arica y Parinacota";"LE";"Adjudicada";"Producción Integral para la Ejecución del Plan Regional de Revitalización Cultural Indígena y Afrodescendiente en la región de Arica y Parinacota de la Subdirección Nacional de Pueblos Originarios, año 2025";2025-03-28T11:22:44.023;2025-04-07T15:00:00;2025-04-09T12:00:03.893;24450000;"CLP";0;0
507428-30-LP25;"SERVICIO RETIRO TRANSPORTE Y TRATAMIENTO - REAS";"SERVICIO DE SALUD CHILOE";"61.979.210-6";"Servicio de Salud Chiloé";"Avda. Bernardo O'Higgins 504, Castro";"Castro";"Región de los Lagos";"LP";"Adjudicada";"Servicio de retiro, transporte, tratamiento y eliminación de los residuos generados en los Hospitales dependientes de este Servicio Salud";2025-02-18T12:45:00;2025-03-10T15:01:00;2025-04-09T11:53:14.397;;"CLP";0;0
4590-5-LE25;"3.650 m3 de base granular para camino SR H-868 Provincia de Cachapoal";"MINISTERIO DE OBRAS PUBLICAS DIREC CION GRAL DE OO PP DCYF";"61.202.000-0";"Dirección de Vialidad - VI Región - Provincia Cachapoal";"Cuevas N° 530, Edificio Interior Piso 3";"Rancagua";"Región del Libertador General Bernardo O´Higgins";"LE";"Adjudicada";"3.650 m3 de base granular para camino S/R H-868, Provincia de Cachapoal";2025-02-25T12:27:07.477;2025-03-07T15:01:00;2025-04-09T11:50:01.803;;"CLP";0;0
4180-1-LE25;"SERVICIO DE LAVANDERÍA";"DIRECCION DE LOGISTICA DE CARABINEROS";"61.979.300-5";"Escuela Formación Carabineros Grupo Puerto Montt";"Calle 27 de Abril s/n.";"Puerto Montt";"Región de los Lagos";"LE";"Adjudicada";"CONTRATACIÓN DE SERVICIO DE LAVANDERÍA PARA LOS CARABINEROS ALUMNOS DE LA ESCUELA DE FORMACIÓN DE CARABINEROS GRUPO PUERTO MONTT";2025-03-25T12:34:17.083;2025-04-04T15:31:00;2025-04-09T11:45:03.22;13000000;"CLP";0;0
2909-10-LE25;"adquisicion leña para establecimientos municipales";"I MUNICIPALIDAD DE FUTRONO";"69.200.700-k";"Departamento de Educación";"Balmaceda 490";"Futrono";"Región de Los Ríos";"LE";"Adjudicada";"se llama a licitación publica por adquisición de leña para establecimientos municipales, DAEM Futrono año 2025, ver punto 3 de las bases.";2025-03-12T15:20:06.81;2025-03-20T12:00:00;2025-04-09T11:46:42.343;;"CLP";0;0
2686-42-LP25;"ADQUISICIÓN DE INSUMOS MEDICOS VETERINARIOS";"I MUNICIPALIDAD DE COLINA";"69.071.500-7";"SECPLAN";"AVENIDA COLINA Nº. 700.";"Colina";"Región Metropolitana de Santiago";"LP";"Adjudicada";"El objetivo de esta licitación es la adquisición de insumos y medicamentos para el correcto funcionamiento de las clínicas móviles veterinarias I y II y cubrir las necesidades de nuestros vecinos en lo que se refiere a la medicina preventiva, dando cumplimiento a lo establecido en la Ley 21020 sobre la tenencia responsable de animales y mascotas de compañía.";2025-03-10T16:47:34.087;2025-03-24T15:10:00;2025-04-09T11:44:44.347;;"CLP";0;0
3929-120-LP24;"MEJORAMIENTO DE ALUMBRADO PÚBLICO BARRIO LAS PALMAS - MORENO VIAL NUEVA AURORA VIÑA DEL MAR";"I MUNICIPALIDAD DE VINA DEL MAR";"69.061.000-0";"Secpla";"";"";"Región de Valparaíso";"LP";"Adjudicada";"Las presentes bases norman el proceso de la propuesta pública que efectúa la Municipalidad de Viña del Mar, para la contratación y ejecución de la obra denominada “MEJORAMIENTO DE ALUMBRADO PÚBLICO, BARRIO LAS PALMAS - MORENO VIAL, NUEVA AURORA, VIÑA DEL MAR”.";2024-11-08T09:33:18.423;2024-11-27T09:00:00;2025-04-09T11:43:15.69;80000000;"CLP";0;0
608-16-LP25;"KSU ADQUISICIÓN DEL SERVICIO DE OBRAS CLUB ESCOLAR Y JARDIN INFANTIL";"HOSPITAL DR GUSTAVO FRICKE DE VINA DEL MAR";"61.606.602-1";"Hospital Dr. Gustavo Fricke";"Alvarez 1532";"Viña del Mar";"Región de Valparaíso";"LP";"Adjudicada";"EL HOSPITAL DR. GUSTAVO FRICKE REQUIERE DE LA ADQUISICIÓN DEL SERVICIO DE OBRAS CLUB ESCOLAR Y JARDIN INFANTIL";2025-03-04T12:31:29.58;2025-03-25T15:14:00;2025-04-09T11:40:25.283;;"CLP";0;0
3693-59-LP25;"PAVIMENTACIÓN CALLE LOR AROMOS";"I MUNICIPALIDAD DE EL QUISCO";"69.061.700-5";"Departamento SECPLA";"Avenida Francia 011";"El Quisco";"Región de Valparaíso";"LP";"Adjudicada";"MEJORAMIENTO PAVIMENTACIÓN CALLE LOS AROMOS, COMUNA DE EL QUISCO, CÓDIGO BIP 40067052-0";2025-03-07T18:22:12.983;2025-03-27T11:00:00;2025-04-09T11:39:32.13;;"CLP";0;0
4238-6-L125;"MANTENCION ESTUFAS A COMBUSTION LENTA";"I MUNICIPALIDAD DE CURANILAHUE";"69.160.202-8";"DEPARTAMENTO DE SALUD";"Arturo Prat 653";"Curanilahue";"Región del Biobío";"L1";"Adjudicada";"MANTENCION DE ESTUFAS  A COMBUSTION LENTA CESFAM Y POSTA, DE ACUERDO A ORD.(DAS) N°166";2025-03-17T09:38:00;2025-03-25T15:00:00;2025-04-09T11:38:54.87;;"CLP";0;0
3438-11-LE25;"SERVICIO ARRIENDO BAÑOS QUÍMICOS CONFORME A ANEXO";"COMANDO DE APOYO A LA FUERZA";"61.101.022-2";"Escuela de Infantería - ESCINF";"";"";"Región Metropolitana de Santiago";"LE";"Adjudicada";"SERVICIO ARRIENDO BAÑOS QUÍMICOS CONFORME A ANEXO";2025-03-26T14:27:16.68;2025-04-01T09:00:00;2025-04-09T11:34:13.73;11018948;"CLP";0;0
548861-2-LE25;"Servicio de guardias seguridad IPS Talca y Linares";"INSTITUTO DE PREVISION SOCIAL";"61.979.440-0";"IPS Region del Maule";"2 Sur Nº 1196";"Talca";"Región del Maule";"LE";"Adjudicada";"E1O2RT9 El Instituto de Previsión Social IPS requiere contratar el “Servicio de guardias de seguridad para los CAPRI IPS Talca y Linares de la Región del Maule”, con el objetivo de ejercer vigilancia de carácter general sobre las instalaciones y bienes del Instituto, proteger a los funcionarios que laboran en el edificio e instalaciones, según antecedentes adjuntos.";2025-03-07T11:10:16.807;2025-03-21T15:30:00;2025-04-09T11:33:14.45;29200000;"CLP";0;0
2703-76-L125;"SC 11224 Servicio de mantención y reparación equipo mamógrafo por año 2025.";"I MUNICIPALIDAD DE TALAGANTE";"69.071.800-6";"Dirección de Salud";"Av. Bernardo O Higgins N°2386";"Talagante";"Región Metropolitana de Santiago";"L1";"Adjudicada";"SC 11224 Servicio de mantención y reparación equipo mamógrafo por año 2025.";2025-03-12T12:56:01.12;2025-03-19T16:00:00;2025-04-09T11:32:23.093;3000000;"CLP";0;0
2909-3-LQ25;"SERVICIO DE ALIMENTACION INTERNADO ITP LLIFEN";"I MUNICIPALIDAD DE FUTRONO";"69.200.700-k";"Departamento de Educación";"Balmaceda 490";"Futrono";"Región de Los Ríos";"LQ";"Adjudicada";"SE REQUIERE SERVICIO DE ALIMENTACION INTERNADO INSTITUTO TECNICO PROFESIONAL DE LLIFEN PARA EL  2025";2025-02-06T10:25:00;2025-02-17T15:39:00;2025-04-09T11:25:28.097;150000000;"CLP";0;0
1247197-150-LQ24;"SUMINISTROS DE INSUMOS CLÍNICOS";"CORP MUNICIPAL DE CONCHALI DE EDUCACION SALUD Y ATENCION DE MENORES";"70.878.100-2";"Planificación";"Juan Muñoz 4645";"Conchalí";"Región Metropolitana de Santiago";"LQ";"Adjudicada";"Con finalidad de asegurar un suministro constante y confiable de insumos clínicos, evitando problemas de desabastecimiento que podrían afectar la atención médica de nuestros usuarios. Esto es crucial para mantener la operatividad y eficiencia de nuestros centros de salud de la comuna de Conchalí. RES.751";2024-12-18T16:27:00;2025-01-07T11:00:00;2025-04-09T11:24:57.05;;"CLP";0;0
1057422-4-LP25;"ADQ. COMPRA PRESTACION DE SERVICIOS PROFESIONALES";"SERVICIO DE SALUD BIO BIO HOSPITAL DE YU";"61.607.307-9";"Bienes y Servicios";"Bienes y Servicios";"Yumbel";"Región del Biobío";"LP";"Adjudicada";"Mediante la presente, se pretende proveer prestaciones de servicios de profesionales para el Hospital de la Familia y Comunidad de Yumbel, requeridas mediante solicitud de adquisición N°50.131 emitida por Angelica Pascual Latorre, Enfermera Coordinadora del Hospital de Yumbel, Solicitud 50.220, emitida por Lisette Godoy, Enfermera Coordinadora S. del Hospital de Yumbel , Solicitud de Adquisición N°50.196, emitida por Nadia Cabrera, Jefa S. de la unidad de maternidad del Hospital de Yumbel, Solicitud de Adquisición N°50.136, emitida por Carolina Bravo, Jefa S. unidad de farmacia del Hospital de Yumbel, Solicitud de Adquisición N°50.198, emitida por Deric Burgos, Jefe de la unidad Psicosocial del Hospital de Yumbel, quienes solicitan gestionar a través del portal www.mercadopublico.cl la adquisición de prestaciones de servicios de profesionales para el Hospital de la Familia y Comunidad de Yumbel. Las presentes Bases administrativas, técnicas y formularios se aplicarán a la propuesta publica para contratar “COMPRA DE PRESTACIONES DE SERVICIOS DE PROFESIONALES: MEDICOS CIRUJANOS 2 – ENFERMERA O 1 – TECNICO EN FARMACIA O TECNICO DE ENFERMERIA NIVEL SUPERIOR 2 – PSICOLOGAO 1 PARA EL HOSPITAL DE LA FAMILIA Y COMUNIDAD DE YUMBEL.”";2025-02-28T15:16:00;2025-03-26T13:00:00;2025-04-09T11:24:51.063;;"CLP";0;0
2738-5-LE25;"MATERIAL DE LIBRERIA EE.EE DAEM SAN FELIPE.";"I MUNICIPALIDAD DE SAN FELIPE";"69.050.600-9";"ADQUISICIONES EDUCACION";"CARLOS CONDELL  218";"San Felipe";"Región de Valparaíso";"LE";"Adjudicada";"ADQUISICION DE MATERIAL DE LIBRERIA PARA LOS ESTABLECIMIENTOS EDUCACIONALES DE LA DAEM DE SAN FELIPE.";2025-02-17T15:28:00.54;2025-02-27T17:00:00;2025-04-09T11:22:24.75;;"CLP";0;0
2794-6-LQ25;"CS Demarcacion Vial Termoplastica Los Andes";"MUNICIPALIDAD DE LOS ANDES";"69.051.100-2";"Secretaria Comunal de Planificación";"Esmeralda 536";"Los Andes";"Región de Valparaíso";"LQ";"Adjudicada";"CONTRATO DE SUMINISTRO “DEMARCACIÓN VIAL TERMOPLASTICA COMUNA DE LOS ANDES”";2025-02-10T09:32:52.49;2025-03-04T14:00:00;2025-04-09T11:20:37.917;;"CLP";0;0
3017-25-LE25;"MATERIALES DE CONSTRUCCIÓN ARRIENDO MAQUINARIAS PARA PROYECTO 743 PMU-E";"I MUNICIPALIDAD DE LOTA";"69.151.300-9";"Departamento de Adquisiciones";"Pedro Aguirre Cerda 302";"Lota";"Región del Biobío";"LE";"Adjudicada";"MATERIALES DE CONSTRUCCIÓN ARRIENDO MAQUINARIAS PARA PROYECTO 743 PMU-E,  REPOSICIÓN REFUGIO PEATONAL CALLE LOS SAUCES SECTOR EL ROBLE ALTO, LOTA";2025-03-13T16:55:54.08;2025-03-24T15:01:00;2025-04-09T11:19:48.623;16294007;"CLP";0;0
691232-1-R125;"REFRIGERADORES CLINICOS Y MONITORES EXTERNOS";"DIRECCION DE ABASTECIMIENTO DE LA ARMADA";"61.980.210-1";"ADM. FINANCIERO DEL SISTEMA DE SALUD DE LA ARMADA";"JORGE MONTT 11.700 LAS SALINAS";"Viña del Mar";"Región de Valparaíso";"LE";"Adjudicada";"Que se encuentra en ejecución un programa que busca mejorar la gestión de adquisición y administración generada por la creciente demanda de fármacos que debe ser cubierta por el Sistema de Salud Naval. 2.- 		Que el tema se torna sensible al examinar la demanda y requerimientos asociados a los denominados medicamentos de alto costo incluidos en los Planes de Salud 13 de apoyo complementario a las enfermedades catastróficas no oncológicas para los beneficiarios adscritos a los Fondos Solidarios FOFAM – FOSPEN y 14 de apoyo complementario a las enfermedades catastróficas oncológicas para los beneficiarios adscritos a los Fondos Solidarios FOFAM – FOSPEN. 3.-     		Que una de las formas de abordar la problemática expuesta consiste en la implementación de mejoras en equipamiento y personal para la Farmacia de Programas Especiales dependiente del Hospital Naval “Almirante Nef”.";2025-02-10T10:28:34.547;2025-02-20T15:08:00;2025-04-09T11:12:34.59;;"CLP";0;0
2402-143-LQ24;"MEJORAMIENTO ESPACIO PÚBLICO BANDEJÓN CALLE CONSTA";"I MUNICIPALIDAD DE RANCAGUA";"69.080.100-0";"DEPARTAMENTO DE ESTUDIOS Y PROYECTOS";"PLAZA DE LOS HEROES No. 445, RANCAGUA";"Rancagua";"Región del Libertador General Bernardo O´Higgins";"LQ";"Adjudicada";"El objetivo de la propuesta es mejorar el espacio público en el bandejón de la calle Constanza, Sector Oriente de la comuna de Rancagua. El proyecto contempla zonas de permanencia, circulaciones y un diseño paisajístico con especies arbustivas, arbóreas y cubresuelos de bajo consumo hídrico. Incluye mobiliario urbano inclusivo, iluminación ornamental y sistema de riego manual.";2024-12-30T12:07:29.133;2025-01-20T15:00:00;2025-04-09T11:14:07.557;184085000;"CLP";0;0
852-15-LP25;"ADQUISICIÓN DE TARJETAS GIFTCARD DIGITALES CANJEABLES POR VESTUARIO INSTITUCIONAL PARA FUNCIONARIOS DE LA JUNTA NACIONAL DE JARDINES INFANTILES REGIÓN DE LA ARAUCANÍA";"JUNTA NACIONAL DE JARDINES         INFANTILES";"70.072.600-2";"Junji - IX Región";"VICUÑA MACKENNA 914";"Temuco";"Región de la Araucanía";"LP";"Adjudicada";"La Junta Nacional de Jardines Infantiles, Región de La Araucanía, llama a licitación pública para contratar la “ADQUISICIÓN DE TARJETAS GIFTCARD DIGITALES CANJEABLES POR VESTUARIO INSTITUCIONAL, PARA FUNCIONARIOS DE LA JUNTA NACIONAL DE JARDINES INFANTILES, REGIÓN DE LA ARAUCANÍA”. Este proceso se realizará a través del Sistema de Información de la Dirección de Compras y Contratación Pública www.mercadopublico.cl, según lo establecido en la Ley N° 19.886 y en su Reglamento. Las Bases Administrativas y Especificaciones Técnicas, sus modificaciones, aclaraciones y otros documentos integrantes de las mismas estarán disponibles en forma gratuita en el Sistema de Información www.mercadopublico.cl, no pudiendo cobrar por ellas a los interesados en participar en el proceso de licitación.";2025-03-03T16:37:00;2025-03-24T18:00:00;2025-04-09T11:12:23.37;;"CLP";0;0
1233616-23-LE25;"CONVENIO SUMINISTRO COLACIONES FRIAS EE.EE";"Servicio Local de Educación Pública Punilla Cordillera";"61.980.940-8";"Servicio Local de Educación Pública Punilla Cordil";"Calle Arturo Prat Norte 460";"San Carlos";"Región del Ñuble";"LE";"Adjudicada";"El Servicio Local de Educación Pública Punilla Cordillera, requiere realizar la contratación de Convenio de suministro de colaciones frías para actividades de formación integral, extraescolar y salidas pedagógicas de las comunidades educativas de los establecimientos educacionales del territorio. En este contexto la contratación y vigencia del servicio está contemplada hasta el 31 de diciembre de 2025 o hasta que el monto asignado se termine.";2025-03-26T12:39:16.753;2025-04-03T15:30:00;2025-04-09T11:10:35.613;20000000;"CLP";0;0
29-4-LE25;"AGF - AFL 99-008-030 ADQ. QUEMADORES Y BOMBAS BAEB";"FUERZA AEREA DE CHILE COMANDO LOGISTICO";"61.103.035-5";"Comando Logístico";"GRUPO DE ABASTECIMIENTO - FACH, GRAN AVENIDA PARADERO 37 1/2 CALLE JULIO CAÑAS S/N, COMUNA EL BOSQUE";"El Bosque";"Región Metropolitana de Santiago";"LE";"Adjudicada";"ADQUISICIÓN DE QUEMADORES Y BOMBAS PARA LA BASE AÉREA EL BOSQUE.";2025-02-03T16:19:00;2025-02-19T12:00:00;2025-04-09T11:09:50.347;;"USD";0;0
4956-12-LE25;"ADQUISICIÓN DE VESTIMENTA DEPARTAMENTO SEGURIDAD";"I MUNICIPALIDAD DE RENCA";"69.071.200-8";"I MUNICIPALIDAD DE RENCA";"BLANCO ENCALADA 1335";"Renca";"Región Metropolitana de Santiago";"LE";"Adjudicada";"Adquisición destinada para el departamento de seguridad, debido al presente desgaste de la indumentaria de inspectores debido a las funciones propias del cargo.";2025-02-20T09:40:29.167;2025-03-06T15:01:00;2025-04-09T11:09:44.37;10834474;"CLP";0;0
1658-125-L125;"S08-25/SECRETARIA COMUNAL/DEPTO. VIVIENDA/SERVICIO DE PRODUCCION DE EVENTO ENCUENTRO CON COPROPIETARIOS.";"I MUNICIPALIDAD DE TEMUCO";"69.190.700-7";"I MUNICIPALIDAD DE TEMUCO";"CALLE IMPERIAL 40";"Temuco";"Región de la Araucanía";"L1";"Adjudicada";"SERVICIO DE PRODUCCION DE EVENTO ENCUENTRO CON COPROPIETARIOS, SEGUN ESPECIFICACIONES TECNICAS ADJUNTAS.";2025-03-27T09:50:04.47;2025-04-03T15:00:00;2025-04-09T11:07:54.823;2800000;"CLP";0;0
4777-22-LQ25;"CONVENIO DE SUMINISTRO DE AMPLIFICACION Y OTROS";"I MUNICIPALIDAD DE LA UNION";"69.200.800-6";"Dirección de Adm. y Finanzas";"Bodega Camilo Henriquez S/N";"La Unión";"Región de Los Ríos";"LQ";"Adjudicada";"BASES ADMINISTRATIVAS, TÉCNICAS Y ANEXOS E INSTRUYE PUBLICACIÓN DEL PROCESO DE LICITACIÓN PÚBLICA PARA EL CONVENIO DE SUMINISTRO DE AMPLIFICACIÓN, ILUMINACIÓN, STREAMING Y SERVICIOS ASOCIADOS A LA PRODUCCIÓN DE EVENTOS POR 24 MESES.";2025-02-24T12:20:00;2025-03-17T15:01:00;2025-04-09T11:01:38.81;160000000;"CLP";0;0
2490-131-LE24;"MANTENCIÓN ASCENSORES MONTACARGAS SALVAESCALERAS";"I MUNICIPALIDAD DE PROVIDENCIA";"69.070.300-9";"Dirección de Secpla";"Pedro Valdivia N°963";"Providencia";"Región Metropolitana de Santiago";"LE";"Adjudicada";"La Municipalidad de Providencia requiere contratar el Servicio de mantención de ascensores, montacargas y salvaescaleras en dependencias de la Municipalidad de Providencia”, tiene por finalidad mantener en óptimas condiciones los sistemas de transporte vertical conforme a la normativa vigente.";2024-12-06T09:09:00;2025-01-08T15:10:00;2025-04-09T11:01:27.993;;"CLP";0;0
4290-36-LE25;"Serv. de licenciamiento y soporte Microsoft 365";"I MUNICIPALIDAD DE LIMACHE";"69.061.100-7";"Secpla - MUNICIPALIDAD LIMACHE";"Palmira Romano Sur Nº 340";"Limache";"Región de Valparaíso";"LE";"Adjudicada";"Servicio de licenciamiento y soporte de plataforma Microsoft 365.";2025-03-19T11:38:43.83;2025-03-26T12:00:00;2025-04-09T10:59:49.277;;"CLP";0;0
2785-16-LE25;"SDA 4433 SERVICIO DE PRODUCCION DE EVENTO PROGRAMA DE ACTIVIDAD MUNICIPAL FIESTA CULTURAL LOMAS COLORADAS";"I MUNICIPALIDAD DE SAN PEDRO DE LA PAZ";"69.264.800-5";"I MUNICIPALIDAD DE SAN PEDRO DE LA PAZ";"LOS ACACIOS  43";"San Pedro de La Paz";"Región del Biobío";"LE";"Adjudicada";"SERVICIO DE PRODUCCION DE EVENTO PROGRAMA DE ACTIVIDAD MUNICIPAL FIESTA CULTURAL LOMAS COLORADAS, SEGUN REQUERIMIENTOS EN ARCHIVOS ADJUNTOS. INGRESAR OFERTA CON VALOR NETO.";2025-03-21T13:30:00;2025-04-01T15:01:00;2025-04-09T10:57:31.973;15000000;"CLP";0;0
2785-14-LE25;"SDA 4321 ARRIENDO DE BAÑOS QUIMICOS PARA FERIAS LIBRES DE LA COMUNA Y CORRALON MUNICIPAL";"I MUNICIPALIDAD DE SAN PEDRO DE LA PAZ";"69.264.800-5";"I MUNICIPALIDAD DE SAN PEDRO DE LA PAZ";"LOS ACACIOS  43";"San Pedro de La Paz";"Región del Biobío";"LE";"Adjudicada";"ARRIENDO DE BAÑOS QUIMICOS PARA FERIAS LIBRES DE LA COMUNA Y CORRALON MUNICIPAL, SEGUN BASES ADMINISTRATIVAS Y TECNICAS EN ARCHIVO ADJUNTO.";2025-03-19T10:49:25.08;2025-03-31T15:01:00;2025-04-09T10:57:22.447;30000000;"CLP";0;0
1095439-34-LR24;"ADQUISICIÓN DE 16 BUSES PARA EL SERVICIO ESCOLAR";"GOBIERNO REGIONAL DE AYSEN";"72.222.000-5";"Gobierno Regional de Aysén - DIT";"Ejército N° 405";"Aysén";"Región Aysén del General Carlos Ibáñez del Campo";"LR";"Adjudicada";"La presente licitación se denomina “ADQUISICIÓN DE 16 U BUSES PARA EL SERVICIO LOCAL DE EDUCACIÓN PÚBLICA, REGIÓN DE AYSÉN” del Proyecto “REPOSICIÓN DE BUSES PARA TRANSPORTE ESCOLAR DEL SLEP AYSÉN”, CÓDIGO BIP 40063583-0 y tiene por objeto la reposición de la flota de buses con fines de traslado de estudiantes para sus actividades escolares. Se repondrá un total de 16 buses, que benefician a 7 Comunas de la Región de Aysén, cuyas características técnicas se definen en el Capítulo IV Bases Técnicas. CANTIDAD	DESCRIPCIÓN 14	BUSES  CON CAPACIDAD DE 31 ASIENTOS  MÁS ASIENTO DEL CONDUCTOR 2	BUSES  CON CAPACIDAD DE 44 ASIENTOS  MÁS ASIENTO DEL CONDUCTOR Estas bases de Licitación Pública se rigen por los principios del libre acceso, de competencia  publicidad y transparencia de los procedimientos  de igualdad en el trato y no discriminación, probidad y el buen uso de los recursos públicos.";2024-12-09T17:39:00;2025-01-09T15:00:00;2025-04-09T10:56:28.98;2596912220;"CLP";0;0
1267885-16-LE25;"ADQUISICION DE INSUMOS DENTALES PRIMER SEMESTRE";"CORP MUNICIPAL DE PANGUIPULLI";"71.016.300-6";"Salud";"Sor Mercedes nro. 136";"Panguipulli";"Región de Los Ríos";"LE";"Adjudicada";"ADQUISICION DE INSUMOS DENTALES PRIMER SEMESTRE PARA LOS CESFAM DE CHOSHUENCO, COÑARIPE Y PANGUIPULLI PARA EL AÑO 2025";2025-03-26T16:23:36.84;2025-04-03T17:00:00;2025-04-09T10:54:50.833;;"CLP";0;0
3510-35-LE25;"CONTRATACIÓN TRANSP. ESCOLAR ALUMNOS LICEO FHOP";"I MUNICIPALIDAD DE CALBUCO";"69.220.601-0";"Departamento de Educacion";"Galvarino Riveros N116";"Calbuco";"Región de los Lagos";"LE";"Adjudicada";"SE CONSULTA LA CONTRATACIÓN  DEL SERVICIO DE TRANSPORTE ESCOLAR  PARA LOS ALUMNOS DEL LICEO FHOP. RUTA PULUQUI-BARCAZA COSTERA :  40 KM.  20 ALUMNOS RUTA PULUQUI-BARCAZAA TRONCAL 40 KM.  22 ALUMNOS. PARA EL 1 SEMESTRE AÑO 2025.";2025-03-27T13:31:15.29;2025-04-07T15:04:00;2025-04-09T10:50:07.97;;"CLP";0;0
4063-29-LP24;"[SATE] CONSTRUCCIÓN MULTICANCHA Y ÁREAS VERDES SECTOR ESTACIÓN MARIQUINA COMUNA DE MARIQUINA";"I MUNICIPALIDAD DE MARIQUINA";"69.200.400-0";"Secplan";"Mariquina 54";"Mariquina";"Región de Los Ríos";"LP";"Adjudicada";"[SATE] CONSTRUCCIÓN MULTICANCHA Y ÁREAS VERDES, SECTOR ESTACIÓN MARIQUINA, COMUNA DE MARIQUINA, SEGÚN DOCUMENTACIÓN ADJUNTA";2024-10-03T15:45:00;2024-10-24T12:00:00;2025-04-09T10:54:31.153;;"CLP";0;0
5051-20-LE25;"DALIMUMAB 40 MG08 Y 20 MG";"SERVICIO DE SALUD DEL MAULE HOSPITAL DE TALCA";"61.606.901-2";"Farmacia";"1 Norte Nº 1990";"Talca";"Región del Maule";"LE";"Adjudicada";"El objetivo de la presente licitación, es invitar a través de www.mercadopublico.cl a todos los proveedores del rubro a participar de la adquisición de DALIMUMAB 40 MG/0,8 Y 20 MG necesario para la atención directa a pacientes clínico en el servicios de farmacia del Hospital Regional de Talca por un periodo de 24 meses";2025-03-14T15:44:52.733;2025-03-24T15:02:00;2025-04-09T10:49:31.347;;"CLP";0;0
705290-9-LQ25;"CIRUGIAS TRAUMATOLOGICAS";"SERVICIO SALUD OCCIDENTE HOSPITAL DR FELIX BULNES CERDA";"61.608.205-1";"PRESTACIÓN DE SERVICIOS";"";"";"Región Metropolitana de Santiago";"LQ";"Adjudicada";"Artículo 6°: Las presentes Bases constituyen el instrumento guía destinado a celebrar un CONTRATO DE PRESTACIÓN DE SERVICIOS PARA CIRUGIAS TRAUMATOLOGICAS DE BAJA, MEDIANA Y ALTA COMPLEJIDAD  DEL HOSPITAL DR. FÉLIX BULNES CERDA, en adelante Hospital, éstas, establecen los fines, condiciones y requisitos que deberán ser cumplidos por los oferentes, en todas y cada una de las partes que conformen su oferta, además de regular el todo el proceso licitatorio hasta la suscripción del correspondiente contrato.";2025-02-24T12:22:05.52;2025-03-06T12:30:00;2025-04-09T10:48:34.76;;"CLP";0;0
2905-8-R225;"ADQUISICIÓN DE IMPRESORAS MULTIFUNCIONAL BN -COLOR";"I MUNICIPALIDAD DE LANCO";"69.200.300-4";"Administración y Finanzas";"Libertad 251";"Lanco";"Región de Los Ríos";"LE";"Adjudicada";"ADQUISICIÓN DE Impresora Blanco y Negro KYOCERA Modelo MA5500ifx + Bandejas adicional carta y oficio -	Incluido TONER TK-3432 para su Funcionamiento inicial. O Equivalente   Impresora Color KYOCERA Modelo MA4000cix + Bandejas adicional carta y oficio -	Incluidos TONER para su funcionamiento inicial:  1.	TK-5382K  2.	TK-5382C 3.	TK-5382M 4.	TK-5382Y O Equivalente  SOLICITUD DE PEDIDO N04 DE ADMI.";2025-02-21T17:16:36.797;2025-02-27T11:00:00;2025-04-09T10:46:27.877;;"CLP";0;0
1233616-22-LE25;"CONVENIO DE SUMINISTRO ESTÍMULOS E INCENTIVOS";"Servicio Local de Educación Pública Punilla Cordillera";"61.980.940-8";"Servicio Local de Educación Pública Punilla Cordil";"Calle Arturo Prat Norte 460";"San Carlos";"Región del Ñuble";"LE";"Adjudicada";"El Servicio Local de Educación Pública Punilla Cordillera, requiere realizar la contratación de Convenio de suministro para la adquisición de estímulos e incentivos con el fin de apoyar y reconocer los logros alcanzados de las y los estudiantes en las actividades de desarrollo integral que se lleven a cabo durante el año en los establecimientos educacionales del territorio. En este contexto la contratación y vigencia del servicio está contemplada hasta el 31 de diciembre de 2025.";2025-03-20T10:29:31.433;2025-03-26T12:00:00;2025-04-09T10:46:03.22;10000000;"CLP";0;0
968521-4-LP25;"INSUMOS TRANSVERSALES";"SERVICIO DE SALUD DEL MAULE HOSPITAL SAN JAVIER";"61.606.912-8";"INSUMOS CLINICOS";"RIQUELME 1131 - Región del Maule - San Javier";"San Javier";"Región del Maule";"LP";"Adjudicada";"ABASTECER DE INSUMOS CLÍNICOS TRANSVERSALES LAS DISTINTAS UNIDADES CLÍNICAS DEL HOSPITAL DE SAN JAVIER POR UN PERIODO DE 12 MESES.";2025-01-27T15:41:27.437;2025-02-13T16:36:00;2025-04-09T10:44:03.66;;"CLP";0;0
883-7-LE25;"ADQUISICIÓN DE PLACAS DE ALUMINIO PARA OFICINA DE FISCALIZACIÓN";"DIRECCION GENERAL DE AERONAUTICA CIVIL";"61.104.000-8";"UNIDAD DE COMPRA AMB";"Calle Aviador David Fuentes S/N, Costado Oriente Torre de Control";"Pudahuel";"Región Metropolitana de Santiago";"LE";"Adjudicada";"LA NECESIDAD DE LA DGAC DE ADQUIRIR PLACAS DE ALUMINIO PARA OFICINA DE FISCALIZACIÓN";2025-03-19T14:30:50.59;2025-04-04T10:00:00;2025-04-09T10:37:26.08;8272600;"CLP";0;0
2669-58-L125;"PTR S - 34 EVALUACIONES PSICOLABORALES";"I MUNICIPALIDAD DE VITACURA";"69.255.600-3";"SALUD";"Puerto Rico 7847";"Vitacura";"Región Metropolitana de Santiago";"L1";"Adjudicada";"ADQUISICION DE 50 EVALUACIONES PSICOLABORALES PARA DIFERENTES CONTRATACIONES DE LOS PROGRAMAS DE SALUD MUNICIPALES";2025-02-13T20:36:00;2025-02-19T21:51:00;2025-04-09T10:37:16.1;;"CLP";0;0
4328-25-LQ24;"INSTALACIÓN LUMINARIAS DIFERENTES JJVV DE ÑIQUÉN";"Ilustre Municipalidad de Ñiquen";"69.140.600-8";"I.Municipalidad de Ñiquen";"Estado 188";"Ñiquén";"Región del Ñuble";"LQ";"Adjudicada";"SE DEBERA CONTRATAR EL SUMINISTRO E INSTALACION DE LUMINARIAS DIFERENTES JJVV DE ÑIQUÉN";2024-12-09T17:00:50.89;2025-01-09T16:30:00;2025-04-09T10:34:19.413;;"CLP";0;0
2719-26-LP25;"REPOSICIÓN Y REEMPLAZO EQUIPOS APR SAN JOSE OBRERO";"I MUNICIPALIDAD DE PIRQUE";"69.072.200-3";"MUNICIPALIDAD DE PIRQUE - SECPLA";"AVDA. CONCHA Y TORO  02548";"Pirque";"Región Metropolitana de Santiago";"LP";"Adjudicada";"Reposición y reemplazo de equipos operativos de la Planta de Agua Potable APR San José Obrero de la comuna de Pirque.";2025-02-21T19:40:55.94;2025-03-14T19:30:00;2025-04-09T10:33:20.25;;"CLP";0;0
3614-2-LE25;"IMAGENES DIAGNÓSTICAS POR 12 MESES DESAM VICUÑA";"I MUNICIPALIDAD DE VICUNA";"69.040.500-8";"Salud";"Avda. 18 de Septiembre (CESFAM) - Calingasta";"";"Región de Coquimbo";"LE";"Adjudicada";"EL DEPARTAMENTO DE SALUD DE VICUÑA REQUIERE CONTRATAR EL SERVICIO DE IMAGENES DIAGNOSTICAS CONSISTENTES EN: MAMOGRAFÍAS, ECOTOMOGRAFIAS, RADIOGRAFIAS DE CADERA, ECOTOMOGRAFÍA ABDOMINAL Y RADIOGRAFÍA DE TORAX POR UN PERÍODO DE 12 MESES, SEGÚN ESPECIFICACIONES TÉCNICAS Y CANTIDADES QUE SE INDICAN.";2025-03-18T16:25:36.823;2025-03-28T15:00:00;2025-04-09T10:28:20.357;;"CLP";0;0
2271-17-LE25;"Mantenimiento general de cámaras eléctricas en Aeropuerto Arturo Merino Benitez";"DIRECCION GENERAL DE AERONAUTICA CIVIL";"61.104.000-8";"UNIDAD DE COMPRA ZONAL CENTRAL";"";"";"Región Metropolitana de Santiago";"LE";"Adjudicada";"Mantenimiento general de cámaras eléctricas en Aeropuerto Arturo Merino Benitez";2025-03-24T15:26:01.853;2025-04-07T15:00:00;2025-04-09T10:27:17.503;11999960;"CLP";0;0
3134-27-LE25;"RENOVACIÓN DEL SOPORTE DE LICENCIAS SEGUNDO SEMESTRE";"DIRECCION DE ABASTECIMIENTO DE LA ARMADA";"61.102.014-7";"DIRECCION GENERAL DEL TERRITORIO MARITIMO Y M.M.";"ERRAZURIZ 537, VALPARAÍSO";"Valparaíso";"Región de Valparaíso";"LE";"Adjudicada";"las presentes bases tienen por objeto establecer las normas y procedimientos que regirán la propuesta pública para efectuar la adquisición por parte de la dirección general del territorio marítimo y de marina mercante, en adelante la DIRECTEMAR, por la renovación del soporte de licencias, para el depto. de tecnologías marítimas, de conformidad con las especificaciones señaladas en las bases técnicas y anexos, que se adjuntan. En el caso que, en las presentes bases de licitación, sus bases técnicas y documentos anexos se haga mención a una marca específica, será solo de manera referencial, admitiéndose la oferta de licencias equivalentes si la hubieran, las cuales deben cumplir con los requerimientos técnicos establecidos en las bases de licitación.";2025-03-06T08:24:38.017;2025-03-17T16:00:00;2025-04-09T10:26:38.913;40482216;"CLP";0;0
3693-54-LP25;"MANTENCIÓN DE SEÑALES COMUNA DE EL QUISCO";"I MUNICIPALIDAD DE EL QUISCO";"69.061.700-5";"Departamento SECPLA";"Avenida Francia 011";"El Quisco";"Región de Valparaíso";"LP";"Adjudicada";"MANTENCIÓN DE SEÑALES, COMUNA DE EL QUISCO";2025-02-26T10:22:00;2025-03-18T10:01:00;2025-04-09T10:26:46.52;;"CLP";0;0
1493-24-LE25;"CONVENIO DE SUMINISTRO MANTENCION Y REPARACION DE ALUMBRADO PUBLICO COMUNA DE SAN NICOLAS";"I MUNICIPALIDAD DE SAN NICOLAS";"69.140.800-0";"I MUNICIPALIDAD DE SAN NICOLAS";"Arturo Prat 202 - San Nicolás";"San Nicolás";"Región del Ñuble";"LE";"Adjudicada";"CONVENIO DE SUMINISTRO, MANTENCION Y REPARACION DE ALUMBRADO PUBLICO, COMUNA DE SAN NICOLAS";2025-03-24T15:51:43.507;2025-04-02T09:00:00;2025-04-09T10:22:58.003;20000000;"CLP";0;0
886954-71-LP25;"CONVENIO DE SUMINISTRO POR HOJAS DE AFEITAR ELECTRICAS PARA EL HGGB";"HOSPITAL GUILLERMO GRANT BENAVENTE DE CO";"61.602.189-3";"Abastecimiento Insumos";"";"";"Región del Biobío";"LP";"Adjudicada";"La necesidad de abastecer del insumo para la atención oportuna del paciente.";2025-02-12T09:54:09.563;2025-02-24T16:40:00;2025-04-09T10:19:29.05;;"CLP";0;0
2103-8-LE25;"CONVENIO DE SUMINISTRO DE INSUMOS DE LABORATORIO";"Hospital  Lonquimay";"61.607.402-4";"Hospital  Lonquimay";"Manuel Rodriguez 1641";"Lonquimay";"Región de la Araucanía";"LE";"Adjudicada";"Hospital de Lonquimay requiere realizar convenio de suministro para la unidad de laboratorio clinico.";2025-02-03T12:15:25.967;2025-02-18T14:00:00;2025-04-09T10:19:19.39;;"CLP";0;0
3874-8-LE25;"MANTENCIÓN DE VEHICULOS";"I MUNICIPALIDAD DE RAUCO";"69.100.400-7";"Salud";"Avda. O Higgins S/N";"Rauco";"Región del Maule";"LE";"Adjudicada";"LA NECESIDAD DE CONTAR CON LOS SERVICIOS DE MANTENCION PREVENTIVAS Y CORRECTIVAS DE AMBULANCIA MERCEDES BENZ. P.P.JTZC45, AMBULANCIA MERCEDES BENZ, P.P. DZSG99, CAMIONETA TOYOTA, P.P. HJRF53, CAMIONETA GREAT WALL, PLACA PATENTE JGHZ 56, CAMIONETA GREAT WALL, P.P. LXYD34-2, MINIBUS HYUNDAI, P.P.LKWW98 Y MINIBUS HYUNDAI P.P. KXGX53, VEHICULOS DEL DEPARTAMENTO DE SALUD RAUCO";2025-03-21T17:59:28.38;2025-03-31T18:40:00;2025-04-09T10:20:49.15;;"CLP";0;0
1057480-25-LQ25;"Compra de Ropa Clínica y Ropa Hospitalaria para el Hospital San José de Melipilla.";"Hospital de Melipilla";"61.602.123-0";"Hospital de Melipilla";"O Higgins 551";"Melipilla";"Región Metropolitana de Santiago";"LQ";"Adjudicada";"El Hospital requiere generar un convenio por la adquisición de Ropa Clínica y ropa hospitalaria, para la unidad de lavandería del Hospital San José de Melipilla";2025-03-12T16:21:04.96;2025-03-24T17:00:00;2025-04-09T10:19:06.45;340000000;"CLP";0;0
4174-21-LE25;"Ayudas sociales";"Ilustre Municipalidad de Quirihue";"69.140.100-6";"Secplan";"Esmeralda	698";"Quirihue";"Región del Ñuble";"LE";"Adjudicada";"Se requiere de suscribir contrato suministro para pañales de adultos y niños, como de suplementos alimenticios. Además, se requiere de cajas de alimentos para personas, para la cual no se aceptaran ofertas parciales. La adjudicación se realizará por líneas de adquisición. Un proveedor puede postular una línea o a todas si así lo desea, adjuntando la respectiva documentación solicitada por línea.";2025-03-12T15:33:25.94;2025-03-24T16:00:00;2025-04-09T10:17:23.283;;"CLP";0;0
1057506-9-LQ25;"SERVICIOS DE ASEO Y LIMPIEZA HOSPITAL COELEMU";"SERVICIO NACIONAL DE SALUD HOSPITAL DE COELEMU";"61.602.194-K";"Bienes y Servicios";"dipresrecepcion@custodium.com";"Coelemu";"Región del Ñuble";"LQ";"Adjudicada";"El Hospital Comunitario de Salud Familiar de Coelemu requiere contratar los servicios de aseo y limpieza para sus instalaciones, de acuerdo a las presentes bases administrativas y técnicas";2025-03-21T15:57:38.18;2025-03-31T16:01:00;2025-04-09T10:14:52.567;154000000;"CLP";0;0
1029-9-LE25;"servicio de arriendo camión imprimante DRV Maule";"MINISTERIO DE OBRAS PUBLICAS DIREC CION GRAL DE OO PP DCYF";"61.202.000-0";"Dirección de Vialidad - VII Región - Dirección Regional";"1 Oriente Nº 1253 piso 2";"Talca";"Región del Maule";"LE";"Adjudicada";"La Dirección de Vialidad – Región del Maule, invita a presentar ofertas para la contratación del servicio de arriendo de Camión Imprimante para la ejecución de trabajos de Administración Directa, en caminos de la Región, conforme a los requerimientos administrativos y técnicos descritos en las presentes bases de licitación.";2025-03-10T16:37:17.727;2025-03-20T11:07:00;2025-04-09T10:13:29.73;;"CLP";0;0
3366-4-LE25;"SUMINISTRO ANUAL DE PRODUCTOS CONGELADOS Y VERDURAS FRSCAS PARA LOS PREDIOS MILITARES DEPENDIENTES DE LA VDE";"COMANDO DE APOYO A LA FUERZA";"61.101.010-9";"Cuartel General V División de Ejército - CGVDE";"Ojo Bueno S/N";"Punta Arenas";"Región de Magallanes y de la Antártica";"LE";"Adjudicada";"CONTRATACIÓN DEL SUMINISTRO ANUAL DE PRODUCTOS CONGELADOS Y VERDURAS FRSCAS PARA LOS PREDIOS MILITARES, DEPENDIENTES DE LA VDE";2025-03-03T16:00:47.073;2025-03-13T14:28:00;2025-04-09T10:09:58.967;;"CLP";0;0
5523-1-LQ25;"Servicios de internet y telefonía móvil NIC Chile";"UNIVERSIDAD DE CHILE";"60.910.000-1";"FCFM- NIC Chile";"Miraflores 222, Piso 14";"Santiago";"Región Metropolitana de Santiago";"LQ";"Adjudicada";"Servicios de internet y telefonía móvil con equipos incluidos para el Centro NIC Chile de la Facultad de Ciencias Físicas y Matemáticas de la Universidad de Chile, según especificaciones en bases administrativas y técnicas, autorizadas por resolución E0137 del 30 de Enero del 2025, adjunta.";2025-02-18T08:32:21.16;2025-03-04T17:00:00;2025-04-09T10:07:34.607;;"CLP";0;0
1291-4-LP25;"ADQUISICIÓN DE  10.000 M3 DE MATERIAL GRANULAR";"MINISTERIO DE OBRAS PUBLICAS DIREC CION GRAL DE OO PP DCYF";"61.202.000-0";"Dirección de Vialidad - VII Región - Provincia de Linares";"Linares";"Linares";"Región del Maule";"LP";"Adjudicada";"ADQUISICIÓN DE SUMINISTRO DE 10.000 M3 DE BASE GRANULAR BAJO 2” PUESTO EN RECINTO EL REFUGIO, UBICADO EN CAMINO L-311, CRUCE L-11 POLVORINES – SAN JUAN – CRUCE L-139 QUERI, KM. 6,200 APROXIMADAMENTE, COMUNA DE LINARES, PROVINCIA DE LINARES";2025-03-10T16:58:05.85;2025-03-31T17:00:00;2025-04-09T10:04:34.013;;"CLP";0;0
2348-19-E225;"SERVICIO TELEFONIA MOVIL MUNICIPALIDAD P. ARENAS";"I MUNICIPALIDAD DE PUNTA ARENAS";"69.250.200-0";"Dirección de Administración y Finanzas";"Avda. Colón N° 1209.";"Punta Arenas";"Región de Magallanes y de la Antártica";"E2";"Adjudicada";"SERVICIO DE TELEFONIA MOVIL Y DATOS MOVILES PARA 96 LINEAS CELULARES, MUNICIPALIDAD DE PUNTA ARENAS, VIGENCIA 3 MESES.";2025-03-28T16:05:11.437;2025-04-03T12:00:00;2025-04-09T10:00:47.58;4500000;"CLP";0;0
2703-78-L125;"SC 10854 Fármacos CESFAM";"I MUNICIPALIDAD DE TALAGANTE";"69.071.800-6";"Dirección de Salud";"Pasaje Quemchi N°1075, Villa Mónaco, Talagante";"";"Región Metropolitana de Santiago";"L1";"Adjudicada";"SC 10854, Fármacos CESFAM";2025-03-13T16:56:18.453;2025-03-19T15:30:00;2025-04-09T09:59:46.357;6803400;"CLP";0;0
359-36-LP25;"PRESTACIONES DE SIMULACIÓN DOSIMETRÍA Y RADIOTERAP";"Instituto Nacional del Cancer";"61.608.404-6";"Inst Nacional del Cancer Adquisiciones";"Av. Profesor Zañartu 1010, Independencia";"Independencia";"Región Metropolitana de Santiago";"LP";"Adjudicada";"CONTRATACIÓN DE PRESTACIONES DE SIMULACIÓN, DOSIMETRÍA Y ENTREGA DE TRATAMIENTOS DE RADIOTERAPIA EN DEPEDENCIAS DEL INSTITUTO, PARA PACIENTES DEL INSTITUTO NACIONAL DEL CÁNCER.";2025-03-18T12:07:55.547;2025-03-28T16:00:00;2025-04-09T09:51:51.927;;"CLP";0;0
528208-111-LE24;"COMPRA DE VERMICOMPOSTERAS";"I.MUNICIPALIDAD DE CERRO NAVIA";"69.254.200-2";"SECPLAC 2";"Del Consistorial 6645";"Cerro Navia";"Región Metropolitana de Santiago";"LE";"Adjudicada";"Los set vermicompostaje deben incluir: Vermicompostera de plástico reutilizado, color negro, dimensiones 75 x 57 x 40 cms, 100 litros, 3 bandejas de trabajo con capacidad aproximada de 30 litros cada bandeja.1 bandeja colectora de líquidos de 30 litros, llave para extraer el humus líquido, 4 patas para la instalación incluye tapa. • Núcleo de lombrices • Bloque de Fibra de coco • 1 Rastrillo • Contenedor para orgánicos con tapa de 7 litros • Manual de uso";2024-12-23T10:38:15.753;2024-12-31T11:55:00;2025-04-09T09:59:35.787;;"CLP";0;0
2981-21-LQ25;"DEINFRA -CONSERVACION LA PINTANA";"POLICIA DE INVESTIGACIONES DE CHILE";"60.506.000-5";"DEPARTAMENTO ADMINISTRATIVO";"GENERAL MACKENNA  1370, Secc. Almacenes";"Santiago Centro";"Región Metropolitana de Santiago";"LQ";"Adjudicada";"CONTRATACIÓN DE EJECUCIÓN DE OBRAS PARA LA CONSERVACIÓN CUARTEL BICRIM LA PINTANA.";2025-02-12T17:42:43.403;2025-03-04T15:00:00;2025-04-09T09:49:20.963;297232549;"CLP";0;0
411-6-LQ25;"CONST RECINTO Y SUMINISTRO ELÉCTRICO FOTOVOLTAICO";"ILUSTRE MUNICIPALIDAD DE ALTO DEL CARMEN";"69.251.900-0";"Departamento Finanzas - D.A.F";"Padre Alonso García s/n  Alto del Carmen";"Alto Del Carmen";"Región de Atacama";"LQ";"Adjudicada";"CONTRATACIÓN PARA LA CONSTRUCCION DE RECINTO Y SUMINISTRO ELECTRICO FOTOVOLTAICO PARA SERVICIO SANITARIOS RURALES DE LA COMUNA DE ALTO DEL CARMEN";2025-01-16T16:13:00;2025-02-07T10:03:00;2025-04-09T09:47:15.67;322440821;"CLP";0;0
3017-10-LE25;"MATERIALES DE CONSTRUCCIÓN ARRIENDO MAQUINARIAS PARA PROYECTO N° 749 PMU-E";"I MUNICIPALIDAD DE LOTA";"69.151.300-9";"Departamento de Adquisiciones";"Pedro Aguirre Cerda 302";"Lota";"Región del Biobío";"LE";"Adjudicada";"MATERIALES DE CONSTRUCCIÓN ARRIENDO MAQUINARIAS PARA PROYECTO N° 749 PMU-E";2025-03-07T11:47:15.703;2025-03-18T13:30:00;2025-04-09T09:48:05.72;15549244;"CLP";0;0
1305543-1-LE25;"Servicio de aseo 24 meses oficina central";"SERVICIO LOCAL DE EDUCACIÓN PÚBLICA DE MARGA MARGA";"61.981.050-3";"COMPRAS Y LICITACIONES";"";"";"Región de Valparaíso";"LE";"Adjudicada";"Servicio de aseo 24 meses oficina central";2025-03-14T13:27:42.977;2025-03-26T13:30:00;2025-04-09T09:47:31.05;;"CLP";0;0
889473-23-LE25;"SC 3581 - Equipamiento Cocina Nutrición y Diet.";"UNIVERSIDAD DE O'HIGGINS";"61.980.530-5";"UNIVERSIDAD DE O'HIGGINS";"Av. Libertador General Bernardo O'Higgins 611";"Rancagua";"Región del Libertador General Bernardo O´Higgins";"LE";"Adjudicada";"La Universidad de O’Higgins llama a licitación pública para la adquisición de equipamiento de cocina industrial para la habilitación de laboratorios de la carrera de Nutrición y Dietética. Proceso licitatorio adjudicación múltiple. Monto estimado. Presentación de anexos obligatoria y su modificación será causal de rechazo.";2025-03-05T10:13:00.26;2025-03-17T16:00:00;2025-04-09T09:44:33.757;;"CLP";0;0
886954-3-LE25;"CONVENIO DE SUMINISTRO POR ‌KIT CIRCUITO INVASIVO VENT. MECANICO PARA EL HGGB";"HOSPITAL GUILLERMO GRANT BENAVENTE DE CO";"61.602.189-3";"Abastecimiento Insumos";"";"";"Región del Biobío";"LE";"Adjudicada";"PARA ATENCION PRONTA Y OPORTUNA DE LOS PACIENTES DEL HGGB";2025-01-13T13:13:51.49;2025-01-23T09:00:00;2025-04-09T09:41:21.227;;"CLP";0;0
2048-115-LE24;"Convenio de suministro de insumos de ostomía";"SERVICIO DE SALUD CHILOE";"61.975.800-5";"Hospital de Ancud";"";"";"Región de los Lagos";"LE";"Adjudicada";"El convenio para la adquisición de insumos de ostomía es crucial para el Hospital de Ancud, ya que permitirá mantener un stock adecuado en la bodega de Farmacia, garantizando que los servicios de Cuidados Paliativo, Médico Quirúrgico Adulto y Pediatría cuenten con los materiales necesarios para sus procedimientos clínicos. Dado que algunos insumos no están disponibles en el catálogo electrónico de Convenio Marco o su disponibilidad es irregular, este convenio asegurará un suministro constante y confiable. Al establecer criterios claros en las Bases Administrativas y Técnicas de la licitación, se busca obtener insumos de la mejor calidad y en el momento adecuado, además de a un precio conveniente. Esto no solo mejorará la atención a los pacientes, sino que también optimizará los recursos del hospital, contribuyendo a un manejo más eficiente de la atención clínica.";2025-01-23T16:09:41.94;2025-02-06T17:00:00;2025-04-09T09:38:28.167;;"CLP";0;0
1058095-10-LR25;"Convenio insulina glargina lápiz 3ML por 36 meses";"COMPLEJO ASISTENCIAL DR. SOTERO DEL RIO";"61.608.502-6";"Fármarcos";"CONCHA Y TORO 3459";"Puente Alto";"Región Metropolitana de Santiago";"LR";"Adjudicada";"La necesidad de contar con medicamentos";2025-02-10T17:06:48.15;2025-03-13T15:00:00;2025-04-09T09:32:55.783;;"CLP";0;0
1057387-8-L125;"COFFEE BREAK CURSOS CAPACITACION HOSPITAL COLLIPULLI";"SERVICIO SALUD ARAUCANIA HOSPITAL DE COLLIPULLI";"61.602.223-7";"SERVICIO SALUD ARAUCANIA HOSPITAL DE COLLIPULLI";"Manuel Rodriguez N°1671";"Collipulli";"Región de la Araucanía";"L1";"Adjudicada";"SE REQUIERE CONTRATAR COFFEE BREAK CURSOS CAPACITACION HOSPITAL COLLIPULLI.";2025-03-21T16:07:00;2025-03-28T09:00:00;2025-04-09T09:32:40.94;5190408;"CLP";0;0
2360-9-R125;"ADQUISICIÓN DE INSUMOS GENERALES PARA LABORATORIO";"I MUNICIPALIDAD DE TALCAHUANO";"69.150.800-5";"DISAM";"BULNES N° 266 TALCAHUANO CENTRO";"Talcahuano";"Región del Biobío";"LE";"Adjudicada";"LA NECESIDAD DE ADQUIRIR INSUMOS GENERALES PARA LABORATORIO";2025-03-06T08:43:38.953;2025-03-13T10:00:00;2025-04-09T09:28:43.62;;"CLP";0;0
1212413-22-L125;"Reparación de Equipos de Refrigeración del MNHN";"SERVICIO NACIONAL DEL PATRIMONIO CULTURAL";"60.905.002-0";"MUSEO NACIONAL DE HISTORIA NATURAL DOS";"MNHN Interior Parque Quinta Normal s/n";"Santiago";"Región Metropolitana de Santiago";"L1";"Adjudicada";"Servicios de Reparación de Equipos de Refrigeración";2025-03-31T17:18:36.097;2025-04-07T15:00:00;2025-04-09T09:27:12.413;500000;"CLP";0;0
1057500-14-LQ25;"ARRIENDO EQUIPOS MÉDICOS";"SERVICIO DE SALUD METROPOLITANO SUR ORIENTE";"61.608.500-K";"Bienes y Servicios";"Av. Concha y Toro Nº 3459";"Puente Alto";"Región Metropolitana de Santiago";"LQ";"Adjudicada";"SE REQUIERE LA CONTRATACIÓN ORIENTADA AL ARRIENDO DE EQUIPOS CLÍNICOS CRÍTICOS, PARA EL USO EN EL CENTRO METROPOLITANO DE SANGRE, DEPENDIENTE DEL SERVICIO DE SALUD METROPOLITANO SUR ORIENTE, SEGÚN BASES DE LICITACIÓN APROBADAS POR RES. EXENTA N°350/2025.";2025-02-24T11:17:56.053;2025-03-20T15:01:00;2025-04-09T09:24:42.817;;"CLP";0;0
4561-2-LE25;"Adquisición Equipamiento de Seguridad";"I MUNICIPALIDAD DE CABILDO";"69.050.200-3";"I.Municipalidad de Cabildo Adquisiciones-Educación";"Avda. Humeres 499";"Cabildo";"Región de Valparaíso";"LE";"Adjudicada";"Adquisición de equipamiento de Seguridad para establecimiento educacional";2025-02-18T16:27:18.037;2025-02-28T17:46:00;2025-04-09T09:24:35.087;;"CLP";0;0
1208110-3-B225;"Servicio de Bodegaje";"SERVICIO NACIONAL DE PROTECCIÓN ESPECIALIZADA A LA NIÑEZ Y ADOLESCENCI";"62.000.890-7";"DIRECCION REGIONAL MAGALLANES";"calle Las Heras 825 Punta Arenas";"Punta Arenas";"Región de Magallanes y de la Antártica";"B2";"Adjudicada";"El Servicio de Protección especializada, necesita un proveedor que preste servicio de bodegaje, para la documentación, bienes muebles, archivos y otros, este espacio debe contar con la infraestructura adecuada para que la mercadería, que estas no corran el riesgo de deterioro yo hurtos, de igual forma debe tener disponibilidad 24x7 para acceder a las instalaciones y encontrarse dentro del radio céntrico de la ciudad de Punta Arenas.  Entendiendo el radio céntrico de Puntas Arenas, al radio urbano considerado en la ordenanza del Plano Regulador vigente de la Comuna de Punta Arenas.";2025-03-19T17:34:45.24;2025-03-31T15:00:00;2025-04-09T09:24:34.523;90000000;"CLP";0;0
3287-15-LE25;"PÓLIZAS DE SEGUROS PARA VEHÍCULOS MUNICIPALES";"I MUNICIPALIDAD DE LICANTEN";"69.100.500-3";"Departamento de Finanzas";"Juan E. Montero   25";"Licantén";"Región del Maule";"LE";"Adjudicada";"para la Adquisición de seguro para vehículos, perteneciente al patrimonio de la Municipalidad de Licantén";2025-03-18T20:26:27.78;2025-03-28T12:00:00;2025-04-09T09:23:26.09;;"CLP";0;0
2271-18-L125;"Adquisición de baterías de arranque para grupos electrógenos";"DIRECCION GENERAL DE AERONAUTICA CIVIL";"61.104.000-8";"UNIDAD DE COMPRA ZONAL CENTRAL";"Avenida Alcalde Fernando Castillo Velasco 7941";"La Reina";"Región Metropolitana de Santiago";"L1";"Adjudicada";"Adquisición de baterías de arranque para grupos electrógenos de las unidades dependientes del Centro Zonal de Mantenimiento de la Zona Aeroportuaria Central. Favor revisar bases técnicas, pauta de evaluación y todo documento adjunto a la presente licitación.";2025-03-28T10:03:52.563;2025-04-03T09:30:00;2025-04-09T09:20:23.44;3198720;"CLP";0;0
1058095-11-LR25;"Convenio insulina glargina lápiz 15ML por 36 meses";"COMPLEJO ASISTENCIAL DR. SOTERO DEL RIO";"61.608.502-6";"Fármarcos";"CONCHA Y TORO 3459";"Puente Alto";"Región Metropolitana de Santiago";"LR";"Adjudicada";"La necesidad de contar con medicamentos";2025-02-10T17:24:28.18;2025-03-13T15:00:00;2025-04-09T09:22:06.97;;"CLP";0;0
619133-60-LE25;"CONVENIO SUMINISTRO DE PRODUCTOS DE HIGIENEPARA PIEL Y MANOS";"SERVICIO SALUD SAN FELIPE LOS ANDES HOSP";"61.602.038-2";"Hospital San Camilo de San Felipe";"Av. MIRAFLORES 2085";"San Felipe";"Región de Valparaíso";"LE";"Adjudicada";"Las presentes Bases Administrativas rigen el llamado a licitación pública “CONVENIO SUMINISTRO DE PRODUCTOS DE HIGIENEPARA PIEL Y MANOS ” del Hospital San Camilo,  ubicado en Av. Miraflores 2085 San Felipe, Quinta región, aplicando los procedimientos establecidos en la Ley de Compras N° 19.886 de la Administración Pública.";2025-02-28T12:33:00;2025-03-11T14:00:00;2025-04-09T09:11:49.167;;"CLP";0;0
727202-13-LE25;"SUMINISTRO DE TELEFONÍA MÓVIL";"I MUNICIPALIDAD DE VICUNA";"69.040.500-8";"Secplan";"San Martín N° 275, Vicuña";"Vicuña";"Región de Coquimbo";"LE";"Adjudicada";"Adquisición de equipos y contratación de suministro de telefonía, tanto de voz como de datos, para optimizar el trabajo de los funcionarios municipales, siendo este servicio fundamental para facilitar la comunicación entre la comunidad y las oficinas municipales.";2025-03-07T17:23:19.047;2025-03-26T15:00:00;2025-04-09T09:13:26.76;54406800;"CLP";0;0
2258-37-LQ25;"TONER Y CARTUCHOS ORIGINALES HOSPITAL REGIONAL DE ANTOFAGASTA";"SERVICIO DE SALUD ANTOFAGASTA HOSPITAL L";"61.606.201-8";"Abastecimiento Principal";"";"";"Región de Antofagasta";"LQ";"Adjudicada";"Adquisición de Tóner y cartuchos originales de impresoras del Hospital Regional de Antofagasta";2025-02-25T15:04:25.41;2025-03-11T14:00:00;2025-04-09T09:11:19.953;;"CLP";0;0
4032-1-LE25;"CONSTRUCCIÓN REDUCTORES DE VELOCIDAD COMUNA DE CAÑETE";"I MUNICIPALIDAD DE CANETE";"69.160.500-0";"Secplan";"ARTURO PRAT 220";"Cañete";"Región del Biobío";"LE";"Adjudicada";"DE ACUERDO A LOS ARCHIVOS ADJUNTOS";2025-01-08T12:47:06.99;2025-01-20T15:30:00;2025-04-09T09:18:45.763;;"CLP";0;0
1198-5-LE25;"MANTENCIÓN GENERADORES DEL COMPLEJO DEPORTIVO ALEJO BARRIOS";"INSTITUTO NACIONAL DE DEPORTES DE CHILE";"61.107.000-4";"I.N.D. REGION V";"";"";"Región de Valparaíso";"LE";"Adjudicada";"E1O2RT9 - El IND V., requiere contratar los servicios de mantenimiento preventivo y correctivo de los generadores del Complejo Deportivo Alejo Barrios, para asegurar su buen funcionamiento y prever desperfectos mayores, principalmente durante el desarrollo de actividades deportivas. **Visita a Terreno Obligatoria**";2025-02-14T10:35:11.247;2025-02-24T16:00:00;2025-04-09T09:10:53.88;8000000;"CLP";0;0
1705-5-LE25;"MANTENCIÓN EQUIPOS AIRE ACONDICIONADO Y EXTRACCIÓN";"HOSPITAL ADRIANA COUSINO DE QUINTERO";"61.606.603-k";"Hospital Quintero";"Aranguiz Tudela 380";"Quintero";"Región de Valparaíso";"LE";"Adjudicada";"Las presentes bases rigen la propuesta pública que tiene por objeto realizar Mantenimiento Inspectivo Preventivo y correctivo, para Equipos de Aire acondicionado y sistema de Extracción e inyección de Aire con garantía de 12 meses + 90 días. 2. Las propuestas deberán tener una validez de noventa días 90 a contar de la fecha de la apertura. La entidad oferente deberá considerar en ella todos los gastos presentes y futuros, incluidos los de personal, visitas a terreno, materiales, equipos, permisos, derechos, impuestos, costos de garantías y, en general, todo cuanto implique gasto para el cumplimiento del contrato, sea éste directo, indirecto o a causa de él. 3. El presente proceso licitatorio público se regirá por lo dispuesto en la Ley Nº19.886 y su Reglamento aprobado por Decreto Supremo Nº 661 del 2024 del Ministerio de Hacienda y sus posteriores modificaciones, lo dispuesto en las presentes bases administrativas y técnicas, sus anexos, las respuestas y aclaraciones que procedan, y las modificaciones efectuadas por la resolución respectiva y sometidas al trámite administrativo correspondiente. 4. La forma de la presente licitación pública corresponde a aquellas contrataciones inferior a 500 UTM, de simple y objeta especificación.";2025-02-24T18:37:36.94;2025-03-06T17:43:00;2025-04-09T09:10:50.68;;"CLP";0;0
1058085-342-LQ24;"Convenio de Carmustina 100mg 2  ml solución inyectable en caso de no despacho de CENABAST para el Hospital del Salvador";"SERVICIO DE SALUD ORIENTE HOSPITAL DEL SALVADOR";"61.608.406-2";"Fármacos";"AV SALVADOR 364";"Providencia";"Región Metropolitana de Santiago";"LQ";"Adjudicada";"Que, el Hospital del Salvador necesita contar con Convenio de Carmustina 100mg/ 2  ml solución inyectable en caso de no despacho de CENABAST para el Hospital del Salvador con la finalidad de satisfacer de manera adecuada y eficiente la labor asistencial durante un periodo de 36 meses. Que, el hospital debe implementar “Medidas Complementarias”, para asegurar el abastecimiento de los medicamentos intermediados por CENABAST, ante los reiterados quiebres de stock e incumplimientos derivados de sus proveedores Que, por la cuantía determinada, la presente licitación se ubica en el tramo para contrataciones de aquellas iguales o superiores a 1.000 UTM e inferiores a 5.000 UTM, de conformidad al Artículo 19º bis del Reglamento de la Ley Nº19.886, en atención a que las terapias no pueden interrumpirse por los efectos adversos que generan. Que hechas las consultas respectivas, la provisión de estos bienes o servicios no se encuentra disponible por Convenios Marcos ofrecidos en el Sistema de Información de la Dirección de Compras, www.mercadopublico.cl";2024-12-16T12:35:07.14;2025-01-06T16:00:00;2025-04-09T08:55:20.753;300000000;"CLP";0;0
1057540-23-LQ25;"CONVENIO EXÁMENES DE APOYO DIAGNÓSTICO: RESONANCIA MAGNÉTICA";"SERVICIO SALUD TALCAHUANO HOSPITAL PENCO-LIRQUEN";"61.602.198-2";"Hospital Penco - Lirquen";"";"";"Región del Biobío";"LQ";"Adjudicada";"La necesidad de generar un convenio de exámenes de apoyo diagnóstico de resonancias magnéticas con el objetivo de cumplir y satisfacer debidamente la demanda asistencial a los usuarios del establecimiento.";2025-03-14T11:26:27.03;2025-03-24T15:30:00;2025-04-09T08:54:39.243;;"CLP";0;0
1350296-13-LE25;"CONTRATACIÓN DE SERVICIO DE SUMINISTRO DE COMBUSTIBLE DIESEL A GRANEL PARA ESTANQUES DEL HOSPITAL ALTO HOSPICIO POR 24 MESES";"HOSPITAL DE ALTO HOSPICIO";"65.228.694-1";"ABASTECIMIENTO HAH";"";"";"Región de Tarapacá";"LE";"Adjudicada";"La presente propuesta tiene por objetivo adquirir petróleo para abastecer los dos estanques de combustible del Hospital de Alto Hospicio, los cuales tiene una capacidad de 30.000 y 25.000 litros, a través de la suscripción de un convenio de suministro y así garantizar un servicio óptimo durante los 365 días del año y las 24 horas del día.";2025-02-25T17:06:00;2025-03-07T19:58:00;2025-04-09T08:50:26.02;60000000;"CLP";0;0
1658-114-L125;"S1-25/DIRECCION DE TURISMO/MUSEO FERROVIARIO/SERVICIO DE REPARACION COCHE I 230";"I MUNICIPALIDAD DE TEMUCO";"69.190.700-7";"I MUNICIPALIDAD DE TEMUCO";"CALLE IMPERIAL 40";"Temuco";"Región de la Araucanía";"L1";"Adjudicada";"SERVICIO DE REPARACION COCHE I 230, SEGÚN ESPECIFICACIONES TÉCNICAS ADJUNTAS";2025-03-22T11:12:21.747;2025-03-31T17:00:00;2025-04-09T08:46:45.7;4900000;"CLP";0;0
3606-2-LE25;"MEDICAMENTOS FARMACIA MARZO 2025";"I MUNICIPALIDAD DE MULCHEN";"61.967.400-6";"SALUD";"PEDRO LAGOS Nº 200";"Mulchén";"Región del Biobío";"LE";"Adjudicada";"Adquisición de medicamentos para stock de bodega de la farmacia Municipal de Mulchén";2025-03-06T14:41:13.17;2025-03-18T09:00:00;2025-04-09T08:43:43.753;;"CLP";0;0
5282-6-LQ25;"Construcción Alumbrado Público Porvenir -B.Chilota";"I.MUNICIPALIDAD DE PORVENIR";"69.250.300-7";"Secretaria de Planificación Comunal";"Zavattaro Nº 434, Porvenir";"Porvenir";"Región de Magallanes y de la Antártica";"LQ";"Adjudicada";"Construcción Alumbrado Público Camino Porvenir - Bahía Chilota, Comuna de Porvenir";2025-02-25T13:11:00;2025-03-26T09:00:00;2025-04-09T08:25:20.52;308364430;"CLP";0;0
2408-8-LE25;"CONTRATACION DE SERVICIOS PARA TRASLADO DE PERSONAL AÑO 2025";"I MUNICIPALIDAD DE LOS ANGELES";"69.170.100-K";"IMUNI_LOSANGELES ADQUISICIONES";"EDIFICIO CONSISTORIAL,CAUPOLICAN N°399,SEXTO PISO,SECPLAN";"Los Angeles";"Región del Biobío";"LE";"Adjudicada";"SE REQUIERE CONTRATAR 1 CAMIONETA PARA TRASLADAR A FUNCIONARIOS DE OFICINA CONVENIO MUNICIPAL O.C.M,TESORERIA PROVINCIAL DEL BIO BIO Y FUNCIONARIOS MUNICIPALES DENTRO DE LA COMUNA DE LOS ANGELES";2025-03-18T08:44:33.537;2025-03-28T09:00:00;2025-04-10T10:17:22.75;11500000;"CLP";0;0
584105-41-LE24;"PROPUESTA DE ÍNDICE DE PRECIOS PARA SISTEMAS FOTOVOLTAICOS";"SUBSECRETARIA DE ENERGIA";"61.979.830-9";"P01";"Alameda 1449, torre 2, piso 14, Santiago";"Santiago";"Región Metropolitana de Santiago";"LE";"Adjudicada";"Elaborar una propuesta de índice de precios de sistemas fotovoltaicos (FV) instalados y actualmente comercializados en el mercado chileno, considerando precios por el concepto de diseño de proyecto, equipamiento e instalación (llave en mano). Lo anterior, mediante la aplicación de encuestas a proveedores de estos sistemas, que cuenten con experiencia en su instalación";2024-10-01T11:24:19.337;2024-10-11T15:00:00;2025-04-09T08:04:01.297;;"CLP";0;0
514862-17-LE25;"Sala OTM y Obras Menores CESFAM San Luis 10031635";"CORPORACION MUNICIPAL DE PENALOLEN PARA EL DESARROLO SOCIAL CORMUP";"71.234.100-9";"CORPORACION MUNICIPAL DE PENALOLEN PARA EL DESARRO";"AVDA. ORIENTALES N°6958";"Peñalolén";"Región Metropolitana de Santiago";"LE";"Adjudicada";"Habilitación Sala OTM y Obras Menores CESFAM San Luis SOLPED 10031635";2025-02-20T08:10:03.047;2025-03-12T15:00:00;2025-04-10T10:13:19.353;26136307;"CLP";0;0
1057500-18-LP25;"TRANSPORTE PARA 10 EQUIPOS VISITAS DOMICILIARIAS";"SERVICIO DE SALUD METROPOLITANO SUR ORIENTE";"61.608.500-K";"Bienes y Servicios";"Av. Concha y Toro Nº 3459";"Puente Alto";"Región Metropolitana de Santiago";"LP";"Adjudicada";"SE REQUIERE LA CONTRATACIÓN DEL SERVICIO DE TRANSPORTE PARA 101 EQUIPOS DEL SISTEMA INTERSECTORIAL DEL SSMSO, PARA VISITAS DOMICILIARIAS, SEGÚN BASES DE LICITACIÓN APROBADAS POR RES. EXENTA N°524/2025.";2025-03-12T10:38:39.76;2025-03-24T15:01:00;2025-04-10T10:10:25.957;;"CLP";0;0
1233613-52-LE25;"ABASTECIMIENTO DE LEÑA EE ULTIMA ESPERANZA";"Servicio Local de Educación Pública Magallanes";"61.980.960-2";"Servicio Local de Educación Pública Magallanes";"Lautaro Navarro 1021";"Punta Arenas";"Región de Magallanes y de la Antártica";"LE";"Adjudicada";"Para asegurar el correcto funcionamiento de los establecimientos educacionales bajo la administración del Servicio de Educación Pública de Magallanes, en específico la Escuela Rural de Seno Obstrucción y la Escuela Miguel Montecinos de Puerto Edén, requieren para la calefacción el abastecimiento de leña, sobre todo para la época de invierno donde requieren funcionamiento de calefacción todo el día para el adecuado funcionamiento del establecimiento educacional, así como también para el bienestar de la comunidad educativa en particular.";2025-03-27T14:43:21.507;2025-04-01T15:00:00;2025-04-10T10:08:53.427;;"CLP";0;0
608897-5-LE25;"SERVICIOS LOGISTICOS PARA 3 JORNADAS DE GRAFICOR";"SUBSECRETARIA DEL MEDIO AMBIENTE";"61.979.930-5";"Subsecretaría del Medio Ambiente";"San Martín 73, piso 1";"Santiago";"Región Metropolitana de Santiago";"LE";"Adjudicada";"E102RT9 Contratar un proveedor que responda oportunamente a las necesidades de servicios de producción de eventos, que gestione,resuelva y asegure la prestación de servicios necesarios para producir y coordinar la realización de 3 jornadas macrozonales.";2025-02-27T11:04:22.903;2025-03-10T15:30:00;2025-04-10T10:08:45.263;17000000;"CLP";0;0
514862-16-LE25;"MANTENCION CALDERAS Y RADIADORES SALUD 10031647";"CORPORACION MUNICIPAL DE PENALOLEN PARA EL DESARROLO SOCIAL CORMUP";"71.234.100-9";"CORPORACION MUNICIPAL DE PENALOLEN PARA EL DESARRO";"AVDA. ORIENTALES N°6958";"Peñalolén";"Región Metropolitana de Santiago";"LE";"Adjudicada";"SERVICIO DE MANTENCION PREVENTIVA Y CORRECTIVA DE CALDERAS Y RADIADORES DE CALEFACCION CENTROS DE SALUD DE PAÑALOLEN 10031647";2025-02-13T13:52:04.283;2025-03-03T15:01:00;2025-04-10T10:06:13.637;21000000;"CLP";0;0
3871-6-LE25;"CONVENIO SUMINISTROS MEDICAMENTOS PRIMER SEMESTRE AÑO 2025";"I MUNICIPALIDAD DE PEMUCO";"72.632.100-0";"Salud";"";"";"Región del Ñuble";"LE";"Adjudicada";"Se requiere la adquisición de medicamentos para el año 2025, según la Canasta Básica";2025-03-03T10:17:00.743;2025-03-13T14:24:00;2025-04-10T09:57:20.317;;"CLP";0;0
1057545-18-LE25;"Convenio Suministro de Leña Para Hospital la Unión";"SERVICIO DE SALUD LOS RIOS";"61.607.500-4";"Bienes y Servicios";"chacabuco #700";"Valdivia";"Región de Los Ríos";"LE";"Adjudicada";"El Servicio de Salud Los Ríos necesita adquirir un Convenio de Suministro de Leña para el Hospital de La Unión.";2025-03-20T11:42:52.51;2025-03-26T15:05:00;2025-04-10T09:53:39.233;;"CLP";0;0
3486-10-LE25;"CONTRATO CATERING ALIMENTOS";"I MUNICIPALIDAD DE NUEVA IMPERIAL";"69.190.400-8";"Departamento De Salud";"GOROSTIAGA Nº 258, SRA REBECA SAAVEDRA";"Nueva Imperial";"Región de la Araucanía";"LE";"Adjudicada";"CONTRATO DE SUMINISTRO SERVICIO DE CATERING  PARA JORNADAS DE CAPACITACION DEPTO DE SALUD MUNICIPAL, SP 107";2025-03-31T10:18:56.163;2025-04-07T15:17:00;2025-04-10T09:50:58.85;6500000;"CLP";0;0
1057500-19-LE25;"SERVICIO TRANSPORTE RETIRO Y ELIMINACION DROGAS";"SERVICIO DE SALUD METROPOLITANO SUR ORIENTE";"61.608.500-K";"Bienes y Servicios";"Av. Concha y Toro Nº 3459";"Puente Alto";"Región Metropolitana de Santiago";"LE";"Adjudicada";"SE REQUIERE LA CONTRATACIÓN DEL SERVICIO DE TRANSPORTE, RETIRO, ELIMINACIÓN Y DESTRUCCIÓN DE DROGAS, SEGÚN BASES DE LICITACIÓN APROBADAS POR RES. EXENTA N°548/2025.";2025-03-17T10:25:00;2025-03-27T15:01:00;2025-04-10T09:48:18.557;;"CLP";0;0
1171317-11-LQ25;"CONSERVACIÓN CAMINO A LOS MONTES CHILLÁN";"I MUNICIPALIDAD DE CHILLAN";"69.140.900-7";"SECPLA";"";"";"Región del Ñuble";"LQ";"Adjudicada";"Las presentes Bases Administrativas serán aplicables, para la ejecución del proyecto denominado: “CONSERVACIÓN CAMINO A LOS MONTES, CHILLÁN”. La obra mejorará la superficie de rodado existente mediante un sistema de doble tratamiento con polímeros, que incluye una base granular de 0.2 m de espesor recubierta por geotextil. Se aplicará una emulsión imprimante entre capas para asegurar adherencia y mayor durabilidad. Se realizará la demarcación convencional con líneas de eje y laterales continuas, y se construirán canales sin revestir al costado derecho del camino. El proyecto abarca 2200 m², con un camino de 5 m de ancho y 440 m de largo, y considera la posible adición de veredas. Se necesitarán 440 m³ de base granular, 2200 m² de imprimación, y 2200 m² de tratamiento superficial.";2025-02-12T16:08:00;2025-03-10T15:00:00;2025-04-10T09:46:57.207;;"CLP";0;0
548874-5-LE25;"DESARROLLO DE CURSOS E-LEARNING DE CAPACITACIÓN";"INSTITUTO DE PREVISION SOCIAL";"61.979.440-0";"IPS Oficina Central de Compras";"Compañía 1339";"Santiago";"Región Metropolitana de Santiago";"LE";"Adjudicada";"E102RT9-DESARROLLO DE CURSOS E-LEARNING DE CAPACITACIÓN Y FORMACIÓN EN AULA VIRTUAL DEL INSTITUTO DE PREVISIÓN SOCIAL";2025-01-16T09:10:41.567;2025-01-28T15:30:00;2025-04-10T09:43:14.23;50000000;"CLP";0;0
1038-1-LE25;"Restauración Forestal en predios en Magallanes";"CORP NACIONAL FORESTAL";"61.313.000-4";"XII Región - Oficina Regional de Magallanes";"Av. Bulnes 0309, piso 5";"Punta Arenas";"Región de Magallanes y de la Antártica";"LE";"Adjudicada";"“CONAF” o la “Corporación”, indistintamente, invita a las y los oferentes inscritos en el portal de compras del estado www.mercadopublico.cl a participar en la licitación pública para el servicio : “Desarrollo de acciones de restauración forestal  en dos predios de la región de Magallanes y Antártica Chilena”, según especificaciones incluidas en las presentes Bases Administrativas y en las Bases Técnicas que se adjuntan a éstas.";2025-03-22T11:12:00;2025-03-31T15:06:00;2025-04-10T09:41:41.07;35000000;"CLP";0;0
732434-1-LP25;"MANTENIMIENTO Y MEJORAMIENTO DE INFRAESTRUCTURA EN DISTINTOS RECINTOS DEL CSC";"SERVICIO DE SALUD CONCEPCION";"65.913.720-8";"Centro de Sangre";"Barros Arana 1111, Concepcion";"Concepción";"Región del Biobío";"LP";"Adjudicada";"El objetivo es conservar y optimizar las condiciones de funcionamiento de sus instalaciones. Estas intervenciones buscan corregir deterioros causados por el tiempo y el uso, así como garantizar el cumplimiento de estándares de seguridad, eficiencia y calidad. Los proyectos contemplan diversas reparaciones y mejoras en cubiertas, sistemas eléctricos, climatización, pintura, impermeabilización, canalización de aguas lluvias, baños y estructuras generales.";2025-02-28T10:19:41.307;2025-03-19T15:30:00;2025-04-10T09:39:34.663;69020000;"CLP";0;0
890-2-LE25;"CONSERVACIÓN DE LA RED HIDROMÉTRICA REGIONAL ÑUBLE";"MINISTERIO DE OBRAS PUBLICAS DIREC CION GRAL DE OO PP DCYF";"61.202.000-0";"Dirección General de Aguas - XVI Región de Ñuble";"Vega de Saldías 651";"Chillán";"Región del Ñuble";"LE";"Adjudicada";"El objetivo general de la licitación es contratar la prestación de servicios para la conservación de la red hidrométrica en la Región de Ñuble, con el objetivo de mantenerla operativa y mejorar la gestión hídrica regional, para el cumplimiento de las labores propias del Servicio";2025-03-11T20:47:00;2025-03-24T15:01:00;2025-04-10T09:37:24.513;45750000;"CLP";0;0
2422-66-LE25;"S.A 942882 TIRAS DE FIERRO";"I MUNICIPALIDAD DE PUENTE ALTO";"69.072.100-7";"I MUNICIPALIDAD DE PUENTE ALTO";"CONCHA Y TORO 3214, PARQUE GABRIELA";"Puente Alto";"Región Metropolitana de Santiago";"LE";"Adjudicada";"NECESIDADES DE LA DIRECCION PARA TRABAJOS DEPARTAMENTO DE OPERACIONES, SEGUN BASES ADJUNTAS";2025-03-19T12:08:00;2025-03-26T15:01:00;2025-04-10T09:31:08.293;;"CLP";0;0
621-1079-LR24;"TOXINA BOTULINICA 500 U PVO.P.SOL.IN FAM 1000020575";"CENTRAL DE ABASTECIMIENTO DEL SISTEMA NACIONAL DE SERVICIO DE SALUD";"61.608.700-2";"Compras del Giro 621";"Bodega Proveedor";"Santiago Centro";"Región Metropolitana de Santiago";"LR";"Adjudicada";"BASES ADMINISTRATIVAS Y TÉCNICAS TIPO, POR LAS QUE SE REGIRÁN LOS PROCESOS DE LICITACIÓN PARA LA ADQUISICIÓN DE PRODUCTOS FARMACÉUTICOS, COSMÉTICOS, VACUNAS, INSUMOS, DISPOSITIVOS, Y/O ALIMENTOS DE USO MÉDICO, DESTINADO AL EJERCICIO DE ACCIONES DE SALUD";2024-12-30T12:58:17.893;2025-01-31T16:00:00;2025-04-10T09:30:55.047;593005850;"CLP";0;0
2324-1-LE25;"LICITACION PUBLICA  164 DE 2024 DE MATERIALES PARA REPARACION DE BACHES";"I MUNICIPALIDAD DE PUERTO MONTT";"69.220.100-0";"Departamento de Licitaciones y gestión de Abastecimiento";"Depto de Contabilidad- San Felipe 80 Municipalidad";"Puerto Montt";"Región de los Lagos";"LE";"Adjudicada";"LICITACION PUBLICA  164 DE 2024 ADQUISICION DE MATERIALES PARA REPARACION DE BACHES EN SECTORES URBANOS DE ALERCE";2025-01-07T16:09:47.537;2025-01-17T15:01:00;2025-04-10T09:26:20.25;14779800;"CLP";0;0
1058085-312-LE24;"CONVENIO SUMINISTRO DE TRAMADOL 100 MG COMPRIMIDO POR 24 MESES EN CASO DE NO DESPACHO DE CENABAST PARA EL HOSPITAL DEL SALVADOR.";"SERVICIO DE SALUD ORIENTE HOSPITAL DEL SALVADOR";"61.608.406-2";"Fármacos";"Avda. Salvador # 364";"Alhué";"Región Metropolitana de Santiago";"LE";"Adjudicada";"Que, el Hospital del Salvador necesita contar con un Convenio Suministro de Tramadol 100 mg comprimido por 24 meses en caso de no despacho de CENABAST para el Hospital del Salvador con la finalidad de satisfacer de manera adecuada y eficiente la labor asistencial durante el periodo 2024-2026. Que, por la cuantía determinada, la presente licitación se ubica en el tramo para contrataciones de aquellas iguales o superiores a 100 UTM e inferiores a 1.000 UTM, en conformidad al Artículo 19º bis del Reglamento de la Ley Nº19.886 Que hechas las consultas respectivas, la provisión de Medicamentos Intermediados, no se encuentra disponibles por Convenios Marcos ofrecidos en el Sistema de Información de la Dirección de Compras, www.mercadopublico.cl";2024-11-20T16:00:51.87;2024-12-02T16:00:00;2025-04-10T09:23:56.567;50000000;"CLP";0;0
996-29-LE25;"ARRIENDO CAMION ALJIBE PROVINCIA DEL LIMARI";"MINISTERIO DE OBRAS PUBLICAS DIREC CION GRAL DE OO PP DCYF";"61.202.000-0";"Dirección de Vialidad - IV Región - Dirección Regional";"Cirujano Videla # 200 piso 1";"La Serena";"Región de Coquimbo";"LE";"Adjudicada";"ARRIENDO CAMION ALJIBE PROVINCIA DEL LIMARI Aprueba Bases Administrativas, Bases Técnicas y Anexos  Arriendo horas camión aljibe destinado a varios caminos de la Provincia de Limarí, ID 996-29-LE25";2025-03-12T14:53:23.34;2025-03-24T15:02:00;2025-04-10T09:23:13.373;54145000;"CLP";0;0
559511-4-LE25;"CONSERVACIÓN SALA DE PROFESORES ESCUELA  D-136";"CORP MUNICIPAL DE DESARROLLO SOCIAL DE A";"71.102.600-2";"UNIDAD TÉCNICA PLANIFICACIÓN-OBRAS";"AVDA ARGENTINA 1595 II Piso";"Antofagasta";"Región de Antofagasta";"LE";"Adjudicada";"Las presentes Bases Administrativas, regulan el proceso de LICITACIÓN PÚBLICA y que forman parte del contrato para la CONSERVACIÓN SALA DE PROFESORES ESCUELA D-136, COMUNA ANTOFAGASTA, que celebre la Corporación Municipal de Desarrollo Social de Antofagasta, en adelante CMDS, con el oferente adjudicado, a través del sistema de suma alzada, en pesos chilenos y sin reajustes. Esta Licitación Pública se regirá en todo momento, por lo dispuesto en la ley Nº 19.886 de Compras Públicas, su Reglamento contenido en el decreto N°661 de 2024 y la Ley N° 21.634 de fecha 28 de noviembre 2023, que moderniza la ley N°19.886";2025-02-26T11:12:40.727;2025-03-19T15:00:00;2025-04-10T09:15:48.26;15693753;"CLP";0;0
4372-8-LP25;"CONTRATO DE SUMINISTRO GRAL DE HORMIGON PARA CONSERVACIÓN DE CALLES COMUNA DE CAUQUENES 2025";"I MUNICIPALIDAD DE CAUQUENES";"69.120.400-6";"Secpla";"Antonio Varas S/N";"Cauquenes";"Región del Maule";"LP";"Adjudicada";"LA NECESIDAD DE LA MUNICIPALIDAD DE CAUQUENES DE CONTAR CON UN CONTRATO DE SUMINISTRO DE HORMIGON PARA REPARAR LA CALLES Y VEREDAS DE LA COMUNA , SEGUN BASES ADMINISTRATIVAS, BASES TECNICAS Y ANEXOS ADJUNTOS EN LA LICITACIÓN";2025-02-10T16:47:14.38;2025-02-25T09:50:00;2025-04-10T09:09:32.837;120000000;"CLP";0;0
4037-37-L125;"VALES DE GAS PARA AYUDA SOCIAL";"I MUNICIPALIDAD DE FRESIA";"69.220.400-K";"Departamento de adquisiciones y abastecimiento";"San Francisco 124";"Fresia";"Región de los Lagos";"L1";"Adjudicada";"VALES DE GAS PARA AYUDA SOCIAL";2025-03-28T14:20:29.107;2025-04-03T09:01:00;2025-04-10T09:08:28.947;3400000;"CLP";0;0
812799-6-LR25;"ADQUISICIÓN VEHÍCULOS PARA REFORZAR EL ASEO MUNICIPAL MEJILLONES";"I MUNICIPALIDAD DE MEJILLONES";"69.020.400-2";"Secoplac";"";"";"Región de Antofagasta";"LR";"Adjudicada";"Adquisición de 1 retroexcavadora y 2 camiones recolectores de basura con sistema de carga lateral, lo anterior para reforzar el servicio de aseo municipal de la comuna Mejillones.";2025-01-31T08:20:36.213;2025-03-03T15:10:00;2025-04-10T08:56:50.827;976480804;"CLP";0;0
1058095-14-LR25;"Convenio insulina cristalina glulisina NPH ampolla y glucagón por 36 meses";"COMPLEJO ASISTENCIAL DR. SOTERO DEL RIO";"61.608.502-6";"Fármarcos";"CONCHA Y TORO 3459";"Puente Alto";"Región Metropolitana de Santiago";"LR";"Adjudicada";"La necesidad de contar con medicamentos";2025-02-10T20:33:48.703;2025-03-13T15:00:00;2025-04-10T08:48:21.28;;"CLP";0;0
1191688-6-LQ25;"Mejoramiento Entorno Colegio Paul Harris";"I MUNICIPALIDAD DE LA COMUNA DE EL BOSQUE";"69.255.300-4";"Secretaria de Planificación";"Javiera Carrera 736";"El Bosque";"Región Metropolitana de Santiago";"LQ";"Adjudicada";"Contratar la ejecución del proyecto mejoramiento entorno colegio Paul Harris de El Bosque, según especificaciones técnicas y solicitud de compra N°84.";2025-01-31T08:52:11.1;2025-02-20T15:00:00;2025-04-10T08:44:19.983;193899000;"CLP";0;0
5196-10-LE25;"RAA SN 15 ADQ. DE EQUIPO RADIOGRÁFICO DENTAL";"FUERZA AEREA DE CHILE COMANDO LOGISTICO";"61.978.670-K";"IIª Brigada Aérea";"AVENIDA DIEGO BARROS ORTIZ 2300, PUDAHUEL";"Pudahuel";"Región de Valparaíso";"LE";"Adjudicada";"ADQUISICIÓN DE 01 EQUIPO RADIOGRÁFICO DENTAL, ESPECIFICACIONES REQUERIDAS DE ACUERDO A BASES TÉCNICAS DE LICITACIÓN ADJUNTA, NUMERAL IX.";2025-03-20T11:42:34.973;2025-04-02T15:00:00;2025-04-10T08:43:58.397;10000000;"CLP";0;0
1540-50-LQ25;"SERVICIO ARRIENDO DE SOFTWARE A MEDIDA 24X7";"SERVICIO DE SALUD MAGALLANES HOSPITAL DE PTO NATALES";"61.607.904-2";"Hospital Dr. Augusto Essmann Burgos";"AVENIDA ESPAÑA 1650";"Puerto Natales";"Región de Magallanes y de la Antártica";"LQ";"Adjudicada";"mediante Solicitud de Compra N°08/2025 de Jefe de Departamento de Informática, Mónica Vera Soto, autorizado por la Subdirección Administrativa, quien requiere el Servicio de Arriendo Software a medida, con asistencia técnica full 24x7. Los módulos a requerir por la institución son: Bodegas Generales, Gestión de Contrato, Adquisiciones, Cobranzas, Facturación, Licencias Médicas, Comercialización y Activo Fijo del Hospital “Dr. Augusto Essmann Burgos” de Puerto Natales. Por un periodo de 36 meses.";2025-03-19T15:24:07.303;2025-03-31T15:15:00;2025-04-10T07:56:26.6;200000000;"CLP";0;0
2159-5-LE25;"SALUD- SUMINISTRO DE HERRAMIENTAS DE FERRETERIA";"CORP MUNICIPAL DE PANGUIPULLI";"71.016.300-6";"CMP";"Sor Mercedes 136";"Panguipulli";"Región de Los Ríos";"LE";"Adjudicada";"SALUD - CONTRATO SUMINISTRO MATERIALES Y HERRAMIENTAS DE FERRETERIA PARA LA CORPORACIÓN MUNICIPAL DE PANGUIPULLI AÑO 2025";2025-03-25T10:13:49.813;2025-04-08T12:00:00;2025-04-10T11:34:02.45;;"CLP";0;0
1076403-4-CO25;"SLA-SERVICIO GESTION DE FILA Y EQUIPAMIENTO";"SUBSECRETARIA DE RELACIONES EXTERIORES";"60.601.000-1";"Dicompras SIN AT";"Teatinos 180";"Santiago Centro";"Región Metropolitana de Santiago";"CO";"Adjudicada";"La Subsecretaría de Relaciones Exteriores, requiere contratar los servicios y equipamientos para la atención de usuarios y usuarias en la sala de atención de público de acuerdo con las condiciones expresadas en las presentes Bases Administrativas, a las especificaciones detalladas en las Bases Técnicas y en sus Anexos.";2025-03-13T16:11:16.363;2025-03-24T15:00:00;2025-04-10T10:58:04.817;886;"CLF";0;0
3332-3-LE25;"MANTENCION DE VEHÍCULOS Y EQUIPOS ELECTRÓGENOS";"ILUSTRE MUNICIPALIDAD DE ALTO DEL CARMEN";"69.251.900-0";"Departamento de Salud - D.S.M.";"DESPACHO A CALLE MARAÑÓN 1289, OFICINA ENLACE I. MUNICIPALIDAD DE ALTO DEL CARMEN, CIUDAD DE VALLENAR, REGIÓN DE ATACAMA. HORARIO DE ATENCIÓN DE 8:00 A 13:";"Vallenar";"Región de Atacama";"LE";"Adjudicada";"La presente licitación pública tiene por objeto contratar un servicio de mantención preventiva y o correctiva de vehículos y equipos electrógenos de Combustión Interna pertenecientes al departamento de salud municipal de Alto del Carmen";2025-03-10T16:44:29.717;2025-03-17T15:00:00;2025-04-10T10:58:02.377;;"CLP";0;0
4050-15-LE25;"ADQ. SERV. MOVILIZACION PARA EQUIPO P.R.L.A.C.";"I MUNICIPALIDAD DE LONQUIMAY";"69.181.100-k";"Ilustre Municipalidad de Lonquimay";"ohiggins 1320";"Lonquimay";"Región de la Araucanía";"LE";"Adjudicada";"El objetivo de la presente licitación busca la prestación de servicios de transporte para el equipo de trabajo del programa RLAC Red Local de Apoyos y Cuidados, con la finalidad de realizar visitas domiciliarias para seguimiento, entrega de insumos yo tratamiento desde los profesionales de servicios especializados, con disponibilidad los días lunes a viernes de 08:30 a 17:30 dentro de la comuna de Lonquimay, específicamente en sectores rurales y en comunas aledañas en caso de ser requerido como caso excepcional.";2025-03-20T13:38:34.04;2025-03-26T17:13:00;2025-04-10T10:53:23.343;7000000;"CLP";0;0
1080936-15-LE25;"ESCIPOL - ADQUISICIÓN DE PIOCHAS Y COLLERAS PARA ASPIRANTES";"POLICIA DE INVESTIGACIONES DE CHILE";"60.506.012-9";"Fondos Extrapresupuestarios Escipol";"Avda. Gladys Marin Nº 5783 (Ex Avda. Los Pajaritos";"Estación Central";"Región Metropolitana de Santiago";"LE";"Adjudicada";"La Entidad Licitante necesita adquirir piochas y colleras para los Aspirantes de los tres Subdepartamentos de Instrucción que permitan mantener la uniformidad requerida por esta Escuela de Formación en las diversas actividades internas, externas y protocolares";2025-02-28T10:36:54.267;2025-03-12T15:00:00;2025-04-10T10:45:51.123;12700000;"CLP";0;0
1671-5-LE25;"Arriendo de 01 camioneta pickup 4x4 con kit minero";"SUBSECRETARIA DE SALUD PUBLICA";"61.601.000-K";"Seremi de Salud III Región";"Chacabuco 681";"Copiapó";"Región de Atacama";"LE";"Adjudicada";"E1O2RT9  Arriendo de 01 camioneta pickup 4x4 con kit minero y antivuelco, para la Unidad de Salud Ocupacional de la SEREMI de Salud Atacama.";2025-03-21T12:29:44.243;2025-03-31T15:01:00;2025-04-10T10:45:57.78;;"CLP";0;0
2661-8-LP25;"CONSTRUCCIÓN INFRAESTRUCTURA SANITARIA SECTOR DUMESTRE";"ILUSTRE MUNICIPALIDAD DE NATALES";"69.250.100-4";"SECRETARIA DE PLANIFICACION";"CARLOS BORIES 398";"Puerto Natales";"Región de Magallanes y de la Antártica";"LP";"Adjudicada";"SE CONTEMPLA LA CONSTRUCCIÓN DE INFRAESTRUCTURA SANITARIA SECTOR DUMESTRE";2025-02-04T16:50:00;2025-03-05T12:00:00;2025-04-10T10:39:19.77;118643098;"CLP";0;0
2335-15-LE25;"MEDICAMENTOS PARA FARMACIA COMUNITARIA OP. 110";"I MUNICIPALIDAD DE LINARES";"69.130.301-2";"ADQUISICIONES SALUD";"VALENTIN LETELIER N° 587";"Linares";"Región del Maule";"LE";"Adjudicada";"LA COMPRA DE MEDICAMENTOS Y PRODUCTOS FARMACÉUTICOS PARA FARMACIA COMUNITARIA DEL DEPARTAMENTO COMUNAL DE SALUD, LINARES.";2025-03-11T16:55:30.66;2025-03-20T15:00:00;2025-04-10T10:39:12.3;;"CLP";0;0
4085-1-LQ25;"PROYECTO CONSERVACIÓN JARDIN INFAN. SUEÑOS MÁGICOS";"I MUNICIPALIDAD DE LONGAVI";"69.130.600-3";"Depto. de Secplan";"1 oriente #224";"Longaví";"Región del Maule";"LQ";"Adjudicada";"PROYECTO CONSERVACIÓN INFRAESTRUCTURA PARA EL ESTABLECIMIENTO VTF SALA CUNA Y JARDIN INFANTIL SUEÑOS MÁGICOS DEL SECTOR DE LA TERCERA, COMUNA DE LONGAVÍ. Según convenio entre la Junta nacional de Jardines Infantiles y la Ilustre Municipalidad de Longavi.";2025-01-10T16:48:24.523;2025-01-30T12:00:00;2025-04-10T10:32:21.213;170065768;"CLP";0;0
1064967-2-LE25;"SERVICIO DE MANTENIMIENTO DE COMPLEJO PISCINA TEMPERADA";"POLICIA DE INVESTIGACIONES DE CHILE";"60.506.000-5";"ESCIPOL  FISCAL";"Avda. Gladys Marin Nº 5783 (Ex Avda. Los Pajaritos";"Estación Central";"Región Metropolitana de Santiago";"LE";"Adjudicada";"Contar con el adecuado mantenimiento de todo el complejo de la piscina temperada de la Escuela de Investigaciones Policiales y los servicios relacionados con dichas especialidades técnicas, acorde a los requerimientos señalados en estas Bases, que permita su buen funcionamiento, continuidad operativa de los sistemas e higiene del recinto";2025-02-24T16:48:03.11;2025-03-14T15:00:00;2025-04-10T10:33:33.697;63700000;"CLP";0;0
608897-7-LE25;"DIFUSIÓN DEL PROGRAMA NACIONAL DE  CONSUMO Y PRODUCCIÓN SUSTENTABLES 2025-2030 Y PROPUESTA Y  ELABORACIÓN DEL PLAN DE ACCIÓN NACIONAL DE CONSUMO Y PRODUCCIÓN  SUSTENTABLES 2025-2027";"SUBSECRETARIA DEL MEDIO AMBIENTE";"61.979.930-5";"Subsecretaría del Medio Ambiente";"San Martín 73, piso 1";"Santiago";"Región Metropolitana de Santiago";"LE";"Adjudicada";"E102RT9 difusión del Programa Nacional de Consumo y Producción Sustentables (PNCPS)  2025-2030, y propuesta y elaboración del Plan de Acción Nacional de Consumo y Producción Sustentables (PANCPS) 2025-2027.";2025-03-11T11:54:35.83;2025-03-24T15:30:00;2025-04-10T10:31:06.797;15150000;"CLP";0;0
1057419-17-LE25;"Servicio de Mantención de aire acondicionado";"SERVICIO DE SALUD BIO BIO HOSPITAL SANTA BARBARA";"61.607.304-4";"Bienes y Servicios";"Salamanca S/N";"Santa Bárbara";"Región del Biobío";"LE";"Adjudicada";"Mediante la presente, se pretende proveer el abastecimiento mediante Convenio de suministros del servicio de mantención preventiva y reparativa de equipos de aire acondicionado del Hospital de la Familia y la comunidad de Santa Bárbara, según Solicitud de Adquisición N°46.056, emitida por la Unidad de Servicios Generales, Mantención y Movilización, por el periodo de 40 meses.";2025-03-21T13:48:12.697;2025-03-26T15:30:00;2025-04-10T10:47:08.46;;"CLP";0;0
4139-8-L125;"Contratación de Seguros para Vehículos Municipales";"I MUNICIPALIDAD DE PALMILLA";"69.091.000-4";"Adquisiciones";"Juan Guillermo Day S/N";"Palmilla";"Región del Libertador General Bernardo O´Higgins";"L1";"Adjudicada";"Se requiere contratar seguros para bus y camioneta Municipal. Ver Términos de Referencias.";2025-03-21T20:01:22.073;2025-03-27T15:00:00;2025-04-10T11:26:53.6;;"CLF";0;0
4083-44-LE24;"Adquisicion de Medicamentos Farmacia Municipal Cab";"I MUNICIPALIDAD DE CABRERO";"69.151.002-6";"Depto. De Salud";"Las Delicias 355 - Piso 3";"Cabrero";"Región del Biobío";"LE";"Adjudicada";"El objetivo de la presente licitación pública es la ADQUISICIÓN DE MEDICAMENTOS PARA FARMACIA MUNICIPAL DE CABRERO, Dependiente del Departamento de Salud de la Municipalidad de Cabrero, según Notas de Pedidos Nº 61, 62, 66, 67 y 68 del 30102024, de acuerdo a las Bases Administrativas, Bases Técnicas y los Anexos que regulan este proceso licitatorio.";2025-01-21T09:41:13.063;2025-01-31T12:14:00;2025-04-10T11:24:41.993;;"CLP";0;0
5737-8-LE25;"PRESTACIONES DE APOYO EN EL AREA DE OTORRINO";"JUNTA NACIONAL DE AUXILIO ESCOLAR Y BECA";"60.908.000-0";"Junaeb Región de Los Ríos";"Avenida Ramón Picarte 1840";"Valdivia";"Región de Los Ríos";"LE";"Adjudicada";"Servicio de prestaciones de apoyo en el área de Otorrinolaringología para el Programa de Servicios Médicos de la Dirección Regional Los Ríos, JUNAEB año 2025-2026-2027.";2025-03-19T08:03:44.647;2025-03-31T15:00:00;2025-04-10T11:26:07.99;;"CLP";0;0
4968-11-LP25;"PRENDAS ROPERÍA TEXTIL PABELLÓN Y PACIENTES";"HOSPITAL DE QUILPUE";"61.606.604-8";"HOSPITAL DE QUILPUE";"SAN MARTÍN 1270 - QUILPUÉ";"Quilpué";"Región de Valparaíso";"LP";"Adjudicada";"1.	Que, el Hospital de Quilpué requiere realizar un llamado a licitación pública para la suscripción de un “CONVENIO DE SUMINISTRO PRENDAS ROPERÍA TEXTIL PABELLÓN Y PACIENTES”, con el objetivo de cumplir y satisfacer debidamente la demanda asistencial que legalmente le ha sido encomendada, esto según requerimiento contenido Solicitud de Compra Nª13 de fecha 11 de Diciembre de 2024, de centro de costos Lavandería.";2025-02-14T13:24:15.113;2025-03-06T13:25:00;2025-04-10T11:26:12.52;;"CLP";0;0
4375-32-LE25;"CONVENIO SUMINISTRO INSUMOS UCI";"HOSPITAL GUILLERMO GRANT BENAVENTE DE CO";"61.602.189-3";"Abastecimiento General";"San Martín 1436 Concepcion";"Santiago";"Región del Biobío";"LE";"Adjudicada";"El HGGB requiere efectuar licitación pública para contar con un convenio suministro para adquirir Circuitos, mascarillas para resucitador, y brazaletes de presión para ser utilizados por Unidades UTI-UCI NEONATAL, URNI Y UTI PEDIATRICA  del HGGB y cubrir programación por 24 meses en Bodega Mat. Mantención.";2025-02-19T13:19:42.14;2025-03-03T17:00:00;2025-04-10T11:33:30.95;;"CLP";0;0
1040538-11-L125;"PARTICIPACIÓN DE LA REGIÓN DE ÑUBLE EN FERIA INTERNACIONAL DE TURISMO WTMLATAM 2025 EN SAO PAULO, BRASIL";"SERVICIO NACIONAL DE TURISMO";"60.704.000-1";"Dirección Regional de Ñuble";"Carrera 556";"Chillán";"Región del Ñuble";"L1";"Adjudicada";"PARTICIPACIÓN DE LA REGIÓN DE ÑUBLE EN FERIA INTERNACIONAL DE TURISMO WTMLATAM 2025 EN SAO PAULO, BRASIL, DE ACUERDO CON LO ESTABLECIDO EN LAS BASES DE LICITACIÓN ADJUNTAS";2025-03-31T09:31:59.59;2025-04-07T15:00:00;2025-04-10T10:58:32.687;6800000;"CLP";0;0
3337-1-LE25;"CONTRATACION DE SEGUROS DE CONTENIDO ESPECIFICO";"COMANDO DE APOYO A LA FUERZA";"61.101.032-K";"División de Salud  - DIVSAL";"Avenida Libertador B. Ohiggins Nº 1449, Torre 3, Piso 10.";"Santiago";"Región Metropolitana de Santiago";"LE";"Adjudicada";"1.	Que la División de Salud en su calidad de superior jerárquico de las Unidades dependientes, debe contratar un Seguro de contenido específico para equipamiento Médico y Dental, para las Instalaciones de Salud y el Edificio corporativo de la DIVSAL, a objeto resguardar el patrimonio fiscal";2025-03-10T16:35:00.753;2025-03-21T15:00:00;2025-04-10T11:20:04.67;22000000;"CLP";0;0
4856-12-LE25;"Adquisición de medicamentos e insumos Farmacia T.";"I MUNICIPALIDAD DE TIRUA";"69.160.700-3";"Salud";"Atahualpa N°220";"Tirúa";"Región del Biobío";"LE";"Adjudicada";"Adquisición de medicamentos e insumos para el Departamento de salud de Tirúa";2025-03-13T16:45:00.783;2025-03-24T16:30:00;2025-04-10T11:04:54.25;;"CLP";0;0
996-20-LE25;"ADQUISICION ASFALTO EMULSION CSS -1H Y EMULSION IMPRIMANTE DESTINADO A LA DELEGACION PROVINCIAL DEL LIMARI";"MINISTERIO DE OBRAS PUBLICAS DIREC CION GRAL DE OO PP DCYF";"61.202.000-0";"Dirección de Vialidad - IV Región - Dirección Regional";"Cirujano Videla # 200 piso 1";"La Serena";"Región de Coquimbo";"LE";"Adjudicada";"ADQUISICION ASFALTO EMULSION CSS -1H Y EMULSION IMPRIMANTE DESTINADO A LA DELEGACION PROVINCIAL DEL LIMARI Aprueba Bases Administrativas, Bases Técnicas y Anexos para la  Adquisición de asfalto emulsión CSS-1H y Emulsión imprimante asfáltica, Ruta D-707 Acceso Sur Agua Amarilla, Provincia de Limarí, ID 996-20-LE24";2025-03-12T15:57:45.707;2025-03-24T15:01:00;2025-04-10T11:21:20.27;34153000;"CLP";0;0
1660-36-L125;"COMPRA DE SERVICIO DE 01 PROFESIONALES ODONTÓLOGOS PARA EL HOSPITAL DE SALAMANCA, PARA APOYO A LA GESTIÓN DEL NIVEL PRIMARIO DE SALUD";"SERVICIO SALUD COQUIMBO HOSP DE SALAMANC";"61.606.408-8";"SERVICIO SALUD COQUIMBO HOSP DE SALAMANC";"AVDA. INFANTE N891";"Salamanca";"Región de Coquimbo";"L1";"Adjudicada";"COMPRA DE SERVICIO DE 01 PROFESIONALES ODONTÓLOGOS PARA EL HOSPITAL DE SALAMANCA, PARA APOYO A LA GESTIÓN DEL NIVEL PRIMARIO DE SALUD";2025-04-01T09:56:45.86;2025-04-08T15:00:00;2025-04-10T11:01:35.403;4400000;"CLP";0;0
2705-29-LE25;"ADQUISICIÓN  PLATAFORMA DE SECUENCIACIÓN NANOPORE";"UNIVERSIDAD DEL BIO BIO";"60.911.006-6";"Universidad del Bío-Bío - Campus Chillán";"Avenida Andrés Bello N°720";"Chillán";"Región del Ñuble";"LE";"Adjudicada";"Adquirir plataforma de secuenciación nanopore, para equipamiento cientifico y tecnologico UBB21991";2025-03-18T11:50:34.777;2025-03-28T20:00:00;2025-04-10T11:07:44.14;10000000;"CLP";0;0
2790-9-LE25;"ADQUISICIÓN E INSTALACIÓN DE MAMPARAS DIVISORIAS PARA EL RECINTO DEL DEPARTAMENTO DE SALUD DE PAINE";"I MUNICIPALIDAD DE PAINE";"69.072.600-9";"DEPARTAMENTO DE SALUD MUNICIPAL";"AVDA.  GENERAL BAQUEDANO # 490";"Paine";"Región Metropolitana de Santiago";"LE";"Adjudicada";"ADQUISICIÓN E INSTALACIÓN DE MAMPARAS DIVISORIAS PARA EL RECINTO DEL DEPARTAMENTO DE SALUD DE PAINE (DECRETO N°1161, 14.02.2025 AUTORIZA LLAMADO A LICITACION / SDP 41/2025)";2025-02-17T16:53:58.51;2025-02-27T15:01:00;2025-04-10T11:22:27.347;;"CLP";0;0
727202-7-LP25;"HAB. SISITEMAS DE ABASTECIMIENTO DE AGUA POTABLE";"I MUNICIPALIDAD DE VICUNA";"69.040.500-8";"Secplan";"San Martín N° 275, Vicuña";"Vicuña";"Región de Coquimbo";"LP";"Adjudicada";"El proyecto de habilitación de agua potable de emergencia para establecimientos educacionales en la comuna de vicuña, surge como respuesta a la escasez hídrica que va en constante aumento y los cortes de aguas recurrentes lo que afecta el correcto desarrollo de actividades y por consiguiente la suspensión de éstas.";2025-02-14T16:29:59.827;2025-03-06T15:00:00;2025-04-10T11:17:24.83;;"CLP";0;0
2467-48-LE25;"SERVICIO DE PRODUCCIÓN CUENTA PUBLICA GESTION 2024";"I MUNICIPALIDAD DE CHILLAN";"69.140.900-7";"IMUNI_CHILLAN ADQUISICIONES";"18 de Septiembre 510";"Chillán";"Región del Ñuble";"LE";"Adjudicada";"La I. Municipalidad de Chillán, requiere la contratación de una productora para el desarrollo del SERVICIO DE PRODUCCIÓN CUENTA PUBLICA GESTION 2024, CHILLÁN, el cual se llevará a cabo el día 30 de abril de 2025 a las 10:30 am en el Teatro Municipal de Chillán, evento para 700 personas, según especificaciones técnicas.";2025-03-27T09:46:15.74;2025-04-07T15:01:00;2025-04-10T11:19:08.2;;"CLP";0;0
4404-17-R125;"Segundo Llamado Contratación de servicio de transporte escolar para establecimientos educacionales de la Comuna de San Clemente año 2025-2026” SC 1383 DAEM.";"I MUNICIPALIDAD DE SAN CLEMENTE";"69.110.500-8";"DEPARTAMENTO EDUCACION MUNICIPALIDAD DE SAN CLEMENTE";"";"";"Región del Maule";"LP";"Adjudicada";"Segundo Llamado Contratación de servicio de transporte escolar para establecimientos educacionales de la Comuna de San Clemente año 2025-2026” SC 1383 DAEM.";2025-03-04T15:59:27.927;2025-03-24T15:01:00;2025-04-10T11:20:42.2;;"CLP";0;0
1233600-33-LE25;"MATERIAL FUNGIBLE PARA LOS JARDINES INFANTILES";"CORP MUNICIPAL DE RENCA";"70.931.100-K";"CORP MUNICIPAL DE RENCA";"Los Aromos 3339";"Renca";"Región Metropolitana de Santiago";"LE";"Adjudicada";"Se requiere la adquisición de material fungible, específicamente útiles escolares y artículos de papelería, para los jardines infantiles de la red municipal de la comuna de Renca, con el objetivo de garantizar el desarrollo de las actividades pedagógicas y administrativas. Esta medida busca proporcionar a los párvulos los insumos necesarios para su aprendizaje, favorecer un entorno educativo adecuado y cumplir con los estándares de calidad exigidos para la primera infancia, asegurando el óptimo funcionamiento de los espacios educativos y el apoyo a los procesos de enseñanza.";2025-03-12T13:17:58.697;2025-03-21T19:00:00;2025-04-10T11:23:51.28;30000000;"CLP";0;0
1057489-54-LE25;"un Convenio de Suministro de Guantes de Nitrilo para Anatomía Patológica 0.22 Ancho de Palma Largo por 36 meses para el Hospital del Salvador";"SERVICIO DE SALUD ORIENTE HOSPITAL DEL SALVADOR";"61.608.406-2";"Bienes y Servicios";"AV SALVADOR 364";"Providencia";"Región Metropolitana de Santiago";"LE";"Adjudicada";"Que, el Hospital del Salvador necesita contar con un Convenio de Suministro de Guantes de Nitrilo para Anatomía Patológica 0.22 Ancho de Palma Largo por 36 meses para el Hospital del Salvador con la finalidad de satisfacer de manera adecuada y eficiente la labor asistencial   Que, por la cuantía determinada, la presente licitación se ubica en el tramo para aquellas contrataciones iguales o superiores a 100 UTM e inferiores a 1.000 UTM, en conformidad al Artículo 36º del Reglamento de la Ley Nº19.886 Que, hechas las consultas respectivas, la provisión de Convenio de Suministro de Guantes de Nitrilo para Anatomía Patológica 0.22 Ancho de Palma Largo por 36 meses para el Hospital del Salvador no se encuentra disponible por Convenio Marco ofrecidos en el Sistema de Información de la Dirección de Compras, www.mercadopublico.cl";2025-01-30T09:50:26.293;2025-02-10T17:00:00;2025-04-10T11:20:09.017;43000000;"CLP";0;0
745915-5-LE25;"Adquisición del instrumento EVALUA";"CORP.MUNICIPAL GABRIEL GONZALEZ VIDELA DE LA SERENA";"70.892.100-9";"Área Administración Educación";"Ánima de Diego 550";"La Serena";"Región de Coquimbo";"LE";"Adjudicada";"El instrumento EVALUA se destaca como una herramienta integral para diagnosticar a los alumnos del programa de integración, ya que proporciona una evaluación precisa y equitativa de habilidades cognitivas, emocionales y sociales. Su enfoque multidimensional permite identificar las necesidades específicas de cada estudiante, facilitando así la planificación de intervenciones personalizadas. Además, EVALUA favorece la objetividad en la evaluación, garantizando una base sólida para la toma de decisiones educativas. Su capacidad para medir el progreso a lo largo del tiempo contribuye a un monitoreo continuo, asegurando un apoyo adecuado para el desarrollo integral de los alumnos en el programa de integración.";2025-03-11T17:14:54.13;2025-03-17T15:00:00;2025-04-10T11:15:01.153;15722994;"CLP";0;0
3929-114-LE24;"PLAN DE FORTALECIMIENTO DEL COMERCIO TRADICIONAL";"I MUNICIPALIDAD DE VINA DEL MAR";"69.061.000-0";"Secpla";"";"";"Región de Valparaíso";"LE";"Adjudicada";"Las presentes bases norman el proceso de la propuesta pública que efectúa la contratación del “Plan de fortalecimiento del comercio tradicional”.";2024-10-22T10:08:56.94;2024-11-14T09:00:00;2025-04-10T11:09:47.1;52704803;"CLP";0;0
1057489-83-LE25;"Convenio de Suministro de Alcohol Isopropílico 1 LT por 36 meses en el Hospital del Salvador";"SERVICIO DE SALUD ORIENTE HOSPITAL DEL SALVADOR";"61.608.406-2";"Bienes y Servicios";"AV SALVADOR 364";"Providencia";"Región Metropolitana de Santiago";"LE";"Adjudicada";"Que, el Hospital del Salvador necesita contar con un Convenio de Suministro de Alcohol Isopropílico 1 LT por 36 meses en el Hospital del Salvador con la finalidad de satisfacer de manera adecuada y eficiente la labor asistencial   Que, por la cuantía determinada, la presente licitación se ubica en el tramo para aquellas contrataciones iguales o superiores a 100 UTM e inferiores a 1.000 UTM, en conformidad al Artículo 36º del Reglamento de la Ley Nº19.886";2025-02-28T11:18:36.547;2025-03-10T16:00:00;2025-04-10T10:37:17.877;25000000;"CLP";0;0
2445-21-LE25;"MATERIAL DE IMPRENTA STOCK ANUAL";"I MUNICIPALIDAD DE CURICO";"69.100.100-8";"Salud - Adquisiciones";"VILLA SANTA ELENA S/N LOS NICHES";"Curicó";"Región del Maule";"LE";"Adjudicada";"LA NECESIDAD DE ADQUIRIR MATERIAL DE IMPRENTA STOCK ANUAL PARA BODEGA ECONOMATO";2025-02-28T16:47:48.103;2025-03-07T17:25:00;2025-04-10T10:23:29.843;25750000;"CLP";0;0
1116006-1-R125;"Servicio desratizacion y sanitizacion Ad. Tte. Vidal";"DIRECCION GENERAL DE AERONAUTICA CIVIL";"61.104.000-8";"RED SECUNDARIA Y PEQUEÑOS AD Z SUR BALMACEDA";"Aerodromo teniente vidal, s/n";"Coyhaique";"Región Aysén del General Carlos Ibáñez del Campo";"L1";"Adjudicada";"Se solicita el servicio de Sanitizacion y desratizacion para las dependencias del Aerodromo Teniente Vidal. Ciudad de Coyhaique. segun bases tecnicas y documentos adjuntos.";2025-03-12T17:02:34.39;2025-03-18T15:00:00;2025-04-10T10:22:22.4;;"CLP";0;0
418-11-LE25;"SISTEMA AUTOMATIZADO DE CONTACTABILIDAD A USUARIOS";"SERVICIO NACIONAL DE SALUD HOSPITAL DE PUERTO AYSEN";"61.602.279-2";"H Puerto Aysén";"Yuseff Laibe 180";"Aysén";"Región Aysén del General Carlos Ibáñez del Campo";"LE";"Adjudicada";"Automatizar sistema de contactabilidad de usuarios mediante dispositivo telefónico para reducir lista de espera y optimizar agenda del Hospital.";2025-03-13T15:11:58.413;2025-03-24T18:00:00;2025-04-10T10:29:10.297;;"CLP";0;0
564162-184-LR24;"Solic. 78677 - Servidores";"UNIVERSIDAD DE SANTIAGO DE CHILE";"60.911.000-7";"VICERRECTORIA DE INVESTIGACION Y DESARROLLO";"Avda. Libertador Bernardo O´Higgins N°3363, Comuna de Estación Central";"Estación Central";"Región Metropolitana de Santiago";"LR";"Adjudicada";"El departamento de física de la Universidad de Santiago de Chile busca expandir las capacidades actuales de cómputo de alto rendimiento para apoyar los desarrollos teóricos y experimentales de su comunidad investigadora y potenciar de esta manera a la Universidad.";2024-12-02T10:32:49.157;2025-01-02T15:01:00;2025-04-10T10:35:28.157;;"USD";0;0
608-45-LP25;"LPA ADQUISICIÓN DE ANTINEOPLÁSICOS Y OTROS";"HOSPITAL DR GUSTAVO FRICKE DE VINA DEL MAR";"61.606.602-1";"Hospital Dr. Gustavo Fricke";"ALVAREZ 1532";"Viña del Mar";"Región de Valparaíso";"LP";"Adjudicada";"Ver bases";2025-03-06T15:40:05.857;2025-03-27T14:00:00;2025-04-10T10:28:45.073;67186448;"CLP";0;0
2401-47-L125;"SUMINISTRO DE TORTAS CASERAS O DE PASTELERÍA";"I MUNICIPALIDAD DE RANCAGUA";"69.080.100-0";"SECCION ADQUISICIONES";"CALLE VIÑA DEL MAR 040";"Rancagua";"Región del Libertador General Bernardo O´Higgins";"L1";"Adjudicada";"Se necesita el suministro de tortas para cumplir sus programas de actividades que tienen como relevancia a las personas mayores de manera  de contar con diferentes tipos de tortas. E-237/2025. DIDECO. Personas Mayores.";2025-03-19T17:30:38.493;2025-03-26T15:00:00;2025-04-10T10:21:21.833;1900000;"CLP";0;0
2661-7-LP25;"CONSTRUCCION CASETAS SANITARIAS SECTOR SUR URBANO";"ILUSTRE MUNICIPALIDAD DE NATALES";"69.250.100-4";"SECRETARIA DE PLANIFICACION";"CARLOS BORIES 398";"Puerto Natales";"Región de Magallanes y de la Antártica";"LP";"Adjudicada";"SE CONTEMPLA LA CONSTRUCCION DE CASETAS SANITARIAS SECTOR SUR URBANO";2025-02-04T15:54:00;2025-03-04T12:00:00;2025-04-10T10:22:08.103;89310179;"CLP";0;0
712307-14-LE25;"Consultoría Apoyo Técnico Programa Barrios y PPL";"SERVICIO DE VIVIENDA Y URBANIZACION IX REGION";"61.821.000-6";"Licitaciones y Costos";"O'Higgins 830";"Temuco";"Región de la Araucanía";"LE";"Adjudicada";"Que es necesario contratar la “Consultoría Apoyo Técnico Revisión Proyectos Y Fiscalización Obras De Ejecución Municipal Programas Barrios Y Pequeñas Localidades Varias Comunas Región De La Araucanía requiriéndose la contratación de una consultoría externa para la prestación de servicios de apoyo para su desarrollo";2025-03-19T15:20:08.72;2025-04-02T13:59:00;2025-04-10T11:39:18.35;30400000;"CLP";0;0
608-187-LQ24;"MVE SUMINISTRO FILTROS Y ADAPTADORES PARA VM";"HOSPITAL DR GUSTAVO FRICKE DE VINA DEL MAR";"61.606.602-1";"Hospital Dr. Gustavo Fricke";"Alvarez 1532";"Viña del Mar";"Región de Valparaíso";"LQ";"Adjudicada";"Las presentes Bases norman el proceso de Licitación Pública, para lo cual el Hospital Dr. Gustavo Fricke, en su calidad de Mandante, hace un llamado para el  CONVENIO DE SUMINISTRO FILTROS Y ADAPTADORES PARA VM";2024-07-26T15:55:12.117;2024-08-16T17:00:00;2025-04-10T11:37:59.547;;"CLP";0;0
3085-14-LE25;"REPARACIÓN ESTRUCTURAL CAMBIO REVESTIMIENTO EXTERIOR VENTANAS TERMOPANEL CANALES Y BAJADAS DE AGUAS LLUVIAS PINTURA DE TERMINACIÓN 4 VIVIENDAS FISCALES ISLA QUIRIQUINA";"DIRECCION DE ABASTECIMIENTO DE LA ARMADA";"61.102.023-6";"DEPTO. DE BIENESTAR SOCIAL (T)";"JORGE MONTT 126 BASE NAVAL";"Talcahuano";"Región del Biobío";"LE";"Adjudicada";"REPARACIÓN ESTRUCTURAL, CAMBIO REVESTIMIENTO EXTERIOR, VENTANAS TERMOPANEL, CANALES Y BAJADAS DE AGUAS LLUVIAS PINTURA DE TERMINACIÓN 4 VIVIENDAS FISCALES ISLA QUIRIQUINA";2025-03-24T13:55:46.66;2025-04-03T18:50:00;2025-04-10T11:37:59.42;65113825;"CLP";0;0
2384-42-LQ24;"Mej.Esp.Público Rupanco Psje arauco y Psaje Rauco.";"I MUNICIPALIDAD DE CALAMA";"69.020.200-K";"SECPLAC";"VICUÑA MACKENNA 2001";"Calama";"Región de Antofagasta";"LQ";"Adjudicada";"Esta iniciativa consiste en el mejoramiento del espacio público ubicado en la Villa los Copihues, que en la actualidad se encuentra en mal estado de conservación y carece de sectores con iluminación. La intervención propuesta para este sitio corresponde a un área de aproximadamente 144 m2 y obedece a la construcción de un sombreadero que incluye iluminación, instalación de juegos infantiles, piso de caucho, mejoramiento de la pavimentación. Además, se considera este sector ubicado en lado poniente de la ciudad de Calama, donde se observa  preexistencias con un avanzado estado de deterioro producto de las condiciones climáticas y el paso de los años.";2024-10-30T14:45:16.153;2024-11-26T09:05:00;2025-04-10T11:37:54.94;;"CLP";0;0
1067455-29-L124;"Cápsulas audiovisuales informativas y educativas del Programa Educativo";"SUBSECRETARIA DE LA NIÑEZ";"62.000.420-0";"SUBSECRETARÍA DE LA NIÑEZ";"CATEDRAL 1575";"Santiago";"Región Metropolitana de Santiago";"L1";"Adjudicada";"Obtener el servicio de elaboración de Cápsulas audiovisuales informativas y educativas del Programa Educativo.";2024-12-04T16:52:59.46;2024-12-10T15:30:00;2025-04-10T11:35:23.813;6662800;"CLP";0;0
1080251-6-LE25;"SERVICIO DE RESTAURACIÓN BOSQUE NATIVO LAGO RANCO";"CORP NACIONAL FORESTAL";"61.313.000-4";"XIV Region - Oficina Provincial Ranco";"Arturo Prat 1194";"La Unión";"Región de Los Ríos";"LE";"Adjudicada";"SERVICIO DE RESTAURACIÓN DE BOSQUE NATIVO HABILITACIÓN, PREPARACIÓN DEL SITIO, PLANTACIÓN, FERTILIZACIÓN Y LIMPIA POST-PLANTACIÓN CONTROL DE ESPECIES EXÓTICA YO INVASORAS NO DESEADAS EN UN RODAL DE 20,0 HECTÁREAS, EN LA COMUNA DE LAGO RANCO ,PROVINCIA DEL RANCO,REGIÓN DE LOS RÍOS.";2025-03-26T09:28:58.677;2025-04-07T16:00:00;2025-04-10T11:36:53.22;;"CLP";0;0
4993-31-LE25;"ADQUISICION DE ARIDOS MUNICIPALIDAD DE CHOLCHOL.";"MUNICIPALIDAD DE CHOLCHOL";"69.265.000-k";"Secplan";"Perez N° 449";"Chol Chol";"Región de la Araucanía";"LE";"Adjudicada";"REGULAR EL PROCESO DE LICITACIÓN, EVALUACIÓN Y ADJUDICACIÓN , ENTRE OTROS, PARA LA PROPUESTA DE  ADQUISICION DE ARIDOS, MUNICIPALIDAD DE CHOLCHOL.  PARA CONTAR CON LOS SERVICIOS E INSUMOS NECESARIOS Y DAR RESPUESTA A LAS DISTINTAS NECESIDADES DE LA MUNICIPALIDAD DE CHOLCHOL.";2025-03-17T17:37:37.703;2025-03-24T15:05:00;2025-04-07T22:24:31.843;;"CLP";0;0
359-166-LE24;"ADQUISICIÓN VÍA SUMINISTRO DE INSUMOS CLÍNICOS 2 PLAN ANUAL 2025";"Instituto Nacional del Cancer";"61.608.404-6";"Inst Nacional del Cancer Adquisiciones";"Av. Profesor Zañartu 1010, Independencia";"Independencia";"Región Metropolitana de Santiago";"LE";"Adjudicada";"ADQUISICIÓN VÍA SUMINISTRO DE INSUMOS CLÍNICOS 2 PLAN ANUAL 2025";2024-12-18T10:51:42.88;2024-12-30T16:00:00;2025-04-07T17:02:29.767;;"CLP";0;0
359-19-LE25;"ADQUISICIÓN DE TOMA DE EXÁMENES DE DERIVACIÓN";"Instituto Nacional del Cancer";"61.608.404-6";"Inst Nacional del Cancer Adquisiciones";"Av. Profesor Zañartu 1010, Independencia";"Independencia";"Región Metropolitana de Santiago";"LE";"Adjudicada";"El Instituto Nacional del Cáncer, en adelante e indistintamente el “Instituto”, llama a licitación pública para la contratación ADQUISICIÓN DE TOMA DE EXÁMENES DE DERIVACIÓN DEL INSTITUTO NACIONAL DEL CANCER para pacientes del instituto nacional del cáncer, la cual se regulará por las presentes Bases. Los plazos señalados en la presente licitación se entenderán en día corridos, salvo que se señale lo contrario. El mandante de esta licitación es el Instituto Nacional del Cáncer, cuyo domicilio para todos los efectos legales de esta convocatoria es Avenida Profesor Zañartu Nº1010, comuna de Independencia, Santiago de Chile, representado por su Directora.";2025-02-04T09:04:51.37;2025-02-14T16:00:00;2025-04-07T17:02:07.977;;"CLP";0;0
3890-12-L125;"ADQ. SISTEMA DE GESTION DOC. ELECTR. MUNICIPALIDAD";"I MUNICIPALIDAD DE FREIRE";"69.190.900-K";"MUNICIPALIDAD DE FREIRE";"AVDA SCHLEYER N°336";"Freire";"Región de la Araucanía";"L1";"Adjudicada";"ADQUISICION SISTEMA DE GESTION DOCUMENTOS ELECTRONICOS PARA LA MUNICIPALIDAD DE FREIRE";2025-03-25T10:31:04.353;2025-04-01T16:00:00;2025-04-07T16:59:50.633;;"CLP";0;0
704093-79-O124;"LP 116-2024";"SERVICIO DE VIVIENDA Y URBANIZACION V REGION";"61.817.000-4";"OFICINA DE PROPUESTAS";"No hay dirección de Unidad de Compra disponible";"";"Región de Valparaíso";"O1";"Adjudicada";"LP 116-2024 PROYECTO DE NORMALIZACION INSTALACIONES ELECTRICAS OFICINAS SERVIU ENTREPISO –OF. DE PARTES, PISO 4, 5 y 12, VALPARAISO";2024-10-08T12:15:00;2024-10-24T09:01:00;2025-04-07T16:55:30.82;;"CLP";0;0
1057509-61-LE25;"CONVENIO PROVEEDURÍA DE SILLAS ERGONÓMICAS. mpv";"HOSPITAL CLINICO HERMINDA MARTIN";"61.607.001-0";"Bienes y Servicios";"Francisco Ramirez 10";"Chillán";"Región del Ñuble";"LE";"Adjudicada";"El Hospital Clínico Herminda Martín de Chillán llama a Licitación Pública a través del Portal Mercado Público, para el “CONVENIO PROVEEDURÍA DE SILLAS ERGONÓMICAS”, con el fin de renovar el equipamiento actual, lo que permitirá favorecer el bienestar biopsicosocial de las personas que trabajan en el Hospital. Por otra parte, también se pretende obtener la mejor calidad y oportunidad en los productos licitados a un precio conveniente";2025-03-05T17:54:00;2025-03-17T16:00:00;2025-04-07T16:42:49.56;24395000;"CLP";0;0
3572-8-LP25;"mej. integral  cementerio  indigena Mañio  Carahue";"I MUNICIPALIDAD DE CARAHUE";"69.190.500-4";"Secplac";"Villagran 240";"Carahue";"Región de la Araucanía";"LP";"Adjudicada";"contratación para la  ejecución  del proyecto mej. integral  cementerio  indígena Mañio  Carahue";2025-01-30T17:33:45.987;2025-02-19T11:10:00;2025-04-07T16:45:24.563;92172779;"CLP";0;0
552975-113-LP24;"SUMINISTRO DE PAÑALES APÓSITOS SABANILLAS Y T.";"CORP DE DESARROLLO SOCIAL DE PROVIDENCIA";"69.070.301-7";"CDSP";"Av. Eliodoro Yáñez 1947";"Providencia";"Región Metropolitana de Santiago";"LP";"Adjudicada";"La Corporación de Desarrollo Social de Providencia, en adelante la “CORPORACIÓN”, llama a licitación pública denominada: “SUMINISTRO DE PAÑALES ADULTOS, APÓSITOS, SABANILLAS Y TOALLAS HÚMEDAS ADULTOS”, para las farmacias solidarias de administración comunal a cargo de la Corporación de Desarrollo Social de Providencia.";2024-11-22T14:02:00;2024-12-16T15:01:00;2025-04-07T16:47:00;131558784;"CLP";0;0
2490-10-LE25;"“DESARROLLO DE ESPECIALIDADES MEJORAMIENTO PLAZA JORGE PRAT Y ENTORNO”.";"I MUNICIPALIDAD DE PROVIDENCIA";"69.070.300-9";"Dirección de Secpla";"Av. Pedro de Valdivia 963";"Providencia";"Región Metropolitana de Santiago";"LE";"Adjudicada";"La Municipalidad de Providencia requiere contratar la consultoría denominada “DESARROLLO DE ESPECIALIDADES MEJORAMIENTO PLAZA JORGE PRAT Y ENTORNO”. En el marco del plan de movilidad y espacio público de la comuna, se busca contratar una consultoría, destinada al desarrollo de las especialidades de ingeniería que complementarán los expedientes que permitirán a la Municipalidad de Providencia, encargar la ejecución de obras del proyecto de Mejoramiento Plaza Jorge Prat y las veredas que se extienden hacia el norte hasta la intersección de Pérez Valenzuela con Av. Andrés Bello.";2025-01-22T15:20:00;2025-02-20T15:30:00;2025-04-07T16:59:40.43;;"CLF";0;0
2129-2-LP25;"Construcción ruta de la memoria para la localidad de Ñipas comuna de Ránquil";"Ilustre Municipalidad de Ranquil";"69.150.300-3";"Ilustre Municipalidad de Ranquil";"Nicolas León 521";"Ranquil";"Región del Ñuble";"LP";"Adjudicada";"Construcción ruta de la memoria para la localidad de Ñipas, comuna de Ránquil";2025-01-23T17:12:00;2025-02-04T16:22:00;2025-04-07T16:32:08.403;;"CLP";0;0
1192360-1-LE25;"SERVICIO VIGILANCIA CARIRRIÑE 2025";"DELEGACIÓN PRESIDENCIAL REGIONAL DE LOS RÍOS";"61.978.950-4";"Pasos Fronterizos Delegación Presidencial Regional";"PICARTE 1448";"Pirque";"Región de Los Ríos";"LE";"Adjudicada";"El objeto de esta Licitación Pública es contar con un servicio de seguridad integral y de vigilancia a todo evento para el Complejo Fronterizo Carirriñe, con el fin de evitar los riesgos de robos, ingreso y salida del país de personas en forma ilegal informando a la Coordinación del Complejo Fronterizo y a Carabineros de Chile para que tomen acciones pertinentes  como así, de constituirse en un apoyo en el cuidado de los bienes, enseres, equipos y construcciones existentes en el Complejo.";2025-03-18T12:11:44.023;2025-03-28T16:36:00;2025-04-07T16:25:16.147;;"CLP";0;0
1197-13-LE25;"ROPA PRESENTACION Y COMPETICION JDE IND ATACAMA";"INSTITUTO NACIONAL DE DEPORTES DE CHILE";"61.107.000-4";"I.N.D. REGION III";"Av. Estadio Copayapu S/N.";"Copiapó";"Región de Atacama";"LE";"Adjudicada";"“CONVENIO SUMINISTRO PARA COMPRA DE INDUMENTARIA PRESENTACIÓN Y COMPETICIÓN PARA ETAPA NACIONAL JUEGOS DEPORTIVOS ESCOLARES 2025, COMPONENTE COMPETENCIA ESCOLAR, INSTITUTO NACIONAL DE DEPORTES REGIÓN DE ATACAMA” SEGUN PAC 2025";2025-03-18T17:09:28.867;2025-03-28T17:44:00;2025-04-07T16:29:37.083;22000000;"CLP";0;0
1057509-60-LE25;"DOCENCIA PARA CURSOS DE CAPACITACION";"HOSPITAL CLINICO HERMINDA MARTIN";"61.607.001-0";"Bienes y Servicios";"Francisco Ramirez N°10";"Chillán";"Región del Ñuble";"LE";"Adjudicada";"Según Bases Administrativas Adjuntas.";2025-02-24T17:39:30.643;2025-03-03T15:01:00;2025-04-07T16:22:16.703;;"CLP";0;0
2307-10-LE25;"ADQUISICION DISPOSITIVOS MEDICOS Y APOSITOS AVANZADOS PARA ESTABLECIMIENTOS DE SALUD REQ. 2274";"I MUNICIPALIDAD DE OSORNO";"69.210.100-6";"IMUNI_OSORNO DEPTO  SALUD";"JUAN MACKENNA # 851";"Osorno";"Región de los Lagos";"LE";"Adjudicada";"La Ilustre Municipalidad de Osorno a través del Departamento de Salud requiere adquirir Dispositivos Médicos y Apósitos Avanzados para establecimientos de salud dependientes del Departamento de Salud- Ilustre Municipalidad de Osorno, según requerimiento N° 2274.";2025-03-04T11:42:08.76;2025-03-10T15:00:00;2025-04-07T16:20:07.61;18806760;"CLP";0;0
1909-6-LE25;"Adquisición de canalizadores para ciclovía";"MINISTERIO DE OBRAS PUBLICAS DIREC CION GRAL DE OO PP DCYF";"61.202.000-0";"Dirección de Vialidad - RM - Provincia de Cordillera";"Eyzaguirre 5335";"Puente Alto";"Región Metropolitana de Santiago";"LE";"Adjudicada";"Adquisición de 1.100 Canalizadores para ciclovía “Tipo Zebra 9” y todos los elementos para su fijación Pernos, tuercas y golillas, para ser utilizadas en obras de conservación por administración Directa en los Caminos de la Red Vial Provincial, Provincia Cordillera, Región Metropolitana.";2025-03-20T11:52:08.953;2025-03-31T15:00:00;2025-04-07T15:52:13.653;;"CLP";0;0
2289-10-LE25;"SERVICIOS PROFESIONALES PROYECTO HABITAB 2024";"I MUNICIPALIDAD DE FRUTILLAR";"69.220.700-9";"MUNICIPALIDAD DE FRUTILLAR";"AVDA. ALESSANDRI S/N FRENTE A PLAZA FRUTILLAR ALTO";"Frutillar";"Región de los Lagos";"LE";"Adjudicada";"PROVIENES DE LICITACIÓN PÚBLICA";2025-03-14T15:26:09.23;2025-03-24T15:01:00;2025-04-07T15:56:20.17;33180000;"CLP";0;0
2018-1-LE25;"Desratización  desinfección sanitización";"DIRECCION GENERAL DE AERONAUTICA CIVIL";"61.104.000-8";"UNIDAD DE COMPRA DASA";"";"";"Región Metropolitana de Santiago";"LE";"Adjudicada";"servicio desratización, desinfección, sanitización, desinsectación y/o fumigación para el Complejo Aeronáutica sede San Pablo, Cerro Colorado del DASA y Escuela Técnica Aeronáutica sede la DGAC";2025-02-28T12:32:36.553;2025-03-17T15:01:00;2025-04-07T15:45:38.34;18770000;"CLP";0;0
3197-1-LE25;"MANTENIMIENTO ENEFISYS ALCAMAR LENNOX PICTON SNIPE Y TIMBALES";"DIRECCION DE ABASTECIMIENTO DE LA ARMADA";"61.962.600-1";"GOBERNACION MARITIMA DE PUERTO WILLIAMS";"AVDA. MIRAMAR 102";"Cabo de Hornos";"Región de Magallanes y de la Antártica";"LE";"Adjudicada";"MANTENIMIENTO ENEFISYS ALCAMAR LENNOX, PICTON, SNIPE Y TIMBALES";2025-03-20T17:11:37.143;2025-03-31T15:00:00;2025-04-07T15:22:03.397;28800708;"CLP";0;0
5552-3-LE25;"PAUSAS SALUDABLES A TRABAJADORES ADHERIDOS AL ISL";"INSTITUTO DE SEGURIDAD LABORAL";"61.533.000-0";"ISL Región de Atacama";"Atacama 443, 1º piso";"Copiapó";"Región de Atacama";"LE";"Adjudicada";"SE REQUIERE CONTRATAR SESIONES DE PAUSAS SALUDABLES SALUDABLES DIRIGIDOS A TRABAJADORES DE EMPRESAS ADHERIDAS AL ISL REGIÓN DE ATACAMA.E1O2RT9";2025-02-27T10:35:00.87;2025-03-10T15:10:00;2025-04-07T15:21:40.537;;"CLP";0;0
1359-6-LE25;"ADQUISICION DE  140 M3 MEZCLA SFALTICA";"MINISTERIO DE OBRAS PUBLICAS DIREC CION GRAL DE OO PP DCYF";"61.202.000-0";"Dirección de Vialidad - RM - Provincia de Maipo";"Freire 148";"San Bernardo";"Región Metropolitana de Santiago";"LE";"Adjudicada";"“Suministro y transporte de 140 M3 de mezcla asfáltica en caliente para obras de conservación por administración directa en Camino Santa Teresa, Comuna de San Bernardo y los diferentes caminos pertenecientes a la Red Vial de la Provincia  de Maipo, Región Metropolitana”";2025-03-14T11:48:59.153;2025-03-26T18:46:00;2025-04-07T15:16:33.263;;"CLP";0;0
5552-4-LE25;"EVALUACIONES CUANTITATIVAS SILICES";"INSTITUTO DE SEGURIDAD LABORAL";"61.533.000-0";"ISL Región de Atacama";"Atacama 443, 1º piso";"Copiapó";"Región de Atacama";"LE";"Adjudicada";"REALIZAR EVALUACIONES AMBIENTALES DE AGENTES QUIMICOS EN ENTIDADES EMPLEADORAS ADHERIDAS AL INSTITUTO DE SEGURIDAD LABORAL REGIÓN DE ATACAMA.E1O2RT9";2025-02-28T14:24:06.233;2025-03-10T15:00:00;2025-04-07T15:22:08.703;;"CLP";0;0
1230872-10-LE25;"SUMINISTRO DE SERVICIO DE MANTENCIÓN DE VEHÍCULOS";"Corporación Municipal de Desarrollo Productivo y Turismo de Molina";"65.114.043-9";"Corporación Municipal de Desarrollo Productivo y T";"Interior Plaza de armas sin número";"Molina";"Región del Maule";"LE";"Adjudicada";"Se necesita contratar para los recintos de la Corporación el servicio de suministro de mantención, reparación y toda clase de insumos que pudiera solicitar la unidad técnica para la mantención de los recintos administrados por la Corporación. Se indica que solo se evaluarán las ofertas que cumplan con los requisitos técnicos mínimos establecidos en las presentes Especificaciones Técnicas, de lo contrario la oferta será desestimada. Además, es necesario incluir en este servicio, los vehículos adquiridos por la Corporación con posterioridad a la adjudicación del proyecto y durante el período de vigencia de esta licitación.";2025-03-28T12:58:57.61;2025-04-02T13:00:00;2025-04-07T15:15:11.08;;"CLP";0;0
948806-13-LE25;"ADQUISICIÓN DE KIT DE SISTEMA PARA FRACTURA DE TIBIA DISTAL EN MODALIDAD DE CONSIGNACIÓN EN TRÁNSITO POR SISTEMA DE SUMINISTRO PARA EL HOSPITAL DIPRECA";"FONDO HOSPITAL DE LA DIRECCION DE PREVISION DE CARABINEROS DE CHILE";"61.513.003-6";"Unidad de Compra Insumos en Consignación";"Av. Vital Apoquindo Nº1200";"Las Condes";"Región Metropolitana de Santiago";"LE";"Adjudicada";"El Hospital de la Dirección de Previsión de Carabineros de Chile, ubicado en Vital Apoquindo N°1.200, Comuna de Las Condes, Región Metropolitana, en adelante “EL HOSPITAL”, llama a licitación pública para la Adquisición de Kit de Sistema para Fractura de Tibia Distal en Modalidad de Consignación en Tránsito, por Sistema de Suministro, en adelante “LOS INSUMOS”, para un periodo de 36 meses o hasta que se consuma la totalidad del monto contratado, según lo que primero ocurra, para el referido Centro Asistencial, cuyas características y requisitos técnicos constan en las Bases Administrativas y Técnicas de esta licitación con sus respectivos anexos.";2025-03-03T14:03:48.397;2025-03-10T16:00:00;2025-04-07T15:06:02.517;67000000;"CLP";0;0
1065268-4-LE25;"RECARGA DE OXIGENO PARA SAMU BIOBIO";"CENTRO DE ESPECIALIDAD  DE ATENCION PREHOSPITALARIA SAMU BIO BIO";"61.999.260-1";"CENTRO DE ESPECIALIDAD DE ATENCIÓN PREHOSPITALARIA";"AVDA RICARDO VICUÑA 147 EDIFICIO 7 , 4° PISO";"Los Angeles";"Región del Biobío";"LE";"Adjudicada";"CONTRA CON UN SUMINISTRO DE RECARGAS DE OXIGENO Y ARRIENDO DE CILINDROS  PARA SAMU BIOBIO";2025-03-04T17:08:00;2025-03-13T18:17:00;2025-04-07T15:08:44.82;30000000;"CLP";0;0
525800-1-LE25;"INSUMOS CLINICOS NP 70 Y 71";"I MUNICIPALIDAD DE SAN FELIPE";"69.050.600-9";"Cesfam Segismundo Iturra Taito";"AVENIDA MIRAFLORES 1317";"San Felipe";"Región de Valparaíso";"LE";"Adjudicada";"EL CESFAM SEGISMUNDO ITURRA TAITO REQUIERE ADQUIRIR LA COMPRA DE INSUMOS CLINICOS PUESTOS EN BODEGA, DE ACUERDO A LO INDICADO EN ESPECIFICACIONES TECNICAS Y ADMINISTRATIVAS ADJUNTAS.  SE DEBERA SUBIR ANEXOS OBLIGATORIOS A LA OFERTA EN FORMA COMPLETA.";2025-02-21T16:25:02.23;2025-03-03T15:30:00;2025-04-07T14:46:47.08;18544187;"CLP";0;0
5067-35-L125;"Servicio de mantención para equipos de refrigeración y aires acondicionados - CDP 82295 CC 035";"UNIVERSIDAD DE SANTIAGO DE CHILE";"60.911.000-7";"Universidad de Santiago de Chile";"Avenida Isidoro Dubournais N° 1589,";"El Quisco";"Región de Valparaíso";"L1";"Adjudicada";"Se requiere contratar un servicio de mantención para equipos de refrigeración y aires acondicionados";2025-03-20T15:42:00;2025-04-01T15:00:00;2025-04-07T15:15:49.08;2700000;"CLP";0;0
4055-8-LE25;"ADQUISICION DE INSUMOS PARA CENTRO MEDICO";"I MUNICIPALIDAD DE YUMBEL";"69.150.900-1";"Municipalidad de Yumbel";"OHIGGINS N° 851 YUMBEL";"Yumbel";"Región del Biobío";"LE";"Adjudicada";"SE REQUIERE LA ADQUISICION DE INSUMOS PARA EL CENTRO MÉDICO VETERINARIO MUNICIPAL DE LA COMUNA DE YUMBEL, SEGÚN DETALLE INDICADO EN CLAUSULA 14.-";2025-03-26T12:46:06.797;2025-04-03T12:00:00;2025-04-07T14:37:02.243;21730000;"CLP";0;0
1626-2-L125;"Convenio suministro de trabajos menores";"Hospital de Lolol";"61.602.150-8";"Hospital de Lolol";"Los Alerces 35, Lolol";"Lolol";"Región del Libertador General Bernardo O´Higgins";"L1";"Adjudicada";"Convenio suministro de trabajos menores para reposición, reparación, mantención y/o construcción de las distintas dependencias del establecimiento";2025-01-16T16:42:06.667;2025-01-23T15:00:00;2025-04-07T14:42:40.007;2697000;"CLP";0;0
3310-2-LE25;"FIDAE004 SVCIO. DE PERFORACION Y HABILITACIÓN POZO";"FUERZA AEREA DE CHILE COMANDO LOGISTICO";"61.103.034-7";"Feria Internacional del Aire y del Espacio";"Diego Barros Ortiz S/N interior Aeropuerto A.M.B.";"Pudahuel";"Región Metropolitana de Santiago";"LE";"Adjudicada";"Servicio de perforación y habilitación de pozo profundo de respaldo, según bases técnicas y visita en terreno";2025-03-07T22:05:33.13;2025-03-21T12:00:00;2025-04-07T14:36:55.25;50000000;"CLP";0;0
1116006-2-L125;"Servicio movilizacion Aerodromo Teniente Vidal";"DIRECCION GENERAL DE AERONAUTICA CIVIL";"61.104.000-8";"RED SECUNDARIA Y PEQUEÑOS AD Z SUR BALMACEDA";"Aerodromo teniente vidal, s/n";"Coyhaique";"Región Aysén del General Carlos Ibáñez del Campo";"L1";"Adjudicada";"Servicio movilizacion extensiones de servicios del Aerodromo Teniente Vidal";2025-03-24T18:14:15.373;2025-03-31T15:00:00;2025-04-07T13:58:05.607;5445000;"CLP";0;0
3510-36-L125;"CONTRATACIÓN TRANSP. ALUMNOS ESC. SAN RAFAEL";"I MUNICIPALIDAD DE CALBUCO";"69.220.601-0";"Departamento de Educacion";"Galvarino Riveros N116";"Calbuco";"Región de los Lagos";"L1";"Adjudicada";"CONTRATACIÓN TRANSPORTE ESCOLAR ALUMNOS ESCUELA SAN RAFAEL : RUTA SALIDA ALUMNOS A LAS 15:40 HRS. CANAL QUIHUA.";2025-03-27T14:04:21.823;2025-04-02T15:40:00;2025-04-07T13:31:42.63;;"CLP";0;0
1080289-2-LE25;"ADQUISICIÓN DE EQUIPOS MENORES PROG. VPM AYSÉN";"SUBSECRETARIA DE SALUD PUBLICA";"61.601.000-k";"Adm Fondos o Fondos Extrapresupuestarios Aysén";"Carrera N°257,4to piso";"Coyhaique";"Región Aysén del General Carlos Ibáñez del Campo";"LE";"Adjudicada";"Adquirir de equipos menores necesario para desarrollar y validar las técnicas analíticas del Proyecto FNDR denominado: PREVENCIÓN COMPARACIÓN 2 TÉCNICAS ANALÍTICAS VS BIOENSAYO PARA DETERMINACIÓN VPM EN AYSÉN, Código BIP: 40060791-0.";2025-03-06T15:26:39.837;2025-03-18T16:00:00;2025-04-07T13:31:08.103;10210000;"CLP";0;0
2395-10-L125;"FP Verapamilo - Tramadol - MiconazolTinidazol - Irbesartan - Vildagliptina";"I MUNICIPALIDAD PEDRO AGUIRRE CERDA";"69.254.900-7";"DIRECCION DE SALUD";"CLOTARIO BLEST  2650";"Pedro Aguirre Cerda";"Región Metropolitana de Santiago";"L1";"Adjudicada";"COMPRAR MEDICAMENTOS A PACIENTES INSCRITOS EN LA FARMACIA POPULAR EN LA COMUNA DE PEDRO AGUIRRE CERDA. DESPACHAR A AV. CLOTARIO BLEST 6035 FARMACIA POPULAR, HORARIOS DE 8 A 13 HRS Y DE 15 A 16.30 HRS INTERIOR CENTRO DE SALUD VILLA SUR";2025-03-17T10:22:16.98;2025-03-24T15:00:00;2025-04-07T13:30:12.637;;"CLP";0;0
1216085-36-LE25;"MANTENCION DE EQUIPOS OFTALMOLOGICOS";"CORP MUNICIPAL PARA EL DESARROLLO SOCIAL";"70.983.600-5";"Adquisiciones";"QUINTA 032 VILLA ALEMANA ,(direccion de salud) cesfam villa alemana";"Villa Alemana";"Región de Valparaíso";"LE";"Adjudicada";"El objeto la licitación es la contratación del servicio de mantenimiento preventivo y correctivo de diferentes tipos de equipos oftalmológicos de los centros atención primaria de salud a cargo de la CMVA, según los requerimientos y condiciones establecidos en las bases técnicas de la licitación.  Líneas ofertadas:  LÍNEA  	EQUIPO	MODELO	MARCA	N° DE SERIE 1 	AUTOREFRACTOR-QUERATOMETRO 	TRK-2P	TOPCON 	5280212 	CÁMARA RETINAL 	TRC NW8 	TOPCON 	Z830705 2	PAQUIMETRO	SP 100	TOMEY	916,911 3	LENSOMETRO COMPUTARIZADO 	TW-8090ª	-	17061230 	LAMPARA DE HENDIDURA 	S260	MEDIWORKS 	261-J201701227-0-0000000000001 	LAMPARA DE HENDIDURA 	S390L WDR	MEDIWORKS 	IBD393-J20210525 	PROYECTOR OPTOTIPOS	TW660A	TOWOO	SN 	PROYECTOR OPTOTIPOS	TW660A	TOWOO	SN 	PROYECTOR OPTOTIPOS	TW660A	TOWOO	SN 	TONOMETRO U OTROS EQUIPOS MENORES  	-	-	- 4 	ANALIZADOR DE CAMPO 	HFA 830	ZEISS	830-16257 	ESCANER OCT	CIRRUS PHOTO 800	ZEISS	1145898";2025-03-06T15:22:52.117;2025-03-17T17:00:00;2025-04-07T13:26:43.87;18894886;"CLP";0;0
3447-295-LE24;"Profesional Médico Veterinario";"MUNICIPALIDAD DE ALTO HOSPICIO";"69.265.100-6";"Direccion de Administracion y Finanzas";"Av. Ramón Pérez Opazo N° 3125 Alto Hospicio";"Alto Hospicio";"Región de Tarapacá";"LE";"Adjudicada";"Art. 4º	La Municipalidad de Alto Hospicio requiere contratar Un (1) Profesional Médico Veterinario, con perfil de Medioambientalista para el Programa “SANEAMIENTO CONTROL DE PLAGAS SECTOR EX VERTEDERO ALTO MOLLE, COMUNA ALTO HOSPICIO”, Código BIP 40029133-0. Lo anterior teniendo, presente las condiciones y características dispuestas en las presentes bases administrativas y técnicas.";2024-11-29T15:28:33.377;2024-12-10T12:00:00;2025-04-07T13:26:06.05;;"CLP";0;0
733913-16-LR25;"PROYECTO DE CONSERVACION ESCUELA REP. DEl ECUADOR";"I MUNICIPALIDAD DE EL MONTE";"69.073.000-6";"SECPLAN";"Av. Los Libertadores #277";"El Monte";"Región Metropolitana de Santiago";"LR";"Adjudicada";"La necesidad de ejecutar el proyecto de la Escuela República del Ecuador RBD: 10736-0, comuna de El Monte, para la conservación del Establecimiento Educacional Max Berrú Carrión.-";2025-02-07T17:54:58.32;2025-03-10T15:11:00;2025-04-07T13:13:47.347;363353662;"CLP";0;0
229-46-L125;"ADQUISICION DE NUEVO FORMATO DE LICENCIA DE CONDUCIR DIGITAL";"I MUNICIPALIDAD DE COIHUECO";"69.141.100-1";"Departamento de Administración y Finanzas";"A. PRAT 1675";"Coihueco";"Región del Ñuble";"L1";"Adjudicada";"Se requiere adquirir los formularios o facsímil de la nueva licencia de conducir digital que será implementada en la comuna desde el mes de mayo 2025, incorporando progresivamente su cambio con aquellos usuarios que efectúen solicitudes de nuevas licencias o controles en la comuna.";2025-03-11T16:47:00;2025-03-18T18:40:00;2025-04-07T12:45:52.757;6000000;"CLP";0;0
4726-1-LP25;"Instalación de luminarias campus Macul";"UNIVERSIDAD METROPOLITANA DE CIENCIAS DE LA EDUCACION";"60.910.047-8";"UNIVERSIDAD METROPOLITANA DE CIENCIAS DE LA EDUCAC";"Av. Jose Pedro Alessandri 774";"Ñuñoa";"Región Metropolitana de Santiago";"LP";"Adjudicada";"El objeto de los trabajos tiene por finalidad la instalación de luminarias solares sobre poste metálico y luminarias LED públicas en postes existentes del campus Macul de la Universidad. Las obras a ejecutar deberán cumplir con la normativa eléctrica referida en los Pliegos RIC, que establece la Superintendencia de Electricidad y Combustibles SEC.";2025-01-29T18:17:49.753;2025-02-18T17:00:00;2025-04-07T12:42:32.87;;"CLP";0;0
2760-125-LP24;"PORTICOS Y CAMARAS CAPTADORAS DE PATENTE VEHICULAR";"I MUNICIPALIDAD DE CORONEL";"69.151.200-2";"SECRETARIA COMUNAL DE PLANIFICACION";"BANNEN 70, CORONEL";"Coronel";"Región del Biobío";"LP";"Adjudicada";"PORTICOS Y CAMARAS CAPTADORAS DE PATENTE VEHICULAR";2024-10-10T15:36:00;2024-11-08T15:00:00;2025-04-07T12:41:41.637;74700000;"CLP";0;0
1626-1-L125;"Convenio suministro de insumos ferreteros";"Hospital de Lolol";"61.602.150-8";"Hospital de Lolol";"Los Alerces 35, Lolol";"Lolol";"Región del Libertador General Bernardo O´Higgins";"L1";"Adjudicada";"Venta de insumos de plomería, gasfitería, carpintería, jardinería, agrícola, seguridad, electricidad, pinturas, herrería, herramientas, fijación, mecánica entre otros.";2025-01-16T16:09:58.877;2025-01-23T15:00:00;2025-04-07T12:41:04.697;2697000;"CLP";0;0
4113-22-LE25;"CON.SUMINISTRO SERVICIO MOVILIZACION EN FURGON";"ILUSTRE MUNICIPALIDAD MELIPEUCO";"70.766.500-9";"Finanzas";"PEDRO AGUIRRE CERDA	  14";"Melipeuco";"Región de la Araucanía";"LE";"Adjudicada";"LA MUNICIPALIDAD DE MELIPEUCO REQUIERE HACER LLAMADO A PROPUESTA PUBLICA PRA CONVENIO DE SUMINISTRO SERVICIO DE MOVILIZACION EN FURGON AÑO 2025, PARA MUNICIPALIDAD Y DEPARTAMENTO DE SALUD MUNICIPAL";2025-03-18T12:16:00;2025-04-01T10:00:00;2025-04-07T13:04:59.95;;"CLP";0;0
867990-248-L124;"ADQUISICIÓN DE EQUIPOS COMPUTACIONALES  - CDP 80247 CC 102";"UNIVERSIDAD DE SANTIAGO DE CHILE";"60.911.000-7";"Unidad de Coordinación Institucional - UCI";"Av. El Belloto N°3580, Estación Central";"Estación Central";"Región Metropolitana de Santiago";"L1";"Adjudicada";"Compra de PC Armado y Notebooks para ser utilizado en la edición y diseño de material audiovisual, videos, etc. CDP 80247 CC 102";2024-11-22T15:14:52.877;2024-11-29T15:00:00;2025-04-07T12:19:42.477;5245970;"CLP";0;0
1070620-33-LP25;"SSC INSUMOS PARA ANALISIS DE VIRUS RESPIRATORIOS";"HOSPITAL DOCTOR ERNESTO TORRES GALDAMES";"62.000.530-4";"Hospital Dr. Ernesto Torres Galdames";"Av. Héroes de la Concepción 502";"Iquique";"Región de Tarapacá";"LP";"Adjudicada";"Que, la necesidad u objetivo de la presente  se sustenta en contar con los bienes necesarios para el adecuado funcionamiento y atenciones diarias a pacientes hospitalizados, ambulatorios y de urgencia que necesitan análisis de virus respiratorios, tales como: SARS CoV 2, Influenza A, Influenza B, Virus Respiratorio Sincicial, Metapneumovirus, Rinovirus, Adenovirus y Parainfluenza.";2025-02-19T08:05:05.213;2025-03-11T15:00:00;2025-04-07T12:17:18.177;;"CLP";0;0
4883-9-LE25;"servicio de traslado Centro CECREA La Ligua";"SUBSECRETARÍA DE LAS CULTURAS Y LAS ARTES";"65.523.750-k";"Consejo Regional de la Cultura y las Artes Valparaíso";"";"";"Región de Valparaíso";"LE";"Adjudicada";"servicio de traslado de niños, niñas, jóvenes y adultos hacia y desde La Ligua para diferentes puntos de la provincia de Petorca, Valparaíso yo Santiago para actividades  del Centro de Creación de La Ligua, 2025.";2025-03-07T13:46:40.87;2025-03-24T15:19:00;2025-04-07T12:15:26.437;;"CLP";0;0
996-15-LE25;"Polvo roca sector Tabalí Vialidad Limarí";"MINISTERIO DE OBRAS PUBLICAS DIREC CION GRAL DE OO PP DCYF";"61.202.000-0";"Dirección de Vialidad - IV Región - Dirección Regional";"Cirujano Videla # 200 piso 1";"La Serena";"Región de Coquimbo";"LE";"Adjudicada";"Para trabajos de conservación";2025-02-28T15:32:53.347;2025-03-11T15:00:00;2025-04-07T12:33:47.953;10512000;"CLP";0;0
2013-35-LE24;"CONTRATACION SERVICIO RETIRO REAS";"UNIVERSIDAD ARTURO PRAT";"70.777.500-9";"UNIVERSIDAD ARTURO PRAT SEDE IQUIQUE";"Pedro Aguirre Cerda 1947";"Iquique";"Región de Tarapacá";"LE";"Adjudicada";"La Universidad Arturo Prat en adelante también UNAP o la Universidad invita a todos los proveedores habilitados para contratar con el Estado a participar en la licitación pública denominada “CONTRATACION DE SERVICIO DE RETIROS, TRANSPORTE, TRATAMIENTO Y DISPOSICIÓN FINAL DE RESIDUOS REAS DE LAS DEPENDENCIAS DE LA UNIVERSIDAD ARTURO PRAT – IQUIQUE”. Esta tiene por objeto convocar a los proveedores que suministren los bienes o servicios materia de la presente licitación para ser destinados a la Universidad Arturo Prat, de acuerdo a lo dispuesto en las respectivas bases técnicas.";2024-11-13T15:26:10.207;2024-11-25T19:00:00;2025-04-07T11:53:27.27;;"CLP";0;0
1626-3-L125;"Convenio suministro de frutas, verduras, huevos y congelados.";"Hospital de Lolol";"61.602.150-8";"Hospital de Lolol";"Los Alerces 35, Lolol";"Lolol";"Región del Libertador General Bernardo O´Higgins";"L1";"Adjudicada";"Convenio suministro de frutas, verduras, huevos y congelados. Necesario para la confección de raciones alimentarias destinadas a pacientes hospitalizados del Hospital de Lolol.";2025-03-04T15:09:43.263;2025-03-11T14:00:00;2025-04-07T11:50:25.19;2697000;"CLP";0;0
5349-17-L125;"ADQUISICION DE AGUA DESTILADA BIDÓN 5LTS";"HOSPITAL PROVINCIAL   DEL HUASCO MSR FERNANDO ARIZTIA RUIZ";"61.606.303-0";"Adquisiciones No Clinicas";"Sin direccion";"Las Condes";"Región Metropolitana de Santiago";"L1";"Adjudicada";"ADQUISICION DE AGUA DESTILADA BIDÓN 5LTS";2025-03-14T14:52:14.777;2025-03-24T15:00:00;2025-04-07T11:47:30.563;3570400;"CLP";0;0
2360-11-L125;"ADQUISICIÓN DE INSUMOS Y MATERIALES QUIRURGICOS";"I MUNICIPALIDAD DE TALCAHUANO";"69.150.800-5";"DISAM";"BULNES N° 266 TALCAHUANO CENTRO";"Talcahuano";"Región del Biobío";"L1";"Adjudicada";"LA NECESIDAD DE ADQUIRIR INSUMOS Y MATERIALES QUIRURGICOS";2025-03-13T16:16:28.67;2025-03-20T10:00:00;2025-04-07T11:45:30.707;;"CLP";0;0
2483-10-LE25;"ADQUISICIÓN DE 5 CARPAS IGLÚ PROMOCIONAL PUBLICITARIAS PARA ACTIVIDADES DE ALCALDÍA EN TERRENO";"I MUNICIPALIDAD DE QUILICURA";"69.071.300-4";"DEPARTAMENTO COMPRAS PÚBLICAS";"";"";"Región Metropolitana de Santiago";"LE";"Adjudicada";"ADQUISICIÓN DE 5 CARPAS IGLÚ PROMOCIONAL PUBLICITARIAS PARA ACTIVIDADES DE ALCALDÍA EN TERRENO, DECRETO ALCALDICIO E. N°855 APRUEBA BASES";2025-03-10T16:11:00;2025-03-20T15:00:00;2025-04-07T11:29:17.463;;"CLP";0;0
3977-3-L125;"Refrigeradores clínicos para almacenamiento de Medicamentos CECOSF y Postas de Salud Rural, OP N°37";"I MUNICIPALIDAD DE SANTA BARBARA";"69.170.202-2";"Departamento De Salud Municipal";"Zenteno #328 Santa Bárbara, 8va Región del Bio Bio";"Santiago";"Región Metropolitana de Santiago";"L1";"Adjudicada";"Refrigeradores clínicos para almacenamiento de Medicamentos CECOSF y Postas de Salud Rural, OP N°37 según bases de licitación adjuntas";2025-03-12T16:28:37.213;2025-03-18T15:01:00;2025-04-07T11:32:01.603;5700000;"CLP";0;0
1057547-81-LE25;"CONVENIO SUMINISTRO DE CORTINAS TIPO ROLLER";"SERVICIO DE SALUD VALDIVIA HOSPITAL BASE";"61.607.502-0";"Bienes y Servicios";"Bienes y Servicios";"Valdivia";"Región de Los Ríos";"LE";"Adjudicada";"CONVENIO SUMINISTRO DE CORTINAS TIPO ROLLER PARA IMPLEMENTAR EN SALAS CLINICAS Y ADMINISTRATIVAS DEL HOSPITAL BASE VALDIVIA";2025-02-19T12:13:30;2025-03-03T19:00:00;2025-04-07T11:44:40.443;25000000;"CLP";0;0
2308-12-LR25;"SS.DE ASEO Y MANTENCIONES MENORES EN RECINTOS MUN.";"I MUNICIPALIDAD DE OSORNO";"69.210.100-6";"SECRETARIA DE PLANIFICACION";"AVDA. JUAN MACKENNA N°851, Bodega Subsuelo";"Osorno";"Región de los Lagos";"LR";"Adjudicada";"Los Servicios a contratar consisten en aseo y mantenciones menores en recintos municipales. Todo conforme a la normativa vigente y las Especificaciones Técnicas adjuntas a las presentes Bases.";2025-02-14T15:13:30.023;2025-03-17T15:00:00;2025-04-07T11:02:32.823;3297943980;"CLP";0;0
2711-15-LE25;"Libros y textos pedagógicos";"MUNICIPALIDAD DE OVALLE";"69.040.700-0";"Municipalidad de Ovalle - Educación";"Ariztia Poniente N°7";"Ovalle";"Región de Coquimbo";"LE";"Adjudicada";"Que a a partir de los Planes de Mejoramiento Educativo, y de esta manera contribuir al desarrollo de acciones que van en beneficio del logro de aprendizajes por parte de nuestros estudiantes.";2025-02-20T13:16:54.933;2025-02-26T12:00:00;2025-04-07T10:59:48.903;;"CLP";0;0
867990-183-LE24;"ADQUISICIÓN DE ACCESORIOS Y EQUIPOS AUDIOVISUALES";"UNIVERSIDAD DE SANTIAGO DE CHILE";"60.911.000-7";"Unidad de Coordinación Institucional - UCI";"Av. L. Bernardo O Higgins 3363 - Estación Central";"Estación Central";"Región Metropolitana de Santiago";"LE";"Adjudicada";"la Universidad de Santiago de Chile, requiere de la adquisición de accesorios y equipos audiovisuales, para la Dirección General de Comunicaciones y Medios, centro de costo 102, de la Universidad de Santiago de Chile 78122 CDP CC102";2024-12-17T15:55:45.49;2024-12-27T15:00:00;2025-04-07T11:15:07.76;8975850;"CLP";0;0
1058085-325-LE24;"Convenio Suministro de Ciprofloxacino + dexametasona suspensión ótica para el Hospital del Salvador";"SERVICIO DE SALUD ORIENTE HOSPITAL DEL SALVADOR";"61.608.406-2";"Fármacos";"AV SALVADOR 364";"Providencia";"Región Metropolitana de Santiago";"LE";"Adjudicada";"Que, el Hospital del Salvador necesita contar con un Convenio Suministro de Ciprofloxacino + dexametasona suspensión ótica para el Hospital del Salvador con la finalidad de satisfacer de manera adecuada y eficiente la labor asistencial durante un periodo de 36 meses.  Que, por la cuantía determinada, la presente licitación se ubica en el tramo para aquellas contrataciones iguales o superiores a las 100 UTM e inferiores a las 1.000 UTM, en conformidad al Artículo 19º bis del Reglamento de la Ley Nº19.886";2024-12-13T10:42:31.56;2024-12-23T16:00:00;2025-04-07T11:29:07.307;60000000;"CLP";0;0
761984-5-LE25;"SERV. ASIST. TEC. PAS CONJ.HABIT COSTA NORTE";"SERVICIO REGIONAL DE LA VIVIENDA Y URBAN";"61.813.000-2";"Sección Licitaciones y Contratos Depto Técnico";"18 DE SEPTIEMBRE Nº 122";"Arica";"Región de Arica y Parinacota";"LE";"Adjudicada";"Código E1O2RT9. El objeto de la presente licitación es la contratación de “SERVICIOS DE ASISTENCIA TÉCNICA PARA APLICACIÓN DEL PLAN DE ACOMPAÑAMIENTO SOCIAL, ETAPA APOYO A LA CONFORMACIÓN DE NUEVO BARRIO DEL CONJUNTO HABITACIONAL COSTA NORTE”. RENAC: código 2300, en 1ª ó 2ª ó 3ª Categoría.";2025-02-21T10:27:27.237;2025-03-07T15:29:00;2025-04-07T10:57:02.1;736;"CLF";0;0
3996-17-LE25;"Adquisición Mobiliario Clínico SUR";"I MUNICIPALIDAD DE COLTAUCO";"69.080.700-9";"Departamento De Salud";"Avda. Arturo Prat Nº42";"Coltauco";"Región del Libertador General Bernardo O´Higgins";"LE";"Adjudicada";"La necesidad de adquirir Mobiliario Clínico, necesario para SUR Coltauco.";2025-03-05T18:11:16.767;2025-03-19T09:00:00;2025-04-07T10:48:11.357;;"CLP";0;0
712307-3-LE25;"Consultoría Evaluación Gestión De Observaciones Y Aprobación De Proyectos Subsidio Habitacional Rural D.S. N°10 Región De La Araucanía 2025";"SERVICIO DE VIVIENDA Y URBANIZACION IX REGION";"61.821.000-6";"Licitaciones y Costos";"O'Higgins 830";"Temuco";"Región de la Araucanía";"LE";"Adjudicada";"Consultoría Evaluación, Gestión De Observaciones Y Aprobación De Proyectos Subsidio Habitacional Rural D.S. N°10 Región De La Araucanía 2025";2025-03-06T11:21:31.527;2025-03-17T15:00:00;2025-04-07T10:59:28.6;59600000;"CLP";0;0
1271359-38-LE25;"ADQUISICIÓN DE MATERIAL TERAPÉUTICO";"CORP MUNICIPAL DE DESARROLLO SOCIAL DE LAMPA";"70.954.200-1";"LICITACIONES";"Sargento aldea 898";"Lampa";"Región Metropolitana de Santiago";"LE";"Adjudicada";"La Corporación Municipal de Desarrollo Social de Lampa mediante el Departamento de Abastecimiento y la Dirección de Educación, solicita la adquisición de material terapéutico destinado a los jardines dependientes de la corporación de desarrollo social de Lampa, con la finalidad de apoyar a los estudiantes en sus primeras experiencias educativas.";2025-03-13T16:51:49.573;2025-03-24T15:00:00;2025-04-07T10:50:33.38;8000000;"CLP";0;0
4375-7-LE25;"CONVENIO DE SUMINISTRO DE DETERGENTES PARA ALIMENTACION";"HOSPITAL GUILLERMO GRANT BENAVENTE DE CO";"61.602.189-3";"Abastecimiento General";"San Martin 1436";"Concepción";"Región del Biobío";"LE";"Adjudicada";"La necesidad de efectuar segundo llamado de licitación pública para contar con convenio denominado  “CONVENIO DE SUMINISTRO DE DETERGENTES PARA ALIMENTACION”,  para cubrir programación de bodega de Aseo por 24 meses.";2025-01-22T10:35:54.96;2025-01-31T15:00:00;2025-04-07T10:45:02.94;;"CLP";0;0
1202511-7-LE24;"SERVICIO DE CAMION ALJIBE COMUNA DE GORBEA";"DELEGACIÓN PRESIDENCIAL REGIONAL DE LA ARAUCANÍA";"60.511.090-8";"UNIDAD ALJIBES";"Manuel Bulnes 590 Piso 4";"Temuco";"Región de la Araucanía";"LE";"Adjudicada";"SERVICIO DE CAMION ALJIBE COMUNA DE GORBEA";2024-09-17T12:44:50.337;2024-09-26T13:00:00;2025-04-07T10:49:00.89;;"CLP";0;0
855-5-LE25;"CHEE-SUM. MANTENCION REPARACION Y CERTIF. ASCENSORES JUNJI XII";"JUNTA NACIONAL DE JARDINES         INFANTILES";"70.072.600-2";"Junji - XII Región";"José Menéndez No. 788";"Punta Arenas";"Región de Magallanes y de la Antártica";"LE";"Adjudicada";"La Junta Nacional de Jardines Infantiles, JUNJI, a través de la Subdirección de Cobertura y Habilitación de Espacios Educativos, requiere la “SUMINISTRO DE MANTENCIÓN, REPARACIÓN Y CERTIFICACIÓN DE ASCENSORES EN DEPENDENCIAS DE LA JUNTA NACIONAL DE JARDINES INFANTILES REGIÓN DE MAGALLANES Y ANTÁRTICA CHILENA AÑO 2025”	.   El proceso se realizará a través del Sistema de Información de la Dirección de Compras y Contratación Pública www.mercadopublico.cl, de acuerdo con lo establecido a la Ley Nº19.886, sobre la materia, y su Reglamento, según las condiciones, normas y políticas de uso del portal.";2025-03-03T16:44:23.353;2025-03-13T17:30:00;2025-04-07T10:28:28.17;12000000;"CLP";0;0
4103-2-LE25;"IMAGENES DIAGNOSTICAS COMPONENTE ECOGRAFIAS";"Municipalidad de Gorbea";"69.191.200-0";"Departamento de Salud Municipal";"Agustin Gomez 620";"Gorbea";"Región de la Araucanía";"LE";"Adjudicada";"OPERATIVO DE ECOGRAFIAS ABDOMINALES Y MAMARIAS PARA USUARIOS DEL DEPARTAMENTO DE SALUD DE GORBEA.";2025-03-14T10:41:12.33;2025-03-24T15:01:00;2025-04-07T10:18:56.417;21016000;"CLP";0;0
3134-2-LR25;"ADQUISICIÓN DE NUEVE CAMIONETAS PARA LA POLICÍA MARÍTIMA MARCA NISSAN NAVARA O EQUIVALENTE TÉCNICO CABINA DOBLE 4X4 COLOR BLANCO CON EQUIPAMIENTO Y DOCUMENTACIÓN COMPLETA";"DIRECCION DE ABASTECIMIENTO DE LA ARMADA";"61.102.014-7";"DIRECCION GENERAL DEL TERRITORIO MARITIMO Y M.M.";"ERRAZURIZ 537, VALPARAÍSO";"Valparaíso";"Región de Valparaíso";"LR";"Adjudicada";"Las presentes bases tienen por objeto establecer las normas y procedimientos que regirán la propuesta pública para efectuar la adquisición por parte de la Dirección General del Territorio Marítimo y de Marina Mercante, en adelante la DIRECTEMAR, de nueve (9) camionetas para la Policía Marítima, marca Nissan Navara o equivalente técnico, cabina doble, 4X4, color blanco, con equipamiento y documentación completa, las cuales deberán ajustarse a las especificaciones señaladas en las bases técnicas.";2025-01-30T12:04:00;2025-03-03T16:00:00;2025-04-07T10:22:19.127;561965845;"CLP";0;0
4879-10-LE25;"Facilitador AA. Visulaes CECREA";"SUBSECRETARÍA DE LAS CULTURAS Y LAS ARTES";"65.819.650-2";"SEREMI  de la Cultura  las Artes patrimon Tarapacá";"Baquedano N° 1073";"Iquique";"Región de Tarapacá";"LE";"Adjudicada";"CONTRATACIÓN DE UNA FACILITADORA DEL  CAMPO DE LAS ARTES VISUALESDEL PROGRAMA  CENTRO DE CREACIÓN";2025-03-12T15:23:49.43;2025-03-24T15:09:00;2025-04-07T10:00:44.463;;"CLP";0;0
2309-58-LE25;"ADQUISICIÓN CANASTAS DE ALIMENTOS PARA LA COMUNA DE MOLINA";"ILUSTRE MUNICIPALIDAD DE MOLINA";"69.110.100-2";"Secretaria Comunal de Planificacion";"MAIPU 1846";"Molina";"Región del Maule";"LE";"Adjudicada";"ADQUISICIÓN CANASTAS DE ALIMENTOS PARA LA COMUNA DE MOLINA, D.A. 972 ( Ap. las BAG, ETT, Anexos y todos los documentos..)";2025-02-21T13:01:00;2025-02-27T10:00:00;2025-04-07T09:58:24.857;41200000;"CLP";0;0
2381-3-LQ25;"ADQUISICION ACCESORIOS INSUMOS Y EQUIPOS DENTALES";"I MUNICIPALIDAD DE COPIAPO";"69.030.200-4";"DEPARTAMENTO DE ADQUISICIONES DASM";"CHACABUCO 857";"Copiapó";"Región de Atacama";"LQ";"Adjudicada";"ADQUISICION ACCESORIOS, INSUMOS Y EQUIPOS ODONTOLOGICOS CORRESPONDIENTES AL PRIMER SEMESTRE DEL AÑO 2025";2025-01-29T11:06:57.483;2025-02-18T16:00:00;2025-04-07T10:00:48.337;;"CLP";0;0
2703-55-L125;"SC 11330 11339 11340 Fármacos y suplemento alimentario";"I MUNICIPALIDAD DE TALAGANTE";"69.071.800-6";"Dirección de Salud";"Pasaje Quemchi N°1075, Villa Mónaco, Talagante";"";"Región Metropolitana de Santiago";"L1";"Adjudicada";"SC 11330 11339 11340 Fármacos y suplementos alimentarios";2025-02-11T15:41:51.093;2025-02-19T17:00:00;2025-04-07T10:14:57.15;6700000;"CLP";0;0
4037-34-LE25;"GIFT CARD CALZADO PARA PERSONAL MUNICIPAL";"I MUNICIPALIDAD DE FRESIA";"69.220.400-K";"Departamento de adquisiciones y abastecimiento";"San Francisco 124";"Fresia";"Región de los Lagos";"LE";"Adjudicada";"GIFT CARD CALZADO PARA PERSONAL MUNICIPAL";2025-03-18T14:42:52.787;2025-04-03T09:00:00;2025-04-07T09:48:10.7;14999800;"CLP";0;0
4809-2-LE25;"TACHAS REFLECTANTES";"MINISTERIO DE OBRAS PUBLICAS DIREC CION GRAL DE OO PP DCYF";"61.202.000-0";"Dirección de Vialidad - IX Región - Provincia de Cautín";"Avenida Prat 712 (ENTRE PISO),  Oficina Provincial.";"Temuco";"Región de la Araucanía";"LE";"Adjudicada";"La Dirección de Vialidad Provincia de Cautín, solicita ofertas para la adquisición de TACHAS REFLECTANTES para Obras del Programa CAD, el Área de Señales Oficina Provincial Cautín Dirección Regional de Vialidad Región de La Araucanía.  Conforme a los requerimientos administrativos y técnicos descritos en las presentes Bases de Licitación.";2025-02-13T18:08:38.207;2025-02-21T15:00:00;2025-04-07T09:59:09.323;;"CLP";0;0
853-15-LE25;"ARRIENDO VEHICULOS CON CHOFER JUNJI R. LOS LAGOS";"JUNTA NACIONAL DE JARDINES         INFANTILES";"70.072.600-2";"Junji - X Región";"Rengifo 830";"Puerto Montt";"Región de los Lagos";"LE";"Adjudicada";"El objeto de la presente licitación es el arrendamiento de vehículos que permitan realizar el desplazamiento de los funcionarios dentro de la Región para poder cumplir con las labores propias de sus cargos. La Junta Nacional de Jardines Infantiles, Dirección Regional de Los Lagos en adelante JUNJI, invita a todos los oferentes con conocimiento y experiencia en los servicios requeridos e inscritos en el rubro, a participar en el proceso para la contratación del “SERVICIO DE ARRIENDO DE VEHÍCULOS CON CONDUCTOR PARA EL TRASLADO DE FUNCIONARIOS JUNJI AÑO 2025” E1O2RT9.";2025-03-14T08:50:16.247;2025-03-28T17:00:00;2025-04-07T09:30:28.153;;"CLP";0;0
1671-6-LE25;"Arriendo camioneta FAN MAREA ROJA";"SUBSECRETARIA DE SALUD PUBLICA";"61.601.000-K";"Seremi de Salud III Región";"";"";"Región de Atacama";"LE";"Adjudicada";"E1O2RT9 Arriendo de 01 camioneta pickup 4x4, para la Unidad de Alimentos, FAN Marea Roja de la SEREMI de Salud Atacama";2025-03-21T12:21:11.93;2025-03-31T18:38:00;2025-04-07T09:43:49.967;;"CLP";0;0
1079563-3-LE25;"ADQUISICIÓN DE LUBRICANTES PARA VEHÍCULOS FISCALES";"DIRECCION DE LOGISTICA DE CARABINEROS";"61.978.680-7";"SECC COMPRAS ZONA DE CARAB LIB BERNARDO OHIGGINS";"O´CARROL N° 535";"Rancagua";"Región del Libertador General Bernardo O´Higgins";"LE";"Adjudicada";"Adquisición de Lubricantes para determinados Vehículos Fiscales de cargo de las Unidades, Destacamentos y Servicios Especializados, dependientes de la Prefectura de Carabineros Cachapoal N° 11 y Prefectura de Carabineros Colchagua N° 12 de la Zona de Carabineros del Libertador Bernardo O´Higgins.";2025-03-13T16:23:14.283;2025-03-24T15:00:00;2025-04-07T08:35:02.81;12130000;"CLP";0;0
1979-22-LQ25;"31.25 “CONVENIO DE SUMINISTRO DE MEDICAMENTOS ORALES PARA USO CLÍNICO PARA NODO COSTERO: HOSPITAL NVA IMPERIAL.”";"SERVICIO DE SALUD ARAUCANIA SUR HOSPITAL DE NUEVA IMPERIAL";"61.607.401-6";"Hospital Nueva Imperial";"Castellón  # 0115";"Nueva Imperial";"Región de la Araucanía";"LQ";"Adjudicada";"Se requiere contrato de suministro por el periodo de 18 meses para las adquisiciones de “CONVENIO DE SUMINISTRO DE MEDICAMENTOS ORALES PARA USO CLÍNICO PARA NODO COSTERO: HOSPITAL NVA IMPERIAL.” de acuerdo a necesidades del Hospital Nueva Imperial.";2025-02-11T18:32:11.513;2025-03-03T15:00:00;2025-04-08T19:58:45.433;;"CLP";0;0
1043046-7-LE25;"DISTRIBUCIÓN DE SSR COOPERATIVA RUCAPEQUEN";"DELEGACIÓN PRESIDENCIAL REGIONAL DE ÑUBLE";"62.000.450-2";"DELEGACIÓN PRESIDENCIAL REGIONAL DE ÑUBLE";"Libertad - Edificios Publicos";"Chillán";"Región del Ñuble";"LE";"Adjudicada";"La Delegación Presidencial Regional de Ñuble – en adelante DPR Ñuble o simplemente DPR- requiere contratar los servicios de extracción, transporte y entrega de agua potable en favor del SSR Rucapequén de Chillán Viejo, desde el 04 de abril al 05 de julio de 2025.";2025-03-28T19:08:50.47;2025-04-03T15:00:00;2025-04-08T20:37:30.62;49900000;"CLP";0;0
1079596-7-LE25;"ADQUISICION DE INSUMOS COMPUTACIONALES.";"DIRECCION DE LOGISTICA DE CARABINEROS";"60.505.101-4";"SECCIÓN COMPRAS ZONA CARAB DE ARICA Y PARINACOTA";"JUAN NOÉ N° 799, ARICA";"Arica";"Región de Arica y Parinacota";"LE";"Adjudicada";"El Departamento de Apoyo a las Unidades Policiales, dependiente de la Zona de Carabineros de Arica y Parinacota, requiere la adquisición de insumos   y accesorios computacionales destinados al adecuado funcionamiento de los equipos,La adjudicacion  se realizará por Iinea.";2025-03-26T10:17:56.183;2025-04-04T18:42:00;2025-04-08T18:14:29.49;17400000;"CLP";0;0
2719-25-LQ25;"MEJORAMIENTO CIERRE PERIMETRAL PUEBLO DE ARTESANOS";"I MUNICIPALIDAD DE PIRQUE";"69.072.200-3";"MUNICIPALIDAD DE PIRQUE - SECPLA";"AVDA. CONCHA Y TORO  02548";"Pirque";"Región Metropolitana de Santiago";"LQ";"Adjudicada";"MEJORAMIENTO CIERRE PERIMETRAL PUEBLITO DE ARTESANOS Y HABILITACIÓN DE ESTACIONAMIENTOS, COMUNA DE PIRQUE”";2025-02-18T20:14:46.69;2025-03-13T18:45:00;2025-04-08T18:19:47.95;;"CLP";0;0
966131-6-LE25;"Contrato Suministro Impresión para Difusión de Actividades Municipales en Castro";"I MUNICIPALIDAD DE CASTRO";"69.230.400-4";"SECPLAN";"Blanco Encalada 273";"Castro";"Región de los Lagos";"LE";"Adjudicada";"La presente licitación consiste en la “Contrato Suministro Impresión para Difusión de Actividades Municipales en Castro 2025- 2026”, todo según los antecedentes adjuntos en el portal www.mercadopublico.cl.";2025-03-05T14:46:57.097;2025-03-14T12:16:00;2025-04-08T18:37:11.23;30000000;"CLP";0;0
1267885-1-LQ25;"CONVENIO SUMINISTRO FARMACIA COMUNAL 2025";"CORP MUNICIPAL DE PANGUIPULLI";"71.016.300-6";"Salud";"Sor Mercedes nro. 136";"Panguipulli";"Región de Los Ríos";"LQ";"Adjudicada";"LICITACIÓN PARA CONVENIO DE SUMINISTROS DE FÁRMACOS, INSUMOS DE USO MÉDICO, SUPLEMENTOS Y PRODUCTOS DERMATOLÓGICOS AÑO 2025 DE FARMACIA COMUNAL DE PANGUIPULLI";2025-01-24T11:58:49.5;2025-02-17T15:00:00;2025-04-08T17:55:07.64;187000000;"CLP";0;0
4159-21-LP25;"SERVICIO DE TRANSPORTE ESCOLAR VARIOS RECORRIDOS";"I MUNICIPALIDAD DE PARRAL";"69.130.700-K";"DEPARTAMENTO DE EDUCACION";"Balmaceda Nº 206 Esquina Pablo Neruda";"Parral";"Región del Maule";"LP";"Adjudicada";"1.	Que, resulta necesaria la contratación de un Servicio de transporte escolar para establecimientos Urbanos y Rurales pertenecientes a la Comuna de Parral, de acuerdo a las Bases Administrativas y Especificaciones técnicas.";2025-03-24T17:21:11.83;2025-04-03T17:31:00;2025-04-08T18:29:34.053;;"CLP";0;0
1260688-17-LE25;"ADQ. DE TEXTOS EQUIVALENTE A EDITORIAL ZIEMAX";"CORP MUNICIPAL DE DESARROLLO SOCIAL DE POZO ALMONTE";"71.497.400-9";"ADQUISICIONES EDUCACION";"CALA CALA # 112";"Pozo Almonte";"Región de Tarapacá";"LE";"Adjudicada";"CORMUDESPA llama a los proveedores interesados a presentar sus ofertas a la presente Licitación Pública a través del Sistema de Compras y Contratación Pública, en adelante Portal Mercado Público www.mercadopublico.cl, con el fin de proceder a la “ADQUISICIÓN DE TEXTOS DE APOYO, EQUIVALENTE A EDITORIAL ZIEMAX”, con el fin de proceder a fortalecer en los estudiantes el proceso de enseñanza-aprendizaje   a través de la utilización de textos que den sustentabilidad y soporte  a los procesos educativos. De acuerdo a las características entregadas en las presentes Bases Administrativas y Técnicas Adjuntas.";2025-03-24T12:13:37.5;2025-03-31T15:35:00;2025-04-08T17:47:41.497;;"CLP";0;0
1546-2-L125;"L1-3120 SERVICIO DE CONTROL SANITARIO Y DE PLAGAS";"SERVICIO DE IMPUESTOS INTERNOS DIRECCION";"60.803.000-k";"SII DR14 Dirección Regional Santiago Poniente";"Romero N°3226, piso 3ero. Santiago";"Santiago";"Región Metropolitana de Santiago";"L1";"Adjudicada";"El objeto de la presente licitación es la contratación de los servicios de control sanitario y de plagas, por un periodo de 36 meses, para las dependencias de la XIV Dirección Regional Metropolitana Santiago Poniente.";2025-02-10T17:27:39.757;2025-02-17T19:50:00;2025-04-08T17:13:25.917;;"CLF";0;0
4495-1-LE25;"ADQ DE VESTUARIO INSTITUCIONAL Y CORPORATIVO";"I MUNICIPALIDAD DE SAN PEDRO";"69.073.100-2";"Adquisiciones";"Av. Hermosilla N° 11 San Pedro Provincia Melipilla.";"San Pedro";"Región Metropolitana de Santiago";"LE";"Adjudicada";"Adquirir vestuario institucional y corporativo para el personal administrativo y técnico del municipio, a fin de, uniformar y potenciar la imagen corporativa del municipio SEGÚN BASES DE LICITACIÓN";2025-03-19T12:44:39.01;2025-03-28T10:00:00;2025-04-08T17:46:44.827;12850000;"CLP";0;0
1247197-8-R125;"ADQUISICIÓN DE COMPRESORES DENTALES";"CORP MUNICIPAL DE CONCHALI DE EDUCACION SALUD Y ATENCION DE MENORES";"70.878.100-2";"Planificación";"Juan Muñoz 4645";"Conchalí";"Región Metropolitana de Santiago";"LE";"Adjudicada";"Se requiere adquirir compresores necesarios para realizar prestaciones de canasta odontológica en los Centros de Salud, este debido al deterioró irreversible de los equipos que actualmente poseen los centros de salud de la comuna impidiendo de esta forma el correcto funcionamiento de los tratamientos esenciales, como restauraciones, cirugías y otros operativos. RES.47";2025-02-13T09:13:58.8;2025-02-21T16:00:00;2025-04-08T17:29:55.46;;"CLP";0;0
3453-12-LE25;"ZAPATILLA DEPORTIVA UNISEX ESFOCAR";"DIRECCION DE LOGISTICA DE CARABINEROS";"61.979.960-7";"Escuela de Formación Policial de Carabineros";"AVDA PEDRO AGUIRRE CERDA Nº6655";"Cerrillos";"Región Metropolitana de Santiago";"LE";"Adjudicada";"ADQUISICION DE ZAPATILLA DEPORTIVA UNISEX PARA LOS CARABINEROS ALUMNOS DE LA ESCUELA DE FORMACIÓN DE CARABINEROS";2025-03-10T17:52:19.953;2025-03-20T15:00:00;2025-04-08T17:18:18.75;;"CLP";0;0
3981-11-LE25;"CONVENIO DE SUMINISTRO DE MANTENIMIENTO DE ALUMBRADO PUBLICO E INFRAESTRUCTURA MUNICIPAL COMUNA DE PAREDONES AÑO 2025";"I MUNICIPALIDAD DE PAREDONES";"69.090.900-6";"Obras";"Avda. Dr. Moore 15";"Paredones";"Región del Libertador General Bernardo O´Higgins";"LE";"Adjudicada";"SERVICIO DE MANTENCION E IMPLEMENTACION DE ALUMBRADO Y TRABAJOS ELECTRICOS EN INFRAESTRUCTURA MUNICIPAL DE LA COMUNA DE PAREDONES";2025-03-25T12:36:55.2;2025-04-04T09:59:00;2025-04-08T17:13:54.23;;"CLP";0;0
1075963-132-LE25;"ADQUISICIÓN DE TRANSDUCTORES PARA ECOGRAFO PHILLIPS EPIG 5G";"SERVICIO DE SALUD ARICA HOSP DR JUAN NOE CREVANI";"61.606.001-5";"Hospital Juan Noé";"18 DE SEPTIEMBRE #1000, ARICA.";"Santiago";"Región de Arica y Parinacota";"LE";"Adjudicada";"SE REQUIERN LA ADQUISICIÓN DE ACCESORIOS TRANSDUCTORES PARA ECOGRAFO PHILLIPS EPIG 5G";2025-03-28T15:04:55.833;2025-04-04T15:30:00;2025-04-08T17:01:04.52;;"CLP";0;0
542429-1-LE25;"Renovación y provisión de licencias Fortinet";"UNIDAD ADMINISTRADORA DE LOS TRIBUNALES TRIBUTARIOS Y ADUANEROS";"61.979.490-7";"UNIDAD ADMINISTRADORA DE LOS TRIBUNALES TRIBUTARIOS Y ADUANEROS";"Avenida 7 de junio N°280, Arica.";"Arica";"Región Metropolitana de Santiago";"LE";"Adjudicada";"Renovación y provisión de licencias de software Fortinet";2025-03-24T15:18:13.123;2025-04-01T15:30:00;2025-04-08T16:49:04.557;26900;"USD";0;0
3553-10-LE25;"Jornadas de Integración y Trabajo en Equipo";"MINISTERIO DE BIENES NACIONALES";"61.402.000-8";"MINISTERIO DE BIENES NACIONALES";"Av.Lib.Bdo. O´Higgins Nº720";"Santiago Centro";"Región Metropolitana de Santiago";"LE";"Adjudicada";"La presente licitación tiene como objeto la contratación del servicio de capacitación Jornadas de Integración y Trabajo en Equipo para los funcionarios y las funcionarias del Ministerio de Bienes Nacionales.";2025-03-13T12:42:52.857;2025-03-24T15:00:00;2025-04-08T16:45:49.8;10000000;"CLP";0;0
2668-24-L125;"PTR N°E-29 - ARRIENDO MULTICANCHA TECHADA Y CANCHAS FUTBOLITO -";"I MUNICIPALIDAD DE VITACURA";"69.255.600-3";"EDUCACIÓN";"JOSE MARIA ESCRIVA DE BALAGUER 6615";"Vitacura";"Región Metropolitana de Santiago";"L1";"Adjudicada";"PARA IMPLEMENTAR PLAN DEPORTIVO INTEGRAL DEL LICEO AMANDA LABARCA.";2025-03-04T16:08:16.463;2025-03-10T15:00:00;2025-04-08T16:30:40.73;;"CLP";0;0
1077920-3-LE25;"SUEROS DEL ARSENAL FARMACOLOGICO DEL C.O.N.";"CENTRO ONCOLOGICO DEL NORTE";"62.000.380-8";"Farmaco";"LOS PUMAS # 10255 CHIMBA ALTO – ANTOFAGASTA";"Antofagasta";"Región de Antofagasta";"LE";"Adjudicada";"COMPRA DE SUEROS DEL ARSENAL FARMACOLOGICO PARA EL CENTRO ONCOLOGICO DEL NORTE. El objetivo de la presente Licitación es realizar un Convenio con aquellos proveedores que resulten adjudicados a fin de asegurar en cantidad, calidad y oportunidad, el suministro de sueros necesarios para la resolución de la demanda asistencial de las Unidades Clínicas del Centro Oncológico del Norte.";2025-03-13T11:33:04.073;2025-03-24T15:02:00;2025-04-08T16:15:40.683;24500000;"CLP";0;0
621-28-LR25;"TIMOLOL 05% SOL. OFTALMICA FRA 10 ML 1000020565";"CENTRAL DE ABASTECIMIENTO DEL SISTEMA NACIONAL DE SERVICIO DE SALUD";"61.608.700-2";"Compras del Giro 621";"Bodega Proveedor";"Santiago Centro";"Región Metropolitana de Santiago";"LR";"Adjudicada";"BASES ADMINISTRATIVAS Y TÉCNICAS TIPO, POR LAS QUE SE REGIRÁN LOS PROCESOS DE LICITACIÓN PARA LA ADQUISICIÓN DE PRODUCTOS FARMACÉUTICOS, COSMÉTICOS, VACUNAS, INSUMOS, DISPOSITIVOS, Y/O ALIMENTOS DE USO MÉDICO, DESTINADO AL EJERCICIO DE ACCIONES DE SALUD";2025-01-08T12:46:11.86;2025-02-11T16:00:00;2025-04-08T16:17:02.173;5100117139;"CLP";0;0
621-1068-LR24;"CARVEDILOL 25 MG CMCM REC. 1000020516";"CENTRAL DE ABASTECIMIENTO DEL SISTEMA NACIONAL DE SERVICIO DE SALUD";"61.608.700-2";"Compras del Giro 621";"Bodega Proveedor";"Santiago Centro";"Región Metropolitana de Santiago";"LR";"Adjudicada";"BASES ADMINISTRATIVAS Y TÉCNICAS TIPO, POR LAS QUE SE REGIRÁN LOS PROCESOS DE LICITACIÓN PARA LA ADQUISICIÓN DE PRODUCTOS FARMACÉUTICOS, COSMÉTICOS, VACUNAS, INSUMOS, DISPOSITIVOS, Y/O ALIMENTOS DE USO MÉDICO, DESTINADO AL EJERCICIO DE ACCIONES DE SALUD";2024-12-26T14:13:06.467;2025-01-29T16:00:00;2025-04-08T16:23:44.2;1705718283;"CLP";0;0
3232-8-LE25;"NEUMÁTICOS PARA MÓVILES MUNICIPALES SC 82740 OPS";"I MUNICIPALIDAD DE SANTO DOMINGO";"69.073.500-8";"I MUNICIPALIDAD DE SANTO DOMINGO";"Avenida Santa Teresa N° 1";"Santo Domingo";"Región de Valparaíso";"LE";"Adjudicada";"NEUMÁTICOS PARA MÓVILES MUNICIPALES SC 82740 OPS";2025-03-18T10:33:40.497;2025-03-28T15:00:00;2025-04-08T16:26:39.347;;"CLP";0;0
621-1080-LR24;"FLUTICASSALMET 25025MCG 120A150DO FRA 1000020553";"CENTRAL DE ABASTECIMIENTO DEL SISTEMA NACIONAL DE SERVICIO DE SALUD";"61.608.700-2";"Compras del Giro 621";"Bodega Proveedor";"Santiago Centro";"Región Metropolitana de Santiago";"LR";"Adjudicada";"BASES ADMINISTRATIVAS Y TÉCNICAS TIPO, POR LAS QUE SE REGIRÁN LOS PROCESOS DE LICITACIÓN PARA LA ADQUISICIÓN DE PRODUCTOS FARMACÉUTICOS, COSMÉTICOS, VACUNAS, INSUMOS, DISPOSITIVOS, Y/O ALIMENTOS DE USO MÉDICO, DESTINADO AL EJERCICIO DE ACCIONES DE SALUD";2024-12-30T13:09:37.337;2025-01-31T16:00:00;2025-04-08T16:21:04.517;5743345136;"CLP";0;0
1058085-344-LQ24;"Convenio de Suministro de Daptomicina 500 mg solución inyectable en caso de no despacho de CENABAST para el Hospital del Salvador";"SERVICIO DE SALUD ORIENTE HOSPITAL DEL SALVADOR";"61.608.406-2";"Fármacos";"AV SALVADOR 364";"Providencia";"Región Metropolitana de Santiago";"LQ";"Adjudicada";"Que, el Hospital del Salvador necesita contar con Convenio de Suministro de Daptomicina 500 mg solución inyectable en caso de no despacho de CENABAST para el Hospital del Salvador con la finalidad de satisfacer de manera adecuada y eficiente la labor asistencial durante un periodo de 24 meses. Que, el hospital debe implementar “Medidas Complementarias”, para asegurar el abastecimiento de los medicamentos intermediados por CENABAST, ante los reiterados quiebres de stock e incumplimientos derivados de sus proveedores Que, por la cuantía determinada, la presente licitación se ubica en el tramo para contrataciones de aquellas iguales o superiores a 1.000 UTM e inferiores a 5.000 UTM, de conformidad al Artículo 19º bis del Reglamento de la Ley Nº19.886, en atención a que las terapias no pueden interrumpirse por los efectos adversos que generan. Que hechas las consultas respectivas, la provisión de estos bienes o servicios no se encuentra disponible por Convenios Marcos ofrecidos en el Sistema de Información de la Dirección de Compras, www.mercadopublico.cl";2024-12-16T16:10:51.913;2025-01-06T17:00:00;2025-04-08T16:05:28.043;300000000;"CLP";0;0
1057509-93-LE25;"“CONVENIO COMPRA DE SERVICIO DE PROFESIONAL PSICÓLOGOA PARA SECCIÓN RECLUTAMIENTO Y SELECCIÓN”. los";"HOSPITAL CLINICO HERMINDA MARTIN";"61.607.001-0";"Bienes y Servicios";"Francisco Ramirez Nº10";"Chillán";"Región del Ñuble";"LE";"Adjudicada";"El Hospital Clínico Herminda Martín de Chillán llama a Licitación publicada a través del Portal Mercado Público, para gestionar un convenio por compra de servicios de profesional psicólogo(a) para sección reclutamiento y selección, asi Garantizar la selección eficiente y efectiva del personal hospitalario mediante la incorporación de un profesional psicólogo(a) en la Sección de Reclutamiento y Selección, con el fin de evaluar competencias, habilidades y estado emocional de los candidatos, reducir la rotación laboral, mejorar el clima organizacional y asegurar que el equipo de trabajo cuente con las capacidades necesarias para desempeñarse en un entorno de alta exigencia. Se pretende obtener la mejor calidad y oportunidad en la prestación de los servicios a un precio conveniente.";2025-03-20T08:44:38.503;2025-03-25T15:00:00;2025-04-08T16:04:51.623;;"CLP";0;0
1201-8-L125;"Implementacion y Artículos Deportivos Encuentros Recreativos DPS";"INSTITUTO NACIONAL DE DEPORTES DE CHILE";"61.107.000-4";"I.N.D. REGION XI";"Avenida Grecia N°2030";"Antofagasta";"Región de Antofagasta";"L1";"Adjudicada";"La necesidad de contar con implementación para las actividades deportivas que desarrolla el Programa deporte de participación social 2025, a través del departamento de actividad física del Instituto Nacional De Deporte Región de Aysén, componente ENCUENTROS RECREATIVOS";2025-03-21T16:35:07.197;2025-03-28T15:00:00;2025-04-08T16:01:43.963;;"CLP";0;0
5482-5-LP25;"SERVICIO DE ALOJAMIENTO Y ALIMENTACIÓN PARA VACACIONES DE PERSONAS MAYORES 2025";"I MUNICIPALIDAD DE NUNOA";"69.070.500-1";"SECPLANUNOA";"";"";"Región Metropolitana de Santiago";"LP";"Adjudicada";"Generar espacios que fomenten y potencien la participación social de personas mayores, logrando mantener una rutina de vida saludable y activa, es necesario poder brindar servicio de alimentación y alojamiento para 2000 personas mayores, por cuatro días y tres noches, en algún hotel o centro recreacional de la Región de Valparaíso, para poder ejecutar el programa “Vacaciones soñadas”.";2025-02-19T17:37:20.613;2025-03-05T15:00:00;2025-04-08T16:00:32.673;;"CLP";0;0
621-13-LR25;"TROPICAMIDA 1%  SOL. OFT. FRA 10A15 ML 1000020492";"CENTRAL DE ABASTECIMIENTO DEL SISTEMA NACIONAL DE SERVICIO DE SALUD";"61.608.700-2";"Compras del Giro 621";"Bodega Proveedor";"Santiago Centro";"Región Metropolitana de Santiago";"LR";"Adjudicada";"BASES ADMINISTRATIVAS Y TÉCNICAS TIPO, POR LAS QUE SE REGIRÁN LOS PROCESOS DE LICITACIÓN PARA LA ADQUISICIÓN DE PRODUCTOS FARMACÉUTICOS, COSMÉTICOS, VACUNAS, INSUMOS, DISPOSITIVOS, Y/O ALIMENTOS DE USO MÉDICO, DESTINADO AL EJERCICIO DE ACCIONES DE SALUD";2025-01-07T12:32:58.313;2025-02-06T16:00:00;2025-04-08T16:03:04.487;925029026;"CLP";0;0
3191-15-LE25;"LE INS INSUMOS CLINICOS";"DIRECCION DE ABASTECIMIENTO DE LA ARMADA";"61.102.017-1";"HOSPITAL NAVAL ALMIRANTE NEF";"";"";"Región de Valparaíso";"LE";"Adjudicada";"La necesidad de adquirir insumos clínicos para el Hospital Naval Almirante Nef";2025-03-03T16:09:48.297;2025-03-10T15:01:00;2025-04-08T15:51:29.137;;"CLP";0;0
2719-28-LE25;"SERVICIO DE DISPOSICIÓN DE MATERIAL VEGETAL";"I MUNICIPALIDAD DE PIRQUE";"69.072.200-3";"MUNICIPALIDAD DE PIRQUE - SECPLA";"AVDA. CONCHA Y TORO  02548";"Pirque";"Región Metropolitana de Santiago";"LE";"Adjudicada";"- Servicio de disposición de material vegetal y chipeado para la Municipalidad de Pirque.";2025-02-28T11:57:07.057;2025-03-10T18:30:00;2025-04-08T15:58:01.787;;"CLP";0;0
4284-38-L125;"Servicio de habilitación y reubicación de sistema de videovigilancia de la municipalidad de Cunco";"I MUNICIPALIDAD DE CUNCO";"69.191.000-8";"Municipalidad de Cunco";"Pedro Aguirre Cerda Nº 600";"Cunco";"Región de la Araucanía";"L1";"Adjudicada";"Servicio de habilitación y reubicación de sistema de videovigilancia de la municipalidad de Cunco, según bases adjuntas numeral 1.2 detalle de bien a licitar";2025-03-19T14:05:00;2025-03-25T16:02:00;2025-04-08T15:41:28.027;2800000;"CLP";0;0
1236-8-LE25;"Traslado de deportistas Sta. Cruz Bolivia";"INSTITUTO NACIONAL DE DEPORTES DE CHILE";"61.107.000-4";"I.N.D. REGION XV";"LINCOYAN 2074";"Arica";"Región de Arica y Parinacota";"LE";"Adjudicada";"Traslado de deportistas a Sta. Cruz, Bolivia, ida y vuelta";2025-03-28T18:37:44.503;2025-04-07T15:00:00;2025-04-08T15:57:45.993;26000000;"CLP";0;0
4328-2-LE25;"Plan comunal para reducción de riesgo y desastre";"Ilustre Municipalidad de Ñiquen";"69.140.600-8";"I.Municipalidad de Ñiquen";"Estado 188";"Ñiquén";"Región del Ñuble";"LE";"Adjudicada";"La Ilustre Municipalidad de Ñiquén convoca a una Licitación Pública para llevar a cabo las acciones necesarias para la “Elaboración del Plan Comunal de Reducción del Riesgo de Desastres” de la comuna, conforme a los formatos y directrices establecidos por el Servicio Nacional de Prevención y Respuesta ante Desastres SENAPRED. Este plan debe cumplir con la Recomendación Técnica de SENAPRED y ser aprobado por el Comité de Gestión de Riesgo y Desastres COGRID de la comuna de Ñiquén, mediante Decreto Alcaldicio, en cumplimiento de la Ley N° 21.364.";2025-02-19T17:54:56.73;2025-03-03T19:54:00;2025-04-08T15:23:15.37;7000000;"CLP";0;0
5554-7-LE25;"SERVICIO DE EVALUACIONES DE HIGIENE OCUPACIONAL Y ERGONOMIA PARA EMPRESAS PRIVADAS Y SERVICIOS PÚBLICOS ADHERIDOS AL INSTITUTO DE SEGURIDAD LABORAL DE LA REGIÓN DE VALPARAÍSO";"INSTITUTO DE SEGURIDAD LABORAL";"61.533.000-0";"ISL Región de Valparaíso";"Av. Brasil 1265 piso 3";"Valparaíso";"Región de Valparaíso";"LE";"Adjudicada";"SERVICIO DE EVALUACIONES DE HIGIENE OCUPACIONAL Y ERGONOMIA PARA EMPRESAS PRIVADAS Y SERVICIOS PÚBLICOS ADHERIDOS AL INSTITUTO DE SEGURIDAD LABORAL DE LA REGIÓN DE VALPARAÍSO";2025-03-10T15:07:59.937;2025-03-20T15:00:00;2025-04-08T15:21:14.46;25000000;"CLP";0;0
2408-521-LE24;"SUMINISTRO DE MATERIALES PARA MANTENCIÓN Y REPARACIONES";"I MUNICIPALIDAD DE LOS ANGELES";"69.170.100-K";"IMUNI_LOSANGELES ADQUISICIONES";"";"";"Región del Biobío";"LE";"Adjudicada";"Se requiere contratar un suministro de materiales para mantenimiento y reparación de infraestructuras municipales dependientes de la Dirección de Medio Ambiente.";2025-02-14T15:24:00;2025-02-25T09:00:00;2025-04-08T15:14:32.383;25000000;"CLP";0;0
635-23-LE25;"CONVENIO DE LENTES ÓPTICOS PARA PROGRAMA DE REPARACION Y ATENCION INTEGRAL EN SALUD DEL SSAP AÑO 2025-2026";"SERVICIO DE SALUD DE ARICA Y PARINACOTA";"61.606.000-7";"SERVICIO DE SALUD DE ARICA";"DEPENDENCIAS DEL SSA";"Arica";"Región de Arica y Parinacota";"LE";"Adjudicada";"a)	El presente requerimiento tiene como principal objeto satisfacer la demanda actual de lentes ópticos, para la atención de beneficiarios del Programa de Reparación y Atención en Salud (PRAIS) y operativos oftalmológicos del sistema público de salud, de acuerdo a requerimientos especificados en las Bases Administrativas y Técnicas. Se pretende obtener la mejor calidad y oportunidad en el suministro de productos licitados a un precio conveniente.";2025-02-21T12:18:06.367;2025-03-03T15:30:00;2025-04-08T15:36:32.223;;"CLP";0;0
4192-24-LE25;"ADQUISICION DE EPP PARA DISEPT";"I MUNICIPALIDAD DE CALDERA";"69.030.300-0";"Secpla";"Cousiño 395";"Caldera";"Región de Atacama";"LE";"Adjudicada";"Las presentes bases tienen por objetivo determinar y definir las condiciones generales que se deberán tener presente en la licitación para “ADQUISICION DE ELEMENTOS DE PROTECCIÓN PERSONAL, PARA LA DIRECCIÓN DE SEGURIDAD PÚBLICA Y TERRITORIAL” para la Ilustre Municipalidad de Caldera.";2025-02-11T15:24:15.1;2025-02-21T16:30:00;2025-04-08T15:12:20.997;;"CLP";0;0
1164956-72-O124;"Prog. Pav. Participativos 33 Llamado RM Agrup. 3";"SERVICIO DE VIVIENDA Y URBANIZACION AREA METROPOLITANA";"61.812.000-7";"Obra Publica";"Serrano #45";"Santiago";"Región Metropolitana de Santiago";"O1";"Adjudicada";"Mejorar el estándar del pavimento en las comunas de Peñalolén, Macul y Ñuñoa";2024-11-21T15:41:00;2024-12-13T10:00:00;2025-04-08T15:08:32.92;;"CLF";0;0
4192-28-LP25;"SUMINISTRO DE ELEMENTOS DE PROTECCION PERSONAL";"I MUNICIPALIDAD DE CALDERA";"69.030.300-0";"Secpla";"Cousiño 395";"Caldera";"Región de Atacama";"LP";"Adjudicada";"Las presentes bases tienen por objetivo determinar y definir las condiciones generales que se deberán tener presente en la licitación para “SUMINISTRO DE ELEMENTOS DE PROTECCION PERSONAL, PARA LA OFICINA DE PREVENCION DE RIESGOS, AÑO 2025”, para la Ilustre Municipalidad de Caldera.";2025-02-19T17:46:34.953;2025-03-11T13:22:00;2025-04-08T15:17:53.227;;"CLP";0;0
1003598-1-LQ25;"ENTRADAS AL CINE SERVICIO DE BIENESTAR";"SERVICIO DE SALUD METROPOLITANO CENTRAL";"61.608.603-0";"Servicio de Salud Central Servicio de Bienestar";"Merced 280 Santiago Centro";"Santiago Centro";"Región Metropolitana de Santiago";"LQ";"Adjudicada";"ADQUISICIÓN DE ENTRADAS AL CINE PARA AFILIADOSAS AL SERVICIO DE BIENESTAR DEL SERVICIO DE SALUD METROPOLITANO CENTRAL";2025-02-26T12:46:39.413;2025-03-10T15:01:00;2025-04-08T15:02:38.213;;"CLP";0;0
3477-20-LE25;"“CONTRATACIÓN SERVICIOS SOPORTE TÉCNICO INFORMÁTIC";"I MUNICIPALIDAD DE VILCUN";"69.190.800-3";"Area Municipal";"Lord Cochrane 255";"Vilcún";"Región de la Araucanía";"LE";"Adjudicada";"“CONTRATACIÓN SERVICIOS SOPORTE TÉCNICO INFORMÁTICO”";2025-03-25T17:57:56.74;2025-03-31T16:00:00;2025-04-08T15:09:34.26;8350000;"CLP";0;0
1058088-4-LR25;"SUMINISTRO DE TRASTUZUMAB EMTANSIN";"HOSPITAL ORIENTE DR LUIS TISNE BROUSSE";"61.959.800-8";"Fármarcos";"Av. Las Torres #5150";"Peñalolén";"Región Metropolitana de Santiago";"LR";"Adjudicada";"SUMINISTRO DE TRASTUZUMAB EMTANSIN";2025-02-18T12:32:08.623;2025-03-20T15:00:00;2025-04-08T14:48:48.603;;"CLP";0;0
1075963-76-LE25;"SERVICIO DE MANTENCIÓN Y LIMPIEZA PARA ESTANQUES DE PETRÓLEO HJNC";"SERVICIO DE SALUD ARICA HOSP DR JUAN NOE CREVANI";"61.606.001-5";"Hospital Juan Noé";"18 DE SEPTIEMBRE #1000, ARICA.";"Santiago";"Región de Arica y Parinacota";"LE";"Adjudicada";"SERVICIO DE MANTENCIÓN Y LIMPIEZA PARA ESTANQUES DE PETRÓLEO HJNC.";2025-03-10T13:46:07.28;2025-03-21T17:30:00;2025-04-08T13:45:41.783;;"CLP";0;0
2778-15-LE25;"SERVICIO DE TRANSPORTE ESCOLAR AÑO 2025 PARA DIVERSOS ESTABLECIMIENTOS EDUCACIONALES DE LA COMUNA";"I MUNICIPALIDAD DE RENGO";"69.081.200-2";"ADQUISICION MUNI-EDUCACION";"";"";"Región del Libertador General Bernardo O´Higgins";"LE";"Adjudicada";"SERVICIO DE TRANSPORTE ESCOLAR AÑO 2025, PARA DIVERSOS ESTABLECIMIENTOS EDUCACIONALES DE LA COMUNA";2025-03-07T10:32:43.157;2025-03-13T09:01:00;2025-04-08T13:20:25.43;;"CLP";0;0
2153-6-LE25;"CURSOS CAPACITACION RES 145";"Hospital Sanatorio San José de Maipo";"61.608.503-4";"Hospital Sanatorio San José de Maipo";"Camino al Sanatorio S/N";"San José de Maipo";"Región Metropolitana de Santiago";"LE";"Adjudicada";"El Complejo Hospitalario San José de Maipo, en adelante también el “Complejo o CHSJM” requiere efectuar la contratación de los siete cursos para las distintas Unidades del Complejo Hospitalario San José de Maipo, según características enunciadas en las presentes bases técnicas.";2025-03-20T11:38:54.183;2025-04-01T15:04:00;2025-04-08T13:52:41.56;;"CLP";0;0
2490-15-LE25;"REPARACIÓN TECHUMBRE PEDRO DE VALDIVIA 706";"I MUNICIPALIDAD DE PROVIDENCIA";"69.070.300-9";"Dirección de Secpla";"Pedro de Valdivia 963";"Providencia";"Región Metropolitana de Santiago";"LE";"Adjudicada";"El objetivo de la presente licitación es la contratación de las obras de reparación y adecuación de infraestructura de techumbre existente del recinto municipal ubicado en calle Pedro de Valdivia N°706 correspondiente a las dependencias de la Dirección de Fiscalización, comuna de Providencia. Para Io indicado anteriormente, se requiere la reparación y/o la readecuación funcional de la techumbre existente, junto con la reubicación de los equipos e instalaciones exteriores de los sistemas climatización ubicados sobre la techumbre. Las condiciones especiales de la presente licitación, las características y detalles de la obra, serán las indicadas en las presentes Bases Administrativas y Bases Técnicas que serán publicadas a través de la plataforma del Portal Mercado Público www.mercadopublico.cl en adelante el Portal.";2025-01-31T11:48:54.827;2025-02-28T15:30:00;2025-04-08T13:36:58.563;40000000;"CLP";0;0
2277-83-LR24;"2do LLAMADO A RESPOSICIÓN DE VEHICULOS OPERATIVOS";"MUNICIPALIDAD DE PUDAHUEL";"69.071.100-1";"UNIDAD DE LICITACIONES DE PUDAHUEL";"SAN PABLO 8444";"Pudahuel";"Región Metropolitana de Santiago";"LR";"Adjudicada";"Las presentes Bases Administrativas tienen por objeto regular las etapas, plazos, mecanismos de consulta yo aclaraciones, criterios de evaluación, mecanismos de adjudicación, modalidades de evaluación, cláusulas del contrato definitivo, y demás aspectos administrativos relativos a la licitación pública para la ejecución del denominado contrato de “2do LLAMADO A REPOSICIÓN DE VEHICULOS OPERATIVOS PARA LA COMUNA DE PUDAHUEL” CODIGO BIP N°40042657-0";2024-12-09T15:12:25.447;2025-01-09T15:30:00;2025-04-08T13:06:09.66;;"CLP";0;0
592-4-LP25;"ADQUISICIÓN DE SETS FUNGIBLES";"SUBSECRETARIA DEL MINISTERIO DE EDUCACION PUBLICA";"60.901.000-2";"Ministerio de Educación - Unidad Licitaciones";"Av. Libertador Bernardo O'Higgins N°1371";"Alhué";"Región Metropolitana de Santiago";"LP";"Adjudicada";"ADQUISICIÓN DE SETS FUNGIBLES PARA EL PRIMER NIVEL DE EDUCACIÓN BÁSICA DE LA MODALIDAD REGULAR DE EDUCACIÓN DE PERSONAS JÓVENES Y ADULTAS (VALOR TOTAL NETO POR LOS 400 SETS ARMADOS)";2025-02-19T12:28:46.967;2025-03-11T20:00:00;2025-04-08T13:07:12.177;;"CLP";0;0
5864-1-LE25;"Producción de evento semana mechona 2025 UTA";"UNIVERSIDAD DE TARAPACA";"70.770.800-k";"DIRECCION DE ASUNTOS ESTUDIANTILES";"Velasquez 1775";"Arica";"Región de Arica y Parinacota";"LE";"Adjudicada";"Contratación de servicio de producción de eventos para actividad de Semana Mechona 2025, Universidad de Tarapacá, SC 2025010127.";2025-02-12T10:23:56.237;2025-02-24T17:15:00;2025-04-08T13:14:05.393;28858000;"CLP";0;0
1427185-1-LP25;"Asesoría Proyecto Oncológico";"SERVICIO DE SALUD COQUIMBO";"61.606.400-2";"APP H Coquimbo y H Serena";"Avda. Francisco de Aguirre 795";"La Serena";"Región de Coquimbo";"LP";"Adjudicada";"Las presentes Bases Administrativas y Técnicas tienen el objetivo de adquirir a través de profesionales expertos, asesorías para el desarrollo del proyecto de oncología del Hospital de La Serena.";2025-01-27T15:50:15.687;2025-02-26T17:00:00;2025-04-08T12:30:18.647;;"CLP";0;0
1057472-179-LQ24;"Suministros de Insumos de Anatomía Patológica HEC";"HOSPITAL CLINICO METROPOLITANO EL CARMEN DOCTOR LUIS VALENTIN FERRADA";"61.980.320-5";"Bienes y Servicios";"Camino Rinconada N°1201";"Maipú";"Región Metropolitana de Santiago";"LQ";"Adjudicada";"El Hospital El Carmen, requiere la “Suministros de Insumos de Anatomía Patológica.";2024-12-17T13:36:32.637;2025-01-06T18:00:00;2025-04-08T12:35:44.813;;"CLP";0;0
5586-30-LE25;"JG SERVICIOS DE ASESORÍA EN SOPORTE AWS";"UNIVERSIDAD DE LA FRONTERA";"87.912.900-1";"Universidad de la Frontera";"AVENIDA FRANCISCO SALAZAR 1145";"Temuco";"Región de la Araucanía";"LE";"Adjudicada";"SERVICIOS DE ASESORÍA EN SOPORTE AWS";2025-03-17T15:37:00;2025-03-31T16:00:00;2025-04-08T12:20:36.46;45000000;"CLP";0;0
3500-7-LE25;"SUMINISTRO DE MANTENIMIENTO Y REPARACIÓN DE VEHÍCULOS DEL DEPARTAMENTO DE EDUCACIÓN";"I MUNICIPALIDAD DE QUINTA DE TILCOCO";"69.081.700-4";"Educación";"Miguel Cuadra #224";"Quinta de Tilcoco";"Región del Libertador General Bernardo O´Higgins";"LE";"Adjudicada";"El presente proceso de licitación pública tiene por objeto suministrar el servicio de mantenimiento y reparaciones de vehículos del Departamento de Educación. Para mayor detalle, favor remitirse a las bases técnicas del presente proceso de licitación.";2025-03-12T17:31:50.867;2025-03-24T15:00:00;2025-04-08T12:35:14.587;;"CLP";0;0
2395-12-L125;"(Sol. Ped.    ) CURSO DE REANIMACIÓN CARDIOVASCULAR BASICA, UNIDAD DE CAPACITACION";"I MUNICIPALIDAD PEDRO AGUIRRE CERDA";"69.254.900-7";"DIRECCION DE SALUD";"CLOTARIO BLEST Nº 6035 (FARMACIA POPULAR UBICADA AL INTERIOR DEL CENTRO DE ESPECIALIDADES MÉDICAS VILLA SUR)";"Pedro Aguirre Cerda";"Región Metropolitana de Santiago";"L1";"Adjudicada";"CURSO DE REANIMACIÓN CARDIOVASCULAR BASICA, UNIDAD DE CAPACITACION";2025-03-18T12:33:44.717;2025-03-24T15:20:00;2025-04-08T12:14:19.9;4000000;"CLP";0;0
4451-37-LE25;"SERVICIOS PARA JORNADA DE TRABAJO EN EQUIPO";"I MUNICIPALIDAD DE SAN CLEMENTE";"69.110.500-8";"UNIDAD DE COMPRAS MUNICIPALES";"Calle Carlos Silva Renard N°792";"San Clemente";"Región del Maule";"LE";"Adjudicada";"Se requiere contratar servicios para desarrollo de jornada de trabajo en equipo y comunicación efectiva dirigida al personal municipal, en atención a SC 246-2025, Personas.";2025-03-26T08:40:08.527;2025-04-04T16:38:00;2025-04-08T12:00:44.507;10500000;"CLP";0;0
2274-6-L125;"ADQUISICION SERVICIO DE LICENCIAS MEDICAS ELECTRONICAS";"I MUNICIPALIDAD DE LA PINTANA";"69.253.800-5";"DEPARTAMENTO ADQUISICIONES SALUD";"El Olivar N° 2595 Paradero 48 Sta. Rosa";"La Pintana";"Región Metropolitana de Santiago";"L1";"Adjudicada";"LICENCIAS MEDICAS ELECTRONICAS CESFAM COMUNALES";2025-03-05T17:24:00;2025-03-14T17:20:00;2025-04-08T11:59:45.873;2500000;"CLP";0;0
2059-3-L125;"Convenio Suministro Pan y Colaciones HPO";"SERVICIO NACIONAL DE SALUD HOSPITAL DE PUERTO OCTAY";"61.602.261-k";"HOSPITAL DE PUERTO OCTAY";"Guillermo Buhler 1765";"Osorno";"Región de los Lagos";"L1";"Adjudicada";"Convenio por 12 meses de se suministro de pan y colaciones.";2025-04-02T09:29:00;2025-04-07T15:00:00;2025-04-08T12:17:20.18;6370400;"CLP";0;0
4172-19-L125;"INSUMOS MEDICOS";"ILUSTRE MUNICIPALIDAD DE COLBUN";"69.130.500-7";"Salud";"Adolfo Novoa  236";"Colbún";"Región del Maule";"L1";"Adjudicada";"ADQUISICION DE INSUMOS MEDICOS SOLICITADOS PARA LOS ESTABLECIMIENTOS DE SALUD DE LA COMUNA";2025-03-26T09:54:32.303;2025-04-02T11:03:00;2025-04-08T11:33:10.347;;"CLP";0;0
1057898-24-LR24;"ADQUISICIÓN DE EQUIPOS ECÓGRAFOS CARDÍACOS PARA EL NUEVO HOSPITAL REGIONAL DE ÑUBLE";"SERVICIO DE SALUD NUBLE";"61.607.000-2";"Activos Fijos";"Según distribución";"Chillán";"Región del Ñuble";"LR";"Adjudicada";"El Servicio de Salud Ñuble requiere efectuar la adquisición de Equipos ECÓGRAFOS CARDÍACOS para el nuevo Hospital Regional de Ñuble, de acuerdo a las Bases Administrativas adjuntas y sus respectivos Anexos.";2024-12-13T15:40:00;2025-01-27T17:00:00;2025-04-08T11:54:42.897;527641000;"CLP";0;0
620045-3-LE25;"Servicio de Guardia para el ISL de la Región de Arica y Parinacota";"INSTITUTO DE SEGURIDAD LABORAL";"61.533.000-0";"ISL Region Arica y Parinacota";"Teatinos N° 726, Santiago";"Santiago Centro";"Región de Arica y Parinacota";"LE";"Adjudicada";"Contratar Servicio de Guardia  para el Instituto de Seguridad Laboral de la Región  de Arica y Parinacota.  E1O2RT9";2025-02-27T17:47:42.083;2025-03-12T16:00:00;2025-04-08T11:53:30.54;;"CLP";0;0
2170-5-LE25;"Convenio suministro de lentes Optivos GES";"HOSPITAL DE LA FAMILIA Y LA COMUNIDAD SANTO TOMAS DE LIMACHE";"61.606.606-4";"Abastecimiento Hospital Limache";"Carelmapu S/Nº";"Limache";"Región de Valparaíso";"LE";"Adjudicada";"Convenio suministro de lentes ópticos asociados a las atenciones de Vicios de Refracción en personas de 65 años y más,  para el cumplimiento a la garantía GES N°29.";2025-03-06T09:31:22.613;2025-03-18T09:00:00;2025-04-08T11:49:39.65;;"CLP";0;0
94-6-LE25;"Servicio de Aseo para Cerrillos";"SERVICIO NACIONAL DEL PATRIMONIO CULTURAL";"60.905.000-4";"Dirección Servicio Nacional del Patrimonio Cultura";"Huerfanos 770";"Santiago";"Región Metropolitana de Santiago";"LE";"Adjudicada";"“Servicios de aseo para el Centro de Depósito y Colecciones de Cerrillos”";2025-03-14T10:58:12.763;2025-03-24T18:00:00;2025-04-08T11:21:11.103;;"CLP";0;0
2324-454-LQ24;"Licitación Pública Nº 199.2024 “REPOSICION DE LUMINARIAS SECTOR BERNARDO O´HIGGINS DE LA COMUNA DE PUERTO MONTT”.";"I MUNICIPALIDAD DE PUERTO MONTT";"69.220.100-0";"Departamento de Licitaciones y gestión de Abastecimiento";"Juan Soler Manfredini esquina Copiapo 5° Piso, Mall Costanera";"Puerto Montt";"Región de los Lagos";"LQ";"Adjudicada";"Licitación Pública Nº 199/2024 para la ejecución del proyecto denominado “REPOSICION DE LUMINARIAS SECTOR BERNARDO O´HIGGINS DE LA COMUNA DE PUERTO MONTT”.";2024-12-10T16:35:00;2025-01-09T17:30:00;2025-04-08T11:00:46.47;154422499;"CLP";0;0
3545-7-L125;"RELOJ CONTROL PARA LA JORNADA LABORAL DEL PERSONAL CCMV.";"COMANDO DE APOYO A LA FUERZA";"65.273.020-5";"Centro Clínico Militar Valdivia - CCM Valdivia";"Av. Bernardo O'Higgins 750, Temuco.";"Temuco";"Región de la Araucanía";"L1";"Adjudicada";"arriendo de reloj control de asistencia biométrico para el control del cumplimiento de la jornada laboral del personal del CCM Valdivia";2025-03-27T14:41:24.543;2025-04-02T15:19:00;2025-04-08T11:15:13.787;5000000;"CLP";0;0
2324-451-LQ24;"Licitación Pública Nº 198.2024 “REPOSICION DE LUMINARIAS SECTOR HOSPITAL DE LA COMUNA DE PUERTO MONTT”.";"I MUNICIPALIDAD DE PUERTO MONTT";"69.220.100-0";"Departamento de Licitaciones y gestión de Abastecimiento";"Juan Soler Manfredini esquina Copiapo 5° Piso, Mall Costanera";"Puerto Montt";"Región de los Lagos";"LQ";"Adjudicada";"Licitación Pública Nº 198/2024 para la ejecución del proyecto denominado “REPOSICION DE LUMINARIAS SECTOR HOSPITAL DE LA COMUNA DE PUERTO MONTT”.";2024-12-10T16:34:00;2025-01-09T17:30:00;2025-04-08T10:58:37.75;154422499;"CLP";0;0
2703-48-L125;"SC 9716 SERVICIO DE LEVANTAMIENTO DE INFORMACION SOBRE FILTRACION DE AGUAS LLUVIAS EN LA CUBIERTA CESFAM .MANTENCION";"I MUNICIPALIDAD DE TALAGANTE";"69.071.800-6";"Dirección de Salud";"Pasaje Quemchi N°1075, Villa Mónaco, Talagante";"";"Región Metropolitana de Santiago";"L1";"Adjudicada";"SC 9716 SERVICIO DE LEVANTAMIENTO DE INFORMACION SOBRE FILTRACION DE AGUAS LLUVIAS EN LA CUBIERTA CESFAM .MANTENCION";2025-01-29T16:38:52.87;2025-02-11T14:55:00;2025-04-08T10:54:13.297;;"CLP";0;0
1063538-17-LP25;"CONVENIO DE MANT.  EQUIPOS DE ANATOMÍA PATOLÓGICA";"HOSPITAL BASE OSORNO";"61.602.260-1";"Bienes y Servicios";"GUILLERMO BUHLER 1765, OSORNO";"Osorno";"Región de los Lagos";"LP";"Adjudicada";"El Hospital Base San José de Osorno, en adelante también el “Hospital”, requiere la adquisición del servicio de “Convenio de Mantenimiento para equipos de Anatomía Patológica” del Hospital, de acuerdo a las condiciones establecidas en las presentes bases administrativas, económicas, técnicas y sus anexos. La forma de la presente licitación pública corresponde a adquisición mayor o igual a 1.000 e inferior a 5.000 UTM.";2025-02-05T16:48:51.993;2025-02-17T15:00:00;2025-04-08T10:51:53.593;;"CLP";0;0
3625-3-LE25;"REPAR.Y MANT. RETROEXCAVADORA Y MINICARGADOR SJM";"I MUNICIPALIDAD DE SAN JOSE DE MAIPO";"69.072.300-k";"Secretaria Comunal De Planificación";"Camino El Volcan  19775";"San José de Maipo";"Región Metropolitana de Santiago";"LE";"Adjudicada";"La contratación, tiene por objeto realizar la mantención y reparación de 2 equipos municipales de la comuna de San José de Maipo: - Mantención y Reparación de Retroexcavadora modelo Volvo BL 60, año 2008. - Mantención y Reparación de Minicargador modelo New Holland, año 2009.";2025-03-10T13:20:08.063;2025-03-25T10:00:00;2025-04-08T10:28:54.66;23729219;"CLP";0;0
1663-36-LP25;"INSUMOS DE MECANICA DENTAL";"SERVICIO DE SALUD CHILOE";"61.602.276-8";"Hospital de Quellón";"";"";"Región de los Lagos";"LP";"Adjudicada";"EL HOSPITAL DE QUELLON REQUIERE COMPRAR INSUMOS DE MECANICA DENTAL";2025-01-31T13:55:13.07;2025-02-10T17:00:00;2025-04-08T10:24:18.593;;"CLP";0;0
4469-18-L125;"SC 36906- 36942 (PC) ADQ. DE EQUIPOS PARA IDA A TERRENO/NIEVE PROYECTO FONDEF IT24I009  UPLA.";"UNIVERSIDAD DE PLAYA ANCHA DE CIENCIAS DE LA EDUCACION";"70.754.700-6";"ADQUISICIONES";"Avda.Playa Ancha N°850, Playa Ancha,Valparaíso";"Valparaíso";"Región de Valparaíso";"L1";"Adjudicada";"SC 36906- 36942 (PC) ADQ. DE EQUIPOS PARA IDA A TERRENO/NIEVE PROYECTO FONDEF IT24I009  UPLA. ARTICULO 38 LEY 21094 DE UNIVERSIDADES ESTATALES.";2025-03-20T15:51:04.943;2025-03-28T15:00:00;2025-04-08T10:43:52.8;3162826;"CLP";0;0
1057489-628-LE24;"Convenio de Suministro de Sutura Nylon 10 para Oftalmología por 24 meses para Hospital del Salvador";"SERVICIO DE SALUD ORIENTE HOSPITAL DEL SALVADOR";"61.608.406-2";"Bienes y Servicios";"AV SALVADOR 364";"Providencia";"Región Metropolitana de Santiago";"LE";"Adjudicada";"Que, el Hospital del Salvador necesita contar con un Convenio de Suministro de Sutura Nylon 10/0 para Oftalmología por 24 meses para Hospital del Salvador con la finalidad de satisfacer de manera adecuada y eficiente la labor asistencial   Que, por la cuantía determinada, la presente licitación se ubica en el tramo para aquellas contrataciones iguales o superiores a 100 UTM e inferiores a 1.000 UTM, en conformidad al Artículo 19º bis del Reglamento de la Ley Nº19.886 Que, hechas las consultas respectivas, la provisión de Convenio de Suministro de Sutura Nylon 10/0 para Oftalmología por 24 meses para Hospital del Salvador no se encuentra disponible por Convenio Marco ofrecidos en el Sistema de Información de la Dirección de Compras, www.mercadopublico.cl";2024-12-05T09:38:18.69;2024-12-16T15:00:00;2025-04-08T10:25:46.163;67294000;"CLP";0;0
2460-19-LE25;"Limpieza de cubiertas canales bajadas sumideros";"I MUNICIPALIDAD DE PROVIDENCIA";"69.070.300-9";"Dirección de Administración y Finanzas";"Pedro de Valdivia 963";"Providencia";"Región Metropolitana de Santiago";"LE";"Adjudicada";"Servicio de limpieza general de todas las cubiertas, canales, bajadas y otros para la evacuación de aguas lluvias de todos los recintos que conforman el Municipio de Providencia. Será requisito para esta licitación una visita previa a terreno, independientemente de las posteriores que requiera el contratista para rectificar y/o complementar la información.";2025-03-12T18:20:22.503;2025-03-24T15:00:00;2025-04-08T10:15:32.717;;"CLP";0;0
4176-3-LE25;"SERVICIO DE TRANSPORTE ESCOLAR 2025";"Ilustre Municipalidad de Galvarino";"69.190.200-5";"Educación";"INDEPENDENCIA 90";"Galvarino";"Región de la Araucanía";"LE";"Adjudicada";"SERVICIO DE TRANSPORTE ESCOLAR ESTABLECIMIENTOS EDUCACIONALES, SEGUN BASES ADMINISTRATIVAS Y ESPECIFICACIONES TECNICAS.";2025-03-18T17:22:00;2025-03-24T15:33:00;2025-04-08T10:14:21.813;24549000;"CLP";0;0
5615-28-L125;"ADQUISICIÓN MATERIAL ELECTICO Y MATERIALES SANITARIOS USO QUIOSCO FLORISTA Y MATERIALES DE CONSTRUCCIÓN PISO FINANZAS";"Ilustre Municipalidad de El Carmen";"69.141.700-K";"Ilustre Municipalidad de El Carmen";"Baquedano N°392, Recursos Humano";"El Carmen";"Región del Ñuble";"L1";"Adjudicada";"ADQUISICIÓN MATERIAL ELECTICO Y MATERIALES SANITARIOS USO HABILITACIÓN QUIOSCO FLORISTAS, SEGÚN REQ DOM N°16 Y N°17 DE FECHA 30/01/2025, SEGÚN D.E N°1477 DE FECHA 30/01/2025, Y MATERIAL DE CONSTRUCCIÓN USO REPARACIÓN PISO FINANZAS, SEGÚN REQ DOM N°18 DE FECHA 30/01/2025, PRODUCTOS DEBEN SER ENTREGADO CON GUIA DE DESPACHO ELECTRONICA, EL ENVIO DEBE SER ASUMIDO POR EL PROVEEDOR";2025-03-20T16:21:52.67;2025-03-26T15:00:00;2025-04-08T10:12:24.313;2385532;"CLP";0;0
1663-70-LE25;"ARRIENDO DE CONTEINER ACONDICIONADO PARA  OFICINAS";"SERVICIO DE SALUD CHILOE";"61.602.276-8";"Hospital de Quellón";"";"";"Región de los Lagos";"LE";"Adjudicada";"La Red de Salud necesita contar con Convenio de arriendo de container acondicionados para oficinas por el año 2025, los cuales cubrirán la demanda existencial de espacio de trabajo que actualmente el establecimiento de salud necesita.";2025-02-28T10:14:29.49;2025-03-10T18:00:00;2025-04-08T10:10:45.783;;"CLP";0;0
4076-33-LE25;"ADQ. DE REPUESTOS PARA AVION BEECHCRAFT B200";"DIRECCION DE LOGISTICA DE CARABINEROS";"60.505.733-0";"Prefectura Aérea";"Avda. Larraín Nro. 7941";"La Reina";"Región Metropolitana de Santiago";"LE";"Adjudicada";"MATERIALIZAR LA ADQ. DE REPUESTOS PARA AVION BEECHCRAFT B200, DE CARGO DE LA PREFECTURA AÉREA DE CARABINEROS, DE CONFORMIDAD A BASES Y ANEXOS ADJUNTOS A LA PRESENTE.-";2025-03-18T17:24:39.76;2025-03-27T19:55:00;2025-04-08T09:47:21.267;;"USD";0;0
2548-12-L125;"ADQ. DETERGENTE ENZIMATICO Y OTROS PROD. DE ASEO";"I MUNICIPALIDAD DE PADRE LAS CASAS";"61.955.000-5";"MUNICIPALIDAD DE PADRE LAS CASAS  SALUD";"Ramberga 760";"Padre Las Casas";"Región de la Araucanía";"L1";"Adjudicada";"ADQUISICION DE DETERGENTE ENZIMATICO Y OTROS PRODUCTOS DE ASEO PARA BODEGA CENTRAL, DEPARTAMENTO DE SALUD - MUNICIPALIDAD DE PADRE LAS CASAS.";2025-03-12T12:31:22.033;2025-03-18T15:05:00;2025-04-08T10:09:54.507;5336652;"CLP";0;0
2905-10-L125;"ESTUDIO ICTICO RIO LEUFUCADE PTAS MALALHUE";"I MUNICIPALIDAD DE LANCO";"69.200.300-4";"Administración y Finanzas";"Libertad 251";"Lanco";"Región de Los Ríos";"L1";"Adjudicada";"“SERVICIO DE MUESTREO Y ANALISIS PARA PLANTA DE TRATAMIENTO DE AGUAS SERVIDAS DE MALALHUE, CORRESPONDIENTE A ESTUDIO ICTICO RIO LEUFUCADE” SEGUN SOLICITUD DE PEDIDO N 20 de fecha 28 de enero de 2025";2025-03-14T17:34:59.37;2025-03-20T19:00:00;2025-04-08T09:52:08.013;;"CLP";0;0
3086-6-LE25;"ADQUISICIÓN DE MATERIAL PARA AO ARAUCANO";"DIRECCION DE ABASTECIMIENTO DE LA ARMADA";"61.102.005-8";"CENTRO DE ABASTECIMIENTO (V) (ADQ)";"ANTONIO VARAS #348";"Valparaíso";"Región de Valparaíso";"LE";"Adjudicada";"ADQUISICIÓN DE MATERIAL PARA AO ARAUCANO";2025-03-06T10:22:25.97;2025-03-17T15:00:00;2025-04-08T09:43:36.317;11045000;"CLP";0;0
2355-4-LP25;"ADM.-MANTENCIÓN Y OPERACIÓN CENTRO RESCATE CANINO";"I MUNICIPALIDAD DE PUNTA ARENAS";"69.250.200-0";"DIRECCIÓN MEDIO AMBIENTE ASEO Y ORNATO";"PLAZA MUÑOZ GAMERO 745";"Punta Arenas";"Región de Magallanes y de la Antártica";"LP";"Adjudicada";"La Municipalidad de Punta Arenas, requiere contratar el servicio para la ADMINISTRACIÓN – MANTENCIÓN Y OPERACIÓN DEL CENTRO DE RESCATE CANINO MUNICIPAL, por un periodo de 12 (doce) meses o hasta que el presupuesto DISPONIBLE lo permita. Para el cumplimiento de lo anterior, se requiere de participantes que aseguren y certifiquen que los servicios ofertados son prestados de acuerdo con las normas técnicas vigentes, con los estándares de calidad suficientes para satisfacer los requerimientos del Municipio.";2025-03-14T15:05:35.647;2025-03-25T11:00:00;2025-04-08T09:30:27.687;;"CLP";0;0
5048-35-O122;"TERMINACIÓN MEJ RTA T-340, TOROBAYO, R DE LOS RIOS";"MINISTERIO DE OBRAS PUBLICAS DIREC CION GRAL DE OO PP DCYF";"61.202.000-0";"Dirección de Vialidad - Nivel Central - Licitación de Obras";"Morandé 59 piso 2 oficina 217";"Santiago Centro";"Región de Los Ríos";"O1";"Adjudicada";"El Proyecto contempla obras de movimiento de tierra, carpeta con pavimentación asfáltica, Obras de saneamiento, Iluminación y otras obras asociadas.";2022-12-16T09:38:00;2023-02-20T10:30:00;2025-04-08T09:40:38.56;;"CLP";0;0
5048-6-O123;"Mej. Ruta L-32 sec. P Marimaura-Ruta-126 Reg.Maule";"MINISTERIO DE OBRAS PUBLICAS DIREC CION GRAL DE OO PP DCYF";"61.202.000-0";"Dirección de Vialidad - Nivel Central - Licitación de Obras";"Morandé 59 piso 2 oficina 217";"Santiago Centro";"Región del Maule";"O1";"Adjudicada";"Consiste en realizar el mejoramiento de la Ruta L-32 , con una extencion total de 11,87 km aprox, considerando un nuevo estándar que implica el desarrollo de obras tales como pavimentación en Asfalto, mejoras al alineamiento geométrico, obras de saneamiento, señalización y seguridad vial, iluminación, y otras obras asociadas.";2023-04-11T16:07:49.823;2023-04-14T11:30:00;2025-04-08T09:36:05.517;;"CLP";0;0
1306643-39-LR24;"SUMINISTRO ELEMENTOS-INSUMOS LABORATORIO COMUNAL";"I.MUNICIPALIDAD DE CERRO NAVIA";"69.254.200-2";"SERVICIOS TRASPASADOS DEPARTAMENTO DE SALUD";"DEL CONSISTORIAL 6645 CERRO NAVIA.";"Cerro Navia";"Región Metropolitana de Santiago";"LR";"Adjudicada";"Este proceso licitatorio es de trascendental importancia para el correcto funcionamiento del Laboratorio clínico, y de esta forma se disponga tanto de los equipos analizadores, sus reactivos, software, hardware, así como de todos los materiales, insumos y medios de cultivo necesarios para su funcionamiento.";2024-08-12T13:50:10.65;2024-09-12T14:00:00;2025-04-08T08:54:57.833;400000000;"CLP";0;0
1549-226-LR24;"ARRIENDO DE EQUIPOS INFORMATICOS E IMPRESORAS";"SERVICIO DE SALUD METROPOLITANA NORTE HOSPITAL SAN JOSE";"61.608.002-4";"Hospital San  José";"San José 1196";"Independencia";"Región Metropolitana de Santiago";"LR";"Adjudicada";"SERVICIO DE ARRIENDO DE EQUIPOS DE INFORMATICOS E IMPRESORAS POR 36 MESES.-";2024-12-13T10:12:13.593;2025-01-13T15:00:00;2025-04-08T09:32:14.433;594471000;"CLP";0;0
3367-2-LE25;"Adquisición de Repuestos Genuinos";"COMANDO DE APOYO A LA FUERZA";"61.927.400-8";"Regimiento Logístico N° 5  Magallanes";"Barrio Industrial Km 7, 5 Norte";"Punta Arenas";"Región de Magallanes y de la Antártica";"LE";"Adjudicada";"Adquisición de Repuestos Genuinos para los vehículos administrativos del Regimiento";2025-03-12T16:38:44.363;2025-03-24T15:00:00;2025-04-08T09:07:49.073;;"CLP";0;0
1058071-9-LQ25;"Sumin. Fárm. Familias Propofol Remifentanilo";"HOSPITAL CLINICO METROPOLITANO EL CARMEN DOCTOR LUIS VALENTIN FERRADA";"61.980.320-5";"Fármarcos";"Camino Rinconada 1201";"Maipú";"Región Metropolitana de Santiago";"LQ";"Adjudicada";"Suministro de Fármacos Familias Propofol, Remifentanilo y Sevoflurano con Equipos para su administración";2025-02-07T16:36:43.613;2025-02-27T17:00:00;2025-04-08T09:14:19.797;;"CLP";0;0
2424-368-L124;"KIT ARTICULOS DE FERRETERIA - 5458 - (N.F.)";"I MUNICIPALIDAD DE VINA DEL MAR";"69.061.000-0";"I MUNICIPALIDAD DE VINA DEL MAR";"ARLEGUI 615, 3PISO, VIÑA DEL MAR";"Viña del Mar";"Región de Valparaíso";"L1";"Adjudicada";"Ped. N° 107 - 5458 Sección Mantención y Reparación (n.f.)";2024-12-04T17:27:36.12;2024-12-13T15:30:00;2025-04-08T09:06:38;3262080;"CLP";0;0
2080-104-LE25;"COMPRA INSUMOS VIA VENOSA";"SERVICIO DE SALUD DEL LIBERTADOR B O'HIGGINS HOSPITAL REG RANCAGUA";"61.602.138-9";"Hospital Regional Rancagua - HRR";"Avenida Salvador Allende Nº 350";"Rancagua";"Región del Libertador General Bernardo O´Higgins";"LE";"Adjudicada";"El objeto de esta Licitación es contar con una adecuada adquisición de Compra Insumos Vía Venosa para el Hospital Dr. Franco Ravera Zunino, durante el curso del contrato.";2025-02-28T18:20:20.147;2025-03-06T15:30:00;2025-04-08T08:31:52.45;;"CLP";0;0
4065-7-LE25;"ADQUISICIÓN MATERIALES HABILITACIÓN DEPENDENCIAS";"I MUNICIPALIDAD RIO IBANEZ";"69.253.100-0";"Dirección de Obras Municipales";"";"";"Región Aysén del General Carlos Ibáñez del Campo";"LE";"Adjudicada";"ADQUISICIÓN MATERIALES PARA PROYECTO HABILITACION DEPENDENCIAS MUNICIPALES Y MEJORAMIENTO PLAZA DE ARMAS PUERTO IBAÑEZ";2025-03-21T15:46:00;2025-04-02T17:31:00;2025-04-10T11:55:45.167;;"CLP";0;0
1260-12-LE25;"Implementación Servicio Soporte Licencias Monday";"GOBIERNO REGIONAL REGION METROPOLITANA";"61.923.200-3";"ADQUISICIONES - PROGRAMA 01";"Bandera N°46";"Santiago Centro";"Región Metropolitana de Santiago";"LE";"Adjudicada";"SERVICIO DE IMPLEMENTACIÓN DE LA PLATAFORMA MONDAY, SERVICIO DE MANTENIMIENTO Y SOPORTE MENSUALES Y ADQUISICIÓN DE SUSCRIPCIONES MONDAY PARA EL GOBIERNO REGIONAL DE SANTIAGO";2025-03-07T15:14:34.84;2025-03-21T15:00:00;2025-04-08T08:16:49.963;;"CLP";0;0
2784-1-LP25;"ADQUISICIÓN CAMION MULTIPROPÓSITO BIP N10051131-0";"I MUNICIPALIDAD DE LA LIGUA";"69.050.100-7";"SECRETARIA DE PLANIFICACION";"Portales   555";"La Ligua";"Región de Valparaíso";"LP";"Adjudicada";"La Ilustre  Municipalidad de La Ligua, debe adquirir un CAMIÓN MULTIPROPÓSITO, Código BIP N°40051131-0,  camión-poli brazo-contenedores 2 unidades, y dos Puntos Limpios Móviles, será utilizado como apoyo a la gestión de RSD, aumentando la capacidad de recolección microbasuralessobregeneración de RSD.";2025-02-12T08:14:39.36;2025-03-12T10:00:00;2025-04-10T11:52:03.03;248272000;"CLP";0;0
1398-5-LP25;"AUMENTO DE POTENCIA ELÉCTRICA DSS";"SERVICIO DE SALUD LIBERTADOR BDO OHIGGINS";"61.606.800-8";"Servicio de Salud Ohiggins";"Av Bernardo Ohiggins 609";"Rancagua";"Región del Libertador General Bernardo O´Higgins";"LP";"Adjudicada";"SE REQUIERE REALIZAR AUMENTO DE POTENCIA ELÉCTRICA PARA EL SERVICIO DE SALUD O'HIGGINS. SE ADJUNTAN ANTECEDENTES TÉCNICOS Y ADMINISTRATIVOS";2025-01-24T16:49:54.937;2025-02-24T15:00:00;2025-04-10T11:42:58.227;;"CLP";0;0
3944-2-LE25;"LICITACION ECOGRAFO DOPPLER COLOR";"I MUNICIPALIDAD DE PERALILLO";"69.091.500-6";"Departamento de Salud";"18 DE SEPTIEMBRE 601 ESQUINA CARDENAL CARO CESFAM DE PERALILLO";"Peralillo";"Región del Libertador General Bernardo O´Higgins";"LE";"Adjudicada";"El objetivo de esta licitación es adquirir equipo destinado a cubrir requerimientos de la institución, que cuente con estándares actuales para realización de ecografías obstétricas de I, II, III trimestre de embarazo, así como ecografías ginecológicas, cuyos detalles y especificaciones técnicas, se encuentran explicitadas en bases administrativas y técnicas de la licitación.";2025-03-21T10:58:27.737;2025-04-01T15:06:00;2025-04-10T11:42:38.343;300000000;"CLP";0;0
4401-36-L125;"sc 216 Adquisición Equipo Indice Tobillo Brazo";"I MUNICIPALIDAD DE SAN CLEMENTE";"69.110.500-8";"DEPARTAMENTO SALUD MUNICIPALIDAD DE SAN CLEMENTE";"LOS ESPINOS S/N (EX CONSULTORIO)";"San Clemente";"Región del Maule";"L1";"Adjudicada";"Se requiere adquirir Equipo indice tobillo brazo canasta de pie diabetico para el departamento de salud de San Clemente.";2025-03-27T11:00:10.467;2025-04-02T14:00:00;2025-04-10T11:44:48.593;;"CLP";0;0
4629-12-LE25;"HABILITACIÓN IPT GENERAL CARRERA";"DIRECCION DEL TRABAJO";"61.502.000-1";"Nivel Central Santiago";"AGUSTINAS 1253, SANTIAGO, 6°piso DAF";"Santiago";"Región Metropolitana de Santiago";"LE";"Adjudicada";"La Dirección del Trabajo requiere la contratación del servicio de Habilitación de la Inspección Provincial del Trabajo General Carrera -Chile Chico-, con la finalidad de contar con un inmueble en óptimas condiciones en cuanto a espacio e infraestructura.";2025-03-05T11:11:41.507;2025-03-20T14:00:00;2025-04-10T13:18:12.94;;"CLP";0;0
1058088-2-LP25;"MEDICAMENTOS ENDOVENOSOS CARDÍACOS VITAMINAS OLIGOELEMENTOS Y OTROS";"HOSPITAL ORIENTE DR LUIS TISNE BROUSSE";"61.959.800-8";"Fármarcos";"Av. Las Torres #5150";"Peñalolén";"Región Metropolitana de Santiago";"LP";"Adjudicada";"SUMINISTRO DE MEDICAMENTOS ENDOVENOSOS CARDÍACOS, VITAMINAS, OLIGOELEMENTOS Y OTROS";2025-02-10T13:06:56.187;2025-03-03T15:00:00;2025-04-10T13:14:56.683;;"CLP";0;0
2627-3-LP25;"SERVICIO DE ALUMBRADO PUBLICO";"I MUNICIPALIDAD DE PUTAENDO";"69.050.700-5";"DPO SECRETARIA DE PLANIFICACION";"SAN MARTIN Nº 642";"Putaendo";"Región de Valparaíso";"LP";"Adjudicada";"La Mantención debe entenderse tanto la vigilancia como la regulación del funcionamiento óptimo de la red de alumbrado público urbano y rural y mantenimiento respectivo, como la reparación de fallas en la misma o mantenimiento correctivo, y debe incluir en todo caso un servicio de atención de emergencias. La licitación se regirá supletoriamente, en todo lo que fuere procedente, por lo dispuesto por la Superintendencia de Electricidad y Combustible SEC, las leyes, reglamentos, instrucciones y demás normativa vigente en el área relacionada con la prestación del servicio de Mantención de Alumbrado Público";2025-01-31T12:25:28.9;2025-02-20T16:00:00;2025-04-10T13:14:58.267;100000000;"CLP";0;0
1242121-1-LP25;"CONVENIO SUMINISTRO DE ABARROTES PARA EL HOSPITAL PROVINCIAL DE OVALLE";"SERVICIO DE SALUD COQUIMBO HOSPITAL DE O";"61.606.404-5";"Insumos Generales";"Avenida Manuel Peñafiel 1550";"Ovalle";"Región de Coquimbo";"LP";"Adjudicada";"CONVENIO SUMINISTRO DE ABARROTES, PARA EL HOSPITAL PROVINCIAL DE OVALLE";2025-02-06T09:47:06.117;2025-02-26T15:25:00;2025-04-10T12:45:51.813;;"CLP";0;0
1704-7-LP25;"SUMINISTROS DE IMPRESORAS TÉRMICAS DE ETIQUETAS TURNOS MATICOS Y EQUIPAMIENTO PARA EL HOSPITAL BIPROVINCIAL QUILLOTA - PETORCA";"SERVICIO DE SALUD VINA DEL MAR QUILLOTA";"61.606.608-0";"Hospital San Martín de Quillota";"La Concepción 1050";"Quillota";"Región de Valparaíso";"LP";"Adjudicada";"SUMINISTROS DE IMPRESORAS TÉRMICAS, DE ETIQUETAS, TURNOS MATICOS Y EQUIPAMIENTO PARA EL HOSPITAL BIPROVINCIAL QUILLOTA - PETORCA";2025-02-03T11:23:11.61;2025-02-25T15:00:00;2025-04-10T12:04:42.72;150000000;"CLP";0;0
867990-18-L125;"Adquisición de mobiliario y estructura para diarios murales adosados";"UNIVERSIDAD DE SANTIAGO DE CHILE";"60.911.000-7";"Unidad de Coordinación Institucional - UCI";"Avenida Víctor Jara N° 3650";"Estación Central";"Región Metropolitana de Santiago";"L1";"Adjudicada";"La Facultad de Ciencia de al Universidad de Santiago de Chile requiere adquirir mobiliario y estructura para diarios murales adosados.";2025-03-17T17:05:21.343;2025-03-24T15:00:00;2025-04-10T12:04:34.523;3840000;"CLP";0;0
1070620-29-LR25;"PVE SUMINISTRO AUDIFONOS CON EQUIPOS EN COMODATO";"HOSPITAL DOCTOR ERNESTO TORRES GALDAMES";"62.000.530-4";"Hospital Dr. Ernesto Torres Galdames";"Av. Héroes de la Concepción 502";"Iquique";"Región de Tarapacá";"LR";"Adjudicada";"PVE SUMINISTRO AUDIFONOS CON EQUIPOS EN COMODATO PARA EL HETG El hospital Dr. Ernesto Torres Galdames de Iquique, requiere contar con la adquisición de bienes correspondientes a dispositivos que mejoran la calidad auditiva de las personas bajo la modalidad de suministro, así como la entrega en comodato de los equipos que se especificaran, los cuales son necesarios para un desarrollo adecuado de las atenciones patológicas, otorgando un servicio de efectividad, seguridad y condiciones de calidad que éstos requieren.";2025-02-07T12:59:37.347;2025-03-10T15:00:00;2025-04-10T12:03:04.977;;"CLP";0;0
2101-14-R125;"INSUMOS INFORMÁTICOS";"HOSPITAL INTERCULTURAL KALLVU LLANKA.-";"61.602.213-k";"Hospital Cañete";"Ruta P60R esquina Ruta P520";"Cañete";"Región del Biobío";"LE";"Adjudicada";"El hospital Intercultural Kallvu Llanka requiere adquirir Insumos Informáticos para el normal funcionamiento de la unidad de informática del hospital.";2025-02-21T09:52:43.71;2025-03-10T15:00:00;2025-04-10T12:01:50.33;;"CLP";0;0
3874-7-LE25;"SERVICIOS DE TELEFÓNICA VIRTUAL";"I MUNICIPALIDAD DE RAUCO";"69.100.400-7";"Salud";"Avda. O Higgins S/N";"Rauco";"Región del Maule";"LE";"Adjudicada";"LA NECESIDAD DE CONTAR CON SERVICIO CENTRAL TELEFÓNICVA VIRTUAL, EL PROVEEDOR DEBE PROVEER DE 23 EQUIPOS DE TELEFONÍA Y 23 ANEXOS DE ACUERDO A DOCUMENTOS EN ADJUNTO.";2025-03-21T17:13:00;2025-04-02T19:56:00;2025-04-10T12:36:49.773;12000000;"CLP";0;0
1305532-9-LE25;"SERVICIO DE INTERNET DEDICADO SLEP ELQUI";"SERVICIO LOCAL DE EDUCACIÓN PÚBLICA DEL ELQUI";"61.981.040-6";"COMPRAS Y LICITACIONES";"Juan Cisternas N° 2501, La Serena";"La Serena";"Región de Coquimbo";"LE";"Adjudicada";"Se requiere contratar el servicio de Internet dedicado para implementar en el nuevo edificio institucional del Servicio, y dotar con ello a los funcionarios de infraestructura, soporte tecnológico, e internet de alta velocidad, que permita satisfacer la necesidades de conectividad para mejorar la gestión institucional del SLEP  servicio que comprende la contratación de internet dedicado a través de redes de fibra óptica de 200 Mbps con enlace digital simétrico, por un periodo de 36 meses, cuyo valor mensual deberá ser un monto fijo hasta el término del contrato.";2025-03-19T10:34:00;2025-04-03T15:30:00;2025-04-10T12:04:28.543;15300000;"CLP";0;0
1973-24-LP25;"RETIRO Y TRANSPORTE DISPOSICIÓN FINAL DE RESIDUOS";"CENTRO DE REFERENCIA DE SALUD DE PENALOLEN CORDILLERA ORIENTE";"61.953.200-7";"CRS de Peñalolen Cordillera Oriente";"Avda. Las Torres 5100";"Peñalolén";"Región Metropolitana de Santiago";"LP";"Adjudicada";"Las presentes Bases de Licitación regirán la Propuesta Pública convocada por el CRSCO para la Contratación del Servicio de Retiro, Transporte y Disposición Final de Residuos Especiales y Peligrosos para la gestión del CRSCO, de acuerdo con lo señalado en las Bases Técnicas, por un período de cuarenta y ocho 48 meses.  Se entenderá que todo proveedor conoce y acepta irrevocablemente el contenido de estas Bases, por el sólo hecho de presentar sus ofertas en este proceso de compra. El contrato a que dará origen la presente licitación será un contrato de servicios, entendiéndose por tal aquel por el cual el proveedor se obliga a cumplir prestaciones continuas o periódicas al CRSCO en el tiempo, calidad y lugar acordado, según los requerimientos del CRSCO, con apego a las Bases Administrativas, Técnicas y sus anexos. Déjese establecido que los requerimientos del servicio de retiro serán de flujo variable, no comprometiéndose el CRSCO a requerir una determinada cantidad de los mismos de manera periódica durante la vigencia del contrato. Las características o especificaciones técnicas se evaluarán en base a la oferta que cumpla con los requisitos señalados en las bases y la idoneidad y calidad técnica del oferente, con el objeto de asegurar que el adjudicatario se ajuste a los requisitos que el CRSCO ha especificado para la ejecución del contrato licitado. Formarán parte integrante de estas bases sus eventuales aclaraciones, rectificaciones, enmiendas, formularios y sus anexos  todo ello debidamente publicado en el portal Mercado Público";2025-02-20T12:30:42.577;2025-03-12T17:30:00;2025-04-10T11:57:53.513;95000000;"CLP";0;0
5067-493-LE24;"ADQUISICIÓN DE DISCOS DUROS CDP79316CC117";"UNIVERSIDAD DE SANTIAGO DE CHILE";"60.911.000-7";"Universidad de Santiago de Chile";"";"";"Región Metropolitana de Santiago";"LE";"Adjudicada";"ADQUISICIÓN DE DISCOS DUROS PARA LA UNIVERSIDAD DE SANTIAGO DE CHILE CON EL OBJETIVO DE CONTAR CON UN STOCK DE DISCOS PARA REEMPLAZO EN CASO DE FALLA CDP79316CC117";2025-01-27T17:02:19.603;2025-02-06T16:00:00;2025-04-10T11:46:04.9;16080000;"CLP";0;0
316-13-LE25;"“SERVICIO DE PRODUCCIÓN DE EVENTO JESUCRISTO SUPERSTAR 2025”";"I MUNICIPALIDAD DE VILLA ALEMANA";"69.061.500-2";"ADQUISICIONES";"CALLE BUENOS AIRES N°850, VILLA ALEMANA";"Villa Alemana";"Región de Valparaíso";"LE";"Adjudicada";"En la presente Licitación Pública se requiere contratar un servicio de producción de evento dirigido a las familias de la comuna de Villa Alemana, donde los oferentes deberán considerar los siguientes requerimientos como audio, iluminación, imagen, monitores, microfonía, pantallas, guardias de seguridad, baños químicos, sillas plegables, las exigencias técnicas mínimas para llevar a cabo este evento se encuentran estipulados en las bases técnicas de esta licitación pública.";2025-03-26T11:22:35.843;2025-04-04T11:00:00;2025-04-10T12:59:19.677;17000000;"CLP";0;0
2996-22-CO25;"Bebidas Lácteas Farmacia Municipal";"I MUNICIPALIDAD DE MONTEPATRIA";"69.040.800-7";"Salud";"Calle Balmaceda #99";"Monte Patria";"Región de Coquimbo";"CO";"Adjudicada";"Compra de bebidas lácteas para usuarios de la Farmacia Municipal";2025-03-20T15:27:42.553;2025-03-31T15:00:00;2025-04-10T12:53:31.397;;"CLP";0;0
1242121-4-LE25;"CONVENIO DE SUMINISTRO DE ELEMENTOS DE PROTECCIÓN PERSONAL PARA EL  HOSPITAL PROVINCIAL DE OVALLE";"SERVICIO DE SALUD COQUIMBO HOSPITAL DE O";"61.606.404-5";"Insumos Generales";"Avenida Manuel Peñafiel 1550";"Ovalle";"Región de Coquimbo";"LE";"Adjudicada";"Conforme a la Ley de Compras Públicas N° 19.886, su Reglamento y modificaciones, el Hospital Provincial de Ovalle llama a licitación pública a empresas o proveedores del rubro, personas naturales o jurídicas, chilenas o extranjeras, así como a Uniones Temporales de Proveedores, para celebrar un CONVENIO DE SUMINISTRO DE ELEMENTOS DE PROTECCIÓN PERSONAL, para el Hospital Provincial de Ovalle, por un periodo de 12 (doce) meses, o hasta agotar el presupuesto referencial, para un oportuno y adecuado suministro de estos productos y así garantizar el correcto funcionamiento del establecimiento.  Este proceso se realizará a través del Sistema de Información de la Dirección de Compras y Contratación Pública www.mercadopublico.cl, según lo establecido en la Ley N° 19.886 y su Reglamento. Las bases administrativas y sus especificaciones técnicas establecen las condiciones que regirán la presente licitación y el posterior contrato que se celebre para dar cumplimiento a este objetivo.";2025-03-13T13:06:52.963;2025-03-26T15:25:00;2025-04-10T12:56:30.367;;"CLP";0;0
3326-18-LE25;"ADQUISICIÓN E INSTALACIÓN DE VIDRIOS BLINDADOS PARA VEHÍCULOS TÁCTICOS DE CARGO DE LA 40° COMISARIA COP ESTE SEGÚN BASES ADMINISTRATIVAS Y TÉCNICAS";"DIRECCION DE LOGISTICA DE CARABINEROS";"61.938.500-4";"Depto.Transportes L.3";"Vivaceta Nro. 2700";"Independencia";"Región Metropolitana de Santiago";"LE";"Adjudicada";"ADQUISICIÓN E INSTALACIÓN DE VIDRIOS BLINDADOS PARA VEHÍCULOS TÁCTICOS DE CARGO DE LA 40° COMISARIA COP ESTE, SEGÚN BASES ADMINISTRATIVAS Y TÉCNICAS";2025-03-11T12:12:18.063;2025-03-24T15:25:00;2025-04-10T12:54:12.007;67000000;"CLP";0;0
3512-133-LR24;"CONSERVACION EDIFICIO CONSISTORIAL ILLAPEL";"I MUNICIPALIDAD DE ILLAPEL";"69.041.200-4";"DEPARTAMENTO DE  FINANZAS MUNICIPAL";"Constitución #24";"Illapel";"Región de Coquimbo";"LR";"Adjudicada";"Se requiere contratar empresa que pueda ejecutar el proyecto de obras de construcción, cuente con experiencia en el rubro, que pueda llevar a cabo en el plazo establecido y que tenga la capacidad económica y de personal para finalizar la construcción, además que tenga disponibilidad inmediata para la ejecución.";2024-12-20T13:59:57.483;2025-01-20T15:30:00;2025-04-10T13:13:52.94;;"CLP";0;0
2594-15-LE25;"LICENCIAS DE CONDUCIR";"I MUNICIPALIDAD DE CONCON";"73.568.600-3";"I.MUNICIPALIDAD DE CONCON";"SANTA LAURA   567";"Concón";"Región de Valparaíso";"LE";"Adjudicada";"Las presentes Bases Administrativas y Especificaciones Técnicas tienen por objeto adquirir a través de licitación pública “10.000 UNIDADES DE FORMATOS DE LICENCIAS DE CONDUCIR”, para la Dirección de Tránsito y Transporte Publico. Con un Monto máximo disponible es de  21.301.000 IVA incluido, provenientes del Presupuesto Municipal año 2025.";2025-03-24T10:25:47.69;2025-04-03T16:35:00;2025-04-10T12:56:38.08;;"CLP";0;0
3117-12-LE25;"CAMBIO DE CANALES DE AALL POB. NAVAL 1ER SECTOR";"DIRECCION DE ABASTECIMIENTO DE LA ARMADA";"61.102.006-6";"DEPTO. DE BIENESTAR SOCIAL (V)";"INDEPENDENCIA 1786";"Valparaíso";"Región de Valparaíso";"LE";"Adjudicada";"CAMBIO DE CANALES DE AALL POBLACIÓN NAVAL 1ER SECTOR PLAYA ANCHA, DEPENDIENTES DEL DEPARTAMENTO DE BIENESTAR SOCIAL IRA ZONA NAVAL.";2025-03-18T16:58:38.22;2025-03-28T09:00:00;2025-04-10T12:56:51.973;19397838;"CLP";0;0
514848-6-LE25;"CONTRATO DE SUMINISTRO GALVANOSMEDALLASTROFEOS Y";"I MUNICIPALIDAD DE LAUTARO";"69.190.100-9";"Educacion";"MANUEL RODRIGUEZ N° 850";"Lautaro";"Región de la Araucanía";"LE";"Adjudicada";"CONTRATO DE SUMINISTRO GALVANOS,MEDALLAS,TROFEOS Y OTROS PARA ESCUELAS MUNICIPALES COMUNA DE LAUTARO.";2025-02-12T13:54:24.703;2025-02-17T17:30:00;2025-04-10T13:10:42.8;;"CLP";0;0
769-12-LR25;"CONTROL PLAGAS ESTABLECIMIENTOS SSA PP 3-2025";"SERVICIO DE SALUD ANTOFAGASTA DIRECCION";"61.606.200-k";"SERVICIO DE SALUD ANTOFAGASTA DIRECCION";"Bolivar 523, Antofagasta";"Antofagasta";"Región de Antofagasta";"LR";"Adjudicada";"Contratar los servicios para el control de plagas y palomas, mediante convenio de suministro para establecimientos pertenecientes a Dirección de Servicio de Salud Antofagasta, el que debe llevarse cabo en concordancia a las bases técnicas y administrativas. El servicio se debe ejecutar una vez al mes, en recintos dependientes del Servicio de Salud Antofagasta, que se especificarán más adelante, con el objetivo de mantener las zonas limpias, desinfectadas libres de plagas, incluyendo palomas y roedores. Lo anterior para mantener a nuestros funcionarios y pacientes que van a ciertas dependencias, en las mejores condiciones salubres como se exige en la normativa vigente.";2025-02-17T15:28:00;2025-03-20T15:30:00;2025-04-10T13:08:11.02;;"CLP";0;0
4462-8-LE25;"COMPRA PLAN COMPLEMENTARIO DE SALUD";"I MUNICIPALIDAD DE ARAUCO";"69.160.100-5";"Ilustre Municipalidad de Arauco - Salud";"Esmeralda # 410";"Arauco";"Región del Biobío";"LE";"Adjudicada";"CONTRATACION DE PRESTACIONES MEDICAS COMPLEMENTARIAS PARA LOS FUNCIONARIOS AFILIADOS AL SERVICIO DE BIENESTAR DE LA DIRECCIÓN DE ADMINISTRACIÓN DE SALUD MUNICIPAL";2025-03-05T08:52:00;2025-03-11T15:05:00;2025-04-10T12:57:23.92;;"CLP";0;0
514848-4-LR25;"CONTRATO DE SUMINISTRO MATERIAL DE ENSEÑANZA DAEM";"I MUNICIPALIDAD DE LAUTARO";"69.190.100-9";"Educacion";"MANUEL RODRIGUEZ N° 850";"Lautaro";"Región de la Araucanía";"LR";"Adjudicada";"CONTRATO DE SUMINISTRO MATERIALES DE ENSEÑANZA Y DE OFICINA ESCUELAS MUNICIPALES,D.A.E.M COMUNA DE LAUTARO";2025-02-11T17:50:00;2025-03-14T12:16:00;2025-04-10T13:04:01.87;;"CLP";0;0
687236-19-O123;"“Conservación de Seguridad Vial 2023, Ruta 11-CH,";"MINISTERIO DE OBRAS PUBLICAS DIREC CION GRAL DE OO PP DCYF";"61.202.000-0";"Dirección de Vialidad - XV Región - Lic de Obras";"Avda. Comandante San Martín Nº 149, piso 2, Arica";"Arica";"Región de Arica y Parinacota";"O1";"Adjudicada";"“Conservación de Seguridad Vial 2023, Ruta 11-CH, Km 42,8 al Km 50,1. Por Sectores, Región de Arica y Parinacota”";2023-11-07T10:25:25.977;2023-12-01T13:59:00;2025-04-10T12:51:08.45;;"CLP";0;0
687236-20-O123;"“Conservación de Seguridad Vial 2023, Ruta 11-CH,";"MINISTERIO DE OBRAS PUBLICAS DIREC CION GRAL DE OO PP DCYF";"61.202.000-0";"Dirección de Vialidad - XV Región - Lic de Obras";"Avda. Comandante San Martín Nº 149, piso 2, Arica";"Arica";"Región de Arica y Parinacota";"O1";"Adjudicada";"“Conservación de Seguridad Vial 2023, Ruta 11-CH, Km 50,1 al 55 y del Km 159 al 165. Por Sectores, Región de Arica y Parinacota”";2023-11-07T10:25:39.91;2023-12-01T14:59:00;2025-04-10T12:51:22.64;;"CLP";0;0
4464-23-CO25;"ADQUISICIÓN DE SILLONES DENTALES PARA EL HOSPITAL SAN JUAN DE DIOS DE CURICO";"SERVICIO DE SALUD DEL MAULE HOSPITAL DE CURICO";"61.606.903-9";"Servicios Generales";"Chacabuco 121";"Curicó";"Región del Maule";"CO";"Adjudicada";"El Hospital San Juan de Dios de Curicó, necesita licitar la ADQUISICIÓN DE SILLONES DENTALES, para el buen funcionamiento del servicio de dental de este establecimiento.";2025-03-20T11:53:28.62;2025-03-26T12:04:00;2025-04-10T12:51:20.67;;"CLP";0;0
687236-17-O123;"“Conservación de Seguridad Vial 2023, Ruta 11-CH,";"MINISTERIO DE OBRAS PUBLICAS DIREC CION GRAL DE OO PP DCYF";"61.202.000-0";"Dirección de Vialidad - XV Región - Lic de Obras";"Avda. Comandante San Martín Nº 149, piso 2, Arica";"Arica";"Región de Arica y Parinacota";"O1";"Adjudicada";"“Conservación de Seguridad Vial 2023, Ruta 11-CH, Km 18,00 al Km 33,00. Por Sectores, Región de Arica y Parinacota”";2023-11-07T10:24:45.987;2023-12-01T10:59:00;2025-04-10T12:50:45.187;;"CLP";0;0
687236-18-O123;"“Conservación de Seguridad Vial 2023, Ruta 11-CH,";"MINISTERIO DE OBRAS PUBLICAS DIREC CION GRAL DE OO PP DCYF";"61.202.000-0";"Dirección de Vialidad - XV Región - Lic de Obras";"Avda. Comandante San Martín Nº 149, piso 2, Arica";"Arica";"Región de Arica y Parinacota";"O1";"Adjudicada";"“Conservación de Seguridad Vial 2023, Ruta 11-CH, Km 33,00 al Km 42,80. Por Sectores, Región de Arica y Parinacota”";2023-11-07T10:25:04.78;2023-12-01T11:59:00;2025-04-10T12:50:57.623;;"CLP";0;0
3117-16-LE25;"TRABAJOS DE REPARACIÓN ESCUELA NAVAL";"DIRECCION DE ABASTECIMIENTO DE LA ARMADA";"61.102.006-6";"DEPTO. DE BIENESTAR SOCIAL (V)";"INDEPENDENCIA 1786";"Valparaíso";"Región de Valparaíso";"LE";"Adjudicada";"TRABAJOS DE REPARACIÓN DE VIVIENDAS FISCALES POBLACIÓN NAVAL ESCUELA NAVAL, DEPENDIENTES DEL DEPARTAMENTO DE BIENESTAR SOCIAL IRA ZONA NAVAL.";2025-03-21T10:36:10.363;2025-04-02T10:06:00;2025-04-10T12:48:38.08;52377000;"CLP";0;0
1058088-1-LE25;"SUMINISTRO DE MEDICAMENTOS HIPOLIPEMIANTES ANTIEP";"HOSPITAL ORIENTE DR LUIS TISNE BROUSSE";"61.959.800-8";"Fármarcos";"Av. Las Torres #5150";"Peñalolén";"Región Metropolitana de Santiago";"LE";"Adjudicada";"SUMINISTRO DE MEDICAMENTOS HIPOLIPEMIANTES, ANTIEPILÉPTICOS Y OTROS";2025-02-07T15:35:00;2025-02-17T15:00:00;2025-04-10T12:46:55.917;;"CLP";0;0
3587-1-R125;"ADQUISICIÓN EQUIPOS COMPUTACIONALES DSM CARAHUE";"I MUNICIPALIDAD DE CARAHUE";"69.190.500-4";"Departamento de Salud Municipal Carahue";"Diego Portales   295";"Carahue";"Región de la Araucanía";"LE";"Adjudicada";"La Municipalidad de Carahue invita a los proveedores inscritos en el Portal de Compras públicas www.mercadopúblico.cl a participar de la propuesta pública, con el objeto de abastecer de  Equipos Computacionales , para la Municipalidad de Carahue/ Departamento de Salud.";2025-02-26T16:32:55.443;2025-03-07T17:44:00;2025-04-10T12:44:35.16;;"CLP";0;0
996-31-LE25;"ARRIENDO BULLDOZER ORUGA PROVINCIA DEL LIMARI";"MINISTERIO DE OBRAS PUBLICAS DIREC CION GRAL DE OO PP DCYF";"61.202.000-0";"Dirección de Vialidad - IV Región - Dirección Regional";"Cirujano Videla # 200 piso 1";"La Serena";"Región de Coquimbo";"LE";"Adjudicada";"ARRIENDO BULLDOZER ORUGA PROVINCIA DEL LIMARI Aprueba Bases Administrativas, Bases Técnicas y Anexos  Arriendo horas BULLDOZER ORUGA destinado a varios caminos de la Provincia de Limarí, ID 996-31-LE25.";2025-03-13T10:39:30.267;2025-03-24T15:00:00;2025-04-10T12:29:38.87;21420000;"CLP";0;0
3073-11-LE25;"Adquisición de insumos para la impresión de Cartas Náuticas para el Servicio Hidrográfico y Oceanográfico de la Armada.";"DIRECCION DE ABASTECIMIENTO DE LA ARMADA";"61.102.015-5";"SERVICIO HIDROGRAFICO Y OCEANOGRAFICO";"ERRAZURIZ 254 PLAYA ANCHA";"Valparaíso";"Región de Valparaíso";"LE";"Adjudicada";"Que, el SERVICIO HIDROGRÁFICO Y OCEANOGRÁFICO DE LA ARMADA (“S.H.O.A.”), requiere adquirir insumos para la impresión de Cartas Náuticas, según se detalla en Bases Técnicas, a objeto generar las Cartografías Náuticas, ya que el “S.H.O.A.” constituye el Servicio oficial, técnico y permanente del Estado, en todo lo que se refiere a la hidrografía, levantamiento hidrográfico marítimo, fluvial y lacustre, cartografía náutica, elaboración y publicación de cartas de navegación de aguas nacionales, entre otras funciones.";2025-03-12T14:24:54.88;2025-03-25T16:00:00;2025-04-10T12:27:06.373;8500000;"CLP";0;0
3478-4-LE25;"SERVICIO DE INTERNET DEDICADO Y FIBRA EMPRESA";"I MUNICIPALIDAD DE QUINTA DE TILCOCO";"69.081.700-4";"I MUNICIPALIDAD DE QUINTA DE TILCOCO";"MANUEL FLORES #50";"Quinta de Tilcoco";"Región del Libertador General Bernardo O´Higgins";"LE";"Adjudicada";"tiene como objeto contratar el servicio de arriendo de internet dedicado y fibra empresa las diferentes dependencias municipales, que asegure un servicio de forma continua, de forma estable, asegurando confiabilidad, disponibilidad y confidencialidad, incluyendo la mantención preventiva y correctiva para el funcionamiento de los de este, disponibilidad de herramienta de administración y monitoreo, y soporte técnico permanente en forma remota o en las dependencias del municipio según se requiera.";2025-04-02T11:03:25.98;2025-04-08T16:00:00;2025-04-10T12:41:21.33;;"CLP";0;0
1291-9-LE25;"ADQUISICIÓN DE  2.500 M3 DE MATERIAL GRANULAR";"MINISTERIO DE OBRAS PUBLICAS DIREC CION GRAL DE OO PP DCYF";"61.202.000-0";"Dirección de Vialidad - VII Región - Provincia de Linares";"Linares";"Linares";"Región del Maule";"LE";"Adjudicada";"SUMINISTRO DE 2.500 M3 DE BASE GRANULAR BAJO 2” PUESTO EN CAMINO L-45 CRUCE CALLE PATRICIO LINCH ESCUELA 35-LLEPO-PEJERREY-MONTE OSCURO KM 42,5 AL KM 54, COMUNA DE LINARES, PROVINCIA DE LINARES";2025-03-27T10:09:07.257;2025-04-07T16:00:00;2025-04-10T12:34:39.753;;"CLP";0;0
1171142-204-LP24;"LIC 174-24 ADQUISICIÓN DE BASES METÁLICAS Y RODETE";"HOSPITAL COMPLEJO ASISTENCIAL PADRE LAS CASAS";"62.000.830-3";"HOSPITAL COMPLEJO ASISTENCIAL PADRE LAS CASAS";"RUTA 194, KM 0,7 LOCALIDAD MAQUEHUE S/N";"Padre Las Casas";"Región de la Araucanía";"LP";"Adjudicada";"La Dirección del Complejo Asistencial Padre Las Casas, requiere la ADQUISICIÓN DE BASES METÁLICAS Y RODETES DE CERA PARA LABORATORIO DENTAL DEL CAPLC. Con la finalidad de dar una atención a los usuarios del sistema público de salud de la provincia de Cautín, se requiere adquirir suministro de insumos para el servicio de laboratorio dental. La modalidad de adquisición será periódicamente con entrega parcializada, o según requerimientos en un lapso de 12 meses, con posibilidad de renovación por un plazo máximo de 12 meses más. Teniendo por objetivo asegurar la oportunidad del abastecimiento y entrega de los insumos, requeridos por el establecimiento. Con el objeto de procurar satisfacer la necesidad antes indicada, por las razones antes mencionadas se ha estimado conveniente convocar a la presente licitación para adquirir dichos bienes y servicios, según corresponda  por lo que, se invita a participar a quienes estén en condiciones de satisfacer la demanda, en la forma y condiciones que luego se indica.";2024-10-08T14:26:21.53;2024-10-29T19:53:00;2025-04-10T12:35:11.14;;"CLP";0;0
3469-23-LE25;"ADQ.DE IMPRESORAS DEPTO. DE INFORMATICA IMCH.";"I MUNICIPALIDAD DE CHANCO";"69.120.300-k";"DEPTO. DE FINANZAS";"Abdón Fuentealba 334";"Chanco";"Región del Maule";"LE";"Adjudicada";"ADQ.DE IMPRESORAS DEPTO. DE INFORTMATICA,IMCH. SEGUN BASES";2025-03-05T16:43:02.45;2025-03-12T16:00:00;2025-04-10T12:25:32.933;10000000;"CLP";0;0
5586-38-LE25;"JG Adquisición de 3 notebook para proyectos Instituto Informática Educativa";"UNIVERSIDAD DE LA FRONTERA";"87.912.900-1";"Universidad de la Frontera";"AVENIDA FRANCISCO SALAZAR 1145";"Temuco";"Región de la Araucanía";"LE";"Adjudicada";"Adquisición de 3 notebook para proyectos Instituto Informática Educativa";2025-03-31T11:44:36.083;2025-04-07T15:30:00;2025-04-10T12:30:04.203;10500000;"CLP";0;0
2703-87-L125;"SC 10851 INSUMOS PARA CURACIONES . CESFAM";"I MUNICIPALIDAD DE TALAGANTE";"69.071.800-6";"Dirección de Salud";"Pasaje Quemchi N°1075, Villa Mónaco, Talagante";"";"Región Metropolitana de Santiago";"L1";"Adjudicada";"SC 10851 INSUMOS PARA CURACIONES . CESFAM";2025-03-18T16:25:28.76;2025-03-24T15:37:00;2025-04-10T12:36:57.517;;"CLP";0;0
1947-27-LP25;"221-ADQUISICIÓN DE JERINGAS CON CONECTOR LUER SLIP PARA EL HOSPITAL DE NIÑOS DR. ROBERTO DEL RÍO CAF";"SERVICIO DE SALUD NORTE HOSPITAL ROBERTO DEL RIO";"61.608.004-0";"Abastecimiento";"Av. Profesor Zañartu 1085";"Independencia";"Región Metropolitana de Santiago";"LP";"Adjudicada";"221-ADQUISICIÓN DE JERINGAS CON CONECTOR LUER SLIP PARA EL HOSPITAL DE NIÑOS DR. ROBERTO DEL RÍO";2025-02-27T14:39:48.55;2025-03-19T15:01:00;2025-04-10T12:20:21.227;;"CLP";0;0
4050-17-LE25;"Contratación de servicios de Auditoría Externa";"I MUNICIPALIDAD DE LONQUIMAY";"69.181.100-k";"Ilustre Municipalidad de Lonquimay";"ohiggins 1320";"Lonquimay";"Región de Arica y Parinacota";"LE";"Adjudicada";"Realizar un examen crítico, sistemático y objetivo que permita emitir una opinión fundada referente a la razonabilidad y legalidad de la información contenida en la ejecución presupuestaria contable y estados financieros, y de la utilización de los recursos que administra el Departamento de Educación, en conformidad a la normativa y leyes que regulan la materia señalada. El Área de Implementación será en el departamento de educación municipal, comuna de Lonquimay";2025-03-14T12:40:29.703;2025-03-24T15:45:00;2025-04-10T12:17:13.147;25000000;"CLP";0;0
2410-16-L125;"Adquisición de insumos para pruebas de laboratorio";"I MUNICIPALIDAD DE LOS ANGELES";"69.170.102-6";"MUNICIPALIDAD DE LOS ANGELES - SALUD";"Calle Valdivia 150, Los Angeles";"Los Angeles";"Región del Biobío";"L1";"Adjudicada";"Se requiere la adquisición de insumos para realizar pruebas de laboratorio de diferente técnica, con la finalidad de entregar un oportuno diagnostico y tratamiento de diferentes patologías, garantizando la continuidad de la atención en usuarios pertenecientes a los Centros de Salud de la Comuna de Los Ángeles";2025-03-18T14:25:56.157;2025-03-27T14:00:00;2025-04-10T12:24:53.58;6670000;"CLP";0;0
2682-11-L125;"CIELO FALSO AMERICANO";"I MUNICIPALIDAD DE INDEPENDENCIA";"69.255.500-7";"DEPARTAMENTO DE SALUD";"INDEPENDENCIA  1325, Entrada por Dgo. Sta. Maria 1269";"Independencia";"Región Metropolitana de Santiago";"L1";"Adjudicada";"ADQUISICIÓN DE INSUMOS E INSTALACIÓN DE CIELO FALSO AMERICANO PARA LA DEPENDENCIA DE COSAM DE INDEPENDENCIA";2025-03-27T17:19:48.513;2025-04-07T15:30:00;2025-04-10T12:10:57.023;1000000;"CLP";0;0
4162-8-L125;"COMPRA DE INSUMOS DENTALES PARA CESFAM LO MIRANDA";"I MUNICIPALIDAD DE DONIHUE";"69.080.600-2";"Salud";"Dr.Sanhueza S/N";"Doñihue";"Región del Libertador General Bernardo O´Higgins";"L1";"Adjudicada";"SE REQUIERE LICITAR LA COMPRA DE INSUMOS DENTALES QUE SON FUNDAMENTAL PARA EL NORMAL FUNCIONAMIENTO DE CESFAM LO MIRANDA";2025-03-05T12:29:00.31;2025-03-12T14:04:00;2025-04-10T12:23:20.62;;"CLP";0;0
2410-11-L125;"Servicio de mantenimiento correctivo para equipo rayos X Osteopulmonar perteneciente a SAR Entre Ríos.";"I MUNICIPALIDAD DE LOS ANGELES";"69.170.102-6";"MUNICIPALIDAD DE LOS ANGELES - SALUD";"Calle Valdivia 150, Los Angeles";"Los Angeles";"Región del Biobío";"L1";"Adjudicada";"Se necesita disponer de un servicio de mantenimiento correctivo para equipo de rayos X osteopulmonar  de Sar Entre Rios que requiere subsanar fallas en el funcionamiento del colimador, el cual no enciende luz de colimación lo que impide el correcto funcionamiento del servicio.";2025-03-05T12:39:00;2025-03-14T15:20:00;2025-04-10T12:24:39.39;5950000;"CLP";0;0
4686-4-LE25;"Remodelación de Baños de Funcionarios.";"Cámara de Diputados de Chile";"60.202.000-2";"DEPARTAMENTO DE ADQUISICIONES";"Av. Argentina esq. Pedro Montt s/n° . Edif. Congreso Nacional";"Valparaíso";"Región de Valparaíso";"LE";"Adjudicada";"Remodelación baño de funcionarios, Cámara de Diputadas y Diputados Valparaíso, según Bases de Licitación Ingresar oferta Neta al portal de la Licitación.";2025-01-17T10:16:08.91;2025-03-13T16:00:00;2025-04-10T12:16:42.757;;"CLP";0;0
996-16-LE25;"ADQUISICION DE TUBO PAD  DESTINADO PROVINCIA DEL LIMARI";"MINISTERIO DE OBRAS PUBLICAS DIREC CION GRAL DE OO PP DCYF";"61.202.000-0";"Dirección de Vialidad - IV Región - Dirección Regional";"Cirujano Videla # 200 piso 1";"La Serena";"Región de Coquimbo";"LE";"Adjudicada";"ADQUISICION DE TUBO PAD  DESTINADO PROVINCIA DEL LIMARI Aprueba Bases Administrativas, Bases Técnicas y Anexos para la  Adquisición de tubos corrugados Ruta D-743 D-479-D-657- D651 y D-683, Provincia de Limarí, ID 996-16-LE25";2025-03-12T16:50:23.203;2025-03-24T15:00:00;2025-04-10T12:11:04.11;34843200;"CLP";0;0
1057049-45-LR25;"VDH Servicio cirugías cardiacas del HCBSA";"SERV SALUD METROPOLITANO CENTRAL HOSPITAL CLINICO SAN BORJA ARRIARAN";"61.608.604-9";"Bienes y Servicios";"Santa Rosa 1234";"Santiago";"Región Metropolitana de Santiago";"LR";"Adjudicada";"El objetivo de la Propuesta es la contratación de “SERVICIO CIRUGIAS CARDIACAS del Hospital Clínico San Borja Arriarán”, solicitados en las especificaciones técnicas, en concordancia con las Bases Administrativas, Técnicas, Formularios, aclaraciones y otros documentos que pudieran formularse en el transcurso de la licitación. Se entenderá que todo proveedor conoce y acepta irrevocablemente el contenido de las Bases de licitación, por el solo hecho de presentar ofertas en este proceso de licitación.";2025-02-21T16:20:04.413;2025-03-24T15:30:00;2025-04-10T12:01:43.48;;"CLP";0;0
1271359-15-LP25;"SERVICIO DE MAMOGRAFÍAS - DIRECCIÓN DE SALUD";"CORP MUNICIPAL DE DESARROLLO SOCIAL DE LAMPA";"70.954.200-1";"LICITACIONES";"Sargento aldea 898";"Lampa";"Región Metropolitana de Santiago";"LP";"Adjudicada";"La Corporación Municipal de Desarrollo Social de Lampa mediante el Departamento de Abastecimiento y la Dirección de Salud, solicita la contratación del servicio de mamografías para apoyar los procesos clínicos realizados a los usuarios beneficiarios del Sistema de Salud Público, derivados de los Centros de Salud Familiar Municipales de la Comuna de Lampa.";2025-02-26T15:25:50.9;2025-03-17T15:00:00;2025-04-10T11:58:59.673;135000000;"CLP";0;0
1300-113-LE24;"DISEÑO CAPSULAS AUDIOVISUALES FSE REQ 789";"SERVICIO NACIONAL DEL ADULTO MAYOR";"61.961.000-8";"Servicio Nacional del Adulto Mayor";"Catedral N°1575, Oficina 21, Santiago";"Santiago";"Región Metropolitana de Santiago";"LE";"Adjudicada";"APRUEBA BASES ADMINISTRATIVAS, TÉCNICAS Y ANEXOS DE LICITACIÓN PÚBLICA PARA LA “CONTRATACIÓN DE SERVICIOS DE DISEÑO DE CÁPSULAS AUDIO VISUALES PARA EL PROGRAMA FONDO SUBSIDIO ELEAM”";2024-12-13T14:23:47.853;2024-12-26T15:30:00;2025-04-10T11:53:00.683;;"CLP";0;0
1973-19-LE25;"SERVICIOS DE CAPACITACIONES PARA EL CRSCO";"CENTRO DE REFERENCIA DE SALUD DE PENALOLEN CORDILLERA ORIENTE";"61.953.200-7";"CRS de Peñalolen Cordillera Oriente";"Avda. Las Torres 5100";"Peñalolén";"Región Metropolitana de Santiago";"LE";"Adjudicada";"Las presentes bases regirán la Propuesta Pública convocada por el Centro de Referencia de Salud de Peñalolén Cordillera Oriente para la contratación del Servicio de Capacitación para el Centro de Referencia de Salud Peñalolén Cordillera Oriente, para el año 2025. Formarán parte integrante de estas bases sus eventuales aclaraciones, rectificaciones, enmiendas, formularios y sus anexos  todo ello debidamente publicado en el portal Mercado Público. Se entenderá que todo proveedor conoce y acepta irrevocablemente el contenido de estas Bases, por el sólo hecho de presentar sus ofertas en este proceso de compra.";2025-02-11T15:10:52.377;2025-02-21T17:30:00;2025-04-10T11:56:36.66;22500000;"CLP";0;0
1398-13-B225;"REPARACIÓN AMBULANCIAS SAMU";"SERVICIO DE SALUD LIBERTADOR BDO OHIGGINS";"61.606.800-8";"Servicio de Salud Ohiggins";"Av. Bombero Villalobos 240.";"Rancagua";"Región del Libertador General Bernardo O´Higgins";"B2";"Adjudicada";"El Servicio de Salud O´Higgins, con la finalidad de contratar servicio de reparación para ambulancias pertenecientes a la flota vehicular Base SAMU O´Higgins, es que mediante este acto e instrumento administrativo se viene en llamar a Licitación Pública, conforme a procedimiento que regula la Ley Nº 19.886, modernizada por la Ley 21634.";2025-02-18T13:52:51.14;2025-03-10T18:43:00;2025-04-10T11:47:24.447;80000000;"CLP";0;0
3181-2-LE25;"“ADQUISICIÓN INSTALACIÓN Y PUESTA EN MARCHA DE CÁ";"ILUSTRE MUNICIPALIDAD DE MACHALI";"69.080.200-7";"ILUSTRE MUNICIPALIDAD DE MACHALI";"Plaza de Armas N° 11";"Machalí";"Región del Libertador General Bernardo O´Higgins";"LE";"Adjudicada";"“ADQUISICIÓN, INSTALACIÓN Y PUESTA EN MARCHA DE CÁMARAS DE TELEVIGILANCIA CON FONDOS DEL FNDR EN LA COMUNA DE MACHALÍ”";2025-03-20T09:10:00;2025-03-31T15:00:00;2025-04-10T11:55:18.113;13994400;"CLP";0;0
1057390-10-LP25;"CONVENIO SUMINISTRO GASES CLÍNICOS RED SSAN 2025";"SERVICIO DE SALUD ARAUCANIA NORTE";"61.955.100-1";"Bienes y Servicios";"";"";"Región de la Araucanía";"LP";"Adjudicada";"Se requiere suscribir convenio de suministro de gases clínicos por un periodo de 12 meses con posibilidad de renovación por 12 meses más, necesarios para la gestión clínica de la red asistencial del Servicio de Salud Araucanía Norte, con el objeto de poder cumplir con la demanda asistencial de la Provincia de Malleco, específicamente respecto de los hospitales de Traiguén, Victoria, Collipulli, Purén, Curacautín, y Lonquimay, y bases SAMU de la Provincia de Malleco";2025-03-14T17:06:00;2025-04-01T15:30:00;2025-04-10T11:42:23.673;253657758;"CLP";0;0
4050-11-LE25;"ADQ. REP. Y ACCESORIOS MANTENIMIENTO Y REPARACION";"I MUNICIPALIDAD DE LONQUIMAY";"69.181.100-k";"Ilustre Municipalidad de Lonquimay";"ohiggins 1320";"Lonquimay";"Región de la Araucanía";"LE";"Adjudicada";"El objetivo de la presente licitación, busca adquisición de repuestos y accesorios para mantenimiento y reparación de vehículos municipales de la comuna de Lonquimay";2025-03-11T13:14:05.313;2025-03-18T15:55:00;2025-04-10T11:53:57.203;8865828;"CLP";0;0
1199-4-LE25;"SERVICIO DE MANTENCIÓN Y REPARACIÓN VEHÍCULOS IND";"INSTITUTO NACIONAL DE DEPORTES DE CHILE";"61.107.000-4";"I.N.D.  REGION VII";"4 Norte N° 1049.";"Talca";"Región del Maule";"LE";"Adjudicada";"La presente licitación tiene por objeto contratar el “SERVICIO DE MANTENCIÓN Y REPARACIÓN DE VEHÍCULOS INSTITUCIONALES”, de acuerdo a las especificaciones que se detallan en las bases técnicas.";2025-02-27T12:21:06.797;2025-03-12T17:00:00;2025-04-10T13:39:23.58;42944436;"CLP";0;0
2710-14-LE25;"MEJORAMIENTO CÁMARAS DE SEGURIDAD CECOSF SJD";"MUNICIPALIDAD DE OVALLE";"69.040.700-0";"Depto. de Salud e Higiene Ambiental";"JORGE EDWARDS 543";"Ovalle";"Región de Coquimbo";"LE";"Adjudicada";"ADQUISICIÓN, INSTALACIÓN PUESTA EN MARCHA CAMARAS DE SEGURIDAD CECOFSF SAN JOSÉ DE LA DEHESA.";2025-02-24T14:07:38.2;2025-03-06T14:00:00;2025-04-10T13:25:42.83;10710000;"CLP";0;0
1216085-18-LE25;"ADQUISICIÓN DE EQUIPAMIENTO PARA LICEO TECNOLÓGICO";"CORP MUNICIPAL PARA EL DESARROLLO SOCIAL";"70.983.600-5";"Adquisiciones";"QUINTA 032 VILLA ALEMANA ,(direccion de salud) cesfam villa alemana";"Villa Alemana";"Región de Valparaíso";"LE";"Adjudicada";"El Departamento de Compras de la Corporación Municipal de Villa Alemana, efectúa el llamado a Licitación Pública, para la adquisición de equipamiento para Liceo tecnológico, para las carreras de administración y electricidad.";2025-02-03T16:30:25.847;2025-02-13T11:00:00;2025-04-10T13:24:56.023;;"CLP";0;0
2745-5-LQ25;"SERVICIO DE ALIMENTACIÓN PARA ESTUDIANTES DE INTERNADOS DEPENDIENTES DE LA DIRECCIÓN DE EDUCACIÓN MUNICIPAL DE ANGOL.";"I MUNICIPALIDAD DE ANGOL";"69.180.100-4";"EDUCACION";"";"";"Región de la Araucanía";"LQ";"Adjudicada";"Las presentes Bases administrativas tienen por objeto regular la necesidad de contratación de servicio de alimentación de internados dependientes de la Dirección de Educación Municipal de la comuna de Angol, con el objetivo de proveer los alimentos a los estudiantes para su correcto desarrollo cognitivo en etapa escolar.";2025-02-14T11:57:52.13;2025-03-06T12:30:00;2025-04-10T13:37:40.713;220000000;"CLP";0;0
3376-6-LQ25;"VESTUARIO Y EQUIPO AÑO 2026";"COMANDO DE APOYO A LA FUERZA";"61.101.078-8";"DIVLOG - Comando DIVLOG";"Manuel Rivas Vicuña 365";"Estación Central";"Región Metropolitana de Santiago";"LQ";"Adjudicada";"ADQUISICIÓN DE VESTUARIO Y EQUIPO PARA LA DEMANDA OPERACIONAL 2026";2025-02-25T14:43:00;2025-03-24T17:29:00;2025-04-10T13:31:12.69;;"CLP";0;0
2335-17-LE25;"SUMINISTRO SERV. TOMA E INFORME DE RADIOGRAFIA DE TORAX OP 68";"I MUNICIPALIDAD DE LINARES";"69.130.301-2";"ADQUISICIONES SALUD";"VALENTIN LETELIER 587";"Linares";"Región del Maule";"LE";"Adjudicada";"LAS NECESIDADES DEL DEPTO. DE SALUD DE LINARES EN LA ADQUISICION DEL SUMINISTRO PARA EL SERVICIO DE TOMA E INFORME DE RADIOGRAFIAS DE TORAX EN EL MARCO DEL CONVENIO PROGRAMA DE IMAGENOLOGIA, DE ACUERDO A LO SOLICITADO EN ORDEN DE PEDIDO N°68.";2025-03-11T16:41:35.32;2025-03-19T13:30:00;2025-04-10T13:38:13.943;9312000;"CLP";0;0
2080-128-LE25;"COMPRA DE RESISTENCIAS ELECTRICAS EN SEGUNDA PROCE";"SERVICIO DE SALUD DEL LIBERTADOR B O'HIGGINS HOSPITAL REG RANCAGUA";"61.602.138-9";"Hospital Regional Rancagua - HRR";"Avenida Salvador Allende Nº 350";"Rancagua";"Región del Libertador General Bernardo O´Higgins";"LE";"Adjudicada";"El objeto de esta Licitación es contar con una adecuada adquisición del COMPRA DE RESISTENCIAS ELECTRICAS EN SEGUNDO PROCESO PARA EL HOSPITAL DR. FRANCO RAVERA ZUNINO, durante el curso del contrato.";2025-03-18T14:49:29.443;2025-03-28T10:00:00;2025-04-10T14:18:23.123;;"CLP";0;0
2460-21-LE25;"Servicio de Producción de Evento Encuentro Emplea y Conecta Joven Pro";"I MUNICIPALIDAD DE PROVIDENCIA";"69.070.300-9";"Dirección de Administración y Finanzas";"Pedro de Valdivia N° 1077";"Providencia";"Región Metropolitana de Santiago";"LE";"Adjudicada";"Proporcionar a jóvenes talentos una instancia integral de networking,innovación y empleabilidad.";2025-03-13T19:31:29.093;2025-03-24T16:00:00;2025-04-10T13:52:44.29;7000000;"CLP";0;0
619133-127-R125;"CONVENIO SUMINISTRO ADQUISICIÓN DE MEDIAS Y MANGAS ANTIEMBOLICAS PARA EL HOSPITAL SAN CAMILO";"SERVICIO SALUD SAN FELIPE LOS ANDES HOSP";"61.602.038-2";"Hospital San Camilo de San Felipe";"Av. MIRAFLORES 2085";"San Felipe";"Región de Valparaíso";"LP";"Adjudicada";"CONVENIO SUMINISTRO ADQUISICIÓN DE MEDIAS Y MANGAS ANTIEMBOLICAS PARA EL HOSPITAL SAN CAMILO";2024-07-02T11:48:13.21;2024-07-22T15:01:00;2025-04-10T14:07:39.25;;"CLP";0;0
3038-4-LE25;"LICITACION TRANSPORTE ESCOLAR 2025";"I MUNICIPALIDAD DE LOLOL";"69.090.500-0";"DEPARTAMENTO DE EDUCACION";"LOS AROMOS 85";"Lolol";"Región del Libertador General Bernardo O´Higgins";"LE";"Adjudicada";"LLAMADO A LICITACION PARA RECORRIDOS DECLARADOS DESIERTOS EN PROCESO DE LICITACION PUBLICA ID 3038-1-LQ25";2025-03-03T15:16:41.537;2025-03-13T10:04:00;2025-04-10T14:16:53.533;;"CLP";0;0
932-7-LP25;"ADQUISICION DE IMPLEMENTACIÓN DEPORTIVA E INSUMOS PROGRAMA CRECER EN MOVIMIENTO Y SUS COMPONENTES IND REGIÓN DE OHIGGINS AÑO 2025.";"INSTITUTO NACIONAL DE DEPORTES DE CHILE";"61.107.000-4";"I.N.D. REGION VI";"";"";"Región del Libertador General Bernardo O´Higgins";"LP";"Adjudicada";"EL IND DE RANCAGUA, REQUIERE DE LA  ADQUISICION DE IMPLEMENTACIÓN DEPORTIVA E INSUMOS, PROGRAMA CRECER EN MOVIMIENTO Y SUS COMPONENTES, IND REGIÓN DE OHIGGINS, AÑO 2025 ,mediante un proceso de Licitación Pública, siendo necesario aprobar, previamente, las Bases Administrativas, Técnicas y Anexos que regularán dicho proceso de contratación.";2025-02-27T19:12:44.667;2025-03-27T16:00:00;2025-04-10T13:50:23.493;86906000;"CLP";0;0
867990-197-L124;"Adquisición de Horno de Piso CDP 76786";"UNIVERSIDAD DE SANTIAGO DE CHILE";"60.911.000-7";"Unidad de Coordinación Institucional - UCI";"Avenida Isidora Dubournais N° 1589";"El Quisco";"Región de Valparaíso";"L1";"Adjudicada";"El Departamento de  Ciencias y Tecnología de los Alimentos requiere la adquisición de Horno de Piso UHPK2-D ELECTRICO 40X60 FULL ACERO o EQUIVALENTE.";2024-10-11T16:38:36.703;2024-10-17T15:00:00;2025-04-10T14:03:54.357;2387650;"CLP";0;0
1057774-5-L125;"Adquisición de artículos diversos para la Unidad de Recursos Físicos Hosp de Tocopilla-";"SERVICIO DE SALUD ANTOFAGASTA HOSPITAL M";"61.606.203-4";"Activos Fijos";"Santa Rosa S N";"Tocopilla";"Región de Antofagasta";"L1";"Adjudicada";"Se requiere adquisrir artículos diversos para la Unidad de Recursos Físicos del Hospital de Tocopilla.";2025-03-28T15:56:24.55;2025-04-02T12:20:00;2025-04-10T14:44:55.363;3000000;"CLP";0;0
1000813-9-LE25;"Adquisición Mat. de mantenimiento y Reparación";"COMANDO DE APOYO A LA FUERZA";"61.999.040-4";"Jef Adm y Logística - Campo Militar  Austral";"Ojo Bueno S/N";"Punta Arenas";"Región de Magallanes y de la Antártica";"LE";"Adjudicada";"Adquisicion de materiales para mantenimiento y reparación de inmuebles para la 4ta. Briaco Chorrillos";2025-03-26T11:21:57.987;2025-04-02T13:23:00;2025-04-10T14:42:59.817;;"CLP";0;0
997-21-LE25;"22 toneladas de emulsión imprimante para caminos H-796 y SR H-1830 Comuna de Las Cabras Provincia de Cachapoal";"MINISTERIO DE OBRAS PUBLICAS DIREC CION GRAL DE OO PP DCYF";"61.202.000-0";"Dirección de Vialidad - VI Región - Dirección Regional";"Cuevas N° 530, Edificio Interior Piso 3";"Rancagua";"Región del Libertador General Bernardo O´Higgins";"LE";"Adjudicada";"22 toneladas de emulsión imprimante, para caminos H-796 y S/R H-1830, Comuna de Las Cabras, Provincia de Cachapoal";2025-03-04T11:00:00;2025-03-14T15:01:00;2025-04-10T14:38:13.297;;"CLP";0;0
1057390-19-LE25;"PROVISION DE DISPOSITIVO HEMOGLUCOTEST CON CINTAS REACTIVAS";"SERVICIO DE SALUD ARAUCANIA NORTE";"61.955.100-1";"Bienes y Servicios";"ILABACA 752";"Angol";"Región de la Araucanía";"LE";"Adjudicada";"La presente licitación tiene como objetivo la adquisición de dispositivos de hemoglucotest, lancetas y lanceteros, para la provisión de la droguería dependiente del Servicio de Salud Araucanía Norte, según lo indicado en “Especificaciones Técnicas” Anexo 4 y las presentes bases administrativas";2025-03-25T12:34:51.827;2025-04-01T18:01:00;2025-04-10T14:41:48.953;33468477;"CLP";0;0
3926-14-LE25;"CONVENIO PARA ARRIENDO Y COMPRA DE INSUMOS DE LABORATORIO";"Ilustre Municipalidad de San Juan de la Costa";"69.251.800-4";"Salud Municipal";"Av. Nueva Norte Sur S/N";"San Juan de La Costa";"Región de los Lagos";"LE";"Adjudicada";"DESTINADO A LABORATORIO CESFAM PUAUCHO DESAM SAN JUAN DE LA COSTA";2025-03-28T11:53:17.993;2025-04-04T18:00:00;2025-04-10T14:38:37.39;;"CLP";0;0
996-30-LE25;"ARRIENDO EXCAVADORA  PROVINCIA DEL LIMARI";"MINISTERIO DE OBRAS PUBLICAS DIREC CION GRAL DE OO PP DCYF";"61.202.000-0";"Dirección de Vialidad - IV Región - Dirección Regional";"Cirujano Videla # 200 piso 1";"La Serena";"Región de Coquimbo";"LE";"Adjudicada";"ARRIENDO EXCAVADORA  PROVINCIA DEL LIMARI Aprueba Bases Administrativas, Bases Técnicas y Anexos  Arriendo horas EXCAVADORA ORUGA destinado a varios caminos de la Provincia de Limarí, ID 996-30-LE25.";2025-03-13T10:57:35.787;2025-03-24T15:01:00;2025-04-10T14:38:01.55;;"CLP";0;0
5067-344-LE24;"Instalación de equipos de Aires Acondicionados";"UNIVERSIDAD DE SANTIAGO DE CHILE";"60.911.000-7";"Universidad de Santiago de Chile";"";"";"Región Metropolitana de Santiago";"LE";"Adjudicada";"Instalación de equipos de Aires Acondicionados para habilitación de salas de clases 303  y 304,  para  alumnos  de la Facultad de Ciencias Médicas. 75603 CDP CC083";2024-11-05T15:37:00;2024-11-18T15:00:00;2025-04-10T14:33:59.25;;"CLP";0;0
1026-1-LE25;"Adquisicion de 1.400 toneladas de Cloruro de magnesio hexahidratado";"MINISTERIO DE OBRAS PUBLICAS DIREC CION GRAL DE OO PP DCYF";"61.202.000-0";"Dirección de Vialidad - III Región - Provincia de Chañaral";"DIEGO PORTALES S/N";"Chañaral";"Región de Atacama";"LE";"Adjudicada";"la Dirección de Vialidad, dentro de su plan de trabajo de mantención de    caminos que afectan positivamente al ámbito social y productivo de la Región de Atacama, requiere la adquisición de 1.400 toneladas de cloruro de magnesio hexahidratado, para los trabajos que se realizan por Administración Directa  en la Provincia de Chañaral – Región de Atacama.";2025-02-27T09:32:00;2025-04-03T12:00:00;2025-04-10T14:44:00.257;;"CLP";0;0
