codigo;nombre;institucion_nombre;institucion_rut;unidad;direccion;comuna;region;tipo;estado;descripcion;fecha_inicio;fecha_final;fecha_adjudicacion;monto_estimado;unidad_monetaria;proveedores_participantes;adjudicados
2780-21-L125;"INSUMOS DENTALES";"I MUNICIPALIDAD DE LA LIGUA";"69.050.100-7";"DEPARTAMENTO DE SALUD MUNICIPAL";"PAPUDO 655";"La Ligua";"Región de Valparaíso";"L1";"Cerrada";"COMPRA DE INSUMOS DENTALES PARA USUARIOS DE LA COMUNA LA LIGUA, PROGRAMA REFORZAMIENTO DE SALUD ORAL 2025";2025-04-01T11:48:19.27;2025-04-09T20:50:00;2025-04-11T20:50:00;6500000;"CLP";0;0
1671-7-L125;"Servicio de difusión de capsulas radiales programa FAN (Marea Roja) en la Región de Atacama para la Comuna de Chañaral, Caldera,  Copiapó,  Huasco, Vallenar.";"SUBSECRETARIA DE SALUD PUBLICA";"61.601.000-K";"Seremi de Salud III Región";"Maipú 760 -  A";"Copiapó";"Región de Atacama";"L1";"Cerrada";"Se requiere la difusión de capsulas radiales programa FAN (Marea Roja) en la Región de Atacama para la Comuna de Chañaral, Caldera,  Copiapó,  Huasco, Vallenar.";2025-04-02T11:19:29.13;2025-04-09T18:00:00;2025-05-27T16:00:00;5400000;"CLP";0;0
1288505-4-LE25;"Servicio de Mant. correctiva y preventiva Caldera";"SERVICIO NACIONAL DEL PATRIMONIO CULTURAL";"60.905.000-4";"DIRECCIÓN REGIONAL DE MAGALLANES";"Hornillas 42 Punta Arenas";"Punta Arenas";"Región de Magallanes y de la Antártica";"LE";"Cerrada";"Servicio de Mantención correctiva y preventiva del Sistema de Calefacción  Certificación del Sistema y Construcción de cubierta protectora sobre estanque de petróleo del Museo Territorial Yagan Usi”";2025-03-28T15:34:52.903;2025-04-09T18:00:00;2025-04-15T15:00:00;8000000;"CLP";0;0
2263-16-LP25;"Material Granular Malleco Nahuelbuta 10 2025- CCI Chanco";"MINISTERIO DE OBRAS PUBLICAS DIREC CION GRAL DE OO PP DCYF";"61.202.000-0";"Dirección de Vialidad - IX Región - Provincia de Malleco";"Lautaro 17";"Angol";"Región de la Araucanía";"LP";"Cerrada";"Material Granular Malleco Nahuelbuta 10 2025- CCI Chanco";2025-03-25T17:31:25.19;2025-04-09T17:28:00;2025-04-10T17:29:00;;"CLP";0;0
2026-46-LQ25;"ANALIZADORES DE EQUIPOS MÉDICOS - HPMM";"SERVICIO SALUD VINA DEL MAR QUILLOTA";"61.606.600-5";"Servicio de Salud Viña del Mar - Quillota";"Limache 1307 esq. Peñablanca";"Viña del Mar";"Región de Valparaíso";"LQ";"Cerrada";"Según indican bases de licitación";2025-03-20T07:41:54.45;2025-04-09T17:00:00;2025-06-18T20:00:00;;"CLP";0;0
3928-30-LE25;"CONTRATO DE SUMINISTRO PRODUCTOS DE PASTELERIA PARA EL DEPARTAMENTO DE EDUCACIÓN MUNICIPAL ESTABLECIMIENTOS EDUCACIONALES JARDINES INFANTILES AÑO 2025";"ILUSTRE MUNICIPALIDAD DE PICHILEMU";"69.091.201-5";"Educación Municipal";"Angel Gaete 365";"Pichilemu";"Región del Libertador General Bernardo O´Higgins";"LE";"Cerrada";"CONTRATO DE SUMINISTRO PRODUCTOS DE PASTELERIA PARA EL DEPARTAMENTO DE EDUCACIÓN MUNICIPAL ESTABLECIMIENTOS EDUCACIONALES JARDINES INFANTILES AÑO 2025";2025-03-26T17:13:06.25;2025-04-09T16:30:00;2025-04-16T15:30:00;;"CLP";0;0
2724-18-LE25;"Servicio Limpieza Fosas Septicas San Carlos 2025";"ILUSTRE MUNICIPALIDAD DE SAN CARLOS";"69.140.500-1";"COMPRAS Y CONTRATACIONES MUNICIPALES";"Vicuña Mackenna 436, CUARTO PISO FINANZAS";"San Carlos";"Región del Ñuble";"LE";"Cerrada";"La Municipalidad de San Carlos, llamar a licitación Pública, la provisión del servicio de extracción, transporte y disposición final de lodos de fosas sépticas particulares de la comuna de San Carlos para el año 2025, de acuerdo a terminos de bases administrativas especiales, bases tecnicas y anexos adjuntos.";2025-03-28T11:32:00;2025-04-09T16:30:00;2025-04-30T18:37:00;12250000;"CLP";0;0
634-26-LP25;"350 SABLES INSTITUCIONALES";"DIRECCION GENERAL DE GENDARMERIA DE CHIL";"61.004.000-4";"Dirección Nacional";"COMPAÑÍA Nº1048- piso 10";"Santiago";"Región Metropolitana de Santiago";"LP";"Cerrada";"DISPONE LLAMADO A LICITACIÓN PÚBLICA Y APRUEBA BASES ADMINISTRATIVAS, TÉCNICAS Y FORMULARIOS DESTINADOS A LA ADQUISICIÓN DE 350 SABLES  E102RT9";2025-03-10T17:32:58.247;2025-04-09T16:30:00;2025-05-20T20:00:00;71887900;"CLP";0;0
1697-7-LE25;"MANTENCIÓN DE SISTEMA DE IMPULSIÓN CALAMA";"CORP ADMINISTRATIVA DEL PODER JUDICIAL";"60.301.001-9";"Corp. Adm. del Poder Judicial - Antofagasta";"Uribe 636 piso 14, Edificio Centro de Negocios Uribe";"Antofagasta";"Región de Antofagasta";"LE";"Cerrada";"2693-8-PC25";2025-03-26T17:05:31.17;2025-04-09T16:00:00;2025-06-10T17:00:00;;"CLF";0;0
654478-5-LP25;"SERVICIO DE “SUMINISTRO DE CATERING”";"SUBSECRETARIA DE PREVENCION DEL DELITO";"61.980.140-7";"Subsecretaría de Prevención del Delito";"Moneda # 1326, piso 5";"Santiago";"Región Metropolitana de Santiago";"LP";"Cerrada";"La Subsecretaría de Prevención del Delito requiere contratar un convenio de suministro para el Servicio de Catering que permita contar con distintos tipos de alimentación en las actividades comunicacionales que realice la Subsecretaría de acuerdo con los lineamientos de gobierno, principalmente en la Región Metropolitana, y en las otras regiones del país";2025-03-20T15:56:47.32;2025-04-09T16:00:00;2025-05-26T18:00:00;70000000;"CLP";0;0
621-269-LE25;"FONENDOSCOPIO PLANO ADULTO 1000020896";"CENTRAL DE ABASTECIMIENTO DEL SISTEMA NACIONAL DE SERVICIO DE SALUD";"61.608.700-2";"Compras del Giro 621";"Bodega Proveedor";"Santiago Centro";"Región Metropolitana de Santiago";"LE";"Cerrada";"BASES ADMINISTRATIVAS Y TÉCNICAS TIPO, POR LAS QUE SE REGIRÁN LOS PROCESOS DE LICITACIÓN PARA LA ADQUISICIÓN DE PRODUCTOS FARMACÉUTICOS, COSMÉTICOS, VACUNAS, INSUMOS, DISPOSITIVOS, Y/O ALIMENTOS DE USO MÉDICO, DESTINADO AL EJERCICIO DE ACCIONES DE SALUD";2025-03-24T12:58:59.627;2025-04-09T16:00:00;2025-05-14T17:30:00;66350108;"CLP";0;0
3928-27-LE25;"CONTRATO DE SUMINISTRO MATERIALES DE FERRETERIA PARA EL DEPARTAMENTO DE EDUCACION MUNICIPAL ESTABLECIMIENTOS EDUCACIONALES JARDINES INFANTILES AÑO 2025";"ILUSTRE MUNICIPALIDAD DE PICHILEMU";"69.091.201-5";"Educación Municipal";"Angel Gaete 365";"Pichilemu";"Región del Libertador General Bernardo O´Higgins";"LE";"Cerrada";"CONTRATO DE SUMINISTRO MATERIALES DE FERRETERIA PARA EL DEPARTAMENTO DE EDUCACION MUNICIPAL ESTABLECIMIENTOS EDUCACIONALES JARDINES INFANTILES AÑO 2025";2025-03-26T16:23:03.527;2025-04-09T16:00:00;2025-04-23T15:00:00;;"CLP";0;0
621-253-LQ25;"FENOTEROL 05 MG10 ML SOL. INY. AMFAM 1000020933";"CENTRAL DE ABASTECIMIENTO DEL SISTEMA NACIONAL DE SERVICIO DE SALUD";"61.608.700-2";"Compras del Giro 621";"Bodega Proveedor";"Santiago Centro";"Región Metropolitana de Santiago";"LQ";"Cerrada";"BASES ADMINISTRATIVAS Y TÉCNICAS TIPO, POR LAS QUE SE REGIRÁN LOS PROCESOS DE LICITACIÓN PARA LA ADQUISICIÓN DE PRODUCTOS FARMACÉUTICOS, COSMÉTICOS, VACUNAS, INSUMOS, DISPOSITIVOS, Y/O ALIMENTOS DE USO MÉDICO, DESTINADO AL EJERCICIO DE ACCIONES DE SALUD";2025-03-18T11:53:15.047;2025-04-09T16:00:00;2025-05-14T17:30:00;152222944;"CLP";0;0
5158-9-LE25;"Remodelación Camarines y Baños C. Andrés Bello ULS";"UNIVERSIDAD DE LA SERENA";"70.783.100-6";"DIRECCION DE SERVICIOS";"";"";"Región de Coquimbo";"LE";"Cerrada";"Se requiere, contratar la Obras denominada “Remodelación Camarines y Baños C.A.B ULS2395 de la Universidad de La Serena”, de conformidad a lo indicado en las Bases tanto Técnicas como Administrativas.";2025-03-30T15:03:16.51;2025-04-09T16:00:00;2025-05-26T18:00:00;48500000;"CLP";0;0
1605-35-LQ25;"LP-3208 Mantención preventiva correctiva climatiza";"SERVICIO DE IMPUESTOS INTERNOS DIRECCION";"60.803.000-K";"SII Dirección Nacional";"Agustinas 1269, Piso 2";"Santiago";"Región Metropolitana de Santiago";"LQ";"Cerrada";"LP-3208 Mantención preventiva correctiva climatiza";2025-03-20T11:35:33.73;2025-04-09T16:00:00;2025-07-09T14:25:00;;"CLF";0;0
4192-45-LP25;"MEJORAMIENTO DE VEREDAS CALLE JUAN MARTÍNEZ";"I MUNICIPALIDAD DE CALDERA";"69.030.300-0";"Secpla";"Cousiño 395";"Caldera";"Región de Atacama";"LP";"Cerrada";"Las presentes bases tienen por objetivo determinar y definir las condiciones generales que se deberán tener presente en la licitación para proyecto “MEJORAMIENTO DE VEREDAS CALLE JUAN MARTÍNEZ, ENTRE AVENIDA ARICA Y CALLE EL SALVADOR, CALDERA 2024, en la comuna de Caldera. La presente licitación, y los derechos y obligaciones de las partes se regularán por los presentes términos de referencia administrativos, las especificaciones técnicas, las aclaraciones y la respectiva oferta. Supletoriamente se aplicará la Ley de Compras Públicas N°19.886 y su respectivo Reglamento.";2025-03-20T17:30:00;2025-04-09T16:00:00;2025-04-30T17:00:00;88130470;"CLP";0;0
2157-37-LQ25;"MANTENIMIENTO PREVENTIVO Y CORRECTIVO DE MESAS QUIRURGICAS";"SERVICIO NAC DE SALUD HOSPITAL TRAUMATOLOGICO";"61.602.295-4";"2157 Licitaciones HTC - ADM PRINCIPAL";"Roosevelt N°1582";"Concepción";"Región del Biobío";"LQ";"Cerrada";"Se requiere MANTENIMIENTO PREVENTIVO, CORRECTIVO, ACCESORIOS Y REPUESTOS DE MESAS QUIRURGICAS por el periodo de 24 MESES o hasta que se consuma la totalidad del presupuesto, según lo primero que ocurra.";2025-03-17T15:27:00;2025-04-09T15:34:00;2025-05-16T15:36:00;154000000;"CLP";0;0
4731-3-LE25;"Mejoramiento pintura exterior Municipalidad Cholch";"MUNICIPALIDAD DE CHOLCHOL";"69.265.000-k";"Municipal";"Pinto S/N";"Chol Chol";"Región de la Araucanía";"LE";"Cerrada";"Se requiere contratar el servicio de mantención y mejoramiento de pintura exterior del Edificio Municipal de la Comuna de Cholchol. Según lo establecido en las Bases Administrativas, especificaciones técnicas y anexos. Aprobados mediante Decreto Exento N 607 de fecha 04.04.2025";2025-04-04T14:18:19.68;2025-04-09T15:57:00;2025-04-09T16:21:00;20000000;"CLP";0;0
609-9-LE25;"E102RT9 ADMINISTRACIÓN CASAS DE HUÉSPEDES";"INSTITUTO DE DESARROLLO AGROPECUARIO";"61.307.000-1";"Instituto de Desarrollo Agropecuario - INDAP";"Agustinas #1465";"Santiago";"Región Metropolitana de Santiago";"LE";"Cerrada";"Se requiere de la contratación de un oferente que provea los servicios de administración casas de huéspedes Alameda y Bulnes de INDAP";2025-03-24T15:24:00;2025-04-09T15:30:00;2025-04-30T18:00:00;;"CLP";0;0
2904-10-LE25;"ADQUISICIÓN REPUESTO PARA EXCAVADORA - MUNICIPALIDAD DE HUALAIHUÉ";"I MUNICIPALIDAD DE HUALAIHUE";"69.252.200-1";"DEPARTAMENTO DE ADMINISTRACION";"21 DE SEPTIEMBRE   450";"Hualaihué";"Región de los Lagos";"LE";"Cerrada";"Corresponde a la adquisición de repuesto para excavadora municipal Caterpillar Modelo 323D2 año 2018.";2025-04-04T14:25:54.857;2025-04-09T15:30:00;2025-04-16T19:53:00;11307000;"CLP";0;0
1133592-10-LE25;"ADQ. Y SERV. ACTUAL. SIST. CÁMARAS ROBOT PREF.GOPE";"DIRECCION DE LOGISTICA DE CARABINEROS";"60.505.000-K";"PREFECTURA GOPE";"AV. LIBERTADOR B O’HIGGINS NRO.1196, PISO 10";"Santiago";"Región Metropolitana de Santiago";"LE";"Cerrada";"ADQUISICIÓN DEL SERVICIO DE REPARACIÓN Y ACTUALIZACIÓN DEL SISTEMA DE MONITOREO DE CÁMARAS DEL ROBOT 9XS DE LA PREFECTURA DE OPERACIONES ESPECIALES GOPE";2025-04-02T13:46:35.533;2025-04-09T15:10:00;2025-04-11T15:11:00;27965100;"CLP";0;0
3264-3-LE25;"MANTENIMIENTO Y LIMPIEZA DE PLANTAS DE TRATAMIENTO FOSAS SÉPTICAS Y CIRCUITO DE ALCANTARILLADO IIIra ZONA NAVAL PUNTA ARENAS";"DIRECCION DE ABASTECIMIENTO DE LA ARMADA";"61.102.036-8";"DEPTO. DE OBRAS Y CONSTRUCCIONES DE LA IIIa Z.N.";"AVDA. MANUEL BULNES Nº 05376";"Punta Arenas";"Región de Magallanes y de la Antártica";"LE";"Cerrada";"La Comandancia en Jefe de la Tercera Zona Naval, solicita efectuar el Mantenimiento y Limpieza de Plantas de Tratamiento, Fosas Sépticas y Circuito de Alcantarillado, dependientes del Departamento de Obras y Construcciones de la IIIra. Zona Naval, asignando los recursos para su financiamiento";2025-03-31T15:07:19.63;2025-04-09T15:20:00;2025-04-18T14:27:00;54459162;"CLP";0;0
1261592-15-LE25;"SERVICIO PRÓTESIS DENTALES PARA CMDS ANTOFAGASTA";"CORP MUNICIPAL DE DESARROLLO SOCIAL DE A";"71.102.600-2";"UNIDAD TÉCNICA DIRECCIÓN DE SALUD";"AVENIDA ARGENTINA 1595 – II PISO";"Antofagasta";"Región de Antofagasta";"LE";"Cerrada";"Contar con la confección de prótesis removibles, totales o parciales realiza por rehabilitadores orales, por lo que se requiere de la compra de servicios de laboratorio dental para la confección de prótesis acrílicas y prótesis con base metálica.";2025-03-27T08:57:02.75;2025-04-09T15:30:00;2025-06-11T19:49:00;;"CLP";0;0
993-34-LE25;"Servicio de Arriendo Baños Quimicos";"MINISTERIO DE OBRAS PUBLICAS DIREC CION GRAL DE OO PP DCYF";"61.202.000-0";"Dirección de Vialidad - II Región - Dirección Regional";"21 de Mayo, N° 470, 3er piso";"Antofagasta";"Región de Antofagasta";"LE";"Cerrada";"Servicio de Arriendo y Mantención de Baños Químicos";2025-04-01T16:12:40.527;2025-04-09T15:02:00;2025-04-23T19:00:00;55000000;"CLP";0;0
2483-68-LP25;"SERVICIO DE PRODUCCIÓN Y DESARROLLO DE EVENTOS MUNICIPALES 2025 COMUNA DE QUILICURA";"I MUNICIPALIDAD DE QUILICURA";"69.071.300-4";"DEPARTAMENTO COMPRAS PÚBLICAS";"";"";"Región Metropolitana de Santiago";"LP";"Cerrada";"SERVICIO DE PRODUCCIÓN Y DESARROLLO DE EVENTOS MUNICIPALES 2025, COMUNA DE QUILICURA";2025-03-20T17:07:01.327;2025-04-09T15:01:00;2025-05-30T18:00:00;;"CLP";0;0
2263-14-LP25;"Material Granular Malleco Nahuelbuta 8 2025- CCI Estadio Traiguen";"MINISTERIO DE OBRAS PUBLICAS DIREC CION GRAL DE OO PP DCYF";"61.202.000-0";"Dirección de Vialidad - IX Región - Provincia de Malleco";"Lautaro 17";"Angol";"Región de la Araucanía";"LP";"Cerrada";"Material Granular Malleco Nahuelbuta 8 2025- CCI Estadio Traiguen";2025-03-25T17:07:05.067;2025-04-09T15:02:00;2025-04-10T15:03:00;;"CLP";0;0
6-69-O124;"MEJORAMIENTO U. EUROPEA, R. LAGOS Y D. CUBILLOS";"SERVICIO DE VIVIENDA Y URBANIZACION I REGION";"61.838.000-9";"SERVIU I Región";"Patricio Lynch Nº 50";"Iquique";"Región de Tarapacá";"O1";"Cerrada";"MEJORAMIENTO U. EUROPEA, R. LAGOS Y D. CUBILLOS, ALTO HOSPICIO, TRAMOS R. LAGOS Y D. CUBILLOS 1° ETAPA DE EJECUCIÓN";2024-12-31T11:42:00;2025-04-09T15:01:00;2025-05-09T20:00:00;;"CLF";0;0
1591-4-LE25;"ADMINISTRACIÓN POR VOUCHER PARA LA PROVISIÓN DEL SERVICIO DE SALA CUNA";"SERVICIO NACIONAL DE TURISMO";"60.704.000-1";"Servicio Nacional de Turismo - Sernatur";"";"";"Región Metropolitana de Santiago";"LE";"Cerrada";"Otorgar a los/as funcionarios/as del Servicio Nacional de Turismo, con hijos/as menores de 2 años, el derecho a sala cuna entre los años 2025 y 2028, asegurando las mejores condiciones y entregando educación de buena calidad pertinente para los menores.";2025-03-26T15:27:00;2025-04-09T15:00:00;2025-04-25T09:59:00;46851098;"CLP";0;0
2983-2-LE25;"CONTRATO SERVICIO ASEO PDI NATALES 2025-2026";"POLICIA DE INVESTIGACIONES DE CHILE";"60.506.000-5";"LOGISTICA PUNTA ARENAS";"ERRAZURIZ  977";"Punta Arenas";"Región de Magallanes y de la Antártica";"LE";"Cerrada";"CONTRATO SERVICIO ASEO COMPLEJO POLICIAL PDI NATALES PERIODO 2025 - 2026.";2025-03-26T16:19:00;2025-04-09T15:00:00;2025-04-28T17:30:00;66600000;"CLP";0;0
750998-12-LQ25;"SERVICIOS INFORMÁTICOS PARA LA GESTIÓN MUNICIPAL";"I MUNICIPALIDAD DE LO ESPEJO";"69.255.100-1";"Departamento de Licitaciones";"Av. Central Cardenal Raúl Silva Henríquez N° 8321";"Lo Espejo";"Región Metropolitana de Santiago";"LQ";"Cerrada";"La Municipalidad de lo Espejo requiere contratar los servicios Informáticos de Gestión Municipal, que den respuesta a los desafíos de modernización que debe enfrentar la gestión Municipal.";2025-03-28T16:40:16.507;2025-04-09T15:00:00;2025-05-12T16:00:00;;"CLP";0;0
5196-8-LE25;"RAAA PM 16 SERV. REPAR. TECHUMBRE DEL POLICLINICO";"FUERZA AEREA DE CHILE COMANDO LOGISTICO";"61.978.670-K";"IIª Brigada Aérea";"AVENIDA DIEGO BARROS ORTIZ 2300, PUDAHUEL";"Pudahuel";"Región de Valparaíso";"LE";"Cerrada";"RAAA PM 16 SERV. REPAR. TECHUMBRE DEL POLICLINICO";2025-03-27T10:47:27.247;2025-04-09T15:00:00;2025-05-02T16:30:00;42000000;"CLP";0;0
1802-8-LE25;"INTERNET DEDICADO FIBRA OPTICA HOGARES INDIGENAS";"JUNTA NACIONAL DE AUXILIO ESCOLAR Y BECA";"60.908.000-0";"Junaeb Región de La Araucania";"Vicuña Mackenna 214";"Temuco";"Región de la Araucanía";"LE";"Cerrada";"servicios de internet dedicado con fibra óptica, canal propio y servicio de Wifi, para hogares indígenas ubicados según detalle: •	Hogar Pelontuwe, dirección Avenida las Encinas 01020 Temuco. •	Hogar Purram, dirección Pasaje Viertel 549, Temuco.  •	Hogar Newen Kimün, dirección Pasaje Viertel 550 Temuco. •	Hogar Pewenche, dirección calle Freire 195, Temuco. •	Hogar Centro Cultural, dirección El Lampalagua 525, Temuco. •	Hogar Lawen Mapu, dirección Queule 093, Padre las Casas.";2025-03-25T10:53:14.647;2025-04-09T15:00:00;2025-05-02T15:00:00;;"CLP";0;0
1057539-74-LE25;"Convenio Suministro Insumos Test del Sudor";"HOSPITAL PUERTO MONTT SERVICIO DE SALUD DEL RELONCAVI";"61.975.100-0";"Bienes y Servicios";"";"";"Región de los Lagos";"LE";"Cerrada";"Por medio de la solicitud de compra N°05, de fecha 19 de febrero de 2025 del Departamento de Apoyo Diagnóstico y Terapéutico, surge la necesidad de contar con un convenio de suministro de insumos para el desarrollo de test del sudor con equipo en comodato para dar continuidad al examen para el apoyo diagnóstico del programa nacional de fibrosis quística, para el Hospital de Puerto Montt, razón por la cual se convoca a la presente licitación.";2025-03-28T09:58:44.35;2025-04-09T15:00:00;2025-07-02T15:00:00;50182889;"CLP";0;0
4809-23-LE25;"PERFIL ANGULO Y PLANCHAS DE FE NEGRO";"MINISTERIO DE OBRAS PUBLICAS DIREC CION GRAL DE OO PP DCYF";"61.202.000-0";"Dirección de Vialidad - IX Región - Provincia de Cautín";"Avenida Prat 712 (ENTRE PISO),  Oficina Provincial.";"Temuco";"Región de la Araucanía";"LE";"Cerrada";"La Dirección de Vialidad Provincia de Cautín, solicita ofertas para la adquisición de PERFIL ANGULO Y PLANCHAS DE FE NEGRO para Obras del Programa CCI, el Área de CCI Oficina Provincial Cautín Dirección Regional de Vialidad Región de La Araucanía.  Conforme a los requerimientos administrativos y técnicos descritos en las presentes Bases de Licitación";2025-03-27T17:57:59.82;2025-04-09T15:00:00;2025-04-18T16:24:00;7603148;"CLP";0;0
727202-23-LE25;"MEJORAMIENTO INTEGRAL ÁREA VERDE ESTACIÓN HUANCARA";"I MUNICIPALIDAD DE VICUNA";"69.040.500-8";"Secplan";"San Martín N° 275, Vicuña";"Vicuña";"Región de Coquimbo";"LE";"Cerrada";"DICHO PROYECTO SE ENMARCA EN LA NECESIDAD DE UN ESPACIO PÚBLICO SEGURO PARA LA COMUNIDAD .";2025-03-27T15:42:38.283;2025-04-09T15:00:00;2025-05-10T23:59:00;63794000;"CLP";0;0
1271359-34-LQ25;"CONVENIO DE SUMINISTRO DE INSUMOS MEDICOS";"CORP MUNICIPAL DE DESARROLLO SOCIAL DE LAMPA";"70.954.200-1";"LICITACIONES";"Sargento aldea 898";"Lampa";"Región Metropolitana de Santiago";"LQ";"Cerrada";"La Corporación Municipal de Desarrollo Social de Lampa mediante el Departamento de Abastecimiento, solicita la contratación de convenio de suministro de insumos médicos, con la finalidad de abastecer la Droguería Comunal, los Centros de Salud Familiar (CESFAM) y Centros Comunitarios de Salud Familiar (CECOSF) de la comuna, destinados a la utilización de tratamiento médico para sus usuarios.";2025-03-21T17:16:27.97;2025-04-09T15:00:00;2025-05-07T20:00:00;;"CLP";0;0
1057492-44-LE25;"SUMINISTRO DE KIT CATÉTER PERCUTÁNEO DOBLE LUMEN Y";"HOSPITAL ORIENTE DR LUIS TISNE BROUSSE";"61.959.800-8";"HOSPITAL ORIENTE DR LUIS TISNE BROUSSE";"";"";"Región Metropolitana de Santiago";"LE";"Cerrada";"SUMINISTRO DE KIT CATÉTER PERCUTÁNEO DOBLE LUMEN Y APÓSITO DE GASA TEJIDA";2025-03-28T11:53:00;2025-04-09T15:00:00;2025-06-09T15:00:00;;"CLP";0;0
514862-24-LE25;"ECOGRAFIA GINECOLOGICA OBSTETRICA SLP 10031622";"CORPORACION MUNICIPAL DE PENALOLEN PARA EL DESARROLO SOCIAL CORMUP";"71.234.100-9";"CORPORACION MUNICIPAL DE PENALOLEN PARA EL DESARRO";"AVDA. ORIENTALES N°6958";"Peñalolén";"Región Metropolitana de Santiago";"LE";"Cerrada";"ECOGRAFIA GINECOLOGICA OBSTETRICA PARA USUARIAS DE LOS CESFAM DE LA CORPORACION MUNICIPAL DE PEÑALOLEN SLP 10031622";2025-03-20T08:53:10.857;2025-04-09T15:00:00;2025-05-08T18:46:00;43000000;"CLP";0;0
1002588-19-LP25;"Servicio control de plagas SLEP Puerto Cordillera";"SERVICIO LOCAL DE EDUCACION DE PUERTO CORDILLERA";"61.999.320-9";"SERVICIO LOCAL DE EDUCACION DE PUERTO CORDILLERA";"MANUEL RODRIGUEZ, N°893, COQUIMBO";"Coquimbo";"Región de Coquimbo";"LP";"Cerrada";"Servicio de desinsectación, desratización, sanitización y control de plagas para los establecimientos educacionales del SLEP Puerto Cordillera";2025-03-20T15:49:28.393;2025-04-09T15:00:00;2025-05-09T15:00:00;85000000;"CLP";0;0
1217466-10-L125;"Registro e inventario colección de pintura y estampas del MHN";"SERVICIO NACIONAL DEL PATRIMONIO CULTURAL";"60.905.003-9";"MUSEO HISTÓRICO NACIONAL DOS";"PLAZA DE ARMAS 951";"Santiago";"Región Metropolitana de Santiago";"L1";"Cerrada";"El Museo Histórico Nacional necesita contar con los servicios profesionales, según bases administrativas, técnicas y sus anexos obligatorios .";2025-04-03T10:40:21.627;2025-04-09T15:00:00;2025-04-12T18:00:00;6000000;"CLP";0;0
1003473-48-LE25;"CONTRATO DE SUMINISTRO DE SENSORES DE EEG PARA MONITOREO DEL ÍNDICE BIESPECTRAL CON EQUIPO ASOCIADO";"SERVICIO DE SALUD DEL MAULE HOSPITAL DE CURICO";"61.606.903-9";"INSUMOS CLINICOS";"";"";"Región del Maule";"LE";"Cerrada";"El Hospital San Juan de Dios de Curicó, requiere suscribir un contrato de suministro con equipo asociado para la Unidad de Paciente Crítico (UPC), a objeto de satisfacer adecuadamente la demanda de estos.";2025-03-26T17:01:00;2025-04-09T15:00:00;2025-06-17T17:30:00;60000000;"CLP";0;0
889-5-LE25;"Conserv. estaciones fluviométricas T Fuego";"MINISTERIO DE OBRAS PUBLICAS DIREC CION GRAL DE OO PP DCYF";"61.202.000-0";"Dirección General de Aguas - XII Región";"Croacia 722, piso 6";"Punta Arenas";"Región de Magallanes y de la Antártica";"LE";"Cerrada";"Se requiere la conservación de las estaciones fluviométricas Río Side en Cerro Sombrero, Río Oro en Bahía San Felipe, Río Caleta en Tierra del Fuego, Río Betbeder en desembocadura, Río Oscar en Bahía San Felipe, Río Grande en Tierra del Fuego, Río Rasmussen en frontera";2025-03-27T12:22:38.223;2025-04-09T15:00:00;2025-04-28T15:00:00;;"CLP";0;0
1271359-57-L125;"ADQUISICIÓN DE MEDICAMENTOS";"CORP MUNICIPAL DE DESARROLLO SOCIAL DE LAMPA";"70.954.200-1";"LICITACIONES";"Ismael carmona 976, Lampa";"Lampa";"Región Metropolitana de Santiago";"L1";"Cerrada";"La Corporación Municipal de Desarrollo Social de Lampa mediante el Departamento de Abastecimiento, solicita la adquisición de medicamentos, con la finalidad de abastecer la Droguería Comunal, los Centros de Salud Familiar (CESFAM), Centros Comunitarios de Salud Familiar (CECOSF) y Centro Comunitario de Salud Mental (COSAM) de la comuna, destinados a la utilización de tratamiento médico para sus usuarios.";2025-03-27T14:45:54.57;2025-04-09T15:00:00;2025-04-21T20:00:00;;"CLP";0;0
3797-24-LE25;"SERVICVIO DE PREUNIVERSITARIO PAES 2025";"I MUNICIPALIDAD DE COCHRANE";"69.254.500-1";"I MUNICIPALIDAD DE COCHRANE";"calle esmeralda 398";"Cochrane";"Región Aysén del General Carlos Ibáñez del Campo";"LE";"Cerrada";"Objetivo: La Ilustre Municipalidad de Cochrane, teniendo en cuenta el compromiso con las y los jóvenes de la comuna y su desarrollo académico profesional, requiere contratar el servicio de preuniversitario para la preparación de los 4tos medios del Liceo Bicentenario Austral Lord Cochrane de cara a la PAES 2025.";2025-04-01T15:35:00;2025-04-09T15:00:00;2025-04-14T17:15:00;;"CLP";0;0
1057434-9-LQ25;"CONVENIO DE SUMINISTRO LABORATORIO DENTAL PARA PROTESIS REMOVIBLES Y PROTESIS FIJAS PARA CESFAM DR. V.M. FERNANDEZ";"SERVICIO DE SALUD CONCEPCION ARAUCO CONS";"61.607.104-1";"Bienes y Servicios";"MAIPU 2120";"Concepción";"Región del Biobío";"LQ";"Cerrada";"CONTRATAR SERVICIOS DE LABORATORIO DENTAL PARA TRATAMIENTOS DE REHABILITACIÓN ORAL MEDIANTE LA CONFECCION DE PRÓTESIS REMOVIBLES Y PROTESIS FIJAS, PARA EL CESFAM DR. VÍCTOR MANUEL FERNÁNDEZ, DE ACUERDO A ESPECIFICACIONES TECNICAS ADJUNTAS.";2025-03-20T17:15:58.827;2025-04-09T15:00:00;2025-05-07T17:00:00;210000000;"CLP";0;0
1057539-37-LE25;"Repuestos de Banqueta Para Sala De Espera cuatro Cuerpos";"HOSPITAL PUERTO MONTT SERVICIO DE SALUD DEL RELONCAVI";"61.975.100-0";"Bienes y Servicios";"";"";"Región de los Lagos";"LE";"Cerrada";"el objetivo de adquirir repuestos para una banqueta suele ser el de restaurar o mantener el mobiliario en buen estado, asegurando su funcionalidad y estética por un tiempo más largo.";2025-03-26T10:17:00;2025-04-09T15:00:00;2025-06-18T15:00:00;;"CLP";0;0
4110-5-LQ25;"CONSERVACIÓN JARDÍN INFANTIL RINCONCITO CALLE LARGA NUEVO LLAMADO.";"I MUNICIPALIDAD DE CALLE LARGA";"69.051.200-9";"SECPLAC";"CALLE LARGA  2088";"Calle Larga";"Región de Valparaíso";"LQ";"Cerrada";"Ejecución de las obras del proyecto que tiene por objeto realizar la conservación de la infraestructura del Jardín Infantil Rinconcito, ubicado en Calle Larga 2029B, comuna de Calle Larga. Se consideran intervenciones en su envolvente, en el interior de los recintos, en la cubierta y sistema de evacuación de aguas lluvias. También contempla intervención de los patios para su revitalización, la conservación del sistema de calefacción solar del agua potable, la conservación del sistema eléctrico y la adquisición de nuevo equipamiento. Todo esto en vías de mejorar el establecimiento y su habitabilidad.";2025-03-20T09:16:00;2025-04-09T13:30:00;2025-06-03T17:45:00;278490763;"CLP";0;0
2989-6-LE25;"CS SERVICIO MANTENCIONES BOMBAS DE AGUA CESFAM";"I MUNICIPALIDAD DE LOS MUERMOS";"69.220.800-5";"Municipalidad de Los Muermos-Depto. Salud";"Federico Redlich  S/N";"Los Muermos";"Región de los Lagos";"LE";"Cerrada";"CS SERVICIO MANTENCIONES PARA EL SISTEMA DE AGUA POTABLE DEL CESFAM DE LOS MUERMOS  Disponer de un servicio de mantenciones preventivas y correctivas para el sistema de agua potable del Cesfam de Los Muermos, esto incluye las mantenciones de bombas impulsoras, bomba sentina y el estanque hidroneumático, de esta forma se espera mantener la funcionalidad de estos equipos para su correcto funcionamiento.  El oferente adjudicado deberá realizar la mantención preventiva según las especificaciones técnicas descritas en las presentes bases.";2025-03-24T16:46:18.12;2025-04-09T13:00:00;2025-04-18T16:00:00;;"CLP";0;0
3265-32-L125;"Servicio de Realización de Exámenes Médicos e Imagenológicos";"I MUNICIPALIDAD DE RIO HURTADO";"69.041.000-1";"Direccion de  Administracion y Finanzas";"Unica Samo Alto  S/N";"Río Hurtado";"Región de Coquimbo";"L1";"Cerrada";"La Ilustre Municipalidad de Río Hurtado llama a suscribir un Convenio de Suministro y Servicio a través de la licitación Pública denominada “Servicio de Realización de Exámenes Médicos e Imagenológicos”, con el fin de realizar radiografías y exámenes a pacientes de la comuna que carecen de recursos para su realización y que sean calificados por la Municipalidad de Río Hurtado, a través de su Departamento Social. El municipio está interesado en la aplicación de altos estándares de calidad, tanto en la atención oportuna y eficaz de sus pacientes, como en el bienestar de éstos y su seguridad. Es así como permanentemente desarrolla actividades tendientes a lograr un mejoramiento continuo de sus procesos. Conforme a lo anterior, requiere la compra de servicios de imagenología y de más exámenes médicos según señalan los términos de referencia  realizada por especialistas que brinden un servicio de calidad, de acuerdo a las normas, conocimientos, formación y comprobada experiencia.";2025-04-02T15:26:32.063;2025-04-09T14:00:00;2025-04-25T15:40:00;;"CLP";0;0
2467-46-L125;"ADQUISICIÓN DE FOLLETERIA TURISTICA";"I MUNICIPALIDAD DE CHILLAN";"69.140.900-7";"IMUNI_CHILLAN ADQUISICIONES";"18 de Septiembre 510";"Chillán";"Región del Ñuble";"L1";"Cerrada";"La Municipalidad de Chillán a través de su dirección de Turismo requiere adquirir folletería turística en sus diferentes productos tales como plano de Chillán, folletos de alfareras y alfaros de Quinchamalí, además, de sus diferentes rutas turísticas y de los distintos programas que la dirección de turismo ejecuta. El oferente en su propuesta deberá considerar todos los gastos directos e indirectos que irrogue el cumplimiento del contrato, y, en general, todo lo necesario para entregar el servicio en forma óptima, de acuerdo a lo requerido en las Bases Administrativas, Bases Técnicas y demás antecedentes que rigen la licitación.";2025-04-02T10:34:52.45;2025-04-09T12:15:00;2025-04-29T12:16:00;4800000;"CLP";0;0
2101-41-L125;"CONVENIO DE LECTURA DOSIMETRICA";"HOSPITAL INTERCULTURAL KALLVU LLANKA.-";"61.602.213-k";"Hospital Cañete";"RUTA P-60R esquina RUTA P520";"Cañete";"Región del Biobío";"L1";"Cerrada";"El servicio de dosimetría que se licita, tiene por finalidad evaluar las dosis recibidas del personal del Hospital Intercultural Kallvu Llanka de Cañete, que está ocupacionalmente expuesto a las radiaciones ionizantes, ya sea que se desempeñe en las instalaciones radiactivas o que opere equipos generadores de radiaciones ionizantes, en cumplimiento con el Decreto Nº3 de 1985 del Ministerio de Salud. Las mediciones dosimétricas deben ser realizadas trimestralmente por un periodo de 2 años (24 mes";2025-04-04T14:06:58.01;2025-04-09T12:00:00;2025-05-09T14:33:00;6800000;"CLP";0;0
3287-16-LE25;"Servicio de desratización desinsectación y otros.";"I MUNICIPALIDAD DE LICANTEN";"69.100.500-3";"Departamento de Finanzas";"Juan E. Montero   25";"Licantén";"Región del Maule";"LE";"Cerrada";"tener bajo control a los insectos, roedores y otros vectores sanitarios, de manera preventiva y correctiva, permitiendo que éstos se encuentren en condiciones óptimas para su funcionamiento durante todo el periodo de trabajo";2025-04-01T16:26:09.26;2025-04-09T12:12:00;2025-04-10T12:13:00;;"CLP";0;0
2215-9-LP25;"DISPOSITIVOS MEDICOS IMPLANTES UNITARIOS";"SERVICIO DE SALUD ANTOFAGASTA HOSP C CIS";"61.606.202-6";"Hospital Carlos Cisternas de Calama";"dipresrecepcion@custodium.com";"Antofagasta";"Región de Antofagasta";"LP";"Cerrada";"ADQUISICION DE DISPOSITIVOS MEDICOS, IMPLANTES UNITARIOS SOBREDENTADURAS, PARA EL HOSPITAL CARLOS CISTERNAS DE CALAMA.";2025-03-20T12:15:00;2025-04-09T12:00:00;2025-05-14T12:00:00;105000000;"CLP";0;0
3438-10-LE25;"SERVICIO DE MANTENIMIENTO DE JARDINES";"COMANDO DE APOYO A LA FUERZA";"61.101.022-2";"Escuela de Infantería - ESCINF";"";"";"Región Metropolitana de Santiago";"LE";"Cerrada";"SERVICIO DE MANTENIMIENTO DE JARDINES  Y ÁREAS VERDES  DE LA ESCUELA DE INFANTERÍA";2025-03-26T16:46:02.95;2025-04-09T12:00:00;2025-04-16T18:00:00;;"CLP";0;0
3594-7-LE25;"SEGUNDO LLAMADO CONSTRUCCIÓN SISTEMA DE EVACUACIÓN DE AGUAS LLUVIAS LICEO BNSF COMUNA DE PORTEZUELO";"I MUNICIPALIDAD DE PORTEZUELO";"69.140.200-2";"I MUNICIPALIDAD DE PORTEZUELO";"O HIGGINS #403 COMUNA PORTEZUELO";"Portezuelo";"Región del Ñuble";"LE";"Cerrada";"SEGUNDO LLAMADO  CONSTRUCCIÓN SISTEMA DE EVACUACIÓN DE AGUAS LLUVIAS LICEO BNSF, COMUNA DE PORTEZUELO";2025-03-31T10:25:14.283;2025-04-09T12:00:00;2025-04-14T17:30:00;;"CLP";0;0
2887-5-LE25;"SERVICIO DE RETIRO DE RESIDUOS PELIGROSOS";"I MUNICIPALIDAD DE PUYEHUE";"69.210.600-8";"DEPARTAMENTO DE SALUD";"TOMAS GLAVES N°2";"Puyehue";"Región de los Lagos";"LE";"Cerrada";"CONVENIO SUMINISTRO SERVICIO RETIRO Y TRANSPORTES MATERIALES- RESIDUOS PELIGROSOS Y CONTAMINADOS, CESFAM ENTRE LAGOS, DEPTO. SALUD PUYEHUE";2025-04-03T16:50:40.737;2025-04-09T10:00:00;2025-05-09T16:19:00;23000000;"CLP";0;0
2101-34-L125;"CALCIO CARBONATO";"HOSPITAL INTERCULTURAL KALLVU LLANKA.-";"61.602.213-k";"Hospital Cañete";"RUTA P-60R esquina RUTA P520";"Cañete";"Región del Biobío";"L1";"Cerrada";"COMPRA DE MEDICAMENTO PARA ABASTECR BODEGA DE FARMACOS, SE SOLICITA QUE LA ENTREGA SEA PARCIALIZADA POR MES CON UNA CANTIDAD DE 30.000 APROX";2025-04-04T14:06:42.043;2025-04-09T10:00:00;2025-05-09T13:03:00;6803000;"CLP";0;0
2793-71-LE25;"SERVICIO PRODUCCION DE EVENTO CUENTA PUBLICA";"Municipalidad de Huechuraba";"69.255.400-0";"Municipalidad de Huechuraba";"Premio Nóbel   5555";"Huechuraba";"Región Metropolitana de Santiago";"LE";"Cerrada";"SERVICIO PRODUCCION DE EVENTO, DENOMINADA CUENTA PUBLICA GESTION 2024, SOLICITADO POR DEPTO. DE RELACIONES PUBLICAS, VER DETALLE EN BASES ADMINISTRATIVAS ESPECIALES";2025-04-03T17:06:08.04;2025-04-09T10:00:00;2025-04-25T15:07:00;;"CLP";0;0
3714-14-LE25;"Servio de Alimentación para Alumnos del Internado";"I MUNICIPALIDAD DE LOS VILOS";"69.041.500-3";"Educacion";"Caupolicán N°309, Los Vilos";"Los Vilos";"Región de Coquimbo";"LE";"Cerrada";"Adquisición de raciones alimenticias, compuestas por desayuno y cena, para los estudiantes del Liceo Nicolas Federico Lohse Vargas, que durante el año escolar 2025 residen en el internado municipal de Los Vilos.";2025-04-03T12:01:41.72;2025-04-09T09:30:00;2025-04-30T17:28:00;26280000;"CLP";0;0
3447-61-LE25;"Cartuchos de Tiras Exámenes SAR La Tortuga";"MUNICIPALIDAD DE ALTO HOSPICIO";"69.265.100-6";"Direccion de Administracion y Finanzas";"Av. Ramón Pérez Opazo N° 3125 Alto Hospicio";"Alto Hospicio";"Región de Tarapacá";"LE";"Cerrada";"Art. 4º	La Municipalidad de Alto Hospicio, llama a Licitación Pública a los proveedores del rubro para celebrar contrato de SUMINISTRO DE CARTUCHOS DE TIRAS DE EXÁMENES PARA EL RECINTO DE URGENCIAS SAR LA TORTUGA, en virtud que estos bienes son esenciales para la continuidad en la prestación de exámenes a los usuarios de la comuna, por lo que se debe contar con un contrato que garantice un suministro eficiente y oportuno. Lo anterior, de acuerdo con las características entregadas en las presentes Bases Administrativas y Técnicas adjuntas, en virtud de una mejor y eficiente Gestión Municipal.";2025-03-27T17:46:57.84;2025-04-09T10:00:00;2025-07-08T18:00:00;;"CLP";0;0
704093-19-LE25;"45-2025";"SERVICIO DE VIVIENDA Y URBANIZACION V REGION";"61.817.000-4";"OFICINA DE PROPUESTAS";"Bellavista 168 Piso 7";"Valparaíso";"Región de Valparaíso";"LE";"Cerrada";"45-2025 ASESORÍA DE INSPECCIÓN TÉCNICA PARA LAS OBRAS DE “MEJORAMIENTO PASEO LOS HEROES Y VEREDAS ADYACENTES” COMUNA DE VILLA ALEMANA";2025-03-27T12:34:00;2025-04-09T09:00:00;2025-06-18T18:00:00;;"CLP";0;0
976-1-O125;"CONSERVACIÓN RUTINARIA Apto.  ANDRÉS SABELLA 24-25";"MINISTERIO DE OBRAS PUBLICAS DIREC CION GRAL DE OO PP DCYF";"61.202.000-0";"Dirección de Aeropuertos - MOPTT";"Morandé 59, 12° piso - Oficina 1212";"Santiago";"Región de Antofagasta";"O1";"Cerrada";"ESTA DIRECCIÓN NECESITA LLAMAR A LICITACIÓN PARA LA CONTRATACION DE LA OBRA CONSERVACIÓN RUTINARIA AEROPUERTO ANDRÉS SABELLA 2024 - 2025”";2025-02-18T17:15:00;2025-04-10T10:00:00;2025-05-26T18:00:00;;"CLP";0;0
318-1-LE25;"Seguros generales para flota de vehículos";"CORP DE ASISTENCIA JUDICIAL DE LA REGION DE VALPARAISO";"70.816.800-9";"Corporación de Asistencia Judicial de la V Región";"Condell 1231 piso 5°";"Valparaíso";"Región de Valparaíso";"LE";"Cerrada";"El objeto de la presente licitación es la contratación de seguros generales para 23 vehículos correspondientes a la flota institucional de la Corporación de Asistencia Judicial de la región de Valparaíso.";2025-04-04T16:12:00;2025-04-09T18:00:00;2025-04-14T17:00:00;;"CLP";0;0
2713-33-L125;"Convenio de suministro materiales eléctrico, DIDECO – U. Asistencial folio N°215";"I MUNICIPALIDAD DE AYSEN";"69.240.100-K";"I.MUNICIPALIDAD AYSEN-ADQUISICIONES";"Luis Alfredo Busto  N°229";"Aysén";"Región Aysén del General Carlos Ibáñez del Campo";"L1";"Cerrada";"La Dirección de Desarrollo Comunitario, mediante la solicitud de adquisiciones folio N°215, necesita contratar un servicio de convenio de suministro de materiales eléctricos. Estos materiales son esenciales para las ayudas sociales que evalúa la unidad asistencial de DIDECO, y su entrega se realizará de forma parcializada según sea necesario";2025-04-04T09:14:44.863;2025-04-09T09:00:00;2025-05-09T21:20:00;4165900;"CLP";0;0
983344-1-LE25;"SERVICIO DE ASEO PARA DEPENDENCIA EMA TUCAPEL";"COMANDO DE APOYO A LA FUERZA";"65.144.279-6";"Macro Zona de Salud  Valdivia";"Orostegui N° 1650";"Valdivia";"Región de la Araucanía";"LE";"Cerrada";"La presente Licitación tiene como objetivo contratar el servicio de aseo mensual, para las dependencias de la EMA “Tucapel” dependiente de la MZS “Valdivia”, ubicado en Avenida Bernardo O`Higgins Nº750, Temuco, Región de la Araucanía, de acuerdo a lo señalado en las presentes Bases administrativas y especificaciones técnicas y anexos.";2025-04-02T16:38:55.25;2025-04-10T10:00:00;2025-04-17T19:00:00;11424000;"CLP";0;0
673663-3-LQ25;"MEJORAMIENTO CANCHA DE FUTBOL PASTO SINTETICO PARQ";"I MUNICIPALIDAD DE ANDACOLLO";"69.040.400-1";"Secplan";"PLAZA VIDELA N-50";"Andacollo";"Región de Coquimbo";"LQ";"Cerrada";"MEJORAMIENTO CANCHA DE FUTBOL PASTO SINTETICO PARQUE OASIS, COMUNA DE ANDACOLLO";2025-03-20T17:44:33.587;2025-04-10T10:00:00;2025-05-31T19:00:00;;"CLP";0;0
1274285-9-LE25;"Servicio Exámen Ecotomografía Mamaria";"CORPORACION MUNICIPAL DE EDUCACION Y SALUD DE SAN BERNARDO";"70.925.500-2";"SALUD";"AVENIDA MAIPÚ 440";"San Bernardo";"Región Metropolitana de Santiago";"LE";"Cerrada";"Contratación de Servicio de toma de exámenes Eco tomografía Mamaria para usuarios de la Corporación Municipal de Educación y Salud de San Bernardo.";2025-04-02T17:11:00;2025-04-10T09:00:00;2025-04-16T13:00:00;27000000;"CLP";0;0
1164956-3-O125;"Mejoramiento Cubiertas Conj. Habit. El Líbano";"SERVICIO DE VIVIENDA Y URBANIZACION AREA METROPOLITANA";"61.812.000-7";"Obra Publica";"Serrano #45";"Santiago";"Región Metropolitana de Santiago";"O1";"Cerrada";"Consiste en cambiar las techumbres de asbesto cemento en bienes comunes del Conjunto Habitacional El Líbano en la comuna de Macul.";2025-03-07T10:16:31.573;2025-04-10T10:00:00;2025-04-11T23:00:00;;"CLP";0;0
2322-48-LE25;"Adquisición de Pintura de Alto Tráfico para Pasos Peatonales de la Comuna";"I MUNICIPALIDAD DE VALLENAR";"69.030.500-3";"I MUNICIPALIDAD DE VALLENAR";"Vista hermosa #1675  villa juan López torres";"Vallenar";"Región de Atacama";"LE";"Cerrada";"Adquisición de Pintura de Alto Tráfico para Pasos Peatonales de la Comuna";2025-03-31T16:18:13.6;2025-04-10T09:00:00;2025-04-18T18:00:00;7140000;"CLP";0;0
3847-5-LE25;"Serv. desinfección control plagas y desratización";"I MUNICIPALIDAD DE SIERRA GORDA";"69.253.200-7";"Secoplac";"Salvador Allende 452";"Sierra Gorda";"Región de Antofagasta";"LE";"Cerrada";"La Municipalidad de Sierra Gorda posee la necesidad de contar con un Servicio sanitario de Manejo Integrado de Plagas, Sanitización, Desinsectación y Desratización dentro de la comuna de Sierra Gorda debido al considerable aumento de presencia de vectores voladores y rastreros ratones, garrapatas, cucarachas, moscas, entre otros, por motivo de la época del año que proporciona condiciones propicias para la reproducción de los vectores nombrados con anterioridad, lo que  hacen necesario con suma urgencia el proceso nombrado anteriormente con el fin de evitar complicaciones sanitarias como propagación de infecciones y enfermedades transmitidas por la presencia de los vectores presentes.";2025-04-01T19:46:56.147;2025-04-10T09:00:00;2025-04-18T23:00:00;;"CLP";0;0
2409-27-L125;"MANTENCIÓN Y REPARACIÓN CÁMARAS Y SISTEMA DE VIGILANCIA LICEO COMERCIAL B-64 CENTRAL Y ANEXO";"I MUNICIPALIDAD DE LOS ANGELES";"69.170.101-8";"MUNICIPALIDAD DE LOS ANGELES - EDUCACION";"LAUTARO Nr.280 LOS ANGELES";"Santiago";"Región Metropolitana de Santiago";"L1";"Cerrada";"SE REQUIERE LA MANTENCIÓN Y REPARACIÓN CÁMARAS Y SISTEMA DE VIGILANCIA LICEO COMERCIAL B-64 CENTRAL Y ANEXO, SEGÚN ESPECIFICACIONES TÉCNICAS. EL PRESENTE PROCESO REQUIERE VISITA A TERRENO OBLIGATORIA.";2025-04-02T16:59:04.58;2025-04-10T09:00:00;2025-04-30T16:00:00;2500000;"CLP";0;0
3929-23-LE25;"MEJORAMIENTO ILUMINACION AVENIDA CIRCUNVALACIÓN EL MAQUI MIRAFLORES ALTO BP23-IL-0003.";"I MUNICIPALIDAD DE VINA DEL MAR";"69.061.000-0";"Secpla";"";"";"Región de Valparaíso";"LE";"Cerrada";"Las presentes bases norman el proceso de la propuesta pública que efectúa la Municipalidad de Viña del Mar, para la contratación y ejecución de la obra denominada MEJORAMIENTO ILUMINACION, AVENIDA CIRCUNVALACIÓN, EL MAQUI, MIRAFLORES ALTO, BP23-IL-0003.";2025-03-19T08:02:32.48;2025-04-10T09:00:00;2025-07-09T09:00:00;58000000;"CLP";0;0
3951-12-L125;"ADQUISICIÓN DE INSUMOS CLÍNICOS PARA EL CONSULTORIO VÍCTOR DOMINGO SILVA";"CONSULTORIO GENERAL URBANO VICTOR DOMINGO SILVA";"61.974.700-3";"Consultorio Victor Domingo Silva";"Los Aromos N° 1278, Esquina Alejandro Gutiérrez";"Coyhaique";"Región Aysén del General Carlos Ibáñez del Campo";"L1";"Cerrada";"SE REQUIERE CONTAR CON LOS SIGUIENTES INSUMOS PARA EL CONSULTORIO VÍCTOR DOMINGO SILVA, SEGÚN LAS ESPECIFICACIONES TÉCNICAS ADJUNTAS EN LAS PRESENTES BASES.";2025-04-04T15:33:28.76;2025-04-10T09:00:00;2025-04-22T18:00:00;6830000;"CLP";0;0
2974-23-L125;"CAMBIO DE PISO EN VIVIENDA FISCAL UBICADA EN VILLA REPUBLICA, COMUNA DE SANTIAGO CENTRO 202-2025";"FUERZA AEREA DE CHILE COMANDO LOGISTICO";"61.103.006-1";"División de Bienestar Social";"SAN JOSÉ DE LA SIERRA #360";"Las Condes";"Región Metropolitana de Santiago";"L1";"Cerrada";"CAMBIO DE PISO EN VIVIENDA FISCAL UBICADA EN VILLA REPUBLICA, COMUNA DE SANTIAGO CENTRO 202-2025";2025-04-03T13:31:05.027;2025-04-10T09:00:00;2025-06-09T19:48:00;3590011;"CLP";0;0
2705-32-LE25;"ADQUISICIÓN DE CÁMARA DE FLUJO DE GASES";"UNIVERSIDAD DEL BIO BIO";"60.911.006-6";"Universidad del Bío-Bío - Campus Chillán";"Avenida Andrés Bello N°720";"Chillán";"Región del Ñuble";"LE";"Cerrada";"ADQUISICIÓN DE CÁMARA DE FLUJO DE GASES, PARA LA UNIVERSIDAD DEL BÍO-BÍO, SEDE CHILLÁN";2025-03-25T12:27:37.543;2025-04-09T19:59:00;2025-05-12T10:00:00;10000000;"CLP";0;0
3821-2-LE25;"PROGRAMA ODONTOLOGICO GES 60 AÑOS";"I MUNICIPALIDAD DE SANTA MARIA";"69.051.000-6";"Departamento De Salud Municipal";"TOCORNAL EL LLANO  S/ N EN EL CECOSF";"Santa María";"Región de Valparaíso";"LE";"Cerrada";"El Depto. de Salud Municipal de Santa María, requiere contratar los servicios de atención odontológica integral para 80 usuarios de 60 años del CESFAM Dr. Jorge Ahumada Lemus, para dar cumplimiento al Programa “Servicios de Atención Odontológica Integral Componente N°3 de la Estrategia GES Salud Oral Integral de la persona de 60 años” año 2025. Las especificaciones se encuentran señaladas en las presentes bases que forman parte integral para todos los efectos.";2025-04-03T12:18:00;2025-04-09T19:00:00;2025-04-14T21:59:00;27400320;"CLP";0;0
3453-21-LE25;"ADQUISICIÓN DE BANDEJAS DE ACERO INOXIDABLE";"DIRECCION DE LOGISTICA DE CARABINEROS";"61.979.960-7";"Escuela de Formación Policial de Carabineros";"AVDA PEDRO AGUIRRE CERDA Nº6655";"Cerrillos";"Región Metropolitana de Santiago";"LE";"Cerrada";"ADQUISICIÓN DE BANDEJAS DE ACERO INOXIDABLE PARA DISPENSAR ALIMENTOS, PARA LOS CARABINEROS ALUMNOS DE LA ESCUELA DE FORMACIÓN DE CARABINEROS";2025-03-31T15:31:13.067;2025-04-09T19:01:00;2025-04-29T19:03:00;;"CLP";0;0
1057419-19-LE25;"Prestaciones de apoyo clínico";"SERVICIO DE SALUD BIO BIO HOSPITAL SANTA BARBARA";"61.607.304-4";"Bienes y Servicios";"";"";"Región del Biobío";"LE";"Cerrada";"Mediante la presente, se pretende proveer el abastecimiento de prestaciones de apoyo, para el Hospital de la Familia y la comunidad de Santa Bárbara, según Solicitud de Adquisición N° 45.208, emitida por la Unidad de Enfermería.";2025-04-02T11:41:50.84;2025-04-09T19:40:00;2025-04-18T16:41:00;;"CLP";0;0
1261592-21-LE25;"ELECTROCARDIOGRAFIA PARA URGENCIAS SAR";"CORP MUNICIPAL DE DESARROLLO SOCIAL DE A";"71.102.600-2";"UNIDAD TÉCNICA DIRECCIÓN DE SALUD";"AVENIDA ARGENTINA 1595 – II PISO";"Antofagasta";"Región de Antofagasta";"LE";"Cerrada";"La presente propuesta tiene como objetivo específico contar con un convenio de lectura de electrocardiografías para apoyar en los diagnósticos de los profesionales del Servicio de atención de urgencia SAR Coviefi dependiente de la dirección de salud de la CMDS.";2025-03-26T08:26:32.05;2025-04-09T18:46:00;2025-06-11T18:47:00;;"CLP";0;0
891-4-LE25;"CONSERVACIÓN ESTACIONES FLUVIOMETRICAS";"MINISTERIO DE OBRAS PUBLICAS DIREC CION GRAL DE OO PP DCYF";"61.202.000-0";"Dirección General de Aguas - VIII Región de Biobio";"Prat 501, Piso 6";"Concepción";"Región del Biobío";"LE";"Cerrada";"Para mantener la operatividad de la red Hidrometeorológica tanto para las estaciones Fluviométricas como Pluviométricas, es necesario la mantención de las mismas para medición del recurso hídrico.";2025-03-27T16:26:38.833;2025-04-09T18:38:00;2025-04-21T18:39:00;;"CLP";0;0
1624-7-L125;"Compra de Servicios de Módulos actividad Física para usuarios bajo control con condiciones cronicas cardiovasculares del Hospital de Nancaguas";"SERVICIO DE SALUD HOSPITAL DE NANCAGUA";"61.602.147-8";"Hospital de Nancagua";"18 de septiembre 464 Nancagua";"Nancagua";"Región del Libertador General Bernardo O´Higgins";"L1";"Cerrada";"Compra de Servicio módulos de actividad física para usuarios bajo control con Condiciones Crónicas cardiovasculares del Hospital de Nancagua, según especificaciones y anexos que se adjuntan";2025-04-04T16:45:06.977;2025-04-09T19:54:00;2025-04-11T19:54:00;2580768;"CLP";0;0
5251-6-LE25;"Serv. Marketing de Contenido - Posicionamiento SEO";"UNIVERSIDAD TECNOLOGICA METROPOLITANA";"70.729.100-1";"DEPARTAMENTO DE ABASTECIMIENTO";"Calle Dieciocho Nª178, Santiago";"Santiago";"Región Metropolitana de Santiago";"LE";"Cerrada";"El objetivo principal de la adquisición del  Servicio Marketing de Contenido – Posicionamiento SEO” es mejorar el posicionamiento y análisis SEO para los sitios web de la UTEM. Con la finalidad de fortalecer las visitas a las páginas de admisión, elevar el ranking en Google, como así también, aumentar el tráfico y recordación de la marca.";2025-03-31T16:08:50.383;2025-04-09T20:00:00;2025-05-12T16:00:00;16000000;"CLP";0;0
514848-13-LE25;"“Adquisición de elementos para laboratorio Liceo J";"I MUNICIPALIDAD DE LAUTARO";"69.190.100-9";"Educacion";"MANUEL RODRIGUEZ N° 850";"Lautaro";"Región de la Araucanía";"LE";"Cerrada";"La necesidad de fortalecer el área de ciencias del Liceo Jorge Teillier Sandoval, garantizando equipamiento adecuado para el desarrollo de las prácticas de laboratorio. Que el acceso al material de laboratorio adecuado es esencial para mejorar el aprendizaje practico en asignaturas como Química, Bilogía, y física. Que es de responsabilidad de la administración educativa garantizar los recursos necesarios para el desarrollo académico de sus estudiantes.  Que, el servicio público mandante se encuentra facultado para efectuar licitación o propuesta pública en amparo a las disposiciones de la ya citada Ley 19.886. por consiguiente, mediante el presente acto aprobatorio se autorizan las Bases Administrativas elaboradas y que contienen los requerimientos para contratar los servicios. Las normativas legales vigentes contenidas en la Ley de Compras públicas y su Reglamento bajo las cuales se rige el proceso de licitación pública, de libre concurrencia e igualdad ante las bases a los cuales se someten los participantes, bajo entera responsabilidad y asumidos ser conocedores de los requerimientos. Que habiéndose revisado previamente los convenio marcos respectivos no se encuentra el producto y servicio asociado, por lo tanto, se hace necesario el llamado a licitación pública de la presente contratación.";2025-03-31T11:32:26.2;2025-04-09T19:57:00;2025-04-11T19:58:00;;"CLP";0;0
1057547-120-LR25;"CONVENIO SUMINISTRO DE INSUMOS  PROTESIS DE CADERA";"SERVICIO DE SALUD VALDIVIA HOSPITAL BASE";"61.607.502-0";"Bienes y Servicios";"Bienes y Servicios";"Valdivia";"Región de Los Ríos";"LR";"Cerrada";"CONVENIO SUMINISTRO DE INSUMOS PARA REALIZAR IQ DE PROTESIS DE CADERAS CON COMODATO DE INSTRUMENTAL QUIRURGICO";2025-03-10T15:33:49.64;2025-04-09T19:00:00;2025-06-09T19:59:00;352000000;"CLP";0;0
2263-15-LP25;"Material Granular Malleco Nahuelbuta 9 2025- CCI  Puren";"MINISTERIO DE OBRAS PUBLICAS DIREC CION GRAL DE OO PP DCYF";"61.202.000-0";"Dirección de Vialidad - IX Región - Provincia de Malleco";"Lautaro 17";"Angol";"Región de la Araucanía";"LP";"Cerrada";"Material Granular Malleco Nahuelbuta 9 2025- CCI  Puren";2025-03-25T17:22:00.543;2025-04-09T18:42:00;2025-04-10T18:43:00;;"CLP";0;0
1057547-167-LE25;"COMPRA SERVICIOS MANTENIMIENTO POZO AGUA POTABLE";"SERVICIO DE SALUD VALDIVIA HOSPITAL BASE";"61.607.502-0";"Bienes y Servicios";"Bienes y Servicios";"Valdivia";"Región de Los Ríos";"LE";"Cerrada";"COMPRA DE SERVICIOS DE MANTENIMIENTO CORRECTIVO A POZO AGUA POTABLE DEL HOSPITAL BASE VALDIVIA";2025-04-04T14:47:00;2025-04-09T19:00:00;2025-07-03T19:59:00;26500000;"CLP";0;0
1057419-18-LE25;"Convenio de insumos de esterilización";"SERVICIO DE SALUD BIO BIO HOSPITAL SANTA BARBARA";"61.607.304-4";"Bienes y Servicios";"Salamanca S/N";"Santa Bárbara";"Región del Biobío";"LE";"Cerrada";"Mediante la presente, se pretende proveer el abastecimiento de insumos de esterilización, para el Hospital de la Familia y la comunidad de Santa Bárbara, según Solicitud de Adquisición N° 46.113, emitida por la Unidad de Esterilización.";2025-04-02T09:30:00;2025-04-09T19:27:00;2025-04-18T11:08:00;;"CLP";0;0
731-18-LE25;"CAPACITACIÓN “PRIMEROS AUXILIOS PSICOLOGICOS”";"SERVICIO NACIONAL DE MENORES";"61.008.000-6";"Ministerio de Justicia - Sename";"facturas.abastecimientodn@sename.cl";"Santiago Centro";"Región Metropolitana de Santiago";"LE";"Cerrada";"Las presentes bases contienen las disposiciones técnicas y reglamentarias, y fijan las condiciones que todo oferente debe respetar para la contratación, ejecución y recepción de la capacitación denominada PRIMEROS AUXILIOS PSICOLOGICOS";2025-03-31T17:51:09.963;2025-04-09T18:30:00;2025-04-14T18:30:00;;"CLP";0;0
94-10-LE25;"Perspectiva de genero para Sitios de la memoria";"SERVICIO NACIONAL DEL PATRIMONIO CULTURAL";"60.905.000-4";"Dirección Servicio Nacional del Patrimonio Cultura";"Huerfanos 770";"Santiago";"Región Metropolitana de Santiago";"LE";"Cerrada";"Servicio de elaboración de estudio diagnóstico que permita transversalizar la perspectiva de género con pertinencia territorial y enfoque intercultural en el Programa Sitios de Memoria”";2025-03-31T12:24:48.73;2025-04-09T18:00:00;2025-04-16T18:00:00;;"CLP";0;0
1106-1-LP25;"Servicio Mantenimiento Operacional de Maquinaria";"MINISTERIO DE OBRAS PUBLICAS DIREC CION GRAL DE OO PP DCYF";"61.202.000-0";"Dirección de Vialidad - RM - Dirección Regional";"Bombero Salas 1351 piso 1";"Santiago Centro";"Región Metropolitana de Santiago";"LP";"Cerrada";"La Dirección de Vialidad Región Metropolitana, solicita ofertas para la contratación del     “Servicio de Mantenimiento operacional de Maquinaria de la  Dirección de Vialidad Región Metropolitana”, conforme a los requerimientos administrativos y técnicos descritos en las presentes Bases de Licitación.";2025-03-27T17:12:00.923;2025-04-09T19:56:00;2025-04-21T19:57:00;;"CLP";0;0
4882-18-LE25;"del SERVICIO DE PRODUCCION INTEGRAL PARA LA IMPLEM";"SUBSECRETARÍA DE LAS CULTURAS Y LAS ARTES";"61.978.790-0";"Consejo Regional de la Cultura y las ArtesCoquimbo";"Regidor Muñoz N° 362, Comuna de La Serena";"La Serena";"Región de Coquimbo";"LE";"Cerrada";"del SERVICIO DE PRODUCCION INTEGRAL PARA LA IMPLEMENTACION DEL PLAN DE TRABAJO DE LA RED YAKANA – RED DE ESPACIOS CULTURALES MUNICIPALES, ACTIVIDADES PARTE DEL PROGRAMA RED CULTURA, DEL MINISTERIO DE LAS CULTURAS, LAS ARTES Y EL PATRIMONIO DE LA REGIÓN DE COQUIMBO AÑO 2025";2025-03-26T18:47:48.97;2025-04-09T19:48:00;2025-04-14T19:49:00;24000000;"CLP";0;0
761391-66-LE25;"EE EDU 43 DAS SERVICIO DE REPARACIÓN DE BAÑOS.";"FUERZA AEREA DE CHILE COMANDO LOGISTICO";"61.103.032-0";"Base Aérea El Bosque";"Gran Av. José Miguel Carrera Nº 10.525 Par. 32 1/2, El Bosque, Región Metropolitana de Santiago";"El Bosque";"Región Metropolitana de Santiago";"LE";"Cerrada";"SERVICIO DE REPARACIÓN DE BAÑO SECTOR MABILLE DE LA ESCUELA DE ESPECIALIDADES DE ACUERDO A BASES TÉCNICAS ADJUNTAS.";2025-03-28T18:44:30.263;2025-04-09T19:00:00;2025-05-28T23:30:00;;"CLP";0;0
4464-16-LP25;"PROYECTO NUEVO RECINTO DE ONCOLOGÍA AMBULATORIA";"SERVICIO DE SALUD DEL MAULE HOSPITAL DE CURICO";"61.606.903-9";"Servicios Generales";"ARCHIPIELAGO JUAN FERNANDEZ 1890";"Curicó";"Región del Maule";"LP";"Cerrada";"El Hospital San Juan de Dios de Curicó necesita licitar un PROYECTO NUEVO RECINTO DE ONCOLOGÍA AMBULATORIA, para el buen funcionamiento de este recinto de Salud.";2025-03-20T16:02:25.807;2025-04-09T17:19:00;2025-05-12T17:21:00;300000000;"CLP";0;0
776-15-LE25;"SERVICIO DE DISTRIBUCIÓN Y TRANSMISIÓN DE CADENAS";"PRESIDENCIA DE LA REPUBLICA";"60.000.000-4";"Presidencia de la República";"Agustinas 1220, Subsuelo";"Santiago";"Región Metropolitana de Santiago";"LE";"Cerrada";"La presente licitación pública tiene por objeto la contratación del SERVICIO DE DISTRIBUCIÓN Y TRANSMISIÓN DE LAS CADENAS NACIONALES PARA LA PRESIDENCIA DE LA REPÚBLICA, los cuales permitirán desarrollar espacios de comunicación entre el gobierno y la ciudadanía de modo que se difunda y retroalimente la acción gubernamental con las demandas y opiniones de las personas, para lo cual, debe utilizar diversas vías de comunicación.";2025-03-28T18:35:00;2025-04-09T17:28:00;2025-04-25T09:59:00;;"CLP";0;0
4050-18-LE25;"ADQ. PELLET CALEFACCION EDIFICIO CONSISTORIAL 2025";"I MUNICIPALIDAD DE LONQUIMAY";"69.181.100-k";"Ilustre Municipalidad de Lonquimay";"ohiggins 1320";"Lonquimay";"Región de la Araucanía";"LE";"Cerrada";"El objetivo de la presente licitación busca adquirir pellets para caldera UNICLIMA modelo TITAN 500, para el  Edificio Consistorial, Comuna de Lonquimay";2025-04-02T18:08:43.713;2025-04-09T17:30:00;2025-05-09T19:56:00;21000000;"CLP";0;0
1426397-18-LE25;"KJC ADQ PROTOCOLOS WISC-V WAIS-IV EVALUA";"Servicio Local de Educación Pública Iquique";"61.980.910-6";"P02 SUBVENCION GENERAL SLEP IQUIQUE";"ESMERALDA # 340 OFICINA 410 IQUIQUE";"Iquique";"Región de Tarapacá";"LE";"Cerrada";"SE REQUIERE ADQUIRIR PROTOCOLOS DE EVALUACIÓN PSICOLÓGICAS Y PSICOPEDAGÓGICAS PARA APLICAR EN LAS Y LOS ESTUDIANTES DE LOS ESTABLECIMIENTOS EDUCACIONALES ADMINISTRADOS POR EL SERVICIO LOCAL DE EDUCACIÓN PÚBLICA DE IQUIQUE";2025-04-04T10:52:38.6;2025-04-09T17:01:00;2025-05-09T12:00:00;29639920;"CLP";0;0
1057384-35-LE25;"Suministro de Frutas y Verduras frescas";"SERVICIO DE SALUD ANTOFAGASTA HOSPITAL M";"61.606.203-4";"Bienes y Servicios";"Calle Santa Rosa S/N°";"Tocopilla";"Región de Antofagasta";"LE";"Cerrada";"El Hospital Marcos Macuada de Tocopilla requiere adquirir la contratación del Servicio de “Compra de Frutas y Verduras frescas para pacientes” del Hospital Tocopilla, de acuerdo con las especificaciones señaladas en las presentes bases administrativas y técnicas.";2025-04-03T16:56:00;2025-04-09T17:24:00;2025-04-15T17:25:00;;"CLP";0;0
2387-36-CO25;"“Servicio de productora y de mapeo audiovisual promoción Pucón”.";"I MUNICIPALIDAD DE PUCON";"69.191.600-6";"Municipalidad de Pucon";"AV. BERNANDO OHIGGINS Nº 483";"Pucón";"Región de la Araucanía";"CO";"Cerrada";"Según Línea 1: “Servicio de Productora”";2025-04-04T16:52:21.483;2025-04-09T17:05:00;2025-04-30T17:00:00;12000000;"CLP";0;0
2817-42-LE25;"CONVENIO DE SUMINISTRO DE INSUMOS PARA ATENCIÓN VETERINARIA DE LA MUNICIPALIDAD SAN FERNANDO";"I MUNICIPALIDAD DE SAN FERNANDO";"69.090.100-5";"I MUNICIPALIDAD DE SAN FERNANDO";"Carampangue 865";"San Fernando";"Región del Libertador General Bernardo O´Higgins";"LE";"Cerrada";"ADQUISICIÓN DE INSUMOS PARA ATENCIÓN VETERINARIA DE LA COMUNA DE SAN FERNANDO";2025-03-31T16:39:30.623;2025-04-09T17:30:00;2025-05-08T17:30:00;;"CLP";0;0
1057417-105-LE25;"Suministro de Suministro de Insumos para Picc con equipo en Comodato";"COMPLEJO ASISTENCIAL DR.VICTOR RIOS RUIZ";"61.607.301-K";"Bienes y Servicios";"AVDA.RICARDO VICUÑA 147 Los Angeles";"Los Angeles";"Región del Biobío";"LE";"Cerrada";"Suministro de Suministro de Insumos para Picc con equipo en Comodato";2025-04-02T15:11:57.813;2025-04-09T17:00:00;2025-05-29T17:00:00;;"CLP";0;0
1075963-66-LP25;"CS DE INSUMOS COMPATIBLES CON EQUIPO CONTADOR HEMATOLÓGICO MINDRAY";"SERVICIO DE SALUD ARICA HOSP DR JUAN NOE CREVANI";"61.606.001-5";"Hospital Juan Noé";"18 DE SEPTIEMBRE #1000, ARICA.";"Santiago";"Región de Arica y Parinacota";"LP";"Cerrada";"convenio de suministros por 24 meses para laboratorio clínico";2025-03-20T09:06:11.953;2025-04-09T17:15:00;2025-08-11T17:16:00;;"CLP";0;0
891-2-LE25;"“CONSERVACIÓN ESTACIONES METEOROLÓGICAS PROVINCIA";"MINISTERIO DE OBRAS PUBLICAS DIREC CION GRAL DE OO PP DCYF";"61.202.000-0";"Dirección General de Aguas - VIII Región de Biobio";"Prat 501, Piso 6";"Concepción";"Región del Biobío";"LE";"Cerrada";"La Dirección General de Aguas, en adelante también “D.G.A.”, llama a presentar ofertas mediante licitación pública para la prestación de servicios “CONSERVACIÓN ESTACIONES METEOROLÓGICAS PROVINCIA CONCEPCIÓN ARAUCO Y BIOBIO, REGIÓN DEL BIOBÍO”,";2025-03-26T15:22:02.48;2025-04-09T17:32:00;2025-04-21T17:33:00;23000000;"CLP";0;0
1696-9-LE25;"Reposición sistema de alarma y detectores de incen";"CORP ADMINISTRATIVA DEL PODER JUDICIAL";"60.301.001-9";"Corp. Adm. del Poder Judicial - Arica";"JUAN NOÉ N° 711, 5° PISO, OF. 39, ARICA";"Arica";"Región de Arica y Parinacota";"LE";"Cerrada";"Reposición sistema de alarma y detectores de incendio para los edificios de calles Blanco Encalada N° 945 y General Lagos N° 766";2025-03-28T12:58:11.097;2025-04-09T17:00:00;2025-05-29T17:00:00;;"CLP";0;0
218-11-LE25;"Adquisicion de Vestuario para funcionarios DGRD";"I MUNICIPALIDAD SAN JOAQUIN";"69.254.600-8";"Ilustre Municipalidad de San Joaquin";"Avenida Santa Rosa Nº 2606";"San Joaquín";"Región Metropolitana de Santiago";"LE";"Cerrada";"La Municipalidad de San Joaquín, requiere adquirir mediante licitación pública, Vestuario para los Funcionarios de la Direción de Gestión del Riesgo de Desastre.";2025-04-01T16:12:16.63;2025-04-09T17:00:00;2025-04-28T17:00:00;;"CLP";0;0
648752-8-LP25;"INSUMOS MÉDICOS PARA SOLDADOS 1ER SEMESTRE";"COMANDO DE APOYO A LA FUERZA";"61.980.130-k";"Jefatura de Sanidad Militar - JESAM";"Av. GUANACO N° 2650";"Conchalí";"Región Metropolitana de Santiago";"LP";"Cerrada";"Llama a Licitación Pública, aprueba bases administrativas, técnicas y sus anexos, para la adquisición de “Insumos Médicos”, para soldados conscriptos año 2025 1er Semestre y designa Comisión Evaluadora y Sujetos Pasivos.";2025-03-20T14:28:12.59;2025-04-09T17:00:00;2025-05-08T17:00:00;;"CLP";0;0
1641-93-LR25;"PSG - VALVULA BIOLOGICA MITRAL CON EQUIPO ASOCIADO";"SERVICIO DE SALUD OCCIDENTE HOSPITAL SAN JUAN DE DIOS";"61.608.204-3";"SERVICIO DE SALUD OCCIDENTE HOSPITAL SAN JUAN DE D";"Avda Compañía de Jesús 3265";"Santiago";"Región Metropolitana de Santiago";"LR";"Cerrada";"El objeto de la presente adquisición de VALVULA BIOLOGICA MITRAL JUEGOS EN CONSIGN. CON EQUIPO, 24 meses.";2025-03-10T16:46:36.897;2025-04-09T17:00:00;2025-07-08T17:00:00;560000000;"CLP";0;0
1210489-3-LP25;"SERVICIO DE VIGILANCIA MEDIANTE GG.SS Y SUPERVISOR";"SERVICIO DE SALUD DEL MAULE HOSPITAL DE PARRAL";"61.606.918-7";"DEPARTAMENTO DE OPERACIONES";"ANIBAL PINTO 1255, PARRAL, ACCESO ORIENTE PORTON";"Parral";"Región del Maule";"LP";"Cerrada";"El Hospital de Parral requiere efectuar licitación pública para la contratación de SERVICIO DE VIGILANCIA MEDIANTE GUARDIAS Y SUPERVISOR DE SEGURIDAD para cubrir las dependencias del Hospital de Parral Ubicados en Anibal Pinto N°1255, Comuna de Parral, esto de acuerdo a las exigencias descritas en las presentes especificaciones técnicas y en general, de conformidad a las normas vigentes sobre la materia. Los servicios de seguridad requeridos para el establecimiento, asi como también las funciones que se deben cumplir en los puestos de control se ceñirán estrictamente a las normas vigentes sobre la materia, acorde a las exigencias propias de las envergaduras clínicas del Hospital de Parral.";2025-03-20T16:30:36.3;2025-04-09T17:00:00;2025-04-21T17:00:00;212000000;"CLP";0;0
3086-13-L125;"MANTENIMIENTO PREVENTIVO AU-527/AU-524/AU-522";"DIRECCION DE ABASTECIMIENTO DE LA ARMADA";"61.102.005-8";"CENTRO DE ABASTECIMIENTO (V) (ADQ)";"AV. MANUEL BULNES 05376";"Punta Arenas";"Región de Magallanes y de la Antártica";"L1";"Cerrada";"MANTENCION 20.000 Y 30.000 KM, FIAT CRONOS, REPUESTOS ORIGINALES, CONCESIONARIO AUTORIZADO POR LA MARCA.";2025-04-02T10:55:15.01;2025-04-09T17:00:00;2025-05-26T17:00:00;981521;"CLP";0;0
1658-135-L125;"S4-25/ TURISMO Y PATRIMONIO/ MUSEO FERROVIARIO/ SERVICIO DE REPARACIÓN BAÑOS GALERIA MUSEO FERROVIARIO, SEGÚN ESPECIFICACIONES TÉCNICAS ADJUNTAS";"I MUNICIPALIDAD DE TEMUCO";"69.190.700-7";"I MUNICIPALIDAD DE TEMUCO";"CALLE IMPERIAL 40";"Temuco";"Región de la Araucanía";"L1";"Cerrada";"SERVICIO DE REPARACIÓN BAÑOS GALERIA MUSEO FERROVIARIO, SEGÚN ESPECIFICACIONES TÉCNICAS ADJUNTAS";2025-04-01T11:44:57.51;2025-04-09T17:00:00;2025-04-24T17:00:00;1250000;"CLP";0;0
1058097-1-LE25;"Adquisición por Sistema de Suministro de Preparados Magistrales Bevacizumab y Mitomicina C para el Hospital Padre Alberto Hurtado";"HOSPITAL PADRE ALBERTO HURTADO";"61.958.500-3";"Fármarcos";"ESPERANZA 2150";"San Ramón";"Región Metropolitana de Santiago";"LE";"Cerrada";"El objetivo de la presente licitación es proveer de Preparados Magistrales Bevacizumab y Mitomicina C, que cumplan con las exigencias precisadas en las Bases Administrativas y Técnicas de la Propuesta.";2025-04-02T17:03:59.077;2025-04-09T17:00:00;2025-05-09T16:30:00;67000000;"CLP";0;0
1019-29-L125;"MODIFICACIÓN RED DE ARGÓN EN LABORATORIO AMBIENTAL D.G.A.";"MINISTERIO DE OBRAS PUBLICAS DIREC CION GRAL DE OO PP DCYF";"61.202.000-0";"MINISTERIO DE OBRAS PUBLICAS DIREC CION GRAL DE OO";"Morandé59piso8Santiago";"Santiago";"Región Metropolitana de Santiago";"L1";"Cerrada";"El objetivo general de la licitación es contratar obras para mejorar la red de argón del Laboratorio Ambiental D.G.A.";2025-03-31T16:52:45.563;2025-04-09T17:00:00;2025-04-17T19:00:00;5500000;"CLP";0;0
634-20-LP25;"Tenidas Régimen Interno Cuello Mao";"DIRECCION GENERAL DE GENDARMERIA DE CHIL";"61.004.000-4";"Dirección Nacional";"COMPAÑÍA Nº1048- piso 10";"Santiago";"Región Metropolitana de Santiago";"LP";"Cerrada";"DISPONE LLAMADO A LICITACIÓN PÚBLICA Y APRUEBA BASES ADMINISTRATIVAS, TÉCNICAS Y FORMULARIOS DESTINADOS A LA ADQUISICIÓN POR LÍNEAS DE TENIDAS REGIMEN INTERNO CUELLO MAO  E102RT9";2025-03-05T16:15:34.38;2025-04-09T16:30:00;2025-05-19T20:00:00;303272393;"CLP";0;0
2263-17-LP25;"Material Granular Malleco Nahuelbuta 11 2025- CCI  Ercilla";"MINISTERIO DE OBRAS PUBLICAS DIREC CION GRAL DE OO PP DCYF";"61.202.000-0";"Dirección de Vialidad - IX Región - Provincia de Malleco";"Lautaro 17";"Angol";"Región de la Araucanía";"LP";"Cerrada";"Material Granular Malleco Nahuelbuta 11 2025- CCI  Ercilla";2025-03-25T17:39:24.333;2025-04-09T16:18:00;2025-04-10T16:19:00;;"CLP";0;0
3891-21-CO25;"SEVICIO TRANS. ESC. SC QUIÑENAHUIN ABRIL- DIC 2025";"ILUSTRE MUNICIPALIDAD DE CURARREHUE";"69.252.400-4";"Educación";"AVDA. ESTADIO N°550";"Curarrehue";"Región de la Araucanía";"CO";"Cerrada";"Contrato de Suministro: “Transporte Escolar para sala cuna y Jardín Infantil Quiñenahuin”";2025-04-04T15:57:46.717;2025-04-09T16:17:00;2025-04-14T16:18:00;;"CLP";0;0
3928-28-LE25;"CONTRATO DE SUMINISTRO PRODUCTOS DE VIDRIERÍA PARA EL DEPARTAMENTO DE EDUCACIÓN MUNICIPAL ESTABLECIMIENTOS EDUCACIONALES JARDINES INFANTILES AÑO 2025";"ILUSTRE MUNICIPALIDAD DE PICHILEMU";"69.091.201-5";"Educación Municipal";"Angel Gaete 365";"Pichilemu";"Región del Libertador General Bernardo O´Higgins";"LE";"Cerrada";"CONTRATO DE SUMINISTRO PRODUCTOS DE VIDRIERÍA PARA EL DEPARTAMENTO DE EDUCACIÓN MUNICIPAL ESTABLECIMIENTOS EDUCACIONALES JARDINES INFANTILES AÑO 2025";2025-03-26T16:39:26.753;2025-04-09T16:10:00;2025-04-16T15:20:00;;"CLP";0;0
2803-16-L125;"SUMINISTRO E INSTALACIÓN DE VÁLVULAS DE COMPUERTA";"MUNICIPALIDAD DE LOS ANDES";"69.051.100-2";"Departamento de Salud Municipal";"CALLE YERBAS BUENAS N° 345 PRIMER PISO";"Los Andes";"Región de Valparaíso";"L1";"Cerrada";"ADQUISICIÓN DE SUMINISTRO E INSTALACIÓN DE VÁLVULAS DE COMPUERTA EN CIRCUITO PARA EL MEJORAMIENTO DEL SISTEMA DE RED DE AGUA DEL CESFAM CENTENARIO DE LOS ANDES.";2025-04-02T14:27:40.63;2025-04-09T16:14:00;2025-06-09T16:15:00;;"CLP";0;0
2311-72-LE25;"CONVENIO RESOLUTIVIDAD EN APS OFTALMOLOGIA";"ILUSTRE MUNICIPALIDAD DE MOLINA";"69.110.100-2";"Dirección Comunal de Salud";"Independencia 1926";"Molina";"Región del Maule";"LE";"Cerrada";"Decreto alcaldicio N 1641 Aprueba bases administrativas, especificaciones Técnicas y anexos administrativos y llama a licitación para el Convenio de Resolutividad componente Oftalmología, fondo de ojo y Óptica Popular";2025-04-01T10:41:00;2025-04-09T16:00:00;2025-04-16T19:58:00;;"CLP";0;0
1057513-5-LE25;"ACTIVIDADES DE MORBILIDAD ODONTOLOGICA";"SERVICIO DE SALUD NUBLE HOSPITAL DE QUIRIHUE";"61.607.005-3";"Bienes y Servicios";"AVDA PRAT  N 145";"Quirihue";"Región del Ñuble";"LE";"Cerrada";"EL HOSPITAL COMUNITARIO DE SALUD FAMILIAR DE QUIRIHUE, LLAMA A LICITACIÓN LAS ACTIVIDADES DE MORBILIDAD ODONTOLOGICA EN POBLACION MAYOR DE 20 AÑOS EN EXTENSION HORARIA, SEGÚN PROGRAMACION Y BASES ADMINSITRATIVAS, TECNICAS Y ANEXOS ADJUNTOS.";2025-04-04T10:39:04.48;2025-04-09T16:30:00;2025-04-14T18:40:00;18537984;"CLP";0;0
4081-3-LP25;"Servicio de Arriendo de Impresoras DAEM Cabrero";"I MUNICIPALIDAD DE CABRERO";"69.151.001-8";"Departamento De Educacion";"Las Delicias nº355";"Cabrero";"Región del Biobío";"LP";"Cerrada";"La I. Municipalidad de Cabrero Departamento de Educación, requiere suscribir el contrato denominado “SERVICIO DE ARRIENDO DE IMPRESORAS DAEM CABRERO” destinado al Departamento de Educación y Unidades Educativas, de acuerdo a las presentes Bases Administrativas, Técnicas  y Anexos, lo dispuesto en la Ley N° 19.886 de Bases sobre Contratos Administrativos de Suministro y Prestaciones de Servicios.";2025-03-20T15:47:13.543;2025-04-09T16:01:00;2025-04-24T15:02:00;;"CLP";0;0
2258-19-LR25;"SOLUCION PARA HEMOFILTRACION";"SERVICIO DE SALUD ANTOFAGASTA HOSPITAL L";"61.606.201-8";"Abastecimiento Principal";"AVDA PEDRO AGUIRRE CERDA 5900";"Iquique";"Región de Antofagasta";"LR";"Cerrada";"PROGRAMACION PARA DIFERENTES  SERVICIOS CLINICOS CRITICOS";2025-03-06T10:51:40.377;2025-04-09T16:23:00;2025-07-09T16:24:00;;"CLP";0;0
2743-18-LE25;"mejoramiento sistema electrico  de respaldo en sistema de agua potable rural los confines";"I MUNICIPALIDAD DE ANGOL";"69.180.100-4";"SECPLA";"Pedro Aguirre Cerda Nº 509";"Angol";"Región de la Araucanía";"LE";"Cerrada";"respaldo sistema electrico agua potable rural los confines";2025-03-24T08:54:00;2025-04-09T16:20:00;2025-04-15T16:21:00;;"CLP";0;0
1641-88-LP25;"DGC - SUMINISTRO DAC PARA CÁNCER DE MAMA";"SERVICIO DE SALUD OCCIDENTE HOSPITAL SAN JUAN DE DIOS";"61.608.204-3";"SERVICIO DE SALUD OCCIDENTE HOSPITAL SAN JUAN DE D";"Avda Compañía de Jesús 3265";"Santiago";"Región Metropolitana de Santiago";"LP";"Cerrada";"El objeto de la presente licitación es la adquisición de SUMINISTRO DAC PARA CÁNCER DE MAMA según el siguiente detalle: ITEM CODIGO DESCRIPCIÓN UNIDAD DE MEDIDA CANTIDAD REQUERIDA 1 01-001-219-0199 RIBOCICLIB 200 MG CP CÁPSULA 5292 2 01-001-219-0232 ABEMACICLIB 150 MG CP CÁPSULA 1440 3 01-001-219-0233 ABEMACICLIB 100 MG CP CÁPSULA 360 Al momento de adjudicar, el hospital podrá aumentar o disminuir hasta en un 30% de las cantidades estimadas en las presentes bases de licitación, conforme a los presupuestos disponibles, y sin alterar el principio de estricta sujeción a las bases de igualdad de los oferentes. (*) Se deja constancia que las cantidades de productos o servicios son de flujo variables, no comprometiendo el Hospital a adquirir cantidades determinadas de manera periódica, por lo que en ningún caso se fijará stock mínimo de compra, ni tampoco totales, por lo que el o los adjudicatarios estarán imposibilitados de señalar cantidades mínimas para su despacho. Asimismo, se hace presente que este proceso de licitación se hará por ítem adjudicado (línea), por lo cual cada proveedor podrá ofertar por un ítem de los señalados en este punto, por más de uno o por la totalidad de los mismos, correspondiendo cada ítem a una línea de producto o servicio. La oferta a través de la Plataforma Mercado Público deberá efectuarse por el valor neto (Sin IVA).";2025-03-20T16:42:06.753;2025-04-09T16:00:00;2025-08-07T16:00:00;;"CLP";0;0
5158-8-LE25;"Modificación Oficinas Espacio de Coordinación y V";"UNIVERSIDAD DE LA SERENA";"70.783.100-6";"DIRECCION DE SERVICIOS";"";"";"Región de Coquimbo";"LE";"Cerrada";"Modificación Oficinas, Espacio de Coordinación y Vinculación en I+D+i+e Espacio de la Oficina Depto. Agronomía, Campus Andrés Bello de La Universidad de La Serena";2025-03-30T13:36:52.847;2025-04-09T16:00:00;2025-05-26T18:00:00;;"CLP";0;0
229-55-L125;"CONTRATACION DE SERVICIO DE TASACION PARA LA MUNICIAPLIDAD DE COIHUECO";"I MUNICIPALIDAD DE COIHUECO";"69.141.100-1";"Departamento de Administración y Finanzas";"A. PRAT 1675";"Coihueco";"Región del Ñuble";"L1";"Cerrada";"Se requiere contratacion de servicios de tasacion 1° informe y 2° informe para la Municipalidad de Coihueco";2025-04-03T16:00:49.407;2025-04-09T16:00:00;2025-04-15T16:00:00;4000000;"CLP";0;0
3928-29-LE25;"CONTRATO DE SUMINISTRO ALIMENTOS PARA DEPARTAMENTO DE EDUCACION MUNICIPAL ESTABLECIMIENTOS EDUCACIONALES JARDINES INFANTILES AÑO 2025";"ILUSTRE MUNICIPALIDAD DE PICHILEMU";"69.091.201-5";"Educación Municipal";"Angel Gaete 365";"Pichilemu";"Región del Libertador General Bernardo O´Higgins";"LE";"Cerrada";"CONTRATO DE SUMINISTRO ALIMENTOS PARA DEPARTAMENTO DE EDUCACION MUNICIPAL ESTABLECIMIENTOS EDUCACIONALES JARDINES INFANTILES AÑO 2025";2025-03-26T16:53:46.32;2025-04-09T16:00:00;2025-04-16T15:00:00;;"CLP";0;0
948356-35-LE25;"Adquisición Medicamento Análogo de Somatostatina";"FONDO HOSPITAL DE LA DIRECCION DE PREVISION DE CARABINEROS DE CHILE";"61.513.003-6";"Unidad de Compra Fármacos Nutrición y Reactivos";"Avenida Vital Apoquindo Nº1200";"Las Condes";"Región Metropolitana de Santiago";"LE";"Cerrada";"Adquisición Medicamento Análogo de Somatostatina, por Sistema de Suministro para el Hospital Dipreca";2025-04-03T14:02:21.31;2025-04-09T16:00:00;2025-05-19T18:00:00;68000000;"CLP";0;0
2292-8-LE25;"Servicio de Coffe Break y Salón para funcionarios participantes de Capacitaciones Comunales Plan Anual de Capacitación año 2025";"I MUNICIPALIDAD DE TALCA";"69.110.400-1";"DIR. COMUNAL DE SALUD";"15 ORIENTE Nº 600, 5 y 6 SUR, BODEGA DCS";"Cauquenes";"Región del Maule";"LE";"Cerrada";"La presente licitación pública tiene por objeto adquirir SERVICIOS DE COFFEE BREAK Y SALON PARA CAPACITACIONES DE FUNCIONARIOS DE LA ATENCIÓN PRIMARIA DE SALUD.";2025-03-25T09:41:53.45;2025-04-09T16:00:00;2025-05-30T18:00:00;;"CLP";0;0
933-11-LE25;"Servicio de apoyo a Competencias de deportistas";"INSTITUTO NACIONAL DE DEPORTES DE CHILE";"61.107.000-4";"I.N.D. REGION VIII";"O´higgins 10";"Concepción";"Región del Biobío";"LE";"Cerrada";"Servicio de apoyo a Competencias de deportistas programa Entrenamiento Promesas Chile";2025-03-26T16:03:38.733;2025-04-09T16:00:00;2025-04-17T17:30:00;;"CLP";0;0
2175-15-LE25;"REPOSICIÓN CUBIERTA ICA COPIAPÓ";"CORP ADMINISTRATIVA DEL PODER JUDICIAL";"60.301.001-9";"Corp. Adm. del Poder Judicial - Copiapó";"Vallejos 780";"Copiapó";"Región de Atacama";"LE";"Cerrada";"CONSERVACIÓN DE EDIFICIOS: REPOSICIÓN DE CUBIERTA PARA LA ILUSTRÍSIMA CORTE DE APELACIONES DE COPIAPÓ";2025-03-20T16:18:49.683;2025-04-09T16:00:00;2025-05-12T17:00:00;;"CLP";0;0
1058085-57-LQ25;"CONVENIO SUMINISTRO DE METOTREXATO 20 MG0.4ML SOLUCIÓN INYECTABLE EN CASO DE NO DESPACHO DE CENABAST PARA EL HOSPITAL DEL SALVADOR.";"SERVICIO DE SALUD ORIENTE HOSPITAL DEL SALVADOR";"61.608.406-2";"Fármacos";"AV SALVADOR 364";"Providencia";"Región Metropolitana de Santiago";"LQ";"Cerrada";"Que, el Hospital del Salvador necesita contar con CONVENIO SUMINISTRO DE METOTREXATO 20 MG/0.4ML SOLUCIÓN INYECTABLE EN CASO DE NO DESPACHO DE CENABAST PARA EL HOSPITAL DEL SALVADOR con la finalidad de satisfacer de manera adecuada y eficiente la labor asistencial durante un periodo de 24 meses.  Que, el hospital debe implementar “Medidas Complementarias”, para asegurar el abastecimiento de los medicamentos intermediados por CENABAST, ante los reiterados quiebres de stock e incumplimientos derivados de sus proveedores Que, por la cuantía determinada, la presente licitación se ubica en el tramo para contrataciones de aquellas iguales o superiores a 1.000 UTM e inferiores a 5.000 UTM, de conformidad al Artículo 36 del Reglamento de la Ley Nº19.886, en atención a que las terapias no pueden interrumpirse por los efectos adversos que generan. Que hechas las consultas respectivas, la provisión de estos bienes o servicios no se encuentra disponible por Convenios Marcos ofrecidos en el Sistema de Información de la Dirección de Compras, www.mercadopublico.cl Que, esta compra está vinculada al proyecto 1058085-7-PC25, correspondiente al Plan Anual de Compras del año 2025.";2025-03-20T15:55:00.077;2025-04-09T16:00:00;2025-07-01T15:03:00;328000000;"CLP";0;0
359-33-I225;"SERVICIOS DE ENFERMERA TENS Y DE AUXILIARES";"Instituto Nacional del Cancer";"61.608.404-6";"Inst Nacional del Cancer Adquisiciones";"Av. Profesor Zañartu 1010, Independencia";"Independencia";"Región Metropolitana de Santiago";"I2";"Cerrada";"CONTRATACIÓN DE CONVENIO SERVICIOS DE ENFERMERAO, TENS Y DE AUXILIARES DE SERVICIO PARA LA ATENCIÓN DE PACIENTES EN LA UNIDAD DE PABELLÓN QUIRÚRGICO ONCOLÓGICO DEL INSTITUTO NACIONAL DEL CÁNCER.";2025-03-10T15:58:53.057;2025-04-09T16:00:00;2025-04-18T16:00:00;;"CLP";0;0
2335-24-LE25;"INSUMOS DE ASEO OP 150-152-153";"I MUNICIPALIDAD DE LINARES";"69.130.301-2";"ADQUISICIONES SALUD";"VALENTIN LETELIER 587";"Linares";"Región del Maule";"LE";"Cerrada";"LAS NECESIDADES DEL DEPTO DE SALUD EN LA COMPRA DE INSUMOS DE ASEO PARA BODEGA ECONOMATO Y SU POSTERIOR DISTRIBUCION A SUS DIFERENTES ESTABLECIMIENTOS DE SALUD, SEGUN LO SOLICITADO EN ORDENES DE PEDIDO Nª150/152/153.";2025-04-02T16:37:39.017;2025-04-09T16:00:00;2025-05-15T16:21:00;11800000;"CLP";0;0
4290-35-LQ25;"Serv. poda y recolección excedentes Limache.";"I MUNICIPALIDAD DE LIMACHE";"69.061.100-7";"Secpla - MUNICIPALIDAD LIMACHE";"Palmira Romano Sur Nº 340";"Limache";"Región de Valparaíso";"LQ";"Cerrada";"Servicio de poda de árboles y recolección de excedentes, año 2025, comuna de Limache.";2025-03-17T13:32:00;2025-04-09T16:00:00;2025-05-02T17:00:00;;"CLP";0;0
621-244-LQ25;"POTASIO GLUCONATO ELIXIR 31.2% FRA 200ML 1000020785";"CENTRAL DE ABASTECIMIENTO DEL SISTEMA NACIONAL DE SERVICIO DE SALUD";"61.608.700-2";"Compras del Giro 621";"Bodega Proveedor";"Santiago Centro";"Región Metropolitana de Santiago";"LQ";"Cerrada";"BASES ADMINISTRATIVAS Y TÉCNICAS TIPO, POR LAS QUE SE REGIRÁN LOS PROCESOS DE LICITACIÓN PARA LA ADQUISICIÓN DE PRODUCTOS FARMACÉUTICOS, COSMÉTICOS, VACUNAS, INSUMOS, DISPOSITIVOS, Y/O ALIMENTOS DE USO MÉDICO, DESTINADO AL EJERCICIO DE ACCIONES DE SALUD";2025-03-17T14:49:17.647;2025-04-09T16:00:00;2025-05-14T17:30:00;313696551;"CLP";0;0
1697-4-LP25;"SERVICIO DE TRANSPORTE PARA NOTIFICACIONES CALAMA";"CORP ADMINISTRATIVA DEL PODER JUDICIAL";"60.301.001-9";"Corp. Adm. del Poder Judicial - Antofagasta";"Uribe 636 piso 14, Edificio Centro de Negocios Uribe";"Antofagasta";"Región de Antofagasta";"LP";"Cerrada";"SERVICIO DE TRANSPORTE PARA NOTIFICACIONES DEL JUZGADO DE FAMILIA Y JUZGADO DE LETRAS DEL TRABAJO Y COBRANZA JUDICIAL DE CALAMA";2025-03-20T16:45:50.703;2025-04-09T16:00:00;2025-05-26T17:00:00;;"CLF";0;0
948356-31-LE25;"Adquisición de Test de Identificación  Carbapenemasa";"FONDO HOSPITAL DE LA DIRECCION DE PREVISION DE CARABINEROS DE CHILE";"61.513.003-6";"Unidad de Compra Fármacos Nutrición y Reactivos";"Avenida Vital Apoquindo Nº1200";"Las Condes";"Región Metropolitana de Santiago";"LE";"Cerrada";"Adquisición de Test de Identificación  Carbapenemasa, por Sistema de Suministro para el Hospital Dipreca";2025-03-27T13:38:00;2025-04-09T16:00:00;2025-05-19T18:00:00;20000000;"CLP";0;0
2292-4-LE25;"ADQUISICION POLIVITAMINICOS APS TALCA";"I MUNICIPALIDAD DE TALCA";"69.110.400-1";"DIR. COMUNAL DE SALUD";"15 ORIENTE Nº 600, 5 y 6 SUR, BODEGA DCS";"Cauquenes";"Región del Maule";"LE";"Cerrada";"Las presentes bases tienen por objeto reglamentar la adquisición de polivitamínicos, los cuales serán destinadas a cubrir las necesidades de los diferentes Centros de Salud dependientes de la Dirección Comunal, según condiciones establecidas en antecedentes que integran la presente licitación.";2025-03-27T16:13:56.37;2025-04-09T16:00:00;2025-05-14T18:00:00;29900000;"CLP";0;0
621-245-LQ25;"DALTEPARINA 10.000 SOL.INY. UI FAM JRP 1000020893";"CENTRAL DE ABASTECIMIENTO DEL SISTEMA NACIONAL DE SERVICIO DE SALUD";"61.608.700-2";"Compras del Giro 621";"Bodega Proveedor";"Santiago Centro";"Región Metropolitana de Santiago";"LQ";"Cerrada";"BASES ADMINISTRATIVAS Y TÉCNICAS TIPO, POR LAS QUE SE REGIRÁN LOS PROCESOS DE LICITACIÓN PARA LA ADQUISICIÓN DE PRODUCTOS FARMACÉUTICOS, COSMÉTICOS, VACUNAS, INSUMOS, DISPOSITIVOS, Y/O ALIMENTOS DE USO MÉDICO, DESTINADO AL EJERCICIO DE ACCIONES DE SALUD";2025-03-17T15:24:38.74;2025-04-09T16:00:00;2025-05-14T17:30:00;184713935;"CLP";0;0
1005498-9-LP25;"Servicio de Mantenimiento de Infraestructura";"COMISION PARA EL MERCADO FINANCIERO";"60.810.000-8";"COMISION PARA EL MERCADO FINANCIERO";"Av. Lib. Bernardo O'higgins 1449, piso 2, torre II";"Santiago Centro";"Región Metropolitana de Santiago";"LP";"Cerrada";"La CMF llama a presentar ofertas en la licitación pública para la contratación de servicio de Mantenimiento de Infraestructura para sus sedes de Alameda y Moneda, a fin de tomar las medidas necesarias para salvaguardar, el estado de conservación de sus inmuebles, según las especificaciones que se han definido en las presentes bases administrativas, bases técnicas y sus anexos.";2025-03-19T11:34:25.783;2025-04-09T16:00:00;2025-05-08T18:00:00;120000000;"CLP";0;0
1057536-18-LE25;"ADQUISICIONES DE MOBILIARIO PARA LA SECCION DE SAL";"SERVICIO SALUD DEL RELONCAVI";"61.607.700-7";"Servicio de Salud del Reloncaví";"ESMERALDA 269, PISO 5 POBL. ESMERALDA";"Puerto Montt";"Región de los Lagos";"LE";"Cerrada";"ADQUISICIONES DE MOBILIARIO PARA LA SECCION DE SALUD MENTAL”";2025-03-31T12:13:29.31;2025-04-09T16:00:00;2025-05-14T17:00:00;;"CLP";0;0
3130-5-LE25;"URETERORENOSCOPIO SEMIRIGIDO REQ. 27257";"DIRECCION DE ABASTECIMIENTO DE LA ARMADA";"61.102.029-5";"HOSPITAL DE LAS FF.AA. CIRUJANO GUZMAN";"AVDA. BULNES 0256";"Punta Arenas";"Región de Magallanes y de la Antártica";"LE";"Cerrada";"REEMPLAZO DE URETERORENOSCOPIO RÍGIDO, YA QUE PRESENTA VISIÓN BORROSA.";2025-03-28T12:16:15.19;2025-04-09T16:00:00;2025-05-26T17:00:00;11444000;"CLP";0;0
3706-32-L125;"C.S ADQUISICIÓN DE ARTICULOS DIVERSAS ACTIVIDADES";"I MUNICIPALIDAD DE SAN IGNACIO";"69.141.300-4";"Adquisiciones";"MANUEL JESUS ORTIZ 599";"San Ignacio";"Región del Ñuble";"L1";"Cerrada";"“CONTRATO DE SUMINISTRO PARA LA ADQUISICIÓN DE ARTICULOS PARA DIVERSAS ACTIVIDADES DE LA MUNICIPALIDAD” Se tiene por objeto la contratación para la adquisición de diversos artículos que se requerirán durante el año para el desarrollo de las diferentes actividades enmarcadas en los distintos Programas, cuya finalidad principal es lograr la participación de los habitantes de la comuna en todas aquellas acciones que desarrolla la I. Municipalidad.";2025-04-02T15:57:27.51;2025-04-09T16:00:00;2025-04-30T16:00:00;;"CLP";0;0
2961-20-LE25;"PAÑALES Y SABANILLAS PARA ADULTO MAYOR";"I MUNICIPALIDAD DE LA GRANJA";"69.072.400-6";"Adquisicion Municipal";"AV. AMERICO VESPUCIO 2";"La Granja";"Región Metropolitana de Santiago";"LE";"Cerrada";"SC 25 SP 139 PROGRAMA ADULTO MAYOR IDDOC 751061 CUENTA 2152401007";2025-04-01T15:59:17.123;2025-04-09T16:00:00;2025-04-29T16:00:00;13000000;"CLP";0;0
1175-34-LR25;"LIC. 289.24 COMPRA EXAMENES DE LAB. TEST REPORTAD";"SERVICIO DE SALUD ARAUCANIA SUR";"61.607.400-8";"Dirección Servicio Salud Araucanía Sur";"MANUEL BULNES N° 590";"Temuco";"Región de la Araucanía";"LR";"Cerrada";"Se requiere suscribir contrato de suministro COMPRA DE EXÁMENES DE LABORATORIO POR TEST REPORTADO PARA  LINEA    A: COAGULACIÓN, LINEA    B: INMUNOHEMATOLOGIA, LINEA    C: GASES SANGUÍNEOS, PARA EL SERVICIO DE SALUD ARAUCANÍA SUR Y SU RED DE ESTABLECIMIENTOS, indicados en el siguiente punto, por un plazo de 84 meses en los que se contemplan los meses para el periodo de implementación planificación, instalación y puesta en marcha en todos los establecimientos para la línea adjudicada, para posteriormente comenzar a procesar exámenes y validar estados de pagos.  Pudiendo ser renovado, hasta por 24 meses más, por razones fundadas de acuerdo a lo establecido en punto 3 de las bases Administrativas y sólo para los efectos de preparar una nueva licitación.";2025-03-10T15:29:31.11;2025-04-09T15:45:00;2025-10-06T18:50:00;;"CLP";0;0
2908-6-LE25;"Contrato suministro Insumos médicos para Cesfam Ma";"I MUNICIPALIDAD DE LANCO";"69.200.300-4";"Departamento de Salud";"libertad 251";"Lanco";"Región de Los Ríos";"LE";"Cerrada";"CONTRATO SUMINISTRO DE INSUMOS MEDICOS PARA CESFAM MALALHUE";2025-03-27T15:43:00;2025-04-09T15:34:00;2025-07-31T15:35:00;;"CLP";0;0
1057543-11-LP25;"Lentes ópticos para usuarios GES";"SERVICIO DE SALUD TALCAHUANO HOSPITAL DE";"61.607.201-3";"Bienes y Servicios";"Bienes y Servicios";"Tomé";"Región del Biobío";"LP";"Cerrada";"El objetivo de la licitación es la adquisición del servicio de entrega de lentes ópticos para usuarios GES del Hospital de Tomé, que presenten vicio de refracción en personas de 65 años y más y tratamiento quirúrgico de catarata en personas de 15 años y más.";2025-03-20T15:43:53.683;2025-04-09T15:30:00;2025-05-09T17:00:00;;"CLP";0;0
3928-26-LE25;"CONTRATO DE SUMINISTRO PRODUCTOS DE PANADERIA PARA EL DEPARTAMENTO DE EDUCACION MUNICIPAL ESTABLECIMIENTOS EDUCACIONALES JARDINES INFANTILES AÑO 2025";"ILUSTRE MUNICIPALIDAD DE PICHILEMU";"69.091.201-5";"Educación Municipal";"Angel Gaete 365";"Pichilemu";"Región del Libertador General Bernardo O´Higgins";"LE";"Cerrada";"CONTRATO DE SUMINISTRO PRODUCTOS DE PANADERIA PARA EL DEPARTAMENTO DE EDUCACION MUNICIPAL ESTABLECIMIENTOS EDUCACIONALES JARDINES INFANTILES AÑO 2025";2025-03-26T15:57:00.027;2025-04-09T15:30:00;2025-04-15T16:00:00;;"CLP";0;0
3928-25-LE25;"CONTRATO DE SUMINISTRO ARIDOS PARA EL DEPARTAMENTO DE EDUCACION MUNICIPAL ESTABLECIMIENTOS EDUCACIONALES JARDINES INFANTILES AÑO 2025";"ILUSTRE MUNICIPALIDAD DE PICHILEMU";"69.091.201-5";"Educación Municipal";"ANGEL GAETE 365";"Pichilemu";"Región del Libertador General Bernardo O´Higgins";"LE";"Cerrada";"CONTRATO DE SUMINISTRO ARIDOS PARA EL DEPARTAMENTO DE EDUCACION MUNICIPAL, ESTABLECIMIENTOS EDUCACIONALES, JARDINES INFANTILES AÑO 2025";2025-03-26T15:36:18.75;2025-04-09T15:30:00;2025-04-15T16:00:00;;"CLP";0;0
1057780-5-LP25;"ADQ. RX OSTEOPULMONAR DE TECHO H. CURACAUTIN";"SERVICIO DE SALUD ARAUCANIA NORTE";"61.955.100-1";"Activos Fijos";"";"";"Región de la Araucanía";"LP";"Cerrada";"La presente licitación tiene como objetivo la adquisición de los equipo descrito y detallado en las especificaciones técnicas (Formulario Nº 6 “Oferta Técnica”) y en las presentes bases. Sólo se aceptarán ofertas por equipo nuevo";2025-03-14T12:59:00;2025-04-09T15:30:00;2025-04-30T15:30:00;280000000;"CLP";0;0
548875-7-LE25;"ADQUISICIÓN MATERIALES PARA EL DESARROLLO TALLERES";"INSTITUTO DE PREVISION SOCIAL";"61.979.440-0";"IPS Adquisiciones";"Av Matta 176";"Panguipulli";"Región Metropolitana de Santiago";"LE";"Cerrada";"E102RT9  ADQUISICIÓN DE MATERIALES PARA EL DESARROLLO DE TALLERES EN EL MARCO DEL PROGRAMA DE PROMOCIÓN DE DERECHOS PREVISIONALES Y DE SEGURIDAD SOCIAL PARA MUJERES EN TERRITORIOS RURALES DE DIFICIL CONECTIVIDAD DEL INSTITUTO DE PREVISIÓN SOCIAL - AÑO 2025";2025-03-28T15:17:44.477;2025-04-09T15:30:00;2025-04-24T17:00:00;8711000;"CLP";0;0
918023-2-L125;"CONTRATO DE SUMINISTRO DE ALMUERZO PARA FUNCIONARIOS DE BIENESTAR";"I MUNICIPALIDAD DE HUALQUI";"69.150.601-0";"Servicio de Bienestar - Direccion de Salud";"Patricio Lynch 675 Hualqui";"Hualqui";"Región del Biobío";"L1";"Cerrada";"CONTRATO DE SUMINISTRO SERVICIO DE ALMUERZO CELEBRACIÓN DIA DEl ESTAMENTO: PARA SOCIOS  DE BIENESTAR  SOLICITUD DE ADQUISICIONES N° 20 ID DOC 859640 DE FECHA 19.03.2025";2025-04-01T15:46:05.783;2025-04-09T15:30:00;2025-04-16T17:12:00;6225000;"CLP";0;0
1335445-4-LE25;"SERVICIO DE MANTENCIÓN REPOSICIÓN DE INSTALACIONE";"SERVICIO NACIONAL DEL PATRIMONIO CULTURAL";"60.905.000-4";"DIRECCION REGIONAL DEL BIO-BIO";"San Martín 1046 Concepción";"Concepción";"Región del Biobío";"LE";"Cerrada";"SERVICIO DE MANTENCIÓN, REPOSICIÓN DE INSTALACIONES ELÉCTRICAS, FABRICACIÓN DE CAJA DE CONSERVACIÓN Y COMPRA DE INSUMOS PARA EL MONUMENTO HISTÓRICO DENOMINADO EDIFICIO BÚNKER, DE LA COMUNA DE LOTA, REGIÓN DEL BIOBÍO";2025-03-21T11:53:00;2025-04-09T15:30:00;2025-04-14T15:00:00;10000000;"CLP";0;0
5053-40-LP25;"SUMINISTRO DE OXIGENO LIQUIDO MEDICINAL CRIOGÉNICO CON MANTENCIÓN PREVENTIVA A LOS MANIFOLD DE RESPALDO MÁS SUMINISTRO Y ARRIENDO DE ESTANQUE DE EMERGENCIA";"SERVICIO DE SALUD DEL MAULE HOSPITAL DE TALCA";"61.606.901-2";"Operaciones";"1 Norte Nº 1990";"Talca";"Región del Maule";"LP";"Cerrada";"El objetivo de la presente licitación, es invitar a través de www.mercadopublico.cl a todos los proveedores del rubro a participar de la contratación de servicios del suministro de oxígeno líquido medicinal criogénico con mantención preventiva a los manifold de respaldo más suministro y arriendo de estanque de emergencia, a precios y calidad convenientes y bajo las especificaciones técnicas requeridas por la Institución con el fin de seleccionar la oferta más conveniente de acuerdo a los criterios de evaluación, asegurando el abastecimiento en calidad y oportunidad, satisfaciendo así la demanda de los usuarios.";2025-03-27T18:21:00;2025-04-09T15:30:00;2025-05-16T17:30:00;;"CLP";0;0
741-15-LE25;"CONTRATACION SERVICIOS PROFESIONAL RIEGO";"INSTITUTO DE DESARROLLO AGROPECUARIO";"61.307.000-1";"Unidad de Compra – Región de la Araucanía";"Bilbao 931";"Temuco";"Región de la Araucanía";"LE";"Cerrada";"Contratación de Servicios profesionales para APOYO TECNICO EN LA EJECUCIÓN DE PROGRAMAS DE RIEGO DE INDAP REGIÓN DE LA ARAUCANÍA.";2025-03-26T14:36:00.65;2025-04-09T15:30:00;2025-04-30T18:00:00;21840000;"CLP";0;0
2448-17-LR25;"SUMINISTRO LABORATORIO CLÍNICO 2025";"I MUNICIPALIDAD DE COQUIMBO";"69.040.300-5";"Departamento de Salud";"Bilbao  348";"Coquimbo";"Región de Coquimbo";"LR";"Cerrada";"Se requiere licitar el suministro de exámenes de laboratorio, perteneciente a la canasta de prestaciones de la APS, permite otorgar prestaciones de laboratorio como apoyo diagnóstico y terapéutico, en cumplimiento con las orientaciones técnicas establecidas por los programas de salud de la APS Coquimbo.";2025-03-06T10:06:00;2025-04-09T15:30:00;2025-04-15T15:30:00;;"CLP";0;0
2490-22-LQ25;"REPOSICION PAVIMENTOS CALLE VIÑA DEL MAR PROVIDENCIA";"I MUNICIPALIDAD DE PROVIDENCIA";"69.070.300-9";"Dirección de Secpla";"Pedro Valdivia N°963";"Providencia";"Región Metropolitana de Santiago";"LQ";"Cerrada";"La Municipalidad de Providencia, requiere contratar la ejecución de las obras denominadas “REPOSICION PAVIMENTOS CALLE VIÑA DEL MAR, PROVIDENCIA”, este proyecto, financiado por el Gobierno Regional Metropolitano (GORE), tiene como propósito reponer los pavimentos de calzada y de aceras, en la calle Viña del mar, entre Vicuña Mackenna y Ramon Carnicer. Las condiciones especiales de la presente licitación y las características y detalles de la ejecución de las obras, serán las indicadas en las Bases Administrativas Generales de obra (según Decreto EX. N°1331/2024 que las contiene), en estas Bases Administrativas Especiales, en las Especificaciones Técnicas y demás antecedentes que integren el presente proceso licitatorio, todos las cuales serán publicadas a través de la plataforma del Portal Mercado Público www.mercadopublico.cl en adelante el Portal.";2025-03-12T11:11:15.813;2025-04-09T15:30:00;2025-05-13T20:00:00;180596000;"CLP";0;0
2732-10-LR25;"SERVICIO DE ARRIENDO DE VEHÍCULOS PARA SEGURIDAD";"MUNICIPALIDAD DE PEÑAFLOR";"69.071.700-K";"SECRETARIA COMUNAL DE PLANIFICACIÓN";"ALCALDE LUIS ARAYA CERECEDA  1215";"Peñaflor";"Región Metropolitana de Santiago";"LR";"Cerrada";"La presente Licitación tiene como objeto el arriendo de 11 automóviles, tipo Suv  1 camioneta y 5 motocicletas, cada uno de estos debe considerar un reemplazo de acuerdo a lo requerido en las bases técnicas, además de todo el equipamiento que se indica en las bases técnicas, con el fin de ser usados en labores de apoyo a la comunidad, en servicios de seguridad y apoyo a emergencias, disponibles durante las 24 horas del día, los 365 días del año, durante treinta y seis meses 36.";2025-03-07T09:27:00;2025-04-09T15:30:00;2025-05-28T17:00:00;586800000;"CLP";0;0
1057501-59-LR25;"CONVENIO DE CINTAS GLICEMIA CON EQUIPOS EN COMODATO POR 24 MESES";"COMPLEJO ASISTENCIAL DR. SOTERO DEL RIO";"61.608.502-6";"COMPLEJO ASISTENCIAL DR. SOTERO DEL RIO";"CONCHA Y TORO 3459";"Puente Alto";"Región Metropolitana de Santiago";"LR";"Cerrada";"La necesidad de contar con insumos";2025-03-07T09:54:00;2025-04-09T15:30:00;2025-05-09T15:00:00;;"CLP";0;0
1738-11-LQ25;"EJECUCIÓN DEL PROYECTO REPOSICIÓN SEÑALÉTICA INFOR";"I MUNICIPALIDAD DE VILLA ALEGRE";"69.130.200-8";"Ilustre Municipalidad de Villa Alegre";"Av. España 196";"Villa Alegre";"Región del Maule";"LQ";"Cerrada";"EJECUCIÓN DEL PROYECTO REPOSICIÓN SEÑALÉTICA INFORMATIVA Y TURÍSTICA VILLA ALEGRE CÓDIGO BIP 40053697-0";2025-03-20T19:20:01.71;2025-04-09T15:30:00;2025-04-30T17:00:00;;"CLP";0;0
1057049-86-LE25;"JCD IMPLANTES CIRUGÍA CRANEOSINOSTOSIS FUS 328";"SERV SALUD METROPOLITANO CENTRAL HOSPITAL CLINICO SAN BORJA ARRIARAN";"61.608.604-9";"Bienes y Servicios";"Santa Rosa 1234";"Santiago";"Región Metropolitana de Santiago";"LE";"Cerrada";"1.	Que, el Hospital Clínico San Borja Arriarán, requiere formalizar la adquisición de FUS 3282025 “IMPLANTES PARA CIRUGIA CRANEOSINOSTOSIS” solicitado por el servicio de Pabellón Central del Hospital Clínico San Borja Arriarán, para procedimiento quirúrgico.";2025-04-04T12:50:50.743;2025-04-09T15:30:00;2025-06-03T18:00:00;10600000;"CLP";0;0
933-8-LP25;"Convenio de suministro trasporte terrestre";"INSTITUTO NACIONAL DE DEPORTES DE CHILE";"61.107.000-4";"I.N.D. REGION VIII";"O´higgins 10";"Concepción";"Región del Biobío";"LP";"Cerrada";"Convenio de suministro trasporte terrestre programa competencia escolar y federada";2025-03-17T12:58:10.507;2025-04-09T15:30:00;2025-04-30T18:00:00;;"CLP";0;0
548875-3-LE25;"ADQUISICIÓN DE INSUMOS COMPUTACIONALES PARA STOCK";"INSTITUTO DE PREVISION SOCIAL";"61.979.440-0";"IPS Adquisiciones";"Av Matta 176";"Panguipulli";"Región Metropolitana de Santiago";"LE";"Cerrada";"E1O2RT9 ADQUISICIÓN DE INSUMOS COMPUTACIONALES PARA STOCK BODEGA, DEL INSTITUTO DE PREVISIÓN SOCIAL –";2025-03-26T11:37:08.893;2025-04-09T15:30:00;2025-05-09T17:00:00;40000000;"CLP";0;0
1240098-8-LP25;"CONVENIO DE MANTENCION EQUIPOS CHILLERS TORRE DE ENFRIAMIENTO Y EQUIPOS DE PRECISION PARA EL HOSPITAL PROVINCIAL DE OVALLE";"SERVICIO DE SALUD COQUIMBO HOSPITAL DE O";"61.606.404-5";"Servicios de Mantenciones";"Avenida Manuel Peñafiel N°1550  OVALLE";"Ovalle";"Región de Coquimbo";"LP";"Cerrada";"Conforme a la Ley de Compras Públicas N° 19.886, su Reglamento y modificaciones, el Hospital Provincial de Ovalle llama a licitación pública a empresas o proveedores del rubro, personas naturales o jurídicas, chilenas o extranjeras, así como a Uniones Temporales de Proveedores, para celebrar CONVENIO DE MANTENCIÓN DE EQUIPOS CHILLERS, TORRE DE ENFRIAMIENTO Y EQUIPOS DE PRECISIÓN, para el Hospital Provincial de Ovalle, por un periodo de 24 (veinticuatro) meses, o hasta agotar el presupuesto referencial, para un oportuno y adecuado suministro de estos productos y así garantizar el correcto funcionamiento del establecimiento";2025-03-20T10:23:39.303;2025-04-09T15:25:00;2025-05-09T17:00:00;;"CLP";0;0
1242137-2-LR25;"CONVENIO DE SERVICIO DE ASEO Y MANTENCIÓN DE ÁREAS COMUNES PARA EL HOSPITAL PROVINCIAL DE OVALLE";"SERVICIO DE SALUD COQUIMBO HOSPITAL DE O";"61.606.404-5";"Servicios Generales";"Ariztia 7";"Ovalle";"Región de Coquimbo";"LR";"Cerrada";"Conforme a la Ley de Compras Públicas N° 19.886, su Reglamento y modificaciones, el Hospital Provincial de Ovalle llama a licitación pública a empresas o proveedores del rubro, personas naturales o jurídicas, chilenas o extranjeras, así como a Uniones Temporales de Proveedores, para celebrar un CONVENIO DE SERVICIO DE ASEO Y MANTENCIÓN DE ÁREAS COMUNES, para el Hospital Provincial de Ovalle, por un periodo de 12 (doce) meses, o hasta agotar el presupuesto referencial, para un oportuno y adecuado suministro de estos productos y así garantizar el correcto funcionamiento del establecimiento.";2025-03-07T15:45:32.413;2025-04-09T15:25:00;2025-06-10T17:00:00;;"CLP";0;0
750998-136-LP24;"ADQ. DE OXIGENO MANIFOLD Y MANT. RED MEDICINAL";"I MUNICIPALIDAD DE LO ESPEJO";"69.255.100-1";"Departamento de Licitaciones";"Av. Central Cardenal Raúl Silva Henríquez N° 8321";"Lo Espejo";"Región Metropolitana de Santiago";"LP";"Cerrada";"La I. Municipalidad de Lo Espejo requiere la adquisición de suministro de oxígeno y aire medicinal para los centros de salud y ambulancias, dependientes del Departamento de Salud, que incluye la adquisición e instalación de manifold y contratación de servicios de mantenimiento preventivo y correctivo de las redes y equipos asociados.";2025-03-13T14:50:00;2025-04-09T15:10:00;2025-05-05T16:00:00;;"CLP";0;0
744835-37-L125;"DISPOSITIVOS MÉDICOS VARIOS";"I MUNICIPALIDAD DE LO ESPEJO";"69.255.100-1";"Departamento de Adquisiciones";"Av. Cardenal Raúl Silva Henríquez N° 8321";"Lo Espejo";"Región Metropolitana de Santiago";"L1";"Cerrada";"Solicitud de Materiales Nº 30/2025 Departamento de Salud  Unidad de Compras";2025-04-01T11:18:11.693;2025-04-09T15:09:00;2025-05-08T12:45:00;;"CLP";0;0
1237404-2-LE25;"Auditoria Externa Financiera y Presupuestaria para";"CORPORACION CULTURAL MUNICIPAL DE ANCUD";"65.293.750-0";"Administración y finanzas";"Libertad 663, Ancud";"Ancud";"Región de los Lagos";"LE";"Cerrada";"Se llama a licitación pública para la contratación de un servicio de auditoría externa, que aborde la situación financiera y presupuestaria de la Corporación Cultural de Ancud, considerando una revisión y evaluación del patrimonio, de la ejecución presupuestaria y de los estados de resultados anuales yo mensuales, conforme a las bases administrativas adjuntas.";2025-04-01T17:58:06.52;2025-04-09T15:15:00;2025-04-11T15:00:00;10000000;"CLP";0;0
1173041-8-LP25;"CET LYNCH COMPRA INSUMOS TALLER DE PANADERIA";"DIRECCION GENERAL DE GENDARMERIA DE CHIL";"70.456.600-K";"CET Arica 2";"Patricio Lynch 03";"Arica";"Región de Arica y Parinacota";"LP";"Cerrada";"COMPRA DE INSUMOS PARA EL TALLER DE PANADERIA DE LA UNIDAD, VALOR NETO, FLETE INCLUIDO, DESPACHO PARCIALIZADO, PUESTOS EN BODEGA DE LA UNIDAD, PATRICIO LYNCH N 03, ARICA";2025-03-27T09:54:14.55;2025-04-09T15:15:00;2025-04-29T17:30:00;;"CLP";0;0
1376-14-L125;"F55 SERVICIO DE ASEO PARA OFICINAS DEL C.A.I.S DE COPIAPO PERÍODO DESDE ABRIL A DICIEMBRE DE 2025, REGIÓN DE ATACAMA";"DIRECCION GENERAL DE GENDARMERIA DE CHIL";"61.004.010-1";"Región de Atacama";"AVDA. COPAYAPU 926 FRENTE HOTEL EL REY";"Copiapó";"Región de Atacama";"L1";"Cerrada";"SERVICIO DE ASEO PARA OFICINAS DEL C.A.I.S DE COPIAPO PERÍODO DESDE ABRIL A DICIEMBRE DE 2025. FACTURAR A: GENDARMERÍA DE CHILE DIRECCIÓN REGIONAL COPIAPÓ, RUT. 61.004.010-1, DIRECCIÓN RANCAGUA N°499, 3° PISO EDIFICIO MOP-MINJU, COPIAPO. Recepción de facturación al correo dipresrecepcion@custodium.com, se solicita facturar previa recepción conforme, registrar N° Orden de compra en campo 801 del XML";2025-03-31T16:44:16.977;2025-04-09T15:10:00;2025-04-21T15:08:00;2550000;"CLP";0;0
587-5-LR25;"SELICO 1-2025 Adquisición de equipos WORKSTATION";"SUBSECRETARIA DEL MINISTERIO DE LA VIVIENDA Y URBANISMO";"61.801.000-7";"Ministerio de Vivienda y Urbanismo(766)";"SERRANO N°15";"Santiago";"Región Metropolitana de Santiago";"LR";"Cerrada";"E1O2RT9 Compara Sustentable. Contratar la adquisición de equipos computacionales Workstation, computadores especializados para el procesamiento de grandes volúmenes de datos yo procesamiento gráfico de imágenes y videos de alta resolución, con el propósito de reemplazar aquellos equipos con un grado de obsolescencia critica, que deben ser renovados.";2025-03-05T15:35:12.09;2025-04-09T15:10:00;2025-05-26T19:00:00;390000;"USD";0;0
2263-12-LP25;"Material Granular Malleco Cordillera 6 2025- CCI Victoria Reg.";"MINISTERIO DE OBRAS PUBLICAS DIREC CION GRAL DE OO PP DCYF";"61.202.000-0";"Dirección de Vialidad - IX Región - Provincia de Malleco";"Lautaro 17";"Angol";"Región de la Araucanía";"LP";"Cerrada";"Material Granular Malleco Cordillera 6 2025- CCI Victoria Reg.";2025-03-25T16:47:12.06;2025-04-09T15:08:00;2025-04-10T15:09:00;;"CLP";0;0
2263-13-LP25;"Material Granular Malleco Nahuelbuta 7 2025- CCI Lumaco";"MINISTERIO DE OBRAS PUBLICAS DIREC CION GRAL DE OO PP DCYF";"61.202.000-0";"Dirección de Vialidad - IX Región - Provincia de Malleco";"Lautaro 17";"Angol";"Región de la Araucanía";"LP";"Cerrada";"Material Granular Malleco Nahuelbuta 7 2025- CCI Lumaco";2025-03-25T16:56:15.153;2025-04-09T15:07:00;2025-04-10T15:08:00;;"CLP";0;0
3874-10-LE25;"PROGRAMA MANTENIMIENTO DE INFRAESTRUCTURA DE ESTAB";"I MUNICIPALIDAD DE RAUCO";"69.100.400-7";"Salud";"Avda. O Higgins S/N";"Rauco";"Región del Maule";"LE";"Cerrada";"LA NECESIDAD DE LA ILUSTRE MUNICIPALIDAD DE RAUCO, A TRAVÉS DEL DEPARTAMENTO DE SALUD MUNICIPAL, REQUIERE CONTRATAR LOS SERVICIOS DE EJECUCCIÓN DE OBRAS CIVILES DEL PROYECTO PROGRAMA MANTENIMIENTO DE INFRAESTRUCTURA DE ESTABLECIMIENTOS DE ATENCIÓN PRIMARIA 2025, RAUCO CUYO DETALLES Y REGLAMENTO SE ENCUENTRA CONTENIDOS EN LAS PRESENTES BA Y EN SUS DOCUMENTOS ANEX";2025-03-28T17:12:00;2025-04-09T15:15:00;2025-04-15T19:53:00;;"CLP";0;0
4306-12-LE25;"ADQUISICION DE EQUIPOS COMPUTACIONALES INFORMATIC";"I MUNICIPALIDAD DE ERCILLA";"69.180.600-6";"Adquisiciones";"Ongolmo  351";"Ercilla";"Región de la Araucanía";"LE";"Cerrada";"SE SOLICITA LA ADQUISICION DE EQUIPOS COMPUTACIONALES, INFORMATICOS Y PERIFERICOS PARA LA MUNICIPALIDAD DE ERCILLA.- VER TERMINOS DE REFERENCIA, VER ANEXOS.";2025-04-04T10:28:21.873;2025-04-09T15:05:00;2025-04-30T17:00:00;27100000;"CLP";0;0
3479-7-LQ25;"Construcción sede social San Rafael bajo. Calbuco";"I MUNICIPALIDAD DE CALBUCO";"69.220.600-2";"Municipalidad De Calbuco";"FEDERICO ERRAZURIZ N210";"Calbuco";"Región de los Lagos";"LQ";"Cerrada";"Ejecutar proyecto de obra ubicada en Carlos Condell Número 396 sector de San Rafael Bajo de la comuna de Calbuco, destinada a la construcción  de una sede social de 102,77 metros cuadrados";2025-03-19T11:26:00;2025-04-09T15:05:00;2025-04-14T18:00:00;;"CLP";0;0
2258-36-LR25;"INSUMOS TECNICAS INMUNOLOGIA CON EQUIPO EN COMODATO";"SERVICIO DE SALUD ANTOFAGASTA HOSPITAL L";"61.606.201-8";"Abastecimiento Principal";"SAN ANTONIO";"Recoleta";"Región de Antofagasta";"LR";"Cerrada";"INSUMOS TECNICAS INMUNOLOGIA CON EQUIPO EN COMODATO";2025-03-07T11:39:50.74;2025-04-09T15:05:00;2025-06-10T15:05:00;;"CLP";0;0
3191-21-LP25;"ADQUISICIÓN DE TRES 03 MESAS QUIRÚRGICAS";"DIRECCION DE ABASTECIMIENTO DE LA ARMADA";"61.102.017-1";"HOSPITAL NAVAL ALMIRANTE NEF";"SUBIDA ALESSANDRI S/N";"Viña del Mar";"Región de Valparaíso";"LP";"Cerrada";"Que, existe la necesidad contratar la adquisición de tres 03 Mesas Quirúrgicas y Accesorios para el Hospital Naval “Almirante Nef”.";2025-03-20T17:10:48.423;2025-04-09T15:05:00;2025-04-29T18:30:00;300000000;"CLP";0;0
2026-51-LE25;"Servicio de Televigilancia DSSVQ";"SERVICIO SALUD VINA DEL MAR QUILLOTA";"61.606.600-5";"Servicio de Salud Viña del Mar - Quillota";"Limache 1307 esq. Peñablanca";"Viña del Mar";"Región de Valparaíso";"LE";"Cerrada";"“Adquisición del Servicio de Televigilancia” del Servicio de Salud Viña del Mar Quillota” En razón del término de contrato por los servicios de televigilancia para las dependencias de Subdirección de Recursos Físicos y Financieros y la urgente necesidad de actualizar el sistema de cámaras de seguridad de la droguería, salón de eventos club de campo y la Dirección del Servicio de Salud, se requiere la implementación del sistema de cámaras de seguridad con DVR, monitor y visualización de las imágenes vía WIFI, estas últimas sólo deberán ser vistas por personal autorizado.";2025-03-28T15:07:58.747;2025-04-09T15:03:00;2025-05-08T15:04:00;;"CLP";0;0
2750-3-LE25;"MTS Tintas y Tóner para Escuela Nahuelbuta";"I MUNICIPALIDAD DE ANGOL";"69.180.100-4";"Escuela Nahuelbuta";"Prat Nº 245";"Angol";"Región de la Araucanía";"LE";"Cerrada";"Tintas y tóner para Escuela Nahuelbuta.";2025-03-31T11:35:50.64;2025-04-09T15:03:00;2025-05-09T15:04:00;16500000;"CLP";0;0
584105-8-LP25;"SERVICIO DE OUTSOURCING - SUBSIDIO ELÉCTRICO";"SUBSECRETARIA DE ENERGIA";"61.979.830-9";"P01";"Alameda 1449, torre 2, piso 14, Santiago";"Santiago";"Región Metropolitana de Santiago";"LP";"Cerrada";"Contratar el servicio de outsourcing para apoyar la implementación del proceso de postulación y otorgamiento del subsidio eléctrico de la ley de estabilización de tarifas, respecto a las tareas de la Unidad de Transparencia y Atención Ciudadana de la División de Participación y Diálogo Social de la Subsecretaría de Energía";2025-03-28T13:25:26.137;2025-04-09T15:01:00;2025-04-30T09:59:00;;"CLP";0;0
1506-5-O125;"AMPLIACIÓN Y MEJORAMIENTO SSR PALMIRA HACIA PUERTA";"MINISTERIO DE OBRAS PUBLICAS DIREC CION GRAL DE OO PP DCYF";"61.202.000-0";"Dirección de Obras Hidráulicas  - VII Región";"Camino Puertas Negras, Campamento San Miguel S/N Talca";"Talca";"Región del Maule";"O1";"Cerrada";"AMPLIACIÓN Y MEJORAMIENTO SSR PALMIRA HACIA PUERTAS NEGRAS Y ALTO LAS CRUCES, TALCA";2025-03-17T08:28:23.69;2025-04-09T15:01:00;2025-04-30T13:31:00;;"CLP";0;0
1075914-1-LR25;"APOYO PROFESIONAL EJECUCIÓN PROGRAMA FNDR COQUIMBO";"SUBSECRETARIA DEL MINISTERIO DE MINERIA";"61.701.000-3";"Cuenta extrapresupuestaria FNDR Minería";"Amunategui 232";"Alhué";"Región Metropolitana de Santiago";"LR";"Cerrada";"La Subsecretaría de Minería requiere la contratación de servicios profesionales para la ejecución de un programa FNDR en la Región de Coquimbo - Se debe considerar un equipo multidisciplinario que apoye en el desarrollo sostenible, asistencia técnica y legal y transferencia de conocimientos para la pequeña y mediana minería de la región.";2025-02-28T11:49:00;2025-04-09T15:01:00;2025-05-09T18:00:00;;"CLP";0;0
552975-19-LQ25;"ARRIENDO DE IMPRESORAS Y COPIADORAS MULTIFUNCIONAL";"CORP DE DESARROLLO SOCIAL DE PROVIDENCIA";"69.070.301-7";"CDSP";"Av. Eliodoro Yáñez 1947";"Providencia";"Región Metropolitana de Santiago";"LQ";"Cerrada";"La Corporación de Desarrollo Social de Providencia, en adelante la “CORPORACIÓN”, llama a licitación pública el servicio denominado: “SERVICIO DE ARRIENDO DE IMPRESORAS Y COPIADORAS MULTIFUNCIONALES BN Y COLOR”, la cual tiene por objetivo contar con el servicio arriendo de impresoras y copiadoras multifuncionales BN y Color para los establecimientos del área de salud, educación y administración central.";2025-03-14T16:10:00;2025-04-09T15:01:00;2025-05-05T17:30:00;;"CLP";0;0
4956-26-LE25;"SERVICIO DE PRODUCCIÓN COSTUMBRISTA DEL CUASIMODO";"I MUNICIPALIDAD DE RENCA";"69.071.200-8";"I MUNICIPALIDAD DE RENCA";"BLANCO ENCALADA 1335";"Renca";"Región Metropolitana de Santiago";"LE";"Cerrada";"Contribuir a la preservación y difusión del patrimonio religioso y cultural de la comuna de Renca, a través del apoyo integral a la festividad tradicional del Cuasimodo.";2025-03-28T08:48:36.347;2025-04-09T15:01:00;2025-06-09T15:01:00;19230769;"CLP";0;0
4047-6-LE25;"PROYECTO EJECUCION DE ALCANTARILLADO PLUVIAL CLBV";"I MUNICIPALIDAD DE ISLA DE PASCUA";"69.061.800-1";"Daem";"ATAMU TEKENA S/N";"Isla De Pascua";"Región de Valparaíso";"LE";"Cerrada";"Objetivo del proyecto es proveer la mitigación de alcantarillado pluvial canalización de aguas lluvias y drenes de infiltración de aguas pluviales dentro de las dependencias del Establecimiento Educacional Colegio Lorenzo Baeza Vega - Isla de Pascua";2025-04-03T14:41:37.753;2025-04-09T15:01:00;2025-04-17T17:00:00;;"CLP";0;0
1003473-31-LP25;"CONTRATO SUMINISTRO KIT BY PASS GÁSTRICO PARA EL HOSPITAL SAN JUAN DE DIOS DE CURICÓ";"SERVICIO DE SALUD DEL MAULE HOSPITAL DE CURICO";"61.606.903-9";"INSUMOS CLINICOS";"CHACABUCO 121 CURICO";"Curicó";"Región del Maule";"LP";"Cerrada";"El Hospital San Juan de Dios de Curicó requiere suscribir un “CONTRATO SUMINISTRO KIT BY PASS GÁSTRICO”, por un periodo de 6 meses o hasta agotar el presupuesto adjudicado, con todo si al término de los 6 meses aún queda presupuesto, se entenderá que el contrato se encuentra vigente hasta su completo consumo  con el objeto de satisfacer la demanda de estos insumos en el Servicio de Pabellón.";2025-03-20T15:29:58.23;2025-04-09T15:00:00;2025-05-26T17:30:00;;"CLP";0;0
4127-20-LE25;"[GABSRA] JORNADA NACIONAL DE COORDINADORES Y PROFESIONALES TRABAJADORES SOCIALES DE LOS EQUIPOS DEL PROGRAMA DE REPARACIÓN Y ATENCIÓN INTEGRAL EN SALUD PRAIS DE LOS 29 SERVICIOS DE SALUD DEL PAÍS 27 Y 28 DE MAYO";"SUBSECRETARIA DE SALUD PUBLICA";"61.975.700-9";"Subsecretaria de Redes Asistenciales";"Mac Iver 541";"Santiago";"Región Metropolitana de Santiago";"LE";"Cerrada";"Fortalecer las capacidades técnicas y operativas de los trabajadores sociales y coordinadores de los equipos PRAIS, a través de una jornada nacional de capacitación, con el fin de fortalecer su participación en el acompañamiento en el proceso de búsqueda y reparación, alineándola con los lineamientos del Plan Nacional de Búsqueda, Verdad y Justicia y promoviendo una comprensión integral de su rol dentro de este proceso.";2025-03-25T10:43:00;2025-04-09T15:00:00;2025-04-30T19:56:00;20000000;"CLP";0;0
1271359-48-LE25;"RETIRO DE ESCOMBROS Y LIMPIAFOSAS";"CORP MUNICIPAL DE DESARROLLO SOCIAL DE LAMPA";"70.954.200-1";"LICITACIONES";"Sargento aldea 898";"Lampa";"Región Metropolitana de Santiago";"LE";"Cerrada";"La Corporación Municipal de Desarrollo Social de Lampa mediante la unidad de servicios generales solicita la contratación del convenio de suministro del servicio de retiro de escombros y limpia fosas, destinado a Dirección de Salud, con el objetivo de cumplir con las normas sanitarias vigentes para el correcto funcionamiento de los establecimientos de la comuna.";2025-03-26T16:53:20.72;2025-04-09T15:00:00;2025-05-05T20:00:00;44000000;"CLP";0;0
2565-4-LE25;"ATENCION INTEGRAL MUJERES MAS SONRISAS";"I MUNICIPALIDAD DE CHEPICA";"69.090.700-3";"DEPTO. DE SALUD";"";"";"Región del Libertador General Bernardo O´Higgins";"LE";"Cerrada";"Contratación para programa de estrategias de salud bucal con atención integral, enfocado en mujeres bajo el programa Más Sonrisas. Incluye dos subcomponentes: egresos de mujeres con prótesis removibles y sin prótesis removibles. El proveedor debe acompañar a cada usuaria en tratamientos odontológicos como tapaduras u otros servicios, para posteriormente garantizar un alta integral de cada usuaria.";2025-03-27T12:43:00;2025-04-09T15:00:00;2025-04-16T17:28:00;33000000;"CLP";0;0
2175-12-L125;"SERVICIO DE ESTUDIO TOPOGRÁFICO, PROPIEDAD UBICADA EN AVENIDA JUAN MARTINEZ N°602, DIEGO DE ALMAGRO, REGIÓN DE ATACAMA";"CORP ADMINISTRATIVA DEL PODER JUDICIAL";"60.301.001-9";"Corp. Adm. del Poder Judicial - Copiapó";"AVDA. 14 DE JULIO S/N";"Vallenar";"Región de Atacama";"L1";"Cerrada";"SERVICIO DE ESTUDIO TOPOGRÁFICO, PROPIEDAD UBICADA EN AVENIDA JUAN MARTINEZ N°602, DIEGO DE ALMAGRO, REGIÓN DE ATACAMA";2025-03-14T16:16:00;2025-04-09T15:00:00;2025-05-11T17:00:00;;"CLP";0;0
1057509-114-L125;"CONVENIO MANTENCIÓN PREVENTIVA Y CORRECTIVA PARA EQUIPO CALENTADOR DE PACIENTES fzv";"HOSPITAL CLINICO HERMINDA MARTIN";"61.607.001-0";"Bienes y Servicios";"FCO RAMIREZ 10 CHILLAN";"Santiago";"Región Metropolitana de Santiago";"L1";"Cerrada";"El Hospital Clínico Herminda Martín de Chillán llama a Licitación Pública a través del Portal Mercado Público, para suscribir “Convenio Mantención Preventiva y Correctiva para Equipo Calentador de Pacientes”, por un periodo de 24 meses, de acuerdo a requerimientos especificados en Bases Administrativas y Técnicas de la presente licitación. Se pretende obtener la mejor calidad y oportunidad en la adquisición de los servicios a un precio conveniente.";2025-04-02T17:15:13.19;2025-04-09T15:00:00;2025-05-02T18:00:00;;"CLP";0;0
2126-41-LQ25;"CS. POR CÁNULAS Y VENDAJE POR 24 MESES";"SERVICIO DE SALUD COQUIMBO HOSPITAL DE COQUIMBO";"61.606.403-7";"Hospital Coquimbo";"Avenida Videla s/n";"Coquimbo";"Región de Coquimbo";"LQ";"Cerrada";"Establecer un CONVENIO DE SUMINISTRO POR CÁNULAS Y VENDAJE POR 24 MESES, garantizando con este contrato el abastecimiento oportuno y calidad incorporadas en el presente convenio.";2025-03-19T09:36:02.123;2025-04-09T15:00:00;2025-08-07T17:00:00;;"CLP";0;0
1114-2-LQ25;"CONSTRUCCIÓN SONDAJES DE OBSERVACIÓN Y MEDICIÓN";"MINISTERIO DE OBRAS PUBLICAS DIREC CION GRAL DE OO PP DCYF";"61.202.000-0";"Dirección General de Aguas - Región Metropolitana";"Bombero Salas 1351, 5° piso";"Santiago";"Región Metropolitana de Santiago";"LQ";"Cerrada";"“CONSTRUCCIÓN SONDAJES DE OBSERVACIÓN Y MEDICIÓN DE NIVELES DE AGUAS SUBTERRÁNEAS, EN SECTORES HIDROGEOLÓGICOS DE APROVECHAMIENTO COMÚN SHAC SANTIAGO CENTRAL EN COMUNA DE CERRILLOS, Y ESTERO EL MANZANO EN COMUNA DE SAN JOSÉ DE MAIPO, REGIÓN METROPOLITANA DE SANTIAGO”";2025-03-17T11:52:46.56;2025-04-09T15:00:00;2025-04-22T12:30:00;165719643;"CLP";0;0
757-15-LE25;"[DDPI] Licencias AEC Collection BIM Collaborate";"SUBSECRETARIA DE SALUD PUBLICA";"61.601.000-k";"Subsecretaría de Salud Pública";"Mac-Iver 541";"Santiago Centro";"Región Metropolitana de Santiago";"LE";"Cerrada";"[DDPI] Renovación de suscripción y adquisición de Licencias AEC Collection, BIM Collaborate Pro, ACC Build, ACC Takeoff o similar. Se requieren las siguientes licencias de software: AEC COLLECTION – USUARIO INDIVIDUAL SUSCRIPCIÓN ANUAL - RENOVACIÓN  AEC COLLECTION – USUARIO INDIVIDUAL SUSCRIPCIÓN ANUAL - ADQUISICIÓN BIM COLLABORATE – PRO USUARIO INDIVIDUAL SUSCRIPCIÓN ANUAL – RENOVACIÓN  ACC DOCS - USUARIO INDIVIDUAL SUSCRIPCIÓN ANUAL - ADQUISICIÓN  ACC BUILD - USUARIO INDIVIDUAL SUSCRIPCIÓN ANUAL - RENOVACIÓN  ACC BUILD- USUARIO INDIVIDUAL SUSCRIPCIÓN ANUAL – ADQUISICIÓN  ACC TAKEOFF - USUARIO INDIVIDUAL SUSCRIPCIÓN ANUAL - ADQUISICIÓN  ACC TAKEOFF - USUARIO INDIVIDUAL SUSCRIPCIÓN ANUAL - RENOVACIÓN";2025-03-28T15:02:18.877;2025-04-09T15:00:00;2025-04-21T18:00:00;65658.25;"USD";0;0
1180885-3-LP25;"REPOSICION HOSP. DDA - CLASE APOYO QUIRUGICO";"SERVICIO DE SALUD ATACAMA";"61.606.300-6";"Compras Convenio GORE Atacama";"Los Carrera N°645";"Copiapó";"Región de Atacama";"LP";"Cerrada";"ADQUISICION DE EQUIPOS CORRESPONDIENTES A LA IMPLEMENTACION DEL PROYECTO: REPOSICION HOSPITAL COMUNITARIO DE DIEGO DE ALMAGRO, CLASE APOYO QUIRURGICO";2025-03-20T12:55:44.62;2025-04-09T15:00:00;2025-05-02T18:00:00;;"CLP";0;0
1989-16-LQ25;"SERVICIO DE ASEO Y LIMPIEZA";"DIRECCION GENERAL DE AERONAUTICA CIVIL";"61.104.000-8";"UNIDAD DE COMPRA IQUIQUE";"Aeropuerto Diego Aracena";"Iquique";"Región de Tarapacá";"LQ";"Cerrada";"CONTRATACIÓN DEL SERVICIO DE ASEO Y LIMPIEZA PARA DEPENDENCIAS DGAC EN EL AEROPUERTO DIEGO ARACENA IQUIQUE. Esta institución retiene el 2% del total facturado según Ley 16.752 en su Art. 37";2025-03-27T16:05:37.757;2025-04-09T15:00:00;2025-04-21T17:00:00;;"CLP";0;0
1057492-46-LE25;"SUM FIJADOR SONDA FOLEY Y PAÑO BAÑO DEL PCTE";"HOSPITAL ORIENTE DR LUIS TISNE BROUSSE";"61.959.800-8";"HOSPITAL ORIENTE DR LUIS TISNE BROUSSE";"";"";"Región Metropolitana de Santiago";"LE";"Cerrada";"SUMINISTRO DE FIJADOR SONDA FOLEY Y PAÑO PARA EL BAÑO DEL PACIENTE";2025-03-28T12:02:00;2025-04-09T15:00:00;2025-06-09T15:00:00;;"CLP";0;0
1261592-14-LR25;"ADQUISICIÓN DE SUMINISTROS Y COMODATO DE EQUIPOS PARA LOS EXÁMENES DEL ÁREA DE QUÍMICA CLINICA DEL LABORATORIO CLÍNICO “SARITA NÚÑEZ” CMDS";"CORP MUNICIPAL DE DESARROLLO SOCIAL DE A";"71.102.600-2";"UNIDAD TÉCNICA DIRECCIÓN DE SALUD";"AVENIDA ARGENTINA 1595 – II PISO";"Antofagasta";"Región de Antofagasta";"LR";"Cerrada";"La presente propuesta tiene como objetivo específico la adquisición de insumos para exámenes de química, hormonas-inmunología  y hemoglobina glicada, con equipos en comodato para el Laboratorio “Sarita Núñez”. Esta Licitación Pública se regirá en todo momento, por lo dispuesto en la ley N°19.886 de Compras Públicas, su Reglamento contenido en el decreto N°661 del 2024 del Ministerio de Hacienda, las presentes Bases Administrativas y Técnicas, y los documentos anexos de la propuesta al momento de su publicación.";2025-03-06T10:12:00;2025-04-09T15:00:00;2025-08-12T11:01:00;;"CLP";0;0
1700-2-LQ25;"SERVICIO MANTENCIÓN SISTEMA AIRE ACONDICIONADO CENTRO JUDICIAL";"CORP ADMINISTRATIVA DEL PODER JUDICIAL";"60.301.001-9";"Corp. Adm. del Poder Judicial - Chillán";"CALLE 18 DE SEPTIEMBRE N°246, PISO 6, EDIFICIO 18";"Chillán";"Región del Ñuble";"LQ";"Cerrada";"SERVICIO MANTENCIÓN SISTEMA AIRE ACONDICIONADO CENTRO JUDICIAL DE CHILLAN CODIGO PAC 2696-5-PC25";2025-03-17T11:37:27.833;2025-04-09T15:00:00;2025-05-28T15:12:00;;"CLP";0;0
1057492-45-LE25;"SUM. EXTENSOR VENOSO Y TUBO DE INSUFLACIÓN";"HOSPITAL ORIENTE DR LUIS TISNE BROUSSE";"61.959.800-8";"HOSPITAL ORIENTE DR LUIS TISNE BROUSSE";"";"";"Región Metropolitana de Santiago";"LE";"Cerrada";"SUMINISTRO DE EXTENSOR VENOSO EN TUBO DE INSUFLACIÓN COMPATIBLE CON TORRES LAPAROSCÓPICAS KARL STORZ Y STRYKER";2025-03-28T11:57:00;2025-04-09T15:00:00;2025-06-09T15:00:00;;"CLP";0;0
1113159-13-L125;"Compra de Doppler";"SERVICIO DE SALUD ANTOFAGASTA HOSPITAL M";"61.606.203-4";"Insumos Médicos";"Direccion no aplica a productos virtuales";"Santiago";"Región Metropolitana de Santiago";"L1";"Cerrada";"Compra de Doppler";2025-04-02T10:04:45.217;2025-04-09T15:00:00;2025-04-11T13:34:00;2500000;"CLP";0;0
2664-13-LE25;"LENTES OPTICOS USUARIOS APS UAPO 2025";"I MUNICIPALIDAD DE TOME";"69.150.102-7";"Dirección de Salud Municipal";"Ignacio Serrano   1061";"Tomé";"Región del Biobío";"LE";"Cerrada";"SUMINISTRO DE LENTES OPTICOS PARA ENTREGA A LOS PACIENTES QUE SE ATIENDEN EN LA UAPO DE LA DISAM TOMÉ";2025-03-28T16:52:05.337;2025-04-09T15:00:00;2025-04-18T20:00:00;;"CLP";0;0
2483-88-LE25;"ADQUISICIÓN DE 1.000 LIBROS PARA CUENTA PÚBLICA";"I MUNICIPALIDAD DE QUILICURA";"69.071.300-4";"DEPARTAMENTO COMPRAS PÚBLICAS";"";"";"Región Metropolitana de Santiago";"LE";"Cerrada";"ADQUISICIÓN DE 1.000 LIBROS PARA CUENTA PÚBLICA. SEGÚN DECRETO ALCALDICIO E. N°1304/2025.";2025-04-03T19:56:48.15;2025-04-09T15:00:00;2025-04-30T18:00:00;;"CLP";0;0
5586-39-LE25;"BC ADQUISICIÓN MAQUETA MAPPING";"UNIVERSIDAD DE LA FRONTERA";"87.912.900-1";"Universidad de la Frontera";"AVENIDA FRANCISCO SALAZAR 1145";"Temuco";"Región de la Araucanía";"LE";"Cerrada";"ADQUISICIÓN MAQUETA MAPPING, DE ACUERDO A EETT DETALLADOS EN BASES DE LICITACIÓN.";2025-04-01T09:46:52.43;2025-04-09T15:00:00;2025-05-09T19:00:00;;"CLP";0;0
3335-35-LE25;"CONVENIO SUMINISTRO AMPLIFICACIÓN ILUMINACIÓN E IMPLEMENTACIÓN  ASOCIADOS A LA PRODUCCIÓN DE EVENTOS PARA ESTABLECIMIENTOS EDUCACIONALES D.A.E.M. JARDINES INFANTILES V.T.F. Y DEPARTAMENTO ADMINISTRATIVO DE EDUCACIÓN MUNICIPAL LA UNIÓN – AÑO 2025";"I MUNICIPALIDAD DE LA UNION";"69.200.800-6";"Departamento de Educación";"ARTURO PRAT N° 369";"La Unión";"Región de Los Ríos";"LE";"Cerrada";"CONVENIO SUMINISTRO AMPLIFICACIÓN, ILUMINACIÓN E IMPLEMENTACIÓN  ASOCIADOS A LA PRODUCCIÓN DE EVENTOS PARA ESTABLECIMIENTOS EDUCACIONALES D.A.E.M., JARDINES INFANTILES V.T.F. Y DEPARTAMENTO ADMINISTRATIVO DE EDUCACIÓN MUNICIPAL LA UNIÓN – AÑO 2025";2025-04-01T15:14:07.263;2025-04-09T15:00:00;2025-04-15T14:29:00;;"CLP";0;0
1507-9-O125;"CONSERVACIÓN RED PRIMARIA DE AGUAS LLUVIAS 2025, REGIÓN DEL BIOBÍO – SECTOR 2 - SAFI 406.934";"MINISTERIO DE OBRAS PUBLICAS DIREC CION GRAL DE OO PP DCYF";"61.202.000-0";"Dirección de Obras Hidráulicas  - VIII Región";"Av. Prat 501 4° Piso Concepción";"Concepción";"Región del Biobío";"O1";"Cerrada";"El contrato considera las obras de construcción de muro de mampostería de piedra en 251 mts lineales de extensión en ribera derecha estero Las Animas, en 50 mts. Lineales de muro volcado a retirar y la reparación de la infraestructura afectada por la socavación del terreno, en sector del Estero Las Animas, sector cementerio.";2025-03-19T16:10:00;2025-04-09T15:00:00;2025-05-19T14:00:00;;"CLP";0;0
3516-28-LE25;"Materiales para Programa del Agua 2025";"I MUNICIPALIDAD DE CARAHUE";"69.190.500-4";"Adquisiciones";"Diego Portales   295";"Carahue";"Región de la Araucanía";"LE";"Cerrada";"Materiales para Programa del Agua 2025";2025-04-03T11:25:47.423;2025-04-09T15:00:00;2025-04-24T18:52:00;;"CLP";0;0
1114-1-LE25;"“CONSERVACIÓN DE ESTACIONES FLUVIOMÉTRICAS RM";"MINISTERIO DE OBRAS PUBLICAS DIREC CION GRAL DE OO PP DCYF";"61.202.000-0";"Dirección General de Aguas - Región Metropolitana";"Bombero Salas 1351, 5° piso";"Santiago";"Región Metropolitana de Santiago";"LE";"Cerrada";"“CONSERVACIÓN DE ESTACIONES FLUVIOMÉTRICAS, METEOROLÓGICAS Y PIEZOMÉTRICAS D.G.A. R.M.S. 2025”";2025-03-19T08:43:00;2025-04-09T15:00:00;2025-04-22T15:30:00;35000000;"CLP";0;0
1019-24-LE25;"ADQUISICIÓN E INSTALACIÓN DE CAMPANA EXTRACTORA DE GASES PARA LABORATORIO AMBIENTAL D.G.A";"MINISTERIO DE OBRAS PUBLICAS DIREC CION GRAL DE OO PP DCYF";"61.202.000-0";"MINISTERIO DE OBRAS PUBLICAS DIREC CION GRAL DE OO";"Morandé 59, piso 8";"Santiago";"Región Metropolitana de Santiago";"LE";"Cerrada";"Adquirir campana extractora de gases para sala de lavado de Laboratorio Ambiental D.G.A.";2025-03-26T14:25:31.87;2025-04-09T15:00:00;2025-04-21T18:00:00;;"CLP";0;0
3968-27-L125;"SERVICIO DE EVALUACIONES MEDICAS PARA ESTUDIANTES";"I MUNICIPALIDAD DE HUALANE";"69.100.600-K";"Depto. Educacion Municipal";"Avenida 11 De Septiembre s/n";"Hualañé";"Región del Maule";"L1";"Cerrada";"El Departamento de Educación Municipal de Hualañé requiere el servicio  de un médico pediatra, neurólogo o médico familiar para la realización de evaluaciones diagnósticas.";2025-04-03T16:03:08.14;2025-04-09T15:00:00;2025-04-16T17:00:00;;"CLP";0;0
2080-123-H225;"Serv. Mtto lavadoras y secadoras privada HDFRZ";"SERVICIO DE SALUD DEL LIBERTADOR B O'HIGGINS HOSPITAL REG RANCAGUA";"61.602.138-9";"Hospital Regional Rancagua - HRR";"";"";"Región del Libertador General Bernardo O´Higgins";"H2";"Cerrada";"El objeto de la licitación es contratar los servicios de mantenimiento preventivo, correctivo y de mejora de la infraestructura del Hospital Dr. Franco Ravera Zunino. Esto incluye el mantenimiento de instalaciones estructurales, eléctricas, mecánicas, de fontanería, climatización, y sistemas de seguridad y comunicaciones, asegurando su correcto funcionamiento y cumpliendo con las normativas vigentes. Además, se contempla la provisión de repuestos, reparaciones y mejoras, con tiempos de respuesta adecuados y garantizando mínimas alteraciones en la operación del hospital. El contratista deberá contar con personal especializado y cumplir con los estándares de seguridad e higiene requeridos. En este contexto, resulta imprescindible para el Hospital, considerando la falta de personal capacitado y calificado para realizar las diversas mantenciones a los equipos institucionales, adoptar las medidas que permitan otorgar atención a nuestros pacientes, posibilitando la atención continua y oportuna de los mismos, por lo que se estimó necesario encomendar dicha labor a terceros, estimándose que existe un mercado de prestadores que ofrecen los servicios requeridos por el Hospital mediante los mecanismos de contratación de servicios, a través de licitación pública conforme a lo dispuesto en la  Ley N° 19.886. Los servicios deberán ser prestados en dependencias del Hospital Dr. Franco Ravera Zunino.";2025-03-20T10:33:46.503;2025-04-09T15:00:00;2025-06-08T19:00:00;;"CLP";0;0
1469-49-L125;"SERVICIO DE INSTALACIÓN DE PUNTOS DE RED DE DATOS DEL CENTRO DE SIMULACIÓN CLINICA, UNIVERSIDAD DE TALCA, CAMPUS PEHUENCHE";"UNIVERSIDAD DE TALCA";"70.885.500-6";"Universidad de Talca";"Edificio Lircay de la Universidad de Talca, Calle 19 Norte, 1665";"Talca";"Región del Maule";"L1";"Cerrada";"La Universidad de Talca requiere el servicio de instalación de puntos de red en dependencias del Centro de Simulación Clínica de la Universidad de Talca, ubicado en Avenida San Miguel N° 3846, Talca.-";2025-04-01T17:08:59.55;2025-04-09T15:00:00;2025-04-11T17:00:00;6000000;"CLP";0;0
2996-28-L125;"Insumos de laboratorio clínico";"I MUNICIPALIDAD DE MONTEPATRIA";"69.040.800-7";"Salud";"Calle Balmaceda #99";"Monte Patria";"Región de Coquimbo";"L1";"Cerrada";"Compra de insumos de uso en laboratorio clínico comunal";2025-04-03T16:29:27.613;2025-04-09T15:00:00;2025-04-24T17:30:00;;"CLP";0;0
1057492-47-LE25;"SUMINISTRO DE CIRCUITOS PARA VENTILADORES MECÁNICO";"HOSPITAL ORIENTE DR LUIS TISNE BROUSSE";"61.959.800-8";"HOSPITAL ORIENTE DR LUIS TISNE BROUSSE";"";"";"Región Metropolitana de Santiago";"LE";"Cerrada";"SUMINISTRO DE CIRCUITOS PARA VENTILADORES MECÁNICOS";2025-03-28T12:06:00;2025-04-09T15:00:00;2025-06-09T15:00:00;;"CLP";0;0
3545-10-L125;"ARRIENDO DE IMPRESORAS TERMICAS";"COMANDO DE APOYO A LA FUERZA";"65.273.020-5";"Centro Clínico Militar Valdivia - CCM Valdivia";"Av. Bernardo O'Higgins 750, Temuco.";"Temuco";"Región de la Araucanía";"L1";"Cerrada";"El Centro Clínico Militar “Valdivia”, en adelante CCM “Valdivia”, requiere suscribir un contrato de arriendo de 7 impresoras térmicas  con entrega de equipos para el CCM “Valdivia”";2025-04-03T16:43:27.627;2025-04-09T15:00:00;2025-04-22T13:50:00;3050000;"CLP";0;0
3275-5-LQ25;"Servicio de Aseo Cuartel Prolad";"POLICIA DE INVESTIGACIONES DE CHILE";"60.506.000-5";"LOGISTICA VALPARAISO";"Uruguay 174";"Valparaíso";"Región de Valparaíso";"LQ";"Cerrada";"Contratación del Servicio de Aseo Integral para el Cuartel que alberga la Prefectura Provincial Los Andes de la Policía de Investigaciones de Chile";2025-03-25T17:59:13.953;2025-04-09T15:00:00;2025-04-24T15:00:00;210000000;"CLP";0;0
3469-24-LQ25;"HABILIT.CEMENTARIO MUNICIPAL COMUNA DE CHANCO IMC";"I MUNICIPALIDAD DE CHANCO";"69.120.300-k";"DEPTO. DE FINANZAS";"Abdón Fuentealba 334";"Chanco";"Región del Maule";"LQ";"Cerrada";"HABILITACION CEMENTARIO MUNICIPAL, COMUNA DE CHANCO, DEPTO. DE SECPLA, IMCH. SEGUN BASES.";2025-03-19T18:00:59.447;2025-04-09T15:00:00;2025-05-22T18:30:00;154422255;"CLP";0;0
2408-67-L125;"ADQUISICIÓN DE MATERIAL PARA SALA CUNA JARDIN INFANTIL MANITOS DE AMOR - SECCIÓN NIÑOS 2025.";"I MUNICIPALIDAD DE LOS ANGELES";"69.170.100-K";"IMUNI_LOSANGELES ADQUISICIONES";"COLO COLO N¬0455";"Los Angeles";"Región del Biobío";"L1";"Cerrada";"ADQUISICIÓN DE MATERIAL PARA SALA CUNA JARDIN INFANTIL MANITOS DE AMOR - SECCIÓN NIÑOS 2025.";2025-04-01T09:28:00;2025-04-09T15:00:00;2025-05-09T16:00:00;4500000;"CLP";0;0
1380-82-LP25;"PPTA 134-25 ADQUISICION DE BOSUTINIB";"HOSPITAL DOCTOR HERNAN HENRIQUEZ ARAVENA";"61.602.232-6";"HOSPITAL DOCTOR HERNAN HENRIQUEZ ARAVENA";"Manuel Montt 115";"Temuco";"Región de la Araucanía";"LP";"Cerrada";"La adquisición de los medicamentos requeridos por intermediación de la Central de Abastecimiento CENABAST, se activarán toda vez que se presente un incumplimiento, y para el Stock bodega. Estos serán suministrados a los pacientes del recinto de Salud, todo en concordancia al Plan Compras y Contrataciones año 2025 PAC, Bases Administrativas y Técnicas, Requerimientos técnicos, detallados en el Anexo Nº 2 y otros anexos que constituyen el referido llamado a licitación.";2025-03-20T15:41:06.83;2025-04-09T15:00:00;2025-07-08T18:00:00;108000000;"CLP";0;0
434-24-LE25;"CONTRATO DE SUMINISTRO DE ARIDOS MEMO N 30 ADMINISTRACION MOVILIZACION";"I MUNICIPALIDAD DE CAUQUENES";"69.120.400-6";"Adquisiciones";"BODEGA MUNICIPAL";"Cauquenes";"Región del Maule";"LE";"Cerrada";"CONTRATO DE SUMINISTRO ARIDOS PARA LA REPARACION DE CALLES SIN PAVIMENTACION, CAMINOS URBANOS Y RURALES DE LA COMUNA DE CAUQUENES, SEGUN MEMO N 30 ADMINISTRADOR MUNICIPAL (MOVILIZACION)";2025-04-02T15:42:18.14;2025-04-09T15:00:00;2025-04-29T16:30:00;16000000;"CLP";0;0
1149-8-O125;"CONSERV. CON REFUERZO DE RIBERA RÍO JEINIMENI 2";"MINISTERIO DE OBRAS PUBLICAS DIREC CION GRAL DE OO PP DCYF";"61.202.000-0";"Dirección de Obras Hidráulicas  - XI Región";"Riquelme 465 Block B piso 3";"Coyhaique";"Región Aysén del General Carlos Ibáñez del Campo";"O1";"Cerrada";"CONSERVACIÓN CON REFUERZO Y CARGA DE RIBERA RÍO JEINIMENI 2,                      COMUNA DE CHILE CHICO";2025-03-20T08:49:23.573;2025-04-09T15:00:00;2025-04-30T15:00:00;;"CLP";0;0
5668-1-L125;"SUMINISTRO  BIDONES Y DISPENSADORES DE AGUA PURIFICADA";"MINISTERIO DE OBRAS PUBLICAS DIREC CION GRAL DE OO PP DCYF";"61.202.000-0";"SEREMI LOS RIOS";"YUNGAY 621";"Valdivia";"Región de Los Ríos";"L1";"Cerrada";"La Seremi MOP los Ríos, requiere un Convenio de precios para el suministro de  bidones y dispensadores de agua purificada, para el Ministerio de Obras Públicas, Región de los Ríos para el periodo desde el 1 de mayo de 2025 al 30 de abril 2027";2025-03-28T16:43:29.973;2025-04-09T15:00:00;2025-04-17T22:00:00;3000000;"CLP";0;0
1057489-135-LE25;"Adquisición de seis 06 UPS para Pabellones e Informática del Hospital del Salvado";"SERVICIO DE SALUD ORIENTE HOSPITAL DEL SALVADOR";"61.608.406-2";"Bienes y Servicios";"AV SALVADOR 364";"Providencia";"Región Metropolitana de Santiago";"LE";"Cerrada";"Que, el Hospital del Salvador necesita contar con la “Adquisición de seis (06) UPS para Pabellones e Informática del Hospital del Salvador” con la finalidad de respaldar eléctricamente las intervenciones quirúrgicas de los pacientes del Hospital Que, por la cuantía determinada, la presente licitación se ubica en el tramo para aquellas contrataciones iguales o superiores a 100 UTM e inferiores a 1.000 UTM, en conformidad al Artículo 36º del Reglamento de la Ley Nº19.886";2025-04-02T10:11:04.733;2025-04-09T15:00:00;2025-07-10T16:00:00;26000000;"CLP";0;0
3676-4-LE25;"ESTUDIO DE CLASIFICACIÓN SISMICA DE SUELOS";"I MUNICIPALIDAD DE PETORCA";"69.050.500-2";"SECPLAC";"Silva 225";"Petorca";"Región de Valparaíso";"LE";"Cerrada";"En el contexto del desarrollo del estudio de prefactibilidad denominado “Reposición CESFAM Chincolco” comuna de Petorca, se hace necesario realizar a la brevedad el estudio de clasificación sísmica de suelos, mediante ensayos de exploración geofísica en terreno Media luna PCBR 37-92 Población O’Higgins.";2025-03-27T13:39:53.803;2025-04-09T15:00:00;2025-04-21T17:30:00;;"CLP";0;0
3983-18-LE25;"SERVICIOS PROFESIONALES PARA CONVENIO REHABILITACIÓN INTEGRAL";"I MUNICIPALIDAD DE PAREDONES";"69.090.900-6";"Salud";"Avda. Dr. Moore 15";"Paredones";"Región del Libertador General Bernardo O´Higgins";"LE";"Cerrada";"SERVICIOS PROFESIONALES PARA CONVENIO REHABILITACIÓN INTEGRAL";2025-03-31T17:01:26.26;2025-04-09T15:00:00;2025-04-21T13:22:00;;"CLP";0;0
3983-14-LE25;"SERVICIOS PROFESIONALES CONVENIO MÁS ADULTOS MAYORES AUTOVALENTES";"I MUNICIPALIDAD DE PAREDONES";"69.090.900-6";"Salud";"Avda. Dr. Moore 15";"Paredones";"Región del Libertador General Bernardo O´Higgins";"LE";"Cerrada";"SERVICIOS PROFESIONALES CONVENIO MÁS ADULTOS MAYORES AUTOVALENTES";2025-03-31T16:58:48.15;2025-04-09T15:00:00;2025-04-21T20:00:00;;"CLP";0;0
3983-16-LE25;"SERVICIOS PROFESIONALES PARA CONVENIOS ODONTOLÓGICOS";"I MUNICIPALIDAD DE PAREDONES";"69.090.900-6";"Salud";"Avda. Dr. Moore 15";"Paredones";"Región del Libertador General Bernardo O´Higgins";"LE";"Cerrada";"SERVICIOS PROFESIONALES PARA CONVENIOS ODONTOLÓGICOS";2025-03-31T16:59:44.37;2025-04-09T15:00:00;2025-04-21T20:00:00;;"CLP";0;0
3948-9-LE25;"ADQUISICIÓN TINTAS Y TÓNER";"I MUNICIPALIDAD DE NAVIDAD";"69.073.800-7";"Unidad de Adquisiciones";"Plaza General  Bonilla 24";"Navidad";"Región del Libertador General Bernardo O´Higgins";"LE";"Cerrada";"ADQUISICIÓN TINTAS Y TÓNER";2025-03-26T17:40:56.03;2025-04-09T15:00:00;2025-05-09T18:00:00;;"CLP";0;0
889-6-LE25;"Conservación Estac. Meteo prov T Fuego y Antártica";"MINISTERIO DE OBRAS PUBLICAS DIREC CION GRAL DE OO PP DCYF";"61.202.000-0";"Dirección General de Aguas - XII Región";"Croacia 722, piso 6";"Punta Arenas";"Región de Magallanes y de la Antártica";"LE";"Cerrada";"Se requiere la conservación de las estaciones meteorológicas Río Side en Cerro Sombrero, Porvenir, Onaisín en Ma. Cristina, Río Caleta en Tierra del Fuego, San Sebastián, Russfin, Lago Deseado, Puerto Yartou, Lago Blanco, Río Grande en Tierra del Fuego, Puerto Navarino y Puerto Toro.";2025-03-27T11:53:46.167;2025-04-09T15:00:00;2025-04-28T15:00:00;;"CLP";0;0
889-7-LE25;"Conserv Est. Meteo Prov U. Esperanza y Magallanes";"MINISTERIO DE OBRAS PUBLICAS DIREC CION GRAL DE OO PP DCYF";"61.202.000-0";"Dirección General de Aguas - XII Región";"Croacia 722, piso 6";"Punta Arenas";"Región de Magallanes y de la Antártica";"LE";"Cerrada";"Se requiere la conservación de las estaciones meteorológicas Puerto Edén, Cerro Castillo, Lago grey, Río Tyndall en desembocadura, río Serrano en desembocadura, río San Juan en desembocadura, río Penitente en Morro Chico y Monte Aymond";2025-03-27T11:54:06.607;2025-04-09T15:00:00;2025-04-28T15:00:00;;"CLP";0;0
762-5-LE25;"IMPLEMENTACIÓN DE UNA SOLUCIÓN HARDWARE Y SOFTWARE";"FONDO DE SOLIDARIDAD E INVERSION SOCIAL";"60.109.000-7";"C - Subdireccion Administracion y Finanzas SAF";"Merced Nº 480 piso 5º";"Santiago Centro";"Región Metropolitana de Santiago";"LE";"Cerrada";"Adquirir una solución integrada e implementar una plataforma de virtualización basada en software y hardware para la migración de 20 máquinas productivas virtuales desde VMware a Proxmox, asegurando alta disponibilidad, eficiencia operativa y compatibilidad con el almacenamiento distribuido SDS Ceph Cluster del FOSIS.";2025-03-27T08:12:33.94;2025-04-09T15:00:00;2025-04-17T18:30:00;16500000;"CLP";0;0
3232-10-LE25;"SISTEMA DE MONITOREO SATELITAL – GPS - PARA FLOTA VEHICULAR MUNICIPAL";"I MUNICIPALIDAD DE SANTO DOMINGO";"69.073.500-8";"I MUNICIPALIDAD DE SANTO DOMINGO";"PLAZA DEL CABILDO S/NUMERO";"Santo Domingo";"Región de Valparaíso";"LE";"Cerrada";"SISTEMA DE MONITOREO SATELITAL – GPS - PARA FLOTA VEHICULAR MUNICIPAL";2025-03-12T15:24:00;2025-04-09T15:00:00;2025-04-18T19:00:00;53000000;"CLP";0;0
3508-21-LE25;"CONVENIO DE SUMINISTRO DE IMPRENTA";"I MUNICIPALIDAD DE CHONCHI";"69.230.500-0";"Dirección de Administración y Finanzas";"Pedro Montt 254";"Chonchi";"Región de los Lagos";"LE";"Cerrada";"La Ilustre Municipalidad de Chonchi, en adelante “La Municipalidad” por intermedio de la Oficina de Adquisiciones, mediante el presente documento, llama a Licitación Pública para la realización del “Convenio de Suministro Sin Emisión Automática de Orden de Compra de servicios de Imprenta para la I. Municipalidad de Chonchi”, con la finalidad de proveer de estos servicios a las diversas dependencias y departamentos municipales.";2025-03-28T12:48:18.23;2025-04-09T15:00:00;2025-04-18T18:40:00;;"CLP";0;0
996-38-LE25;"Arriendo horas camión algibe Provincia Choapa";"MINISTERIO DE OBRAS PUBLICAS DIREC CION GRAL DE OO PP DCYF";"61.202.000-0";"Dirección de Vialidad - IV Región - Dirección Regional";"Cirujano Videla # 200 piso 1";"La Serena";"Región de Coquimbo";"LE";"Cerrada";"Para trabajos de conservación en sectores El Talhuén, Rinconada y Yerba Loca";2025-03-28T11:28:31.97;2025-04-09T15:00:00;2025-04-30T15:00:00;28560000;"CLP";0;0
1126920-16-LQ25;"CONSERVACIÓN JARDIN INFANTIL RAYITO DE LUNACOMUNA DE SAN FERNANDO DEL SERVICIO LOCAL DE EDUCACIÓN PÚBLICA DE COLCHAGUA";"SERVICIO LOCAL DE EDUCACION PUBLICA DE COLCHAGUA";"62.000.790-0";"UNIDAD DE ADQUISICIONES";"Casa Central SLEP - Chillán N°894, San Fernando";"San Fernando";"Región del Libertador General Bernardo O´Higgins";"LQ";"Cerrada";"CONSERVACIÓN JARDIN INFANTIL RAYITO DE LUNA,COMUNA DE SAN FERNANDO DEL SERVICIO LOCAL DE EDUCACIÓN PÚBLICA DE COLCHAGUA";2025-03-12T13:37:16.97;2025-04-09T15:00:00;2025-04-23T15:30:00;;"CLP";0;0
5737-9-LP25;"SERVICIO ATENCION MEDICA TRAUMATOLOGIA";"JUNTA NACIONAL DE AUXILIO ESCOLAR Y BECA";"60.908.000-0";"Junaeb Región de Los Ríos";"Avenida Ramón Picarte 1840";"Valdivia";"Región de Los Ríos";"LP";"Cerrada";"SERVICIO DE ATENCIÓN MÉDICA EN EL ÁREA DE TRAUMATOLOGÍA PARA EL PROGRAMA DE SERVICIOS MÉDICOS AÑO 2025-2026-2027 PARA LA REGIÓN DE LOS RÍOS.";2025-03-19T12:50:23.043;2025-04-09T14:26:00;2025-04-29T14:27:00;;"CLP";0;0
701426-8-L125;"SERVICIO DE PRODUCTORA PARA ACTIVIDAD MUNICIPAL: SHOW INFANTIL DEL CONEJO Y SUS AMIGOS, COLLIPULLI 2025.";"I MUNICIPALIDAD DE COLLIPULLI";"69.180.500-k";"UNIDAD DIDECO";"Bulnes 330";"Collipulli";"Región de la Araucanía";"L1";"Cerrada";"La municipalidad de Collipulli, a través de este documento, invita a participar en la Licitación Pública para la contratación de SERVICIO DE PRODUCTORA PARA ACTIVIDAD MUNICIPAL: SHOW INFANTIL DEL CONEJO Y SUS AMIGOS, COLLIPULLI 2025. de acuerdo con las bases técnicas. (BT)";2025-04-03T11:47:11.333;2025-04-09T14:19:00;2025-04-23T17:00:00;2000000;"CLP";0;0
4337-9-L125;"CS Mantencion de calderas CESFAM Rco. y CECOSF T.";"I MUNICIPALIDAD DE RENAICO";"69.180.400-3";"Consultorio - Farmacia";"Cornelio Olsen N° 398";"Renaico";"Región de la Araucanía";"L1";"Cerrada";"La necesidad de generar convenio de suministro para realizar mantenciones preventivas y correctivas a calderas de CESFAM Renaico y CECOSF Tijeral.";2025-04-02T12:47:35.383;2025-04-09T14:04:00;2025-04-10T14:05:00;;"CLP";0;0
2785-11-LE25;"SOMOS BARRIOS CORREDORES MÁS SEGUROS";"I MUNICIPALIDAD DE SAN PEDRO DE LA PAZ";"69.264.800-5";"I MUNICIPALIDAD DE SAN PEDRO DE LA PAZ";"LOS ACACIOS  43";"San Pedro de La Paz";"Región del Biobío";"LE";"Cerrada";"El proyecto consiste en el fortalecimiento de luminarias existentes a través de la instalación de puntos de Luminaria Peatonal LED y Proyectores LED de Área, en calles y avenidas comprendidas en el polígono del Programa Somos Barrio de San Pedro de La Paz, programa de la Subsecretaria de Prevención del Delito, cuyo objetivo está asociado a la reducción de la victimización, las condiciones de violencia y la percepción de inseguridad en barrios residenciales altamente vulnerables desde el punto de vista socio-delictual.  Esta obra de confianza, espera poder fortalecer los circuitos peatonales del territorio ofreciendo corredores más seguros para el desplazamiento de los habitantes del sector, contemplando la adquisición e instalación de 186 nuevos puntos de luminarias led y el recambio de otros 23puntos.";2025-03-25T11:15:35.46;2025-04-09T14:00:00;2025-07-08T18:30:00;50666243;"CLP";0;0
608-43-LP25;"ADQUISICION DE INSUMOS CLINICOS";"HOSPITAL DR GUSTAVO FRICKE DE VINA DEL MAR";"61.606.602-1";"Hospital Dr. Gustavo Fricke";"Traslaviña 1939";"Pedro Aguirre Cerda";"Región de Valparaíso";"LP";"Cerrada";"ADQUISICION DE INSUMOS CLINICOS";2025-03-19T11:52:10.21;2025-04-09T14:00:00;2025-06-06T14:00:00;;"CLP";0;0
2794-53-LQ24;"Const. Alcantarillado Vilcuya-Bocatoma Los Andes";"MUNICIPALIDAD DE LOS ANDES";"69.051.100-2";"Secretaria Comunal de Planificación";"Esmeralda 536";"Los Andes";"Región de Valparaíso";"LQ";"Cerrada";"Construccion Sistema Alcantarillado Sector Vilcuya-Bocatoma, Los Andes. Codigo BIP: 40017092-0";2025-03-17T16:08:44.68;2025-04-09T14:00:00;2025-05-16T17:00:00;;"CLP";0;0
3390-13-LE25;"Servicio de Reparación de Camarines";"COMANDO DE APOYO A LA FUERZA";"61.962.500-5";"Brigada Motorizada Nº 4 Rancagua - BRIMOT N 4";"Velasquez   1750";"Arica";"Región de Arica y Parinacota";"LE";"Cerrada";"Adquisición del servicio para el Mantenimiento y Reparación de las dependencias de la Brigada Motorizada N.º4 “Rancagua”, con ello mantener en óptimas condiciones sus inmuebles y su habitabilidad";2025-03-26T15:57:04.79;2025-04-09T14:00:00;2025-04-14T17:00:00;;"CLP";0;0
2380-29-LE25;"ADQUISICION DE TONER STOCK BODEGA OS 138045";"I MUNICIPALIDAD DE COPIAPO";"69.030.200-4";"DEPARTAMENTO DE ABASTECIMIENTO";"CHACABUCO 857";"Copiapó";"Región de Atacama";"LE";"Cerrada";"ADQUISICION DE TONER STOCK BODEGA OS 138045";2025-04-03T18:40:36.16;2025-04-09T14:00:00;2025-04-23T20:00:00;30000000;"CLP";0;0
2490-27-LE25;"ADQUISICIÓN DE ROPA DE OFICINA PARA FUNCIONARIOS Y FUNCIONARIAS DE LA MUNICIPALIDAD DE PROVIDENCIA AÑO 2025";"I MUNICIPALIDAD DE PROVIDENCIA";"69.070.300-9";"Dirección de Secpla";"Av. Pedro de Valdivia 963";"Providencia";"Región Metropolitana de Santiago";"LE";"Cerrada";"La Municipalidad de Providencia requiere contratar la “ADQUISICIÓN DE ROPA DE TRABAJO DE OFICINA PARA FUNCIONARIOS Y FUNCIONARIAS DE LA MUNICIPALIDAD DE PROVIDENCIA AÑO 2025”, para las temporadas otoño-invierno y primavera-verano correspondientes al año 2025.  Dicha ropa de trabajo de oficina, deberá reflejar la imagen institucional del Municipio, por lo tanto, es fundamental que esta vaya en sintonía de los valores institucionales del servicio y que las prendas propuestas brinden comodidad, seguridad y confianza a los funcionarios y funcionarias. Las condiciones especiales de la presente licitación, las características y detalles de la ejecución de los servicios, serán las indicadas en las Bases Administrativas Generales (Decreto Ex. N°1332/2024), en las presentes Bases Administrativas Especiales y Bases Técnicas, y serán publicadas a través de la plataforma del Portal Mercado Público www.mercadopublico.cl en adelante el Portal. La presenta propuesta pública considera 2 líneas diferenciadas de adquisición, por lo tanto, los proveedores podrán ofertar por ambas líneas o por una de ellas, siendo fundamental que en las líneas a las cuales postule, oferte por todos los ítems que la componen.";2025-03-19T17:34:40.25;2025-04-09T13:30:00;2025-05-13T20:00:00;54000000;"CLP";0;0
803-6-LE25;"Muestra de artesanos indígenas región antofag 2025";"CORP NACIONAL DE DESARROLLO INDIGENA";"72.396.000-2";"O.A.I. San Pedro de Atacama  CONADI";"Abaroa   1990";"Calama";"Región de Antofagasta";"LE";"Cerrada";"Realización de dos muestras de artesanos indígenas en la comunidad de San Pedro de Atacama, con un mínimo de 50 artesanos y con la realización de talleres cultural de los mismos oficios y lengua, durante 2 días y medio";2025-03-31T15:11:50.42;2025-04-09T13:30:00;2025-04-24T18:00:00;;"CLP";0;0
514848-14-LE25;"“contrato de suministro servicio de amplificación";"I MUNICIPALIDAD DE LAUTARO";"69.190.100-9";"Educacion";"MANUEL RODRIGUEZ N° 850";"Lautaro";"Región de la Araucanía";"LE";"Cerrada";"1.	Que el Departamento de Educación requiere “contrato de suministro servicio de amplificación, e iluminación, arriendo de pantalla led y escenario” para ser utilizados en las diferentes actividades de las diferentes   unidades educativas y D.A.E.M. 2.	Que, el servicio público mandante se encuentra facultado para efectuar licitación o propuesta pública en amparo a las disposiciones de la ya citada Ley 19.886. por consiguiente, mediante el presente acto aprobatorio se autorizan las Bases Administrativas elaboradas y que contienen los requerimientos para contratar los servicios. 3.	Las normativas legales vigentes contenidas en la Ley de Compras públicas y su Reglamento bajo las cuales se rige el proceso de licitación pública, de libre concurrencia e igualdad ante las bases a los cuales se someten los participantes, bajo entera responsabilidad y asumidos ser conocedores de los requerimientos. 4.	Que, en virtud de lo solicitado, la unidad de finanzas certificó, mediante certificado de disponibilidad presupuestaria N°1827 de fecha 17.12.2024 que el requerimiento cuenta con disponibilidad presupuestaria para su ejecución. 5.	Que habiéndose revisado previamente los convenio marcos respectivos no se encuentra el producto y servicio asociado, por lo tanto, se hace necesario el llamado a licitación pública de la presente contratación.";2025-03-31T12:26:32.757;2025-04-09T13:22:00;2025-04-11T13:23:00;;"CLP";0;0
4939-4-L125;"Software Gestión Escolar Liceo Peninsular Ayacara";"I MUNICIPALIDAD DE CHAITEN";"69.231.100-0";"DEPARTAMENTO DE EDUCACION MUNICIPAL";"Pedro Aguirre Cerda N° 398";"Chaitén";"Región de los Lagos";"L1";"Cerrada";"Adquisición de Software de Gestión Escolar para el Liceo Peninsular Ayacara por el Programa Sep 2025.";2025-04-03T11:58:08.12;2025-04-09T13:19:00;2025-04-10T13:20:00;;"CLP";0;0
3718-1-LE25;"Convenio Suministro Materiales y Utiles de Aseo";"I MUNICIPALIDAD DE PUMANQUE";"69.090.800-K";"Departamento de Salud Municipal";"Luis Antonio Baraona #120";"Pumanque";"Región del Libertador General Bernardo O´Higgins";"LE";"Cerrada";"El Departamento de Salud Municipal de Pumanque, requiere realizar un convenio de suministro para la adquisicion de materiales y utiles de aseo periodo 2025, con objetivo abastecer las distintas areas y dar continuidad al trabajo del Departamento.";2025-04-02T15:47:02.887;2025-04-09T13:00:00;2025-04-14T12:00:00;;"CLP";0;0
2467-40-L125;"ADQUISICIÓN DE MICROCHIP DE INDENTIFICACIÓN";"I MUNICIPALIDAD DE CHILLAN";"69.140.900-7";"IMUNI_CHILLAN ADQUISICIONES";"18 de Septiembre 510";"Chillán";"Región del Ñuble";"L1";"Cerrada";"La Municipalidad de Chillán a través de su dirección de Medio Ambiente, Aseo y Ornato requiere la “ADQUISICIÓN DE MICROCHIP DE INDENTIFICACIÓN”. Para el control de perros vagos.";2025-04-02T10:58:49.943;2025-04-09T12:40:00;2025-04-29T12:41:00;2100000;"CLP";0;0
568658-8-LE25;"SERVICIOS DE CONTRATACIÓN DE ATENCIONES MÉDICAS DE ESTUDIANTES DEL PROGRAMA DE INTEGRACIÓN ESCOLAR PIE AÑO 2025";"CORPORACION MUNICIPAL VINA DEL MAR PARA EL DESARROLLO SOCIAL";"70.872.300-2";"CORPORACION MUNICIPAL VINA DEL MAR PARA EL DESARRO";"";"";"Región de Valparaíso";"LE";"Cerrada";"La presente licitación pública N° 568658-8-LE25, tiene por objeto la evaluación médica en forma individual de estudiantes del Programa de Integración Escolar PIE, pertenecientes a 46 Establecimientos Educacionales que cuentan con este Programa y estudiantes pertenecientes a 3 Escuelas Especiales.";2025-04-04T11:38:17.863;2025-04-09T12:31:00;2025-04-11T12:00:00;;"CLP";0;0
3797-22-LE25;"CONVENIO SUMINISTRO ALIMENTOS PREPARADOS";"I MUNICIPALIDAD DE COCHRANE";"69.254.500-1";"I MUNICIPALIDAD DE COCHRANE";"calle esmeralda 398";"Cochrane";"Región Aysén del General Carlos Ibáñez del Campo";"LE";"Cerrada";"1.	La necesidad de la Ilustre Municipalidad de Cochrane de realizar un convenio de suministro de ALIMENTOS PREPARADOS para llevar a cabo diferentes actividades realizadas por la Dirección de Desarrollo Comunitario    2.	Que para tales efectos la Ilustre Municipalidad de Cochrane cuenta con el presupuesto para el financiamiento de la presente contratación de acuerdo a lo señalado en el Certificado de Disponibilidad presupuestaria  emitido por el Departamento de Administración y Finanzas.";2025-04-01T09:32:53.773;2025-04-09T12:17:00;2025-04-17T12:18:00;30000000;"CLP";0;0
3797-23-LE25;"CONVENIO SUMINSITRO DIFUSION MARKETING Y PREMIOS";"I MUNICIPALIDAD DE COCHRANE";"69.254.500-1";"I MUNICIPALIDAD DE COCHRANE";"calle esmeralda 398";"Cochrane";"Región Aysén del General Carlos Ibáñez del Campo";"LE";"Cerrada";"1.	La necesidad de la Ilustre Municipalidad de Cochrane de realizar un convenio de suministro de  elementos de  DIFUSION -MARKETING-PREMIOS”  para distintas unidades municipales. 2.	Que para tales efectos la Ilustre Municipalidad de Cochrane cuenta con el presupuesto para el financiamiento de la presente contratación de acuerdo a lo señalado en el Certificado de Disponibilidad presupuestaria  emitido por el Departamento de Administración y Finanzas";2025-04-01T15:34:20.487;2025-04-09T12:15:00;2025-04-14T12:16:00;;"CLP";0;0
4162-13-L125;"COMPRA DE MEDICAMENTOS PARA AMBOS CESFAM DE LA COM";"I MUNICIPALIDAD DE DONIHUE";"69.080.600-2";"Salud";"Dr.Sanhueza S/N";"Doñihue";"Región del Libertador General Bernardo O´Higgins";"L1";"Cerrada";"Se requiere licitar la compra de Medicamentos  para Cesfam Doñihue y Lo Miranda que son fundamental para el normal funcionamiento en las atenciones de pacientes.";2025-04-02T10:17:02.67;2025-04-09T12:06:00;2025-04-21T15:07:00;;"CLP";0;0
3712-16-LP25;"SERVICIO DE MONITOREO DE LA CENTRAL DE CÁMARAS";"I MUNICIPALIDAD DE LOS VILOS";"69.041.500-3";"Finanzas";"Lincoyan N°255";"Los Vilos";"Región de Coquimbo";"LP";"Cerrada";"La Dirección de Seguridad Publica de la Municipalidad de Los Vilos, por intermedio de la unidad de Adquisiciones, solicita iniciar un proceso de licitación correspondiente al servicio de monitoreo de cámaras del Municipio de Los Vilos, con el objeto de procurar la seguridad de los ciudadanos de la Comuna de Los Vilos.";2025-03-25T11:44:55.363;2025-04-09T12:00:00;2025-04-30T12:00:00;;"CLP";0;0
2660-18-LE25;"Auditoria Externa Financiera y Presupuestaria IMA";"I MUNICIPALIDAD DE ANCUD";"69.230.100-5";"Secretaria Comunal de Planificaciòn";"Blanco Encalada   660";"Ancud";"Región de los Lagos";"LE";"Cerrada";"Servicio de Auditoria Externa, financiera y presupuestaria para la Ilustre Municipalidad de Ancud.";2025-03-26T11:52:21.34;2025-04-09T12:00:00;2025-04-18T12:00:00;;"CLP";0;0
561704-12-LE25;"ASESORÍA Y CAPACITACIÓN EN LECTO ESCRITURA D-58";"CORP MUNICIPAL DE DESARROLLO SOCIAL DE A";"71.102.600-2";"UNIDAD TÉCNICA DIRECCIÓN DE EDUCACIÓN";"AVENIDA ARGENTINA 1595 – II PISO - Región de Antof";"Antofagasta";"Región de Antofagasta";"LE";"Cerrada";"complementar proceso de licitación que sustenta las bases administrativas, estas reglamentan la operatoria mínima necesaria para la correcta ejecución del servicio y además cautelar un estricto cumplimiento del contrato. Es decir, detalla y regula el contrato de Asesoría y Capacitación en el Desarrollo de la Lecto-Escritura, para la Escuela Japón D-58, perteneciente a la Corporación Municipal de Desarrollo Social de Antofagasta, además, formar y acompañar a lideres y docentes en la implementación de prácticas comunes de enseñanza efectiva de la lectura y escritura, basadas en evidencias y principios de aprendizajes.";2025-03-21T15:29:00;2025-04-09T12:00:00;2025-04-21T17:00:00;;"CLP";0;0
712307-16-LE25;"Consultoría Servicios de Apoyo Fiscalización Técnico de Obras Comité Campos del Sur 2";"SERVICIO DE VIVIENDA Y URBANIZACION IX REGION";"61.821.000-6";"Licitaciones y Costos";"O'Higgins 830";"Temuco";"Región de la Araucanía";"LE";"Cerrada";"Se requiere contratar perfil de Ingeniero Constructor o Constructor Civil para Servicios de apoyo a la Fiscalización Técnico de Obra";2025-03-26T10:03:33.897;2025-04-09T12:00:00;2025-05-09T15:00:00;34000000;"CLP";0;0
2215-8-LP25;"SERVICIO LABORATORIO DENTAL CONFECCION PROTESIS";"SERVICIO DE SALUD ANTOFAGASTA HOSP C CIS";"61.606.202-6";"Hospital Carlos Cisternas de Calama";"dipresrecepcion@custodium.com";"Antofagasta";"Región de Antofagasta";"LP";"Cerrada";"SERVICIO DE LABORTORIO DENTAL PARA CONFECCION DE PROTESIS SOBRE IMPLANTES Y OTROS SERVICIOS, PARA EL HOSPITAL CARLOS CISTERNAS DE CALAMA.";2025-03-20T12:13:00;2025-04-09T12:00:00;2025-05-14T14:00:00;105000000;"CLP";0;0
1057501-87-LE25;"CONVENIO INSUMOS PABELLONES";"COMPLEJO ASISTENCIAL DR. SOTERO DEL RIO";"61.608.502-6";"COMPLEJO ASISTENCIAL DR. SOTERO DEL RIO";"";"";"Región Metropolitana de Santiago";"LE";"Cerrada";"DAR CONTINUIDAD A LA ATENCION DE PACIENTES";2025-03-25T13:41:00;2025-04-09T12:00:00;2025-05-30T15:00:00;;"CLP";0;0
1504-9-O125;"Conservación Colector Francia";"MINISTERIO DE OBRAS PUBLICAS DIREC CION GRAL DE OO PP DCYF";"61.202.000-0";"Dirección de Obras Hidráulicas  - V Región";"Campamento Embalse Aromos Sector Tabolango, Limache";"Limache";"Región de Valparaíso";"O1";"Cerrada";"Conservación Colector Francia, Red Primaria de Evacuación y Drenaje de Aguas Lluvias de la comuna de Valparaíso, Provincia y Región de Valparaíso.";2025-03-26T14:09:36.07;2025-04-09T12:00:00;2025-05-30T14:00:00;;"CLP";0;0
1069417-24-LE25;"COMPRA DE FÁRMACOS PARA COSAM CHILLÁN";"I MUNICIPALIDAD DE CHILLAN";"69.270.200-k";"Dirección  de Salud Municipal Chillán";"BULNES 661";"Chillán";"Región del Ñuble";"LE";"Cerrada";"La necesidad de adquirir fármacos para COSAM Chillán dependiente de la Dirección de Salud Municipal de Chillán para la “COMPRA DE FÁRMACOS PARA COSAM DEPENDIENTE DE LA DIRECCIÓN DE SALUD MUNICIPAL DE CHILLAN”";2025-04-04T10:15:23.6;2025-04-09T12:00:00;2025-05-30T12:00:00;59507650;"CLP";0;0
29-19-LE25;"99-010-030 AFL030 - ADQUISICIÓN DE FILTROS PARA LAS INSTALACIONES DE COMBUSTIBLE DE LA FUERZA AÉREA DE CHILE";"FUERZA AEREA DE CHILE COMANDO LOGISTICO";"61.103.035-5";"Comando Logístico";"GRUPO DE ABASTECIMIENTO - FACH, GRAN AVENIDA PARADERO 37 1/2 CALLE JULIO CAÑAS S/N, COMUNA EL BOSQUE";"El Bosque";"Región Metropolitana de Santiago";"LE";"Cerrada";"ADQUISICIÓN DE FILTROS PARA LAS INSTALACIONES DE COMBUSTIBLE DE LA FUERZA AÉREA DE CHILE";2025-03-26T10:25:59.473;2025-04-09T12:00:00;2025-06-16T16:30:00;;"USD";0;0
2583-73-L125;"SP N° 88/Adquis. de herramientas /Transito y t/ptg";"I MUNICIPALIDAD DE MAIPU";"69.070.900-7";"I. MUNI  MAIPU  DEPARTAMENTO DE ADQUISICIONES";"Por correo electrónico";"Las Condes";"Región Metropolitana de Santiago";"L1";"Cerrada";"Adquisición de herramientas para renovar y permitir realizar los trabajos de la unidad operativa entorno a la seguridad vial de la comuna.";2025-04-02T16:54:00;2025-04-09T12:00:00;2025-04-19T20:18:00;6000000;"CLP";0;0
625-1-LE25;"S.A. Nro. 99-029-030 DIV INFRA LICENCIAS AUTODESK";"FUERZA AEREA DE CHILE COMANDO LOGISTICO";"61.103.035-5";"Escuadrilla de Abastecimiento BALCE";"PEDRO AGUIRRE CERDA 5500";"Cerrillos";"Región Metropolitana de Santiago";"LE";"Cerrada";"SE REQUIERE ADQUIRIR EN EL MERCADO NACIONAL EL ARRIENDO DE LICENCIAS AUTODESK DOCS Y BUILD";2025-03-24T13:04:00;2025-04-09T12:00:00;2025-05-29T18:00:00;;"USD";0;0
4784-3-LE25;"Reproducción 3D de piezas óseas para el MUARSE";"SERVICIO NACIONAL DEL PATRIMONIO CULTURAL";"60.905.000-4";"MUSEO ARQUEOLOGICO DE LA SERENA";"Cordovez, esquina Cienfuegos";"La Serena";"Región de Coquimbo";"LE";"Cerrada";"Se necesita contratar Servicio de digitalización y reproducción 3D de piezas óseas que resguarda la institución con el fin de ser utilizados para talleres educativos y trabajos de precisión científica en laboratorio. Se requiere que la empresa que se adjudique la licitación trabaje en terreno en los laboratorios del Museo Arqueológico de La Serena. Además realice las labores de levantamiento, digitalización, modelado e impresión de 50 objetos óseos que el Museo proveerá en el lugar.";2025-03-28T11:45:37.533;2025-04-09T12:00:00;2025-04-16T17:30:00;;"CLP";0;0
2320-4-LE25;"CONTRATACIÓN SERVICIO TOMA E INFORME IMAGENES D";"I MUNICIPALIDAD DE SAN JAVIER";"69.130.100-1";"ADQUISICIONES SALUD MUNICIPAL";"Arturo Prat  N° 2490";"San Javier";"Región del Maule";"LE";"Cerrada";"Contratación servicio toma e informe  imágenes diagnósticas en APS 2025.    984 mamografías 50-69 295 mamografías otras edades con factores de riesgo  85 Proyecciones complementarias mismo examen Birad 0 y 3 121  Ecotomografías mamarias 50 a 69 años 297 Radiografías de pelvis 3 a 6 meses 70 Ecotomografías abdominales 35 a 49 años 135 Ecotomografías abdominales otras edades 286 Radiog. de tórax";2025-03-31T12:13:03.463;2025-04-09T11:34:00;2025-04-18T11:35:00;;"CLP";0;0
2378-14-LP25;"CONSTRUCCIÓN DE VEREDAS MANUTARA UV 11 LA FLORIDA";"I MUNICIPALIDAD DE LA FLORIDA";"69.070.700-4";"SECRETARIA DE PLANIFICACION";"AMERICO VESPUCIO 6886";"La Florida";"Región Metropolitana de Santiago";"LP";"Cerrada";"Las presentes bases reglamentan la propuesta pública denominada “CONSTRUCCIÓN DE VEREDAS MANUTARA ENTRE CALLES SANTA JULIA  ROJAS MAGALLANES U.V. N11”. La presente licitación tiene por objeto contratar la ejecución de obras consistente en la construcción de veredas Manutara para la urbanización entre Calles Santa Julia y Rojas Magallanes, tramo oriente, en la comuna de La Florida.";2025-03-12T18:44:54.363;2025-04-09T11:30:00;2025-08-07T23:59:00;71060611;"CLP";0;0
2789-16-L125;"INSTRUMENTOS MUSICALES - LICEO GREGORIO MORALES";"I MUNICIPALIDAD DE PAINE";"69.072.600-9";"DEPARTAMENTO DE EDUCACION MUNICIPAL";"LICEO ENRIQUE BERNSTEIN, AVDA. O HIGGINS N°541 PAINE";"Paine";"Región Metropolitana de Santiago";"L1";"Cerrada";"SE REQUIERE LA ADQUISICION DE INSTRUMENTOS MUSICALES PARA EL LICEO GREGORIO MORALES M., COMUNA DE PAINE. S/SOLICITUDES DE COMPRA N°81 Y 82/11.03.2025.";2025-04-03T13:09:11.337;2025-04-09T11:30:00;2025-04-18T17:55:00;5358472;"CLP";0;0
2917-11-LE25;"LABORATORIO PARA CONFECCION DE PROTESIS 2025";"I MUNICIPALIDAD DE RIO NEGRO";"69.210.302-5";"Salud";"Vicuña Mackenna 277";"Río Negro";"Región de los Lagos";"LE";"Cerrada";"LABORATORIO PARA CONFECCION DE PROTESIS 2025";2025-04-01T14:55:09.403;2025-04-09T11:00:00;2025-04-16T17:00:00;20940000;"CLP";0;0
3540-32-LE25;"SUMINISTRO E INSTALACIÓN DE SEÑALES CAMINERAS LAGO BROWN";"COMANDO DE APOYO A LA FUERZA";"61.101.037-0";"Cuerpo Militar del Trabajo Subjefatura Zonal Coyhaique";"Santo Domingo  3317";"Quinta Normal";"Región Aysén del General Carlos Ibáñez del Campo";"LE";"Cerrada";"La Subjefatura Zonal CMT “Coyhaique”, se encuentra ejecutando las obras del proyecto denominado “Construcción Conexión Vial Río Tranquilo – Lago Brown – Frontera, I Etapa, tramo DM 27.480 a DM 42.480 Provincia Capitán Prat, Región de Aysén”, ubicada a 420 Km de la ciudad de Coyhaique y a 15 km del campamento de faenas del CMT, por esta razón, se requiere el suministro e instalación de señales camineras verticales reglamentarias.";2025-03-26T16:48:05.863;2025-04-09T11:00:00;2025-05-09T17:30:00;34000000;"CLP";0;0
2917-10-LE25;"Convenio de Suministros Insumos Dentales DESAM";"I MUNICIPALIDAD DE RIO NEGRO";"69.210.302-5";"Salud";"21 DE MAYO Nº 415";"Purranque";"Región de los Lagos";"LE";"Cerrada";"Convenio de Suministros Insumos Dentales DESAM";2025-04-01T14:28:49.197;2025-04-09T11:00:00;2025-04-16T17:00:00;27201091;"CLP";0;0
5661-5-O125;"AIF SSR HUIFCO, MARIQUINA";"MINISTERIO DE OBRAS PUBLICAS DIREC CION GRAL DE OO PP DCYF";"61.202.000-0";"Dirección de Obras Hidráulicas - XIV Región";"Avenida Prat #1010, Valdivia";"Valdivia";"Región de Los Ríos";"O1";"Cerrada";"ASESORÍA A LA INSPECCIÓN FISCAL SSR HUIFCO, MARIQUINA";2025-03-21T12:19:00;2025-04-09T11:00:00;2025-05-30T10:51:00;;"CLP";0;0
3265-39-L125;"Adquisición de Medicamentos Leches Alimentación Complementaria y Pañales para Niños y Adultos";"I MUNICIPALIDAD DE RIO HURTADO";"69.041.000-1";"Direccion de  Administracion y Finanzas";"Unica Samo Alto  S/N";"Río Hurtado";"Región de Coquimbo";"L1";"Cerrada";"La Ilustre Municipalidad de Río Hurtado, llama a suscribir un Contrato de Suministro y Servicio a través de la licitación Pública denominada “Adquisición de Productos Farmacéuticos, Medicamentos, Leches, Alimentación Complementaria y Pañales para Niños y Adultos”, para la compra de Productos Farmacéuticos, Medicamentos, Leches, Alimentación Complementaria y Pañales para Niños y Adultos, los cuales son requeridos por los usuarios más vulnerables de la Comuna que presenten la Necesidad manifiesta.";2025-04-02T16:55:20.297;2025-04-09T11:00:00;2025-04-25T15:35:00;;"CLP";0;0
3964-5-LQ25;"Adquisición de Fertilizantes y Fungicidas";"COMANDO DE APOYO A LA FUERZA";"65.920.580-7";"Dirección General de Fomento Equino y Remonta - DGFER";"";"";"Región de Los Ríos";"LQ";"Cerrada";"Adquisición de Fertilizantes, Herbicidas, Insecticidas y Otros, para los Criaderos Militares, unidades dependientes de la DIGEFER.";2025-03-20T17:45:41.767;2025-04-09T10:23:00;2025-04-29T20:24:00;;"CLP";0;0
4408-4-LQ25;"SUMINISTRO TRANSPORTE ESCOLAR AÑO 2025";"Ilustre Municipalidad de Lumaco";"69.180.800-9";"Educacion";"Balmaceda 390";"Lumaco";"Región de la Araucanía";"LQ";"Cerrada";"CONTRATO DE SUMINISTRO DE TRANSPORTE ESCOLAR AÑO 2025 El objetivo principal de esta licitación es la prestación de los servicios de Transporte Escolar individualmente considerados a estudiantes que, debido a condiciones que, en general, impiden o dificultan notoriamente la conectividad, produciendo aislamiento geográfico o económico, no puedan asistir de manera regular o sin gran dificultad, a sus establecimientos educacionales, que dependen de este Municipio. La licitación pública se establecerá por líneas, siendo cada una de éstas, los recorridos que cada proveedor realizará. La Municipalidad de Lumaco- Departamento de Educación Comunal, se reserva el derecho de dejar sin efecto el presente llamado a licitación pública, por razones fundadas, ya sea en forma previa a la apertura de la propuesta o en el acto de la misma, mediante decreto exento fundado. La Municipalidad de Lumaco se reserva el derecho de declarar desierta una o varias de las prestaciones llamadas por servicios en particular, mediante decreto Alcaldicio exento fundado. La declaración referida precedentemente no generará responsabilidad alguna del Municipio frente a los oferentes o de terceros, lo que los participantes aceptan expresa e irrevocablemente por el sólo hecho de presentar su oferta.";2025-03-20T12:34:49.133;2025-04-09T10:01:00;2025-05-05T10:02:00;;"CLP";0;0
2279-38-LE25;"SP 127 Software de gestión de facturas proveedores";"MUNICIPALIDAD DE PUDAHUEL";"69.071.100-1";"IMUNI_PUDAHUEL ADQUISICIONES";"SAN PABLO 8444";"Pudahuel";"Región Metropolitana de Santiago";"LE";"Cerrada";"Administración de las facturas de proveedores municipales";2025-04-02T10:53:00;2025-04-09T10:00:00;2025-05-30T16:15:00;;"CLP";0;0
1867-18-LE25;"Insumos Computacionales Toner.";"DIRECCION GENERAL DE MOVILIZACIONN NACIONAL";"61.110.000-0";"DIRECCION GENERAL DE MOVILIZACIONN NACIONAL";"Vergara 262";"Santiago Centro";"Región Metropolitana de Santiago";"LE";"Cerrada";"La DGMN convoca a personas naturales o jurídicas, ya sea que se presenten de manera individual o unidas mediante Uniones Temporales de Proveedores integradas por una o más empresas de menor tamaño, chilenas o extranjeras, que al momento de ofertar se encuentren hábiles en el Registro de Proveedores a cargo de la Dirección de Compras y Contratación Pública, para adquirir insumos computacionales para uso de la DGMN.";2025-03-28T09:20:22.517;2025-04-09T10:01:00;2025-04-21T17:30:00;21118130;"CLP";0;0
1469-52-L125;"“SERVICIO DE CONSULTORÍA Y DESARROLLO EN LOS MÓDULOS ERP SAP PARA LA UNIVERSIDAD DE TALCA”";"UNIVERSIDAD DE TALCA";"70.885.500-6";"Universidad de Talca";"Edificio Lircay de la Universidad de Talca, Calle 19 Norte, 1665";"Talca";"Región del Maule";"L1";"Cerrada";"La Universidad de Talca requiere realizar mejoras y nuevos desarrollos de todo tipo, para todos los módulos del ERP SAP, considerando también desarrollos o mejoras de integraciones con sistemas legados y sistemas externos.";2025-04-03T11:15:08.127;2025-04-09T10:00:00;2025-04-14T18:00:00;;"CLP";0;0
1079563-4-LE25;"ADQUISICIÓN DE 45 EQUIPOS DE AIRES ACONDICIONADOS";"DIRECCION DE LOGISTICA DE CARABINEROS";"61.978.680-7";"SECC COMPRAS ZONA DE CARAB LIB BERNARDO OHIGGINS";"O´CARROL N° 535";"Rancagua";"Región del Libertador General Bernardo O´Higgins";"LE";"Cerrada";"ADQUISICIÓN DE EQUIPOS DE AIRES ACONDICIONADOS PARA LAS PREFECTURAS DE CARABINEROS CACHAPOAL Y COLCHAGUA, DEPENDIENTES DE LA ZONA DE CARABINEROS DEL LIB. BDO. OHIGGINS.";2025-03-28T12:21:00;2025-04-09T10:00:00;2025-05-19T20:00:00;13333956;"CLP";0;0
1079563-5-LQ25;"ADQUISICIÓN REPUESTOS Y ACCESORIOS PARA VEHÍCULOS";"DIRECCION DE LOGISTICA DE CARABINEROS";"61.978.680-7";"SECC COMPRAS ZONA DE CARAB LIB BERNARDO OHIGGINS";"O´CARROL N° 535";"Rancagua";"Región del Libertador General Bernardo O´Higgins";"LQ";"Cerrada";"Adquisición de Repuestos y Accesorios para Determinados Vehículos Fiscales de Cargo de las Unidades, Destacamentos y Servicios Especializados, dependientes de la Prefectura de Carabineros Cachapoal N° 11 y Prefectura de Carabineros Colchagua N° 12 de la Zona de Carabineros del Libertador Bernardo O´Higgins.";2025-03-28T12:21:00;2025-04-09T10:00:00;2025-05-02T20:00:00;139500000;"CLP";0;0
976-41-O124;"ATIF Normalización Área Movimiento Ad. Balmaceda";"MINISTERIO DE OBRAS PUBLICAS DIREC CION GRAL DE OO PP DCYF";"61.202.000-0";"Dirección de Aeropuertos - MOPTT";"Morandé 59, 12° piso - Oficina 1212";"Santiago";"Región Aysén del General Carlos Ibáñez del Campo";"O1";"Cerrada";"Esta Dirección necesita contratar la Asesoría Técnica a la Inspección Fiscal para a Obra Normalización Área de Movimiento Ad. Balmaceda";2024-12-30T18:36:00;2025-04-09T10:00:00;2025-05-28T17:44:00;;"CLP";0;0
1164956-2-O125;"Mejoramiento Cubiertas Conj. Habit. San Pablo";"SERVICIO DE VIVIENDA Y URBANIZACION AREA METROPOLITANA";"61.812.000-7";"Obra Publica";"Serrano #45";"Santiago";"Región Metropolitana de Santiago";"O1";"Cerrada";"Consiste en cambiar las techumbres de asbesto  cemento en bienes comunes del Conjunto Habitacional San Pablo en la comuna de Lo Prado.";2025-03-06T12:28:00;2025-04-09T10:00:00;2025-05-09T23:59:00;;"CLP";0;0
3853-9-LE25;"Insumos Médicos";"I MUNICIPALIDAD DE RIO BUENO";"69.201.000-0";"Depto. Salud";"";"";"Región de Los Ríos";"LE";"Cerrada";"Para el  CESFAM de Río Bueno";2025-03-31T10:16:00;2025-04-09T10:00:00;2025-05-30T18:00:00;;"CLP";0;0
2989-5-LE25;"CS SERVICIO MANTENCIONES DE GENERADORES";"I MUNICIPALIDAD DE LOS MUERMOS";"69.220.800-5";"Municipalidad de Los Muermos-Depto. Salud";"Federico Redlich  S/N";"Los Muermos";"Región de los Lagos";"LE";"Cerrada";"CS SERVICIO MANTENCIONES DE GENERADORES CESFAM DE LOS MUERMOS Y POSTAS DE SALUD RURAL Contratar un servicio integral de mantención preventiva y correctiva para los generadores del CESFAM de Los Muermos y las postas rurales asociadas, con el fin de garantizar el funcionamiento adecuado de los equipos, prolongar su vida útil y prevenir fallas operativas. El proveedor adjudicado deberá ejecutar las mantenciones conforme a las especificaciones técnicas detalladas en este documento, asegurando la calidad del servicio y el cumplimiento de los estándares establecidos por la entidad licitante.";2025-03-24T16:44:23.207;2025-04-09T10:00:00;2025-04-18T16:00:00;;"CLP";0;0
438-26-LE25;"SERVICIO DE ORGANIZACION DE EVENTOS PARA CAPACITACION Y LAZAMIENTO DE FONDOS CONCURSABLES PARA EMPRENDEDORES A DE LA COMUNA DE SAN RAMON";"I MUNICIPALIDAD DE SAN RAMON";"69.253.900-1";"Secretaria de Planificación San Ramón";"Avenida Ossa 1771";"San Ramón";"Región Metropolitana de Santiago";"LE";"Cerrada";"SE SOLICITA CONTRATAR LOS SERVICIOS DE ORGANIZACION DE EVENTOS PARA CAPACITACION Y LAZAMIENTO DE FONDOS CONCURSABLES PARA EMPRENDEDORES (A) DE LA COMUNA DE SAN RAMON";2025-04-03T11:32:58.453;2025-04-09T09:00:00;2025-04-21T19:00:00;10000000;"CLP";0;0
5040-6-LE25;"Equipamiento Centro Terapéutico Creciendo Juntos Quillón";"ILUSTRE MUNICIPALIDAD DE QUILLON";"69.141.400-0";"DIDECO";"18 DE SEPTIEMBRE 250";"Quillón";"Región del Ñuble";"LE";"Cerrada";"1.	La necesidad de implementar el Centro Terapéutico como estrategia comunal inclusiva, con pertinencia territorial que beneficie directamente a la población con diagnóstico clínico de niños, niñas y adolescentes con trastorno del espectro autista y a sus familias, a través de la adquisición de equipamiento y mobiliario adecuado para habilitar las dependencias para dar una buena calidad de atención.";2025-04-03T18:26:09.133;2025-04-09T09:00:00;2025-04-15T16:00:00;19780000;"CLP";0;0
704093-10-LQ25;"LP 142-2024";"SERVICIO DE VIVIENDA Y URBANIZACION V REGION";"61.817.000-4";"OFICINA DE PROPUESTAS";"Bellavista 168 Piso 7";"Valparaíso";"Región de Valparaíso";"LQ";"Cerrada";"CONSULTORÍA PLAN DE COMUNICACIÓN Y DIFUSIÓN PARA LAS OBRAS DEL MEJORAMIENTO PUENTE CAPUCHINOS Y ENTORNO, COMUNA DE VIÑA DEL MAR";2025-03-13T13:20:00;2025-04-09T09:00:00;2025-06-09T19:00:00;;"CLP";0;0
2408-10-LQ25;"REPOSICIÓN DE PAVIMENTOS 2025 Y CONSTRUCCIÓN DE PARADERO RUTA Q-134 LOS ÁNGELES";"I MUNICIPALIDAD DE LOS ANGELES";"69.170.100-K";"IMUNI_LOSANGELES ADQUISICIONES";"CAUPOLICAN 399";"Los Angeles";"Región del Biobío";"LQ";"Cerrada";"La Municipalidad de Los Ángeles requiere contratar la ejecución de obras de pavimentación en el área urbana de ciudad y los sectores de El Peral y Virquenco según bases adjuntas.";2025-03-20T10:37:29.45;2025-04-09T09:00:00;2025-05-30T17:00:00;200000000;"CLP";0;0
1057415-26-L125;"LIMPIEZA DE TERRENO RURAL DE PROPIEDAD DEL HOSPITAL DE NACIMIENTO";"SERVICIO SALUD BIO BIO HOSPITAL NACIMIENTO";"61.602.220-2";"Bienes y Servicios";"Avenida Octavio Jara Wolff S/N, Población Lautaro";"Nacimiento";"Región del Biobío";"L1";"Cerrada";"El Hospital Familiar y Comunitario d de Nacimiento requiere contratar los servicios de limpieza de terreno rural de 1 (Ha), emplazado en el sector de Dollinco, Lote B1A, camino Choroico, Comuna de Nacimiento., solicitado mediante HFCN 34987 por técnico Servicios Generales";2025-03-28T10:33:47.42;2025-04-09T09:00:00;2025-04-29T20:00:00;6000000;"CLP";0;0
4052-13-LE25;"ADQUISICIÓN NEMÁTICOS Y SERVICIOS INCLUIDOS PARA VEHÍCULOS MUNICIPALES";"I MUNICIPALIDAD DE LAGUNA BLANCA";"69.251.200-6";"I. Municipalidad de Laguna Blanca - Gestión";"";"";"Región de Magallanes y de la Antártica";"LE";"Cerrada";"La Ilustre Municipalidad de Laguna Blanca, en adelante e indistintamente “Municipalidad de Laguna Blanca, Municipalidad” llama a licitación para la “ADQUSICIÓN DE NEUMÁTICOS Y SERVICIOS INCLUIDOS PARA VEHÍCULOS MUNICIPALES”, en los términos y condiciones establecidos en el presente instrumento. La presente licitación está destinada a la adquisición de los productos, en conformidad a las Bases Técnicas, etc. Que se adjuntan a estas bases.";2025-04-03T14:50:07.763;2025-04-09T09:00:00;2025-04-15T18:30:00;7000000;"CLP";0;0
983344-2-L125;"INSTRUMENTAL AREA DE MEDICINA PARA LA MZS";"COMANDO DE APOYO A LA FUERZA";"65.144.279-6";"Macro Zona de Salud  Valdivia";"KM 1015, carretera Panamericana 5 Sur, camino a Puerto varas";"Puerto Varas";"Región de los Lagos";"L1";"Cerrada";"La presente licitación tiene como objeto materializar la adquisición de instrumental para la MZS  Valdivia , garantía mínima de 12 meses, flete y traslado sin costo, entrega en 10 días.";2025-04-03T16:37:31.883;2025-04-09T09:00:00;2025-04-21T13:51:00;1250000;"CLP";0;0
2279-16-LE25;"SP 1548 REPARACION  RESTAURACIÓN Y REFORZAMIENTO CAJAS OPEN TOP";"MUNICIPALIDAD DE PUDAHUEL";"69.071.100-1";"IMUNI_PUDAHUEL ADQUISICIONES";"SAN PABLO 8444";"Pudahuel";"Región Metropolitana de Santiago";"LE";"Cerrada";"Se requiere la reparación, restauración y reforzamiento de cajas Open Top según lo solicitado en bases técnicas o especificaciones técnicas";2025-03-26T12:57:00;2025-04-09T09:00:00;2025-04-30T17:30:00;50000000;"CLP";0;0
2767-31-LE25;"ADQUISICIÓN DE LENTES ÓPTICOS LA CISTERNA";"I MUNICIPALIDAD DE LA CISTERNA";"69.072.000-0";"SECPLAC";"Gran Avenida José Miguel Carrera Nº 8585";"La Cisterna";"Región Metropolitana de Santiago";"LE";"Cerrada";"La Municipalidad de La Cisterna llama a Propuesta Pública, con el objeto de adquirir 3.230 lentes ópticos con clasificación en dos grupos según rango de dioptría cubriendo así todas las dioptrías para usuarios de los Centros de Salud Comunal atendidos a través del Programa de Resolutividad. Lo anterior, en función de las Bases Técnicas que son parte de esta Propuesta Pública.";2025-04-03T13:22:53.403;2025-04-10T10:30:00;2025-04-17T10:30:00;44900000;"CLP";0;0
1148-81-O124;"MEJORAMIENTO Y AMPLIAC.SSR VILLA CUSACO,IMPERIAL";"MINISTERIO DE OBRAS PUBLICAS DIREC CION GRAL DE OO PP DCYF";"61.202.000-0";"Dirección de Obras Hidráulicas  - IX Región";"Av. Huérfano 1775";"Temuco";"Región de la Araucanía";"O1";"Cerrada";"MEJORAMIENTO Y AMPLIACION SSR VILLA CUSACO, NUEVA IMPERIAL, PROVINCIA DE CAUTIN, REGION DE LA ARAUCANIA";2024-12-30T20:26:21.12;2025-04-09T08:00:00;2025-08-30T16:50:00;;"CLP";0;0
4996-4-LE25;"Adquisición de sillas de ruedas deportivas o de paseo tipo handbikes";"I MUNICIPALIDAD DE SAN PEDRO DE ATACAMA";"69.252.500-0";"Dideco";"Gustavo Le Paige 328";"San Pedro de Atacama";"Región de Antofagasta";"LE";"Cerrada";"La Municipalidad de San Pedro de Atacama invita a participar en el proceso de contratación para la adquisición de sillas de ruedas deportivas o paseo también conocidas como “handbikes”, en el marco de la implementación del Programa de Apoyos y Cuidados Integrales para Personas con Discapacidad, con el objeto de proveer de estos productos a los beneficiarios de dicho Programa.";2025-03-31T10:23:17.85;2025-04-10T10:30:00;2025-04-30T18:00:00;;"CLP";0;0
4451-39-LE25;"SERVICIO DE CATERING PARA CUENTA PUBLICA 2025";"I MUNICIPALIDAD DE SAN CLEMENTE";"69.110.500-8";"UNIDAD DE COMPRAS MUNICIPALES";"Calle Carlos Silva Renard N°792";"San Clemente";"Región del Maule";"LE";"Cerrada";"SERVICIO DE CATERING PARA CUENTA PÚBLICA 2025, PERIODO 2024, SEGUN LAS ESPECIFICACIONES TECNICAS INDICADAS EN BASES ADMINISTRATIVAS, EN ATENCION A SC 326-2025, ADMINISTRACION MUNICIPAL";2025-03-31T17:12:53.777;2025-04-10T10:06:00;2025-04-17T10:07:00;12000000;"CLP";0;0
2910-14-LE25;"SERVICIO DE MOVILIZACION";"I MUNICIPALIDAD DE FUTRONO";"69.200.700-k";"Departamento de Salud";"GERMÁN RIESCO 305.";"Futrono";"Región de Los Ríos";"LE";"Cerrada";"El Departamento de Salud Municipal de Futrono–en adelante también “DESAM” o “Depto de Salud”- llama a presentar ofertas para contratar Servicio de movilización, a contar de la fecha de adjudicación y hasta 31 de diciembre del año 2025.  La licitación se realizará en 5 líneas de licitación";2025-03-31T12:21:21.8;2025-04-10T10:06:00;2025-06-11T10:07:00;;"CLP";0;0
1216077-6-LE25;"ADQUISICION DE TARJETAS PARA VESTUARIO Y CALZADO";"CORPORACION DE DEPORTES DE LA MUNICIPALIDAD DE CURICO";"65.057.429-K";"Unidad de compra Corporacion Aquisiciones";"O'Higgins 800";"Curicó";"Región del Maule";"LE";"Cerrada";"Corporación de Deportes de la Municipalidad  de Curicó requiere la adquisición de tarjetas  de vestuario y calzado, según bases adjuntas.";2025-03-31T13:36:44.003;2025-04-10T10:03:00;2025-04-11T10:04:00;15600000;"CLP";0;0
3486-15-LE25;"MEJORAMIENTO ACCESO ODONTOLOGICO 2025";"I MUNICIPALIDAD DE NUEVA IMPERIAL";"69.190.400-8";"Departamento De Salud";"ARTURO PRAT 65";"Nueva Imperial";"Región de la Araucanía";"LE";"Cerrada";"SERVICIOS ODONTOLOGICOS PARA EJECUTAR EL PROGRAMA MEJORAMIENTO ACCESO ATENCION ODONTOLOGICA 2025";2025-04-04T13:47:52.2;2025-04-10T10:00:00;2025-04-22T18:38:00;;"CLP";0;0
2322-45-LP25;"CONSTRUCCIÓN ALUMBRADO PÚBLICO  VILLA BALLENARY  VALLENAR";"I MUNICIPALIDAD DE VALLENAR";"69.030.500-3";"I MUNICIPALIDAD DE VALLENAR";"CALLE MERCED ESQ. TALCA  N° 1455 - Ex Hospital Nicolas Naranjo";"Vallenar";"Región de Atacama";"LP";"Cerrada";"CONSTRUCCIÓN ALUMBRADO PÚBLICO , VILLA BALLENARY , VALLENAR";2025-03-21T16:58:11.527;2025-04-10T10:00:00;2025-04-18T18:00:00;74700000;"CLP";0;0
4295-4-LE25;"Esterilizaciones Responsabilidad Compartida 2023 La Serena 3° Proceso";"ILUSTRE MUNICIPALIDAD DE LA SERENA";"69.040.100-2";"SECRETARIA COMUNAL DE PLANIFICACION";"LOS CARRERA 301 - 2º PISO";"La Serena";"Región de Coquimbo";"LE";"Cerrada";"Con esta contratación, se busca llevar a cabo 2.000 esterilizaciones de especies caninas y felinas, hembras o machos, con o sin dueño, con implantación de microchip y su posterior registro para identificación en los distintos sectores de la comuna, ocupando dependencias municipales, sedes sociales u otros recintos que cumplan con lo dispuesto en la guía de protocolos médicos vigentes.";2025-03-20T16:57:20.973;2025-04-10T10:00:00;2025-04-30T20:00:00;;"CLP";0;0
2335-26-LE25;"MEDICAMENTOS OP 149";"I MUNICIPALIDAD DE LINARES";"69.130.301-2";"ADQUISICIONES SALUD";"VALENTIN LETELIER 587";"Linares";"Región del Maule";"LE";"Cerrada";"LAS NECESIDADES DEL DEPTO DE SALUD EN LA COMPRA DE MEDICAMENTOS PARA BODEGA FARMACIA Y SU POSTERIOR DISTRIBUCION A SUS DIRENETES ESTABLECIMIENTOS DE SALUD, SEGUN LO SOLICITADO EN ORDEN DE PEDIDO N°149";2025-04-04T15:46:35.2;2025-04-10T10:00:00;2025-04-21T16:00:00;34000000;"CLP";0;0
1592-3-LR25;"Concurso FEP: Difusión Sistema de Pensiones";"SUBSECRETARIA DE PREVISION SOCIAL";"61.503.000-7";"M. del Trabajo - Subsecretaría de Previsión Social";"";"";"Región Metropolitana de Santiago";"LR";"Cerrada";"Las presentes Bases Técnicas regulan el Concurso Público para la ejecución de la XX versión del Fondo para la Educación Previsional, correspondiente al año 2025. Proyectos Educativos en su Línea de intervención de Difusión sobre Sistema de Pensiones, las que se ajustan a la ley N°20.255  y a las disposiciones de su reglamento, aprobado mediante decreto supremo N°78 de 2008, modificado mediante decreto supremo N°16 de 2013, ambos del Ministerio del Trabajo y Previsión Social.";2025-03-06T19:38:00;2025-04-10T10:00:00;2025-05-15T22:00:00;600000000;"CLP";0;0
1592-2-LR25;"Concurso FEP Formación sistema de pensiones";"SUBSECRETARIA DE PREVISION SOCIAL";"61.503.000-7";"M. del Trabajo - Subsecretaría de Previsión Social";"";"";"Región Metropolitana de Santiago";"LR";"Cerrada";"Las presentes Bases Técnicas regulan el Concurso Público para la ejecución de la XX versión del Fondo para la Educación Previsional, correspondiente al año 2025. Proyectos Educativos en su Línea de intervención de Formación sobre Sistema de Pensiones, las que se ajustan a la ley N°20.255  y a las disposiciones de su reglamento, aprobado mediante decreto supremo N°78 de 2008, modificado mediante decreto supremo N°16 de 2013, ambos del Ministerio del Trabajo y Previsión Social.";2025-03-06T19:33:00;2025-04-10T10:00:00;2025-05-15T22:00:00;500000000;"CLP";0;0
4928-6-LE25;"SISTEMA CCTV TENENCIA LA PINTANA NORTE T";"DIRECCION DE LOGISTICA DE CARABINEROS";"61.938.500-4";"Departamento de Compras  y Logística";"Av. Lib. B. O'Higgins 1196 Piso 9.";"Santiago Centro";"Región Metropolitana de Santiago";"LE";"Cerrada";"SISTEMA CCTV TENENCIA LA PINTANA NORTE (T)";2025-03-28T09:47:51.717;2025-04-10T10:00:00;2025-05-05T19:00:00;;"CLP";0;0
1602-2-LE25;"ADQUISICIÓN Y RENOVACIÓN DE LICENCIAS DE SOFTWARE";"DIRECCION GENERAL DE AERONAUTICA CIVIL";"61.104.000-8";"UNIDAD DE COMPRA SERVICIOS GENERALES";"Miguel Claro 1314";"Providencia";"Región Metropolitana de Santiago";"LE";"Cerrada";"BASES TÉCNICAS PARA LA ADQUISICIÓN Y RENOVACIÓN DE LICENCIAS DE SOFTWARE MEMBER SERVERS PARA MANAGEENGINE SOFTWARE ADAUDIT PLUS";2025-04-02T14:54:49.463;2025-04-10T10:00:00;2025-04-28T18:00:00;12957750;"CLP";0;0
2583-72-L125;"S/P103 CURSO DE CAPACITACION / DIDECO-DEP. DE INCLUSION E INTERCULTURALIDAD / SBN";"I MUNICIPALIDAD DE MAIPU";"69.070.900-7";"I. MUNI  MAIPU  DEPARTAMENTO DE ADQUISICIONES";"Por correo electrónico";"Las Condes";"Región Metropolitana de Santiago";"L1";"Cerrada";"CURSO DE CAPACITACION / DIDECO-DEP. DE INCLUSION E INTERCULTURALIDAD /  Se adjuntan especificaciones técnicas";2025-04-03T13:19:53.59;2025-04-10T10:00:00;2025-04-14T20:16:00;1600000;"CLP";0;0
976-4-LQ25;"Ss Normalización Área Libre Obstáculos Ad. Pucón";"MINISTERIO DE OBRAS PUBLICAS DIREC CION GRAL DE OO PP DCYF";"61.202.000-0";"Dirección de Aeropuertos - MOPTT";"Morandé 59, piso 11, Santiago Centro";"Santiago Centro";"Región de la Araucanía";"LQ";"Cerrada";"Es necesario licitar el Servicio para la ejecución de Corta, Volteo, Destronque y Transporte de Especies Arbóreas, para la correcta Normalización área libre de obstáculos I Aeródromo de Pucón, Región de La Araucanía.";2025-03-20T14:53:11.227;2025-04-10T10:00:00;2025-05-15T14:26:00;;"CLP";0;0
1057534-13-LE25;"Convenio Reactivos con Equipo en comodato";"SERVICIO DE SALUD OSORNO HOSPITAL PURRANQUE";"61.607.602-7";"Bienes y Servicios";"21 DE MAYO 468";"Purranque";"Región de los Lagos";"LE";"Cerrada";"Se requiere la compra de reactivos para exámenes de PRO BNP y PROCALCITONINA PCT que incluya controles,calibradores respectivos y un equipo en comodato para su procesamiento que incluya ambas determinaciones de acuerdo a formulario N 3.";2025-04-04T16:18:53.42;2025-04-10T10:00:00;2025-04-22T15:08:00;;"CLP";0;0
1057402-40-LP25;"SERVICIO DE APOYO DE ARSENALEROS PABELLONEROS AU";"HOSPITAL CLINICO DE MAGALLANES DR. LAUTARO NAVARRO AVARIA";"61.607.901-8";"Bienes y Servicios";"";"";"Región de Magallanes y de la Antártica";"LP";"Cerrada";"El Hospital, requiere la Contratación de Servicio de Apoyo de Arsenaleros, Pabelloneros, Auxiliares de Anestesia y Tecnólogo Médico en Beneficio de Pacientes del Hospital Clínico de Magallanes, con la finalidad de apoyar la realización de intervenciones quirúrgicas, procedimientos quirúrgicos, y procedimientos no quirúrgicos que deben estar asociados a un código de Derecho de Pabellón.";2025-03-18T12:35:00;2025-04-10T09:30:00;2025-05-08T17:30:00;;"CLP";0;0
3847-9-LE25;"Enc. particip. y cuenta pública gestión 2024 MSG";"I MUNICIPALIDAD DE SIERRA GORDA";"69.253.200-7";"Secoplac";"Salvador Allende 452";"Sierra Gorda";"Región de Antofagasta";"LE";"Cerrada";"Los Encuentros Participativos y Acto Oficial Cuenta Pública 2024” de la Comuna de Sierra Gorda, son esenciales para cumplir con los objetivos de promover la transparencia, inclusión y participación ciudadana, conforme a las normativas de la Ley N°20.500 sobre Asociaciones y Participación Ciudadana y la Ley N°18.695, Ley Orgánica Constitucional de Municipalidades.";2025-04-04T17:22:06.983;2025-04-10T09:05:00;2025-04-11T17:00:00;;"CLP";0;0
2342-32-LE25;"ADQUISICIÓN DE GABINETE PSICOTECNICO – ATS 1 INTEGRADO Y EQUIPOS DE COMPUTACIÓN PARA LA ILUSTRE MUNICIPALIDAD DE SAN BERNARDO";"I MUNICIPALIDAD DE SAN BERNARDO";"69.072.700-5";"SECRETARIA COMUNAL DE PLANIFICACION";"BODEGA  EYZAGUIRRE 450";"San Bernardo";"Región Metropolitana de Santiago";"LE";"Cerrada";"ADQUISICIÓN DE GABINETE PSICOTECNICO – ATS 1 INTEGRADO Y EQUIPOS DE COMPUTACIÓN PARA LA ILUSTRE MUNICIPALIDAD DE SAN BERNARDO";2025-03-31T16:10:07.363;2025-04-10T09:30:00;2025-06-09T20:00:00;;"CLP";0;0
2852-26-LE25;"Actividades trimestrales DIDECO 2025";"I MUNICIPALIDAD DE PUERTO VARAS";"69.220.200-7";"Adquisiciones Municipalidad";"San Francisco 413";"Puerto Varas";"Región de los Lagos";"LE";"Cerrada";"La presente licitación pública tiene por objeto contratar los servicios de producción de eventos para la realización de “Actividades trimestrales DIDECO 2025“, con la finalidad de dar cumplimiento a las necesidades de las diferentes actividades en los sectores rurales de la comuna y a sus organizaciones en las condiciones establecidas en las presentes Bases Administrativas, Requerimientos Técnicos y anexos que forman parte de ellas y las aclaraciones que se hicieran a éstos. El sistema de contratación será licitado en propuesta Pública y publicada en el portal www.mercadopublico.cl.";2025-04-04T18:25:25.163;2025-04-10T09:03:00;2025-04-11T20:04:00;;"CLP";0;0
3693-72-LE25;"SERVICIO DE PRDUCCIÓN DE EVENTO CUENTA PÚBLICA";"I MUNICIPALIDAD DE EL QUISCO";"69.061.700-5";"Departamento SECPLA";"Avenida Francia 011";"El Quisco";"Región de Valparaíso";"LE";"Cerrada";"SERVICIO DE PRODUCCIÓN DE EVENTO CUENTA PÚBLICA GESTIÓN AÑO 2024 MUNICIPALIDAD DE EL QUISCO";2025-03-31T19:19:21.95;2025-04-10T10:00:00;2025-04-25T18:51:00;;"CLP";0;0
4037-38-L125;"PISTOLA DE VELOCIDAD DETECTOR MARCA RUSTOM SIGNALS ADMINISTRACION MUNCIPAL ALCALDIA";"I MUNICIPALIDAD DE FRESIA";"69.220.400-K";"Departamento de adquisiciones y abastecimiento";"San Francisco 124";"Fresia";"Región de los Lagos";"L1";"Cerrada";"PISTOLA DE VELOCIDAD DETECTOR MARCA RUSTOM SIGNALS ADMINISTRACION MUNCIPAL ALCALDIA";2025-04-02T08:39:19.897;2025-04-10T09:01:00;2025-05-30T10:28:00;4200000;"CLP";0;0
3996-19-LE25;"Adquisicion Insumos de Enfermeria";"I MUNICIPALIDAD DE COLTAUCO";"69.080.700-9";"Departamento De Salud";"Avda. Arturo Prat Nº42";"Coltauco";"Región del Libertador General Bernardo O´Higgins";"LE";"Cerrada";"Se requiere realizar adquisición de insumos de enfermería, para abastecer las necesidades del servicio.";2025-03-26T11:24:31.003;2025-04-10T09:00:00;2025-04-30T15:00:00;;"CLP";0;0
894863-16-O125;"CONSTRUCCION AVDA CUATRO ESQUINAS TRAMO I";"SERVICIO DE VIVIENDA Y URBANIZACION IV REGION";"61.816.000-9";"Propuestas y Contratos";"Almagro 372";"La Serena";"Región de Coquimbo";"O1";"Cerrada";"CONSTRUCCION AVDA CUATRO ESQUINA TRAMO I, MAS CALLE LOS ARRAYANES, TRAMO LOS ARRAYANES ENTRE CALLE CLAUDE DEBUSSY Y AV PARQUE NACIONAL RAPA NUI, COMUNA DE LA SERENA";2025-03-10T11:10:00;2025-04-10T09:00:00;2025-05-27T18:00:00;;"CLF";0;0
2502-11-L125;"PRODUCCIÓN DE EVENTOS CUENTA PUBLICA GESTION 2024";"I MUNICIPALIDAD DE RIO CLARO";"69.110.700-0";"ILUSTRE MUNICIPALIDAD DE RIO CLARO";"CASIMIRO SEPULVEDA Nº1  CUMPEO";"Río Claro";"Región del Maule";"L1";"Cerrada";"se requiere la adquisición de servicios de producción de eventos de la Cuenta Pública gestión 2024 para hacer cumplir la ley orgánica constitucional de municipalidades según artículo Nº 67 el cual indica que el Alcalde debe dar Cuenta Pública al Honorable Concejo Municipal, al Consejo Comunal de Seguridad Pública y la cual serán invitados principales autoridades regionales, parlamentarios y dirigentes de organizaciones comunitarias.";2025-04-04T16:57:00.457;2025-04-10T09:00:00;2025-04-16T14:23:00;;"CLP";0;0
2277-16-LP25;"CONSTRUCCION DEL ESPACIO PUBLICO PASAJE RENCA CON ISLAS VIRGENES";"MUNICIPALIDAD DE PUDAHUEL";"69.071.100-1";"UNIDAD DE LICITACIONES DE PUDAHUEL";"SAN PABLO 8444";"Pudahuel";"Región Metropolitana de Santiago";"LP";"Cerrada";"Contratación de las obras para la Construcción del Espacio Público en Pasaje Renca con Islas Vírgenes en la comuna, según los requerimientos expresados en Especificaciones Técnicas.";2025-03-07T12:16:07.63;2025-04-10T09:00:00;2025-08-11T19:57:00;;"CLP";0;0
3889-13-LE25;"Seguros Bienes Municipales comuna de Placilla 2025";"I MUNICIPALIDAD DE PLACILLA";"69.090.200-1";"I MUNICIPALIDAD DE PLACILLA";"Oscar Gajardo 2250";"Placilla";"Región del Libertador General Bernardo O´Higgins";"LE";"Cerrada";"La contratación de seguros del patrimonio municipal, sean estos de propiedad municipal, arrendados yo administrados por esta, aquellos que la Municipalidad requiera asegurar, sus contenidos, equipamiento, vehículos, cristales, equipos electrónicos, objetos valiosos en terreno y responsabilidad civil extracontractual y cualquier otro bien.";2025-03-28T12:17:19.12;2025-04-10T09:00:00;2025-04-14T12:00:00;16000000;"CLP";0;0
3638-14-LE25;"CONVENIO DE SUMINISTRO ESTABILIZADO INTEGRAL 2025";"I.MUNICIPALIDAD DE PORVENIR";"69.250.300-7";"Administracion y Finanzas Municipal";"Padre Mario Zavattaro N°434, Porvenir";"Porvenir";"Región de Magallanes y de la Antártica";"LE";"Cerrada";"Material estabilizado puesto en sectores rurales de acuerdo a solicitud de la unidad técnica, loteo selknam, loteo laguna de los cisnes, loteo don benjamin, loteo sector santa maria, loteo sector rio oscar, calle los artesanos bahia chilota.";2025-03-31T16:39:36.24;2025-04-10T09:00:00;2025-04-14T17:00:00;35000000;"CLP";0;0
727202-24-LE25;"SUMINISTRO DE LIMPIEZA Y MANTENCIÓN DE SIFONES";"I MUNICIPALIDAD DE VICUNA";"69.040.500-8";"Secplan";"San Martín N° 275, Vicuña";"Vicuña";"Región de Coquimbo";"LE";"Cerrada";"Suministro de limpieza, mantención, retiro de escombros y basura en sifones, rejillas, colectores, cámaras y pasos de agua lluvia y confección de tapas de sifones en la comuna, conforme a lo señalado en las bases técnicas.";2025-03-19T17:13:21.99;2025-04-10T09:00:00;2025-05-09T23:59:00;33331900;"CLP";0;0
3768-4-LP25;"ADQUISICION SISTEMA PATRULLAJE PREVENTIVO";"I MUNICIPALIDAD DE QUINCHAO";"69.230.900-6";"Secplan";"Amunategui 18";"Quinchao";"Región de los Lagos";"LP";"Cerrada";"ADQUISICION SISTEMA PATRULLAJE PREVENTIVO COMUNA DE QUINCHAO";2025-03-21T15:27:24.093;2025-04-10T09:00:00;2025-04-30T15:30:00;36931700;"CLP";0;0
3085-9-L125;"CONSTRUCCIÓN DE RADIER E INSTALACIÓN DE PISO";"DIRECCION DE ABASTECIMIENTO DE LA ARMADA";"61.102.023-6";"DEPTO. DE BIENESTAR SOCIAL (T)";"BAQUEDANO 12";"Rancagua";"Región del Libertador General Bernardo O´Higgins";"L1";"Cerrada";"CONSTRUCCIÓN DE RADIER E INSTALACIÓN DE PISO PORCELANATO";2025-04-03T14:54:00;2025-04-10T08:09:00;2025-05-10T20:08:00;;"CLP";0;0
2378-25-LE25;"ARRIENDO E INSTALACIÓN CARPAS PARA ACTIVIDADES";"I MUNICIPALIDAD DE LA FLORIDA";"69.070.700-4";"SECRETARIA DE PLANIFICACION";"AMERICO VESPUCIO 6886";"La Florida";"Región Metropolitana de Santiago";"LE";"Cerrada";"Las presentes especificaciones técnicas reglamentan la propuesta pública denominada “SERVICIO DE ARRIENDO E INSTALACIÓN DE CARPAS PARA ACTIVIDADES MUNICIPALES, COMUNA DE LA FLORIDA”. Considerando lo establecido en la Ley Nº 18.695, Orgánica Constitucional de Municipalidades, especialmente, en su artículo N°4 letras e, y l, la Municipalidad de La Florida requiere la contratación de un servicio de arriendo e instalación de carpas, para resolver la necesidad de disponer de espacios para la ejecución de actividades al aire libre, en las que se convoque a números diversos de personas y, de esta forma, permitir una mayor protección a los vecinos frente a las condiciones climáticas calor, frio, sol, lluvia, etc..";2025-03-26T18:32:53.983;2025-04-10T11:30:00;2025-08-08T23:59:00;20000000;"CLP";0;0
1388961-27-LQ25;"Prestación de Servicios de Radiocomunicaciones";"ASOCIACION DE MUNICIPALIDADES PARA LA SEGURIDAD CIUDADANA EN LA ZONA ORIENTE";"65.118.035-K";"Asociación de Municipalidades para la Seguridad en la Zona Oriente";"Av El Rodeo 13541, costado BICRIM.";"Lo Barnechea";"Región Metropolitana de Santiago";"LQ";"Cerrada";"La prestación de servicios de radiocomunicaciones móviles está orientada a proporcionar los equipos y servicios necesarios para garantizar una comunicación eficiente y continua entre el personal de patrullaje de las comunas asociadas a AMSZO. Esto incluye el arriendo de radios móviles y el servicio de mantención física de los equipos, asegurando su funcionamiento adecuado durante el período de uso. Los radios deberán ser capaces de operar en condiciones diversas, tanto en áreas urbanas como rurales, y ser resistentes a las condiciones climáticas locales.";2025-03-20T16:58:00;2025-04-10T11:12:00;2025-04-11T20:00:00;;"CLP";0;0
4190-12-LE25;"Arriendo de Camión Tolva";"I MUNICIPALIDAD DE CALDERA";"69.030.300-0";"Adquisiciones";"Cousiño 395";"Caldera";"Región de Atacama";"LE";"Cerrada";"Arriendo de camión tolva para la cobertura de zanjas de relleno sanitario municipal";2025-04-02T16:32:00;2025-04-10T11:10:00;2025-04-16T11:12:00;12000000;"CLP";0;0
3693-75-LE25;"PRIMER PERIODO DE CURSOS DE OFICIOS 2025";"I MUNICIPALIDAD DE EL QUISCO";"69.061.700-5";"Departamento SECPLA";"Avenida Francia 011";"El Quisco";"Región de Valparaíso";"LE";"Cerrada";"PRIMER PERIODO DE CURSOS DE OFICIOS 2025, OFICINA DE LA JUVENTUD";2025-03-31T19:17:07.547;2025-04-10T11:00:00;2025-04-30T18:48:00;;"CLP";0;0
4451-40-LE25;"PRODUCCION DE EVENTOS PARA CUENTA PUBLICA 2025";"I MUNICIPALIDAD DE SAN CLEMENTE";"69.110.500-8";"UNIDAD DE COMPRAS MUNICIPALES";"Calle Carlos Silva Renard N°792";"San Clemente";"Región del Maule";"LE";"Cerrada";"SE REQUIERE CONTRATAR SERVICIO DE PRODUCCIÓN DE EVENTOS PARA CUENTA PÚBLICA 2025, PERIODO 2024, SEGUN LAS ESPECIFICACIONES TECNICAS INDICADAS EN LAS BASES ADMINISTRATIVAS, EN ATENCION A SC 338-2025 ADMINISTRACION MUNICIPAL";2025-03-31T17:13:06.733;2025-04-10T11:07:00;2025-04-17T11:08:00;10000000;"CLP";0;0
1341-8-LE25;"Material Metodológico Programa Habitabilidad";"FONDO DE SOLIDARIDAD E INVERSION SOCIAL";"60.109.000-7";"B - Subdirección Gestión Programas SGP";"Merced Nº 480 piso 5º";"Santiago Centro";"Región Metropolitana de Santiago";"LE";"Cerrada";"Nombre Adquisición: Servicios de impresión, encuadernación y distribución del material didáctico para el programa habitabilidad. Objetivo: contratar los servicios de impresión, encuadernación y distribución de material programático utilizado para el trabajo con personas, familias y los profesionales ejecutores y del servicio de asistencia técnica del FOSIS. E102RT9";2025-03-31T11:16:47.753;2025-04-10T11:00:00;2025-04-25T19:00:00;;"CLP";0;0
580075-6-LE25;"PROTESIS DENTALES P. ESTRATEGIAS DE SALUD BUCAL";"I MUNICIPALIDAD DE LITUECHE";"69.091.100-0";"DIRECCION DE SALUD MUNICIPAL";"Cardenal Caro 796";"";"Región del Libertador General Bernardo O´Higgins";"LE";"Cerrada";"PROTESIS DENTALES PROGRAMA ESTRATEGIAS DE SALUD BUCAL  AÑO 2025";2025-03-31T15:40:00;2025-04-10T11:10:00;2025-04-16T11:11:00;;"CLP";0;0
656-12-LQ25;"P.P. N 09-2025 DISEÑO CONECT. DR. AHUES QUELLON";"SERVICIO DE VIVIENDA Y URBANIZACION X REGION";"61.818.001-8";"SERVIU X REGION";"URMENETA Nº 680";"Puerto Montt";"Región de los Lagos";"LQ";"Cerrada";"El Serviu Región de Los Lagos llama a licitación publica el diseño de ingeniería de detalles del proyecto Construcción Conectividad Calle Dr. Ahues, Sector San Antonio, Quellón”, en el marco del Programa de Vialidad del Minvu.";2025-03-12T10:06:19.18;2025-04-10T11:00:00;2025-05-12T16:00:00;232627000;"CLP";0;0
2599-19-LE25;"MANTENCIÓN Y LIMPIEZA DEL SISTEMA DE ALCANTARILLAD";"I MUNICIPALIDAD DE CONCON";"73.568.600-3";"DEPARTAMENTO DE EDUCACION";"CALLE  PORVENIR N°865 CONCÓN";"Concón";"Región de Valparaíso";"LE";"Cerrada";"MANTENCIÓN Y LIMPIEZA DEL SISTEMA DE ALCANTARILLADO DE LOS ESTABLECIMIENTOS MUNICIPALIZADOS, SEGÚN DETALLE EN DECRETO ALCALDICIO N°582 QUE CONTIENE LAS BASES TÉCNICAS Y ADMINISTRATIVAS PARA LA LICITACIÓN.";2025-04-01T13:33:10.047;2025-04-10T11:10:00;2025-04-21T11:11:00;21600000;"CLP";0;0
4469-29-L125;"SC 36874 (DS) ADQUISICION DE MATERIA PEDASGOGICO PROYECTO UPA2295";"UNIVERSIDAD DE PLAYA ANCHA DE CIENCIAS DE LA EDUCACION";"70.754.700-6";"ADQUISICIONES";"Avda.Playa Ancha N°850, Playa Ancha,Valparaíso";"Valparaíso";"Región de Valparaíso";"L1";"Cerrada";"SC 36874 (DS) ADQUISICION DE MATERIA PEDASGOGICO PROYECTO UPA2295 ARTICULO 38 LEY 21094 DE UNIVERSIDADES ESTATALES.";2025-04-01T17:15:20.147;2025-04-10T11:00:00;2025-04-14T10:00:00;5701568;"CLP";0;0
874787-3-O125;"CONSERVACIÓN MAYOR AERÓDROMO EL BUITRE, REGION XV";"MINISTERIO DE OBRAS PUBLICAS DIREC CION GRAL DE OO PP DCYF";"61.202.000-0";"Dirección de Aeropuertos- XV Región";"Arturo Prat N°305, piso 2, Arica";"Arica";"Región de Arica y Parinacota";"O1";"Cerrada";"CONSERVACIÓN MAYOR AERÓDROMO EL BUITRE, REGIÓN DE ARICA Y PARINACOTA";2025-02-19T17:21:00;2025-04-10T11:00:00;2025-05-09T18:00:00;;"CLP";0;0
848-17-LE25;"PLAN - Adquisición de Material de Oficina";"JUNTA NACIONAL DE JARDINES         INFANTILES";"70.072.600-2";"Junji - VII Región";"calle 1 norte # 541  oficina 201";"Talca";"Región del Maule";"LE";"Cerrada";"E1O2RT9. Adquisición de Material de Oficina para los jardines infantiles, Programas Alternativos y oficinas de los programas 01, 02 y 04 de Junji, Región del Maule.";2025-03-31T11:56:57.663;2025-04-10T11:00:00;2025-05-02T17:00:00;7000000;"CLP";0;0
2387-28-LQ25;"Declaración de Impacto Ambiental Relleno Sanitario Los Nevados Pucón";"I MUNICIPALIDAD DE PUCON";"69.191.600-6";"Municipalidad de Pucon";"AV. BERNANDO OHIGGINS Nº 483";"Pucón";"Región de la Araucanía";"LQ";"Cerrada";"La presente propuesta está referida a la suscripción de ejecución de proyecto de impacto ambiental que elabora y tramita la declaración conforme a lo establecido ante la ley, en la comuna de Pucón.";2025-03-19T13:53:00;2025-04-10T11:00:00;2025-05-12T17:00:00;;"CLP";0;0
1274907-12-LE25;"Mantenimiento Ascensor de la Corporación Municipal de Chonchi";"CORPORACIÓN MUNICIPAL DE EDUCACIÓN, SALUD Y ATENCIÓN DE MENORES CHONCHI";"71.299.000-7";"ADQUISICIONES";"Direccion no aplica a productos virtuales";"Santiago";"Región de los Lagos";"LE";"Cerrada";"Proveer mantenimiento del Ascensor del Edificio de Salud";2025-03-27T15:32:30.993;2025-04-07T19:56:00;2025-05-31T19:57:00;;"CLP";0;0
3171-8-LE25;"REPARACIÓN ESTRUCTURAL DE PISO EN VIVIENDA FISCAL.";"DIRECCION DE ABASTECIMIENTO DE LA ARMADA";"61.102.094-5";"GOBERNACION MARITIMA DE AYSEN";"FRANCISCO MOZO 450";"Aysén";"Región Aysén del General Carlos Ibáñez del Campo";"LE";"Cerrada";"EFECTUAR LA REPARACIÓN ESTRUCTURAL EN VIVIENDA FISCAL UBICADA EN LA LOCALIDAD DE VILLA O´HIGGINS.";2025-03-28T18:44:13.627;2025-04-07T18:50:00;2025-04-28T19:00:00;11000000;"CLP";0;0
2445-32-LE25;"SUMINISTRO DE OXIGENO AIRE MEDICINAL MANTENCION Y ARRIENDOI  PARA EL DEPTO DE SALUD";"I MUNICIPALIDAD DE CURICO";"69.100.100-8";"Salud - Adquisiciones";"VILLA SANTA ELENA S/N LOS NICHES";"Curicó";"Región del Maule";"LE";"Cerrada";"SUMINISTRO DE OXIGENO AIRE MEDICINAL, MANTENCION Y ARRIENDO  PARA EL DEPTO DE SALUD, SP 1648";2025-03-27T11:30:00;2025-04-07T18:46:00;2025-04-25T18:47:00;14200000;"CLP";0;0
1057514-2-LE25;"SERVICIO PROGRAMA DE CAPACITACION AÑO 2025";"SERVICIO DE SALUD NUBLE HOSPITAL DE EL C";"61.607.006-1";"Bienes y Servicios";"ISABEL RIQUELME 448";"El Carmen";"Región del Ñuble";"LE";"Cerrada";"EL HOSPITAL  COMUNITARIO DE SALUD FAMILIAR EL CARMEN, REQUIERE CONTRATAR EL SERVICIO DE CAPACITACION, PARA DESARROLLAR A TRAVES DE CAPACITACIONES GRUPALES, EL PROGRAMA DE CAPACITACION ANUAL AÑO 2025, DIRIGIDO A LOS FUNCIONARIOS DEL ESTABLECIMIENTO.";2025-03-26T16:50:00;2025-04-07T18:45:00;2025-04-10T18:46:00;8478000;"CLP";0;0
1058052-1-LE25;"SUMINISTRO INHIBIDOR DE LA SGLT-2";"SERVICIO DE SALUD IQUIQUE";"61.606.100-3";"Fármarcos";"Bienes y Servicios";"Iquique";"Región de Tarapacá";"LE";"Cerrada";"Inhibidor de la SGLT-2 10mg Dapagliflozina o Empagliflozina";2025-03-28T11:37:16.537;2025-04-07T18:00:00;2025-05-31T19:53:00;;"CLP";0;0
3938-9-LP25;"ESTUDIO DE LOCALIZACIÓN CENTRO GESTION RESIDUOS";"ILUSTRE MUNICIPALIDAD DE CURARREHUE";"69.252.400-4";"Adquisiciones";"AVDA. ESTADIO N°550";"Curarrehue";"Región de la Araucanía";"LP";"Cerrada";"SE REQUIERE CONTRATAR SERVICIO DE ESTUDIO DE LOCALIZACIÓN Y PREFACTIBILIDAD TÉCNICA DEL CENTRO DE GESTION DE RESIDUOS SÓLIDOS PARA CURARREHUE";2025-03-24T13:49:00;2025-04-07T17:43:00;2025-04-08T17:44:00;;"CLP";0;0
2702-14-LE25;"Servicio de Amplificación en sonido.";"I MUNICIPALIDAD DE TALAGANTE";"69.071.800-6";"SECPLA";"AV. ESMERALDA N°2049, TALAGANTE";"Talagante";"Región Metropolitana de Santiago";"LE";"Cerrada";"Servicio de Amplificacion en sonido para actividades organizadas, ausipiciadas yo patrocinadas por la Municipalidad de Talagante, tales como ceremonias, eventos sociales, deportivos o culturales entre otros, por el periodo de 24 meses desde la entrega del servicio.";2025-03-24T16:57:27.87;2025-04-07T17:43:00;2025-04-15T17:44:00;;"CLP";0;0
898-49-LE25;"servicio de arriendo de videonasofibroscopio";"SERVICIO DE SALUD VALPARAISO SAN ANTONIO";"61.602.126-5";"HOSPITAL CLAUDIO VICUNA";"Carmen Guerrero N° 945";"San Antonio";"Región de Valparaíso";"LE";"Cerrada";"El Hospital Claudio Vicuña interesado en la aplicación de estándares de calidad, tanto en la atención oportuna y eficaz de sus pacientes, como en el bienestar de éstos y su seguridad, permanentemente desarrolla actividades tendientes a lograr un mejoramiento continuo de sus procesos. Conforme a lo anterior, requiere realizar la licitación de “SERVICIO DE ARRIENDO DE VIDEONASOFIBROSCOPIO”";2025-03-27T17:56:00;2025-04-07T18:00:00;2025-04-30T15:00:00;;"CLP";0;0
4429-20-L125;"INSUMOS Y OTROS UNID. CALIDAD DE VIDA LABORAL";"MUNICIPALIDAD DE HUALPEN";"69.264.400-k";"Dirección de Salud";"Avenida Colon 9878, Hualpen";"Hualpén";"Región del Biobío";"L1";"Cerrada";"ADQUIRIR INSUMOS Y OTROS PARA UNIDAD CALIDAD DE VIDA LABORAL Y SALUD OCUPACIONAL";2025-04-01T15:49:56.093;2025-04-07T18:00:00;2025-06-08T18:15:00;545000;"CLP";0;0
1057472-25-LP25;"Suministro de insumos: Esponja de Baño en cama";"HOSPITAL CLINICO METROPOLITANO EL CARMEN DOCTOR LUIS VALENTIN FERRADA";"61.980.320-5";"Bienes y Servicios";"Camino Rinconada N°1201";"Maipú";"Región Metropolitana de Santiago";"LP";"Cerrada";"PAC 2025 dando continuidad a proceso: 1057472-88-LP22";2025-03-24T09:42:06.223;2025-04-07T18:00:00;2025-06-09T18:00:00;;"CLP";0;0
2101-38-LE25;"INSUMOS CLINICOS BODEGA";"HOSPITAL INTERCULTURAL KALLVU LLANKA.-";"61.602.213-k";"Hospital Cañete";"Ruta P60R esquina Ruta P520";"Cañete";"Región del Biobío";"LE";"Cerrada";"ABASTECER A BODEGA DE INSUMOS CLINICOS  DEL HOSPITAL";2025-03-25T16:31:44.09;2025-04-07T17:30:00;2025-05-07T17:31:00;;"CLP";0;0
4389-10-LE25;"DISEÑO CONSTRUCCIÓN E INSTALACIÓN DE DOS MAQUETAS DE GRAN FORMATO PARA LA NUEVA EXHIBICIÓN PERMANENTE DEL MUSEO REGIONAL DE ATACAMA";"SERVICIO NACIONAL DEL PATRIMONIO CULTURAL";"60.905.000-4";"SUBDIRECCION DE MUSEOS";"";"";"Región de Atacama";"LE";"Cerrada";"DISEÑO, CONSTRUCCIÓN E INSTALACIÓN DE DOS MAQUETAS DE GRAN FORMATO PARA LA NUEVA EXHIBICIÓN PERMANENTE DEL MUSEO REGIONAL DE ATACAMA";2025-03-26T12:15:38.457;2025-04-07T18:00:00;2025-04-21T18:00:00;;"CLP";0;0
1075963-130-LE25;"ADQUISICIÓN DE CATETER DE IMAGEN FLEXOR HIDROFILICO Y GUÍA DE ANGIOPLASTIA PARA HEMODINAMIA";"SERVICIO DE SALUD ARICA HOSP DR JUAN NOE CREVANI";"61.606.001-5";"Hospital Juan Noé";"18 SEPTIEMBRE #1000";"Arica";"Región de Arica y Parinacota";"LE";"Cerrada";"ADQUISICIÓN DE CATETER DE IMAGEN, FLEXOR HIDROFILICO Y GUÍA DE ANGIOPLASTIA PARA HEMODINAMIA";2025-03-28T09:19:01.967;2025-04-07T17:30:00;2025-04-29T17:30:00;;"CLP";0;0
3416-31-LE25;"EQUIPO DE MONTAÑA";"COMANDO DE APOYO A LA FUERZA";"61.101.017-6";"Escuela Militar -ESCMIL";"Presidente Riesco 4601";"Las Condes";"Región Metropolitana de Santiago";"LE";"Cerrada";"La Escuela Militar a través de la solicitud interna SIC N°323489 presentada por el Jefe del Centro de Instrucción, tiene la necesidad de adquirir “Equipo de Montaña” para los alumnos del Instituto.";2025-03-28T15:16:03.563;2025-04-07T17:00:00;2025-04-25T18:00:00;;"CLP";0;0
1057429-10-LE25;"MANTENCION PREVENTIVA ASCENSORES";"SERVICIO NACIONAL DE SALUD HOSPITAL DE CORONEL";"61.602.201-6";"Bienes y Servicios";"AV. LAUTARO N° 600";"Coronel";"Región del Biobío";"LE";"Cerrada";"MANTENCION PREVENTIVA Y CORRECTIVA HSJC 3 AÑOS";2025-03-28T08:54:03.2;2025-04-07T17:30:00;2025-04-08T17:31:00;;"CLP";0;0
4732-7-LE25;"Conservación de Infraestructura y Sistema de Drenaje de Aguas Lluvias en Colegio Municipal de Callejones.";"I MUNICIPALIDAD DE CODEGUA";"69.080.400-K";"Secpla";"Municipalidad de Codegua - Depto. Educación 0'higgins 376 Interior Codegua";"Codegua";"Región del Libertador General Bernardo O´Higgins";"LE";"Cerrada";"La presente licitación tiene por objeto la Conservación de Infraestructura y Sistema de Drenaje de Aguas Lluvias en el Colegio Municipal de Callejones, comuna de Codegua, con el propósito de mejorar las condiciones de seguridad y funcionalidad del establecimiento ante eventos de emergencia climática, especialmente considerando su ubicación en una zona de inundación según el Plan Regulador Comunal (PRC) vigente.";2025-03-26T09:57:21.72;2025-04-07T17:30:00;2025-05-22T17:30:00;;"CLP";0;0
881-4-LE25;"SERVICIOS VIGILANCIA COMPLEJO DEPORTIVO CORVALLIS";"GOBIERNO REGIONAL DE ANTOFAGASTA";"72.224.100-2";"GORE ANTOFAGASTA PROGRAMA 01 FUNCIONAMIENTO";"Arturo Prat 384 Piso 6 - Región de Antofagasta -";"Antofagasta";"Región de Antofagasta";"LE";"Cerrada";"Se requiere contratar los servicios de vigilancia las 24 horas, los 7 días de la semana, incluidos los feriados y festivos de acuerdo a lo señalado en las Bases Técnicas, Administrativas y Anexos.";2025-03-26T13:26:20.937;2025-04-07T17:01:00;2025-04-28T17:00:00;57120000;"CLP";0;0
3928-23-L125;"CONTRATACION CURSO DE PERFECCIONAMINETO PARA DOCEN";"ILUSTRE MUNICIPALIDAD DE PICHILEMU";"69.091.201-5";"Educación Municipal";"Angel Gaete 365";"Pichilemu";"Región del Libertador General Bernardo O´Higgins";"L1";"Cerrada";"CONTRATACION CURSO DE PERFECCIONAMIENTO PARA DOCENTES Y ASISTENTES DE LA EDUCACION DEL COLEGIO DIVINO MAESTRO";2025-03-25T18:08:30.24;2025-04-07T17:00:00;2025-04-14T17:20:00;;"CLP";0;0
1075963-107-LE25;"ADQUISICION DE  CATETER SONDAS ESTILETE LLAVE DE TRES PASOS FILTRO EXHALATORIO SUTURA POP Q PINZA LIGASURE SET TUBOS INSUFLACION Y OTROS INSUMOS CLINICOS";"SERVICIO DE SALUD ARICA HOSP DR JUAN NOE CREVANI";"61.606.001-5";"Hospital Juan Noé";"18 DE SEPTIEMBRE #1000, ARICA.";"Santiago";"Región de Arica y Parinacota";"LE";"Cerrada";"ADQUISICION DE  CATETER, SONDAS, ESTILETE, LLAVE DE TRES PASOS, FILTRO EXHALATORIO, SUTURA, POP Q, PINZA LIGASURE, SET TUBOS INSUFLACION Y OTROS INSUMOS CLINICOS";2025-03-26T15:32:13.307;2025-04-07T17:00:00;2025-05-08T18:39:00;;"CLP";0;0
1641-147-LP25;"JVV - SUMINISTRO DE INSUMOS OTORRINOLARINGOLOGÍA";"SERVICIO DE SALUD OCCIDENTE HOSPITAL SAN JUAN DE DIOS";"61.608.204-3";"SERVICIO DE SALUD OCCIDENTE HOSPITAL SAN JUAN DE D";"Avda Compañía de Jesús 3265";"Santiago";"Región Metropolitana de Santiago";"LP";"Cerrada";"SUMINISTRO DE INSUMOS OTORRINOLARINGOLOGÍA HOSPITAL SAN JUAN DE DIOS";2025-03-26T16:45:33.063;2025-04-07T17:00:00;2025-06-06T17:00:00;;"CLP";0;0
3572-9-LE25;"servicio auditoria externa  Municipalidad";"I MUNICIPALIDAD DE CARAHUE";"69.190.500-4";"Secplac";"Villagran 240";"Carahue";"Región de la Araucanía";"LE";"Cerrada";"servicio auditoria externa  Municipalidad de  Carahue";2025-03-26T19:21:00;2025-04-07T17:00:00;2025-04-21T18:00:00;;"CLP";0;0
1057503-33-LQ25;"Contratación de Servicio de Personal de Apoyo Proyecto de Modernización de la Gestión Administrativa del Hospital Padre Alberto Hurtado";"HOSPITAL PADRE ALBERTO HURTADO";"61.958.500-3";"Bienes y Servicios";"ESPERANZA 2150";"San Ramón";"Región Metropolitana de Santiago";"LQ";"Cerrada";"El objetivo de la presente licitación es proveer la contratación de servicios profesionales, y técnicos de apoyo para áreas dependientes de la Subdirección Administrativa que cumplan con las exigencias precisadas en las Bases Administrativas y Técnicas de la Propuesta.";2025-03-26T17:13:01.833;2025-04-07T17:00:00;2025-05-07T17:00:00;335000000;"CLP";0;0
5520-6-LE25;"Servicio de cortes transparentes";"UNIVERSIDAD DE CHILE";"60.910.000-1";"FCFM IDIEM";"Plaza Ercilla 883";"Santiago";"Región Metropolitana de Santiago";"LE";"Cerrada";"IDIEM requiere la contratación del servicio de cortes transparentes, por un periodo de 24 meses o hasta el agotamiento de los recursos, lo primero que ocurra, según las especificaciones técnicas que se detallan en las bases de licitación.";2025-03-27T12:57:56.867;2025-04-07T17:00:00;2025-08-05T17:00:00;;"CLF";0;0
1057439-18-LP24;"C. Servicio de Catering Hospital La Serena";"SERVICIO DE SALUD COQUIMBO HOSPITAL LA SERENA";"61.606.402-9";"Bienes y Servicios";"JOSE M. BALMACEDA 916";"La Serena";"Región de Coquimbo";"LP";"Cerrada";"Se requiere adquirir convenio servicio de cafeterías para actividades y encuentros institucionales para el Hospital La Serena.";2025-03-17T11:38:00;2025-04-07T17:00:00;2025-06-07T17:00:00;;"CLP";0;0
1261592-18-LP25;"ADQUISICIÓN INSUMOS PARA LABORATORIO SARITA NUÑEZ";"CORP MUNICIPAL DE DESARROLLO SOCIAL DE A";"71.102.600-2";"UNIDAD TÉCNICA DIRECCIÓN DE SALUD";"AVENIDA ARGENTINA 1595 – II PISO";"Antofagasta";"Región de Antofagasta";"LP";"Cerrada";"Se determinó convocar el presente llamado de licitación a través del portal   www.mercadopublico.cl , para la “ADQUISICIÓN DE INSUMOS PARA LABORATORIO SARITA NÚÑEZ DEPENDIENTE DE LA CORPORACIÓN MUNICIPAL DE DESARROLLO SOCIAL DE ANTOFAGASTA”, La presente propuesta tiene como objetivo específico la adquisición de insumos para hematología, microbiología, serología y tomas de muestras del Laboratorio “Sarita Núñez”.";2025-03-17T08:33:12.053;2025-04-07T17:00:00;2025-04-25T20:00:00;132000000;"CLP";0;0
2048-23-LE25;"CONVENIO DE HOSPEDAJE PARA PACIENTES";"SERVICIO DE SALUD CHILOE";"61.975.800-5";"Hospital de Ancud";"";"";"Región de los Lagos";"LE";"Cerrada";"Las presentes bases requieren el servicio de alojamiento y alimentación para pacientes yo acompañantes, que por su condición clínica deba cumplir con una indicación médica y requieren permanecer cercanos al hospital de Ancud, y que no cuenten con una red de apoyo familiar que les permita satisfacer dicha necesidad.";2025-03-24T15:32:41.417;2025-04-07T17:00:00;2025-06-09T17:00:00;;"CLP";0;0
4337-8-L125;"C.S. Dispensador purificador de agua 2025";"I MUNICIPALIDAD DE RENAICO";"69.180.400-3";"Consultorio - Farmacia";"Cornelio Olsen N° 398";"Renaico";"Región de la Araucanía";"L1";"Cerrada";"C.S. Dispensador purificador de agua 2025";2025-04-01T16:04:42.83;2025-04-07T16:47:00;2025-04-08T16:48:00;;"CLP";0;0
2986-21-LE25;"SERVICIO DE MANTENCION Y REPARACION DE CALDERAS M";"I MUNICIPALIDAD DE LOS LAGOS";"69.200.600-3";"Unidad de Salud";"Arturo Prat Nº 162";"Los Lagos";"Región de Los Ríos";"LE";"Cerrada";"1.- Apruébese la siguiente Base de Licitación para la ID:  2986-20-L125, SERVICIOS DE MANTENCION Y REPARACION DE CALDERAS, “CONTRATO DE SUMINISTRO SERVICIOS DE MANTENCION PREVENTIVA Y REPARACION CORRECTIVA DE CALDERAS, MAQUINA AUXILIAR Y CIRCUITOS DE CALEFACCION”, AÑO 2025”, PARA LAS DEPENDENCIAS DEL DEPARTAMENTO DE SA-LUD MUNICIPAL DE LOS LAGOS”.";2025-03-27T16:23:41.433;2025-04-07T16:21:00;2025-05-08T17:00:00;20000000;"CLP";0;0
938614-10-LE25;"CRTC OBRA DE EXTENSION DE CABAÑAS PARA EL PERSONAL";"COMANDO DE APOYO A LA FUERZA";"65.124.882-5";"Zona de Bienestar Región Metropolitana";"Av. Beaucheff 1930";"Santiago";"Región Metropolitana de Santiago";"LE";"Cerrada";"CRTC OBRA DE EXTENSIÓN DE CABAÑAS PARA EL PERSONAL DE SOLTEROS DEL CRTC DEPENDIENTE ZBRM.";2025-03-11T17:28:00;2025-04-07T17:00:00;2025-04-15T18:00:00;;"CLP";0;0
4309-106-LE25;"CONVENIO FLUMAZENIL Y OTROS";"HOSPITAL GUILLERMO GRANT BENAVENTE DE CO";"61.602.189-3";"Abastecimiento Fármacos";"San Martin 1436";"Concepción";"Región del Biobío";"LE";"Cerrada";"ABASTECER HGGB";2025-03-25T09:42:00.79;2025-04-07T16:12:00;2025-08-07T16:13:00;;"CLP";0;0
2912-4-LE25;"MEDICAMENTOS PARA FARMACIA CESFAM";"I MUNICIPALIDAD DE FRUTILLAR";"69.220.702-5";"Municipalidad de Frutillar Depto. Adm. Salud";"Avda. Phillippi Nº 753";"Frutillar";"Región de los Lagos";"LE";"Cerrada";"MEDICAMENTOS PARA FARMACIA CESFAM";2025-03-27T17:19:10.683;2025-04-07T16:17:00;2025-04-17T16:18:00;60000000;"CLP";0;0
1894-18-LP25;"DVO-MATERIAL CHANCADO TACAMO - LO BLAÑA";"MINISTERIO DE OBRAS PUBLICAS DIREC CION GRAL DE OO PP DCYF";"61.202.000-0";"Dirección de Vialidad - X Región - Provincia de Osorno";"Manuel Antonio Matta 838";"Osorno";"Región de los Lagos";"LP";"Cerrada";"Para uso en faenas de recebo de carpeta granular con material chancado con provisión externa para camino Rol U-439 Tacamo – Lo Blaña, Provincia de Osorno, Región de los Lagos.";2025-03-26T16:19:51.197;2025-04-07T16:04:00;2025-05-07T10:05:00;;"CLP";0;0
2694-11-LE25;"SUMINISTRO DE MEDICAMENTOS PARA FARMACIA MUNICIPAL";"I MUNICIPALIDAD DE CARTAGENA";"69.073.600-4";"MUNICIPALIDAD DE CARTAGENA-SALUD";"TARAPACA  551";"Cartagena";"Región de Valparaíso";"LE";"Cerrada";"CONTRATO DE SUMINISTRO DE MEDICAMENTOS PARA FARMACIA MUNICIPAL CARTAGENA.";2025-03-25T14:55:33.48;2025-04-07T16:10:00;2025-04-30T17:30:00;;"CLP";0;0
4309-92-LP25;"CONVENIO MEDIOS DE CONTRASTE NO IONICO BAJA OSMORALIDAD 300 MG 50 ML";"HOSPITAL GUILLERMO GRANT BENAVENTE DE CO";"61.602.189-3";"Abastecimiento Fármacos";"San Martin 1436";"Concepción";"Región del Biobío";"LP";"Cerrada";"ABASTECER HGGB";2025-03-25T09:42:27.48;2025-04-07T16:16:00;2025-08-15T16:17:00;;"CLP";0;0
1894-19-LP25;"DVO-MATERIAL CHANCADO CRUCE RUTA 5 - SALKA";"MINISTERIO DE OBRAS PUBLICAS DIREC CION GRAL DE OO PP DCYF";"61.202.000-0";"Dirección de Vialidad - X Región - Provincia de Osorno";"Manuel Antonio Matta 838";"Osorno";"Región de los Lagos";"LP";"Cerrada";"Para uso en faenas de recebo de carpeta granular con material chancado con provisión externa para camino Rol U-534 Cruce Ruta 5 - Salka, Provincia de Osorno, Región de los Lagos.";2025-03-26T16:49:33.623;2025-04-07T16:10:00;2025-05-07T11:11:00;;"CLP";0;0
1463-1-LE25;"CONVENIO SUMINISTRO OXÍGENO MEDICINAL";"SERVICIO DE SALUD DEL MAULE HOSPITAL DE LICANTEN";"61.606.905-5";"Hospital Licantén";"Avda. Lautaro 685";"Licantén";"Región del Maule";"LE";"Cerrada";"Esta licitación tiene por objeto DISPONER DEL SUMINISTRO DE OXÍGENO PARA LOS USUARIOS DEL HOSPITAL DE LICANTÉN.";2025-03-26T14:30:55.087;2025-04-07T16:00:00;2025-04-30T18:00:00;60000000;"CLP";0;0
3890-20-L125;"CONTRAT. SERV. DE CAPACITACION DE SUBPROD. APICOLA";"I MUNICIPALIDAD DE FREIRE";"69.190.900-K";"MUNICIPALIDAD DE FREIRE";"AVDA SCHLEYER N°336";"Freire";"Región de la Araucanía";"L1";"Cerrada";"CONTRATACION SERV. DE CAPACITACION DE SUBPRODUCTOS APICOLAS PRODER FREIRE";2025-03-31T17:48:04.72;2025-04-07T16:00:00;2025-05-29T18:04:00;1850000;"CLP";0;0
1719-3-LE25;"DIVERSOS MEDICAMENTOS Y AMPOLLAS";"ILUSTRE MUNICIPALIDAD  DE SAGRADA FAMILIA";"69.110.200-9";"DIRECCION DE SALUD COMUNAL";"San Francisco 40 - Comuna de Sagrada Familia";"Sagrada Familia";"Región del Maule";"LE";"Cerrada";"Adquisición de diversos medicamentos y ampollas para abastecimiento de bodega comunal de farmacia y centros de salud, del Departamento de Salud de Sagrada Familia, según Bases Administrativas y Bases técnicas adjuntas.";2025-03-26T15:40:00;2025-04-07T16:00:00;2025-04-16T16:00:00;;"CLP";0;0
2069-47-LQ25;"MCP-SUMINISTRO DE SOFOSBUVIRVELPATASVIR PM HBLT";"SERVICIO DE SALUD METROPOLITANO SUR HOSP";"61.608.101-2";"HOSPITAL BARROS LUCO TRUDEAU";"Gran Avenida 3204";"San Miguel";"Región Metropolitana de Santiago";"LQ";"Cerrada";"El objeto de la presente licitación es contar con un contrato de suministro y de tal manera satisfacer la demanda de los medicamentos de alto costo, y dar continuidad de tratamiento a pacientes perteneciente a Programas Ministeriales de manera local, por lo que es necesario para una correcta entrega a pacientes del establecimiento, conjuntamente con la implementación de un sistema de frecuencia y periodicidad de entrega de los productos, coordinado entre Hospital y el adjudicatario.";2025-03-24T09:59:21.963;2025-04-07T16:00:00;2025-07-01T18:00:00;;"CLP";0;0
2069-48-LQ25;"MCP-SUMINISTRO DE MEDICAMENTOS PM ESCLE. MULT HBLT";"SERVICIO DE SALUD METROPOLITANO SUR HOSP";"61.608.101-2";"HOSPITAL BARROS LUCO TRUDEAU";"Gran Avenida 3204";"San Miguel";"Región Metropolitana de Santiago";"LQ";"Cerrada";"El objeto de la presente licitación es contar con un contrato de suministro y de tal manera satisfacer la demanda de los medicamentos de alto costo, y dar continuidad de tratamiento a pacientes perteneciente a Programas Ministeriales de manera local, por lo que es necesario para una correcta entrega a pacientes del establecimiento, conjuntamente con la implementación de un sistema de frecuencia y periodicidad de entrega de los productos, coordinado entre Hospital y el adjudicatario.";2025-03-24T09:59:34.317;2025-04-07T16:00:00;2025-07-01T18:00:00;;"CLP";0;0
633-24-LP25;"PRODUCTOS PARA ACTIVIDADES DE EDUCACIÓN Y DIFUSIÓN SOCIAL CLUB FORESTÍN Y PROGRAMA COMUNIDADES PREPARADAS EN PREVENCIÓN DE INCENDIOS FORESTALES";"CORP NACIONAL FORESTAL";"61.313.000-4";"Conaf - Oficina Central - Abastecimiento";"Av. Bulnes 285, Oficina 801.";"Santiago";"Región Metropolitana de Santiago";"LP";"Cerrada";"E1O2RT9 - La Corporación Nacional Forestal, en adelante “CONAF” o la “Corporación”, indistintamente, invita a los oferentes inscritos en el portal de compras del Estado www.mercadopublico.cl, a participar en la licitación pública denominada “PRODUCTOS PARA ACTIVIDADES DE EDUCACIÓN Y DIFUSIÓN SOCIAL, CLUB FORESTÍN Y PROGRAMA COMUNIDADES PREPARADAS EN PREVENCIÓN DE INCENDIOS FORESTALES”, de acuerdo a las especificaciones incluidas en las Bases de Licitación y sus respectivos Anexos.";2025-03-17T18:11:19.123;2025-04-07T16:00:00;2025-05-01T18:00:00;;"CLP";0;0
1057977-4-LP25;"PAVIMENTACION Y MURO DE CONTENCION HOSP. MAULLIN";"SERVICIO SALUD DEL RELONCAVI";"61.607.700-7";"Obras Civiles";"ESMERALDA 269 PISO 5 , POBL ESMERALDA";"Puerto Montt";"Región de los Lagos";"LP";"Cerrada";"EL SERVICIO DE SALUD DEL RELONCAVI REQUIERE LICITAR LOS SERVICIOS DE PAVIMENTACIÓN Y MURO DE CONTENCION ACCESO SERVICIOS HOSPITAL DE MAULLIN";2025-03-07T11:01:00;2025-04-07T16:00:00;2025-05-07T16:00:00;96000000;"CLP";0;0
2668-33-L125;"PTR N°E-73 - SERVICIO DE IMPLEMENTACION DE PROGRAMA DE PARENTALIDAD 2025 PARA COLEGIOS MUNICIPALES DE VITACURA";"I MUNICIPALIDAD DE VITACURA";"69.255.600-3";"EDUCACIÓN";"Avenida Bicentenario Nº 3.800.Giro: Servicio Público.";"Vitacura";"Región Metropolitana de Santiago";"L1";"Cerrada";"SERVICIO DE IMPLEMENTACION DE PROGRAMA DE PARENTALIDAD 2025, PARA COLEGIOS MUNICIPALES DE VITACURA. VER DETALLE DE LO REQUERIDO Y SOLICITADO EN BASES DE LICITACION EN ARCHIVO ADJUNTO.";2025-03-31T12:03:19.04;2025-04-07T16:00:00;2025-04-18T20:00:00;;"CLP";0;0
1078177-15-LE25;"ADQUISICIÓN DE SERVICIO DE REPARACIÓN PARA EL VEHÍCULO FISCAL RP-6798 MARCA HYUNDAI DE CARGO DE LA PLANA MAYOR PREFECTURA CAUTÍN";"DIRECCION DE LOGISTICA DE CARABINEROS";"60.505.522-2";"SECCIÓN COMPRAS ZONA DE CARABINEROS ARAUCANIA";"CLARO SOLAR 1286";"Temuco";"Región de la Araucanía";"LE";"Cerrada";"ADQUISICIÓN DE SERVICIO DE REPARACIÓN PARA EL VEHÍCULO FISCAL RP-6798 MARCA HYUNDAI DE CARGO DE LA PLANA MAYOR PREFECTURA CAUTÍN";2025-03-26T08:52:33.483;2025-04-07T16:00:00;2025-04-25T20:00:00;9000000;"CLP";0;0
1057421-7-LQ25;"C.S. Insumos Área Hematología y Otras HFC Laja";"SERVICIO DE SALUD BIO BIO HOSPITAL DE LAJA";"61.607.306-0";"Bienes y Servicios";"Avenida Los Rios #840";"Laja";"Región del Biobío";"LQ";"Cerrada";"Realizar Convenio de Suministros de Insumos y Reactivos Áreas de Hematología, Urianálisis, Coagulación, Gasometría e Inmunoensayo de Laboratorio Clínico del Hospital de Laja";2025-03-28T15:25:27.583;2025-04-07T16:00:00;2025-04-14T10:00:00;;"CLP";0;0
838108-3-LE25;"LP SUMINISTRO DE FERRETERÍA CENTRO RECR PTA VERDE";"COMANDO DE APOYO A LA FUERZA";"73.923.800-5";"División de Bienestar ZB  Valparaíso  BSoc";"Av. Uruguay N° 385 Depto. 32 - 33";"Valparaíso";"Región del Libertador General Bernardo O´Higgins";"LE";"Cerrada";"suministro de artículos de ferretería, materiales de construcción y herramientas para el Centro Recreacional Punta Verde, dependiente de la Zona de Bienestar “Valparaíso”.";2025-03-27T15:35:15.113;2025-04-07T16:00:00;2025-04-11T16:00:00;;"CLP";0;0
1058085-71-LE25;"CONVENIO SUMINISTRO DE ANTIMICROBIANO Y ANTIBIOTICO G-1 PARA EL HOSPITAL DEL SALVADOR";"SERVICIO DE SALUD ORIENTE HOSPITAL DEL SALVADOR";"61.608.406-2";"Fármacos";"Avda. Salvador # 364";"Alhué";"Región Metropolitana de Santiago";"LE";"Cerrada";"Que, el Hospital del Salvador necesita contar con un CONVENIO SUMINISTRO DE ANTIMICROBIANO Y ANTIBIOTICO G-1 PARA EL HOSPITAL DEL SALVADOR con la finalidad de satisfacer de manera adecuada y eficiente la labor asistencial durante periodo de 36 meses. Que, por la cuantía determinada, la presente licitación se ubica en el tramo para contrataciones de aquellas iguales o superiores a 100 UTM e inferiores a 1.000 UTM, en conformidad al Artículo 36º del Reglamento de la Ley Nº19.886 Que hechas las consultas respectivas, la provisión de Medicamentos Intermediados, no se encuentra disponibles por Convenios Marcos ofrecidos en el Sistema de Información de la Dirección de Compras, www.mercadopublico.cl Que, esta compra esta vinculada al proyecto 1058085-3-PC25, correspondiente al plan anual de compras del año 2025.";2025-03-28T10:48:02.473;2025-04-07T16:00:00;2025-07-07T17:25:00;66000000;"CLP";0;0
1339163-7-LE25;"ADQUISICIÓN LICENCIAS ADOBE O EQUIVALENTE 12 MESES";"SERVICIO LOCAL DE EDUCACIÓN PÚBLICA SANTA ROSA";"61.981.070-8";"PROGRAMA 01";"El Llano Subercaseaux 3629, piso 10";"San Miguel";"Región Metropolitana de Santiago";"LE";"Cerrada";"asegurar las condiciones de trabajo en las oficinas del nivel central, para el buen desarrollo de sus funciones.";2025-04-01T17:16:42.3;2025-04-07T16:00:00;2025-04-18T17:47:00;;"CLP";0;0
1057508-16-LE25;"CONVENIO COMPRA DE SERVICIO DE APOYO INGENIERÌA Y ESPECIALIDADES-SECCION OBRAS CIVILES-SERVICIO DE SALUD DE ÑUBLE";"SERVICIO DE SALUD NUBLE";"61.607.000-2";"Bienes y Servicios";"";"";"Región del Ñuble";"LE";"Cerrada";"El Servicio de Salud Ñuble llama a Licitación Pública a través del Portal Mercado Público para suscribir convenio de compra de servicios de apoyo de ingeniería y especialidades para las diferentes etapas de estudio, anteproyecto y ejecución de proyectos referentes a la sección de Obras Civiles y Arquitectura, del  Departamento de Recursos Físicos, de la Dirección del Servicio de Salud Ñuble, de acuerdo a requerimientos especificados en Bases Administrativas y Técnicas y sus respectivos anexos.";2025-03-26T11:21:16.077;2025-04-07T16:00:00;2025-04-21T17:00:00;;"CLP";0;0
699866-52-LP25;"CONVENIO DE INSUMOS PARA REALIZACIÓN DE EXÁMENES POR TÉCNICA DE ELISA CON EQUIPO EN COMODATO";"SERVICIO DE SALUD DEL MAULE HOSPITAL DE TALCA";"61.606.901-2";"Insumos Clínicos";"1 Norte Nº 1990";"Talca";"Región del Maule";"LP";"Cerrada";"El objetivo de la presente licitación, es invitar a través de www.mercadopublico.cl a todos los proveedores del rubro a participar de la adquisición de insumos para realización de exámenes de autoinmunidad por técnica ELISA con equipo en comodato necesarios para el Hospital Regional de Talca y bajo las especificaciones técnicas requeridas por la Institución con el fin de seleccionar la oferta más conveniente de acuerdo a los criterios de evaluación, asegurando el abastecimiento en calidad y oportunidad, satisfaciendo así la demanda de los usuarios.";2025-03-27T11:59:08.193;2025-04-07T16:00:00;2025-05-07T17:30:00;;"CLP";0;0
2427-34-LE25;"ADQUISICION DE FÁRMACOS VETERINARIOS.";"I MUNICIPALIDAD DE VALPARAISO";"69.060.900-2";"ABASTECIMIENTO";"";"";"Región de Valparaíso";"LE";"Cerrada";"PEDIDO N°10, DIRECCIÓN MEDIO AMBIENTE.";2025-03-26T11:40:12.64;2025-04-07T16:00:00;2025-05-30T17:00:00;8039798;"CLP";0;0
3937-9-LE25;"CONTRATO DE SUMINISTRO DE MANTENCIÓN Y REPARACIÓN EDIFICACIONES DEPTO. SALUD MUNICIPAL DE CURARREHUE 2025";"ILUSTRE MUNICIPALIDAD DE CURARREHUE";"69.252.400-4";"Salud";"AVDA. ESTADIO N°550";"Curarrehue";"Región de la Araucanía";"LE";"Cerrada";"CONTRATO DE SUMINISTRO PARA MANTENCIÓN Y REPARACIONES MENORES DE  EDIFICACIONES PERTENECIENTES AL DEPTO. SALUD MUNICIPAL DE CURARREHUE PARA EL AÑO 2025";2025-04-01T08:19:12.677;2025-04-07T15:35:00;2025-04-09T10:00:00;19596590;"CLP";0;0
3200-3-LP25;"CONVENIO SUMINISTRO SUPERMERCADOS";"I MUNICIPALIDAD DE LONCOCHE";"69.191.100-4";"Departamento de Salud";"Manuel Bulnes Nº 385";"Loncoche";"Región de la Araucanía";"LP";"Cerrada";"Se requiere adquirir Adquisición de convenio suministro provisión de insumos de Supermercados para el desarrollo de las actividades de la Ilustre Municipalidad de Loncoche y Servicios traspasados, Departamento de Salud Municipal y Departamento de Educación Municipal, los que deberán ser entregados en piso bodega Municipal o donde las unidades de adquisiciones lo dispongan, por un periodo de 12 meses con la posibilidad de la renovación por un año. Esto en su calidad de mandante, para contratar a través del Sistema Mercado Publico, lo cual se llevará a cabo tomando en consideración los aspectos que en esta ficha se indican. –";2025-03-26T13:55:30.693;2025-04-07T15:32:00;2025-05-07T15:33:00;;"CLP";0;0
1013353-14-LE25;"SERVICIO SUMINISTRO DE RETIRO Y TRASLADO DE MUEBLE";"SERVICIO LOCAL DE EDUCACION LAS BARRANCAS";"65.154.021-6";"SERVICIO EDUCATIVO PROGRAMA 2";"San Pablo 9176";"Pudahuel";"Región Metropolitana de Santiago";"LE";"Cerrada";"El Servicio Local de Educación Pública Barrancas, requiere contratar los servicios de suministros en el retiro y traslados de mobiliario estudiantiles y de oficinas que se encuentran en los establecimientos educacionales, Jardines Infantiles y nivel central por el año 2025, a través de contrato de suministro.";2025-03-27T17:50:51.58;2025-04-07T15:35:00;2025-04-14T15:05:00;;"CLP";0;0
2282-24-LR25;"Recolección microbasurales residuos peonetas";"I MUNICIPALIDAD VALDIVIA";"69.200.100-1";"SECRETARIA PLANIFICACION MUNICIPAL";"ARAUCO 642/ Liceo Santa María";"Valdivia";"Región de Los Ríos";"LR";"Cerrada";"Contratación para los servicios de recolección de microbasurales, recolección de residuos domiciliarios, peonetas para la Recolección de RSD, limpieza de calles y mobiliario urbano, transporte y disposición final de residuos sólidos de la comuna de Valdivia, Propuesta Pública 68-2023";2025-02-25T12:55:00;2025-04-07T15:30:00;2025-05-14T17:00:00;22885347240;"CLP";0;0
699866-47-LP25;"ADQUISICION KIT CATETER DE TROMBECTOMIA TIPO SISTEMA INDIGO EN CONSIGNACION";"SERVICIO DE SALUD DEL MAULE HOSPITAL DE TALCA";"61.606.901-2";"Insumos Clínicos";"Av. San Miguel S/N";"Talca";"Región del Maule";"LP";"Cerrada";"El objetivo de la presente licitación, es invitar a través de www.mercadopublico.cl a todos los proveedores del rubro a participar de la adquisición de KIT CATETER DE TROMBECTOMIA TIPO SISTEMA INDIGO EN CONSIGNACION necesarios para el servicio de Hemodinamia del Hospital Regional de Talca y bajo las especificaciones técnicas requeridas por la Institución con el fin de seleccionar la oferta más conveniente de acuerdo a los criterios de evaluación, asegurando el abastecimiento en calidad y oportunidad, satisfaciendo así la demanda de los usuarios.";2025-03-26T11:32:50.493;2025-04-07T15:30:00;2025-05-07T17:45:00;;"CLP";0;0
734808-10-LE25;"MEJORAMIENTO Y REGULARIZACIÓN ELÉCTRICA LICEO DE HUARA";"ILUSTRE MUNICIPALIDAD DE HUARA";"69.010.200-5";"AREA EDUCACION";"Avda. Vicuña Mackenna S/n SEGUNDO PISO";"Huara";"Región de Tarapacá";"LE";"Cerrada";"El objetivo de normalizar el sistema eléctrico, potencia y actualización del T-1 del principal recinto educativo de la Comuna de Huara";2025-03-25T13:45:25.88;2025-04-07T15:30:00;2025-04-30T16:00:00;65000000;"CLP";0;0
4162-12-LE25;"COMPRA DE INSUMOS CLINICOS PARA CESFAM DOÑIHUE";"I MUNICIPALIDAD DE DONIHUE";"69.080.600-2";"Salud";"Dr.Sanhueza S/N";"Doñihue";"Región del Libertador General Bernardo O´Higgins";"LE";"Cerrada";"Se requiere licitar la compra de insumos clínicos para Cesfam Doñihue que son fundamental para el normal funcionamiento en las atenciones en las unidades de Urgencia, Laboratorio, Vacunatorio y Box médicos";2025-04-01T15:42:33.16;2025-04-07T15:32:00;2025-04-30T15:33:00;;"CLP";0;0
2989-8-LE25;"adquisición de pólizas de seguro";"I MUNICIPALIDAD DE LOS MUERMOS";"69.220.800-5";"Municipalidad de Los Muermos-Depto. Salud";"Federico Redlich  S/N";"Los Muermos";"Región de los Lagos";"LE";"Cerrada";"ADQUISICIÓN DE PÓLIZAS DE SEGURO PARA VEHICULOS Y ESTABLECIMIENTOS DE SALUD DEPENDIENTES DEL DEPARTAMENTO DE SALUD MUNICIPAL DE LA I. MUNICIPALIDAD DE LOS MUERMOS Adquirir pólizas de seguros para los vehículos y establecimiento de salud dependientes el Departamento de Salud Municipal para mantener cobertura en caso de siniestro.";2025-04-01T17:08:04.8;2025-04-07T15:31:00;2025-04-11T15:00:00;40056000;"CLP";0;0
2279-33-LE25;"SP 229 ADQUISICION DE TELEFONOS YEALINK";"MUNICIPALIDAD DE PUDAHUEL";"69.071.100-1";"IMUNI_PUDAHUEL ADQUISICIONES";"SAN PABLO 8444";"Pudahuel";"Región Metropolitana de Santiago";"LE";"Cerrada";"Se requiere la adquisición de Teléfonos Yealink según lo solicitado en bases técnicas";2025-03-27T10:23:42.94;2025-04-07T15:30:00;2025-04-30T17:30:00;8000000;"CLP";0;0
4283-5-LE25;"Examenes de Imágenes Diagnósticas";"I MUNICIPALIDAD DE CATEMU";"69.050.900-8";"Salud";"Arturo Pratt 152";"Catemu";"Región de Valparaíso";"LE";"Cerrada";"Contratación de Imágenes Diagnósticas para el Cesfam Eduardo Raggio L.";2025-03-27T12:22:52.847;2025-04-07T15:30:00;2025-04-22T12:00:00;26820000;"CLP";0;0
2703-107-L125;"SC 10860 Vitamina complejo B. CESFAM";"I MUNICIPALIDAD DE TALAGANTE";"69.071.800-6";"Dirección de Salud";"Pasaje Quemchi N°1075, Villa Mónaco, Talagante";"";"Región Metropolitana de Santiago";"L1";"Cerrada";"SC 10860 Vitamina complejo B. CESFAM";2025-04-01T15:44:52.547;2025-04-07T15:30:00;2025-05-09T17:00:00;6803400;"CLP";0;0
2446-49-LP25;"HABILITACIÓN BAÑOS AUDITORIO EDIFICIO CONSISTORIAL";"I MUNICIPALIDAD DE COQUIMBO";"69.040.300-5";"IMUNI_COQUIMBO";"BILBAO 348";"Coquimbo";"Región de Coquimbo";"LP";"Cerrada";"Contratación del servicio de Intervención y obras de habilitación de los baños en Auditorio Municipal, incluyendo terminaciones de piso, muros y cielo, división de espacios con tabiquería Metalcon e instalación de artefactos y luminarias.";2025-03-14T12:58:16.52;2025-04-07T15:30:00;2025-05-27T17:30:00;;"CLP";0;0
886182-3-LE25;"ADQUISICIÓN DE BIBLIOGRAFÍA FÍSICA UAYSEN";"UNIVERSIDAD DE AYSEN";"61.980.520-8";"Universidad de Aysen";"Calle Lord Cochrane 335";"Coyhaique";"Región Aysén del General Carlos Ibáñez del Campo";"LE";"Cerrada";"La Universidad de Aysén requiere adquirir la bibliografía que se detalla en las especificaciones técnicas de las presentes bases, en el punto 24, la cual está incluida en la bibliografía obligatoria y sugerida de los programas de asignatura de las carreras impartidas por la Universidad.";2025-03-26T12:05:24.763;2025-04-07T15:30:00;2025-04-29T21:00:00;14414270;"CLP";0;0
1469-48-L125;"20-34055 Adquisición de bicicletas para movilidad sustentable proyecto TAL2295, destinad";"UNIVERSIDAD DE TALCA";"70.885.500-6";"Universidad de Talca";"Edificio Lircay de la Universidad de Talca, Calle 19 Norte, 1665";"Talca";"Región del Maule";"L1";"Cerrada";"Adquisición de bicicletas para movilidad sustentable proyecto TAL2295, destinad";2025-04-01T16:14:24.93;2025-04-07T15:30:00;2025-04-12T19:00:00;4000000;"CLP";0;0
744835-36-L125;"ENDOSCOPIA DIGESTIVA ALTA EDA";"I MUNICIPALIDAD DE LO ESPEJO";"69.255.100-1";"Departamento de Adquisiciones";"Av. Cardenal Raúl Silva Henríquez N° 8321";"Lo Espejo";"Región Metropolitana de Santiago";"L1";"Cerrada";"DE ACUERDO A SOLICITUD DE MATERIALES N 32-2025 DEL DEPTO. DE SALUD";2025-03-31T13:31:55.86;2025-04-07T15:30:00;2025-05-08T13:00:00;;"CLP";0;0
3587-3-LE25;"INSUMOS EQUIPAMIENTO E INSTRUMENTAL DENTAL";"I MUNICIPALIDAD DE CARAHUE";"69.190.500-4";"Departamento de Salud Municipal Carahue";"Villagran 240";"Carahue";"Región de la Araucanía";"LE";"Cerrada";"La Municipalidad de Carahue realiza la presente Licitación para la adquisición de insumos, instrumental y equipamiento dental destinados a la atención de usuarios en las distintas unidades DSM Carahue";2025-03-26T14:58:55.607;2025-04-07T15:30:00;2025-04-14T19:58:00;13000000;"CLP";0;0
711841-4-LE25;"Seguro catastrófico edificio MDSyF";"SUBSECRETARIA DE SERVICIOS SOCIALES";"60.103.000-4";"SUBSECRETARIA DE SERVICIOS SOCIALES";"Catedral 1575, primer piso";"Santiago Centro";"Región Metropolitana de Santiago";"LE";"Cerrada";"Su objeto es disponer para el edificio del Ministerio de Desarrollo social y Familia de un seguro catastrófico contra incendio y sismo, de forma tal de salvaguardar la edificación y su contenido.";2025-03-26T10:15:59.21;2025-04-07T15:30:00;2025-05-07T18:00:00;65000000;"CLP";0;0
2490-26-LE25;"CONSTRUCCIÓN JARDINES TALUD SANTA MARÍA OFFICE";"I MUNICIPALIDAD DE PROVIDENCIA";"69.070.300-9";"Dirección de Secpla";"Pedro Valdivia N°963";"Providencia";"Región Metropolitana de Santiago";"LE";"Cerrada";"El objetivo de la presente licitación es la construcción de un talud vegetal y sus correspondientes jardines sustentables provistos de riego automático adyacente al edificio Santa María Office.";2025-03-17T17:18:00;2025-04-07T15:30:00;2025-06-30T20:00:00;;"CLP";0;0
2427-39-LE25;"ADQUISICION DE SERVICIO ARTISTICO Y LOGISTICO PARA TREN CULTURAL DE VALPARAISO.";"I MUNICIPALIDAD DE VALPARAISO";"69.060.900-2";"ABASTECIMIENTO";"";"";"Región de Valparaíso";"LE";"Cerrada";"PEDIDO N° 27 DIRECCION DE DESARROLLO CULTURAL. ADQUISICION DE SERVICO ARTISTICO Y LOGISTICO";2025-03-26T16:40:53.027;2025-04-07T15:30:00;2025-04-25T12:00:00;50000000;"CLP";0;0
1464-27-LE25;"MANTENIMIENTO RECARGA Y REPOSICION DE EXTINTORES";"SERVICIO DE SALUD DEL MAULE HOSPITAL DE PARRAL";"61.606.918-7";"Hospital Parral";"";"";"Región del Maule";"LE";"Cerrada";"Servicio de  Mantención Preventiva, correctiva, recarga y reposición de extintores del Hospital San Jose de Parral comuna de Parral, por 24 meses, de acuerdo a las presentes Bases de Licitacion.";2025-03-28T16:58:21.833;2025-04-07T15:30:00;2025-04-14T17:00:00;7000000;"CLP";0;0
5184-44-LE25;"ANTISÉPTICOS TÓPICOS Y DENTAL HOSPITAL DE LINARES";"SERVICIO DE SALUD DEL MAULE HOSPITAL DE LINARES";"61.606.917-9";"CONTRATOS-SUMINISTRO";"Brasil Nº 753";"Linares";"Región del Maule";"LE";"Cerrada";"ANTISÉPTICOS TÓPICOS Y DENTAL HOSPITAL DE LINARES, SEGÚN MEMORÁNDUM NRO 24 DE FECHA 12-02-2025 JEFE DEPARTAMENTO DE ADQUISICIONES";2025-03-27T10:52:04;2025-04-07T15:30:00;2025-05-12T18:00:00;50500000;"CLP";0;0
1242131-8-LQ25;"CONVENIO DE SUMINISTRO DE INSUMOS PRÓTESIS AUTOEXPANDIBLE DE ENDOSCOPIA PARA EL HOSPITAL PROVINCIAL DE OVALLE";"SERVICIO DE SALUD COQUIMBO HOSPITAL DE O";"61.606.404-5";"Insumos Clínicos Varios";"Ariztia 7";"Ovalle";"Región de Coquimbo";"LQ";"Cerrada";"Conforme a la Ley de Compras Públicas N° 19.886, su Reglamento y modificaciones, el Hospital Provincial de Ovalle llama a licitación pública a empresas o proveedores del rubro, personas naturales o jurídicas, chilenas o extranjeras, así como a Uniones Temporales de Proveedores, para celebrar un CONVENIO DE SUMINISTRO DE INSUMOS DE PRÓTESIS AUTOEXPANDIBLES DE ENDOSCOPIA, para el Hospital Provincial de Ovalle, por un periodo de 12 (doce) meses, o hasta agotar el presupuesto referencial, para un oportuno y adecuado suministro de estos productos y así garantizar el correcto funcionamiento del establecimiento.";2025-03-18T15:04:20.327;2025-04-07T15:25:00;2025-06-06T15:05:00;137000000;"CLP";0;0
1029-10-LP25;"CONTRATACIÓN SERVICIO DE MAQUINARIA PARA DRV MAULE";"MINISTERIO DE OBRAS PUBLICAS DIREC CION GRAL DE OO PP DCYF";"61.202.000-0";"Dirección de Vialidad - VII Región - Dirección Regional";"1 Oriente Nº 1253 piso 2";"Talca";"Región del Maule";"LP";"Cerrada";"La Dirección de Vialidad - Región del Maule, solicita ofertas para el Contrato por servicio especializado de mantención, reparación y habilitación de sistemas para maquinarias marca Beiben, conforme a los requerimientos administrativos y técnicos descritos en las presentes Bases de Licitación.";2025-03-25T08:22:09.39;2025-04-07T15:14:00;2025-04-17T12:15:00;;"CLP";0;0
2445-27-LE25;"MANTENCION ANUAL DE AUTOCLAVES SP2293";"I MUNICIPALIDAD DE CURICO";"69.100.100-8";"Salud - Adquisiciones";"VILLA SANTA ELENA S/N LOS NICHES";"Curicó";"Región del Maule";"LE";"Cerrada";"MANTENCION ANUAL DE AUTOCLAVES PERTENECIENTES A CESFAM COLON, CESFAM BETTY MUÑOZ ARCE, CESFAM MIGUEL ANGEL ARENAS Y CARRO MOVIL DENTAL SP2293";2025-03-28T11:28:04.827;2025-04-07T15:15:00;2025-04-25T11:30:00;9618362;"CLP";0;0
3953-18-L125;"CONVENIO SUMINISTRO MATERIALES DE CONSTRUCCION ,PARA AYUDA SOCIAL";"I MUNICIPALIDAD DE PERALILLO";"69.091.500-6";"I MUNICIPALIDAD DE PERALILLO";"Por correo electrónico";"Las Condes";"Región Metropolitana de Santiago";"L1";"Cerrada";"La Municipalidad de Peralillo requiere suscribir un convenio de suministro para disponer de materiales de construcción como ayuda social a familias de la  comuns de Peralillo. Remitirse a las presentes bases administrativas, bases técnicas y formularios de postulación., por el periodo desde la fecha del contrato hasta el 31 de diciembre de 2025.";2025-03-31T13:26:56.817;2025-04-07T15:10:00;2025-04-11T15:00:00;6000000;"CLP";0;0
1514-27-LQ25;"Convenio de suministro de Oxigeno Líquido y otros gases";"SERVICIO DE SALUD CHILOE";"61.602.275-k";"Hospital de Castro";"Ramón Freire 852";"Castro";"Región de los Lagos";"LQ";"Cerrada";"El Hospital de Castro, requiere contar con convenio de suministro continuo y seguro de oxígeno líquido y otros gases, para los servicios clínicos.";2025-03-21T11:16:26.55;2025-04-07T15:10:00;2025-05-07T18:00:00;;"CLP";0;0
996-34-LE25;"ARRIENDO DE HORAS RODILLO VIBRATORIO CHOAPA";"MINISTERIO DE OBRAS PUBLICAS DIREC CION GRAL DE OO PP DCYF";"61.202.000-0";"Dirección de Vialidad - IV Región - Dirección Regional";"Cirujano Videla # 200 piso 1";"La Serena";"Región de Coquimbo";"LE";"Cerrada";"ARRIENDO DE HORAS RODILLO VIBRATORIO CHOAPA";2025-03-26T08:57:15.543;2025-04-07T15:11:00;2025-04-14T15:12:00;;"CLP";0;0
2099-15-LE25;"SERV. ARRIENDO DE VEHICULO  SEREMI SALUD XII";"SUBSECRETARIA DE SALUD PUBLICA";"61.601.000-K";"Seremi de Salud de XII Región";"AV. BULNES Nº 0136";"Punta Arenas";"Región de Magallanes y de la Antártica";"LE";"Cerrada";"La Secretaría Regional Ministerial de Salud de Magallanes y Antártica Chilena, requiere contratar el servicio de arriendo de vehículos para apoyar las actividades en terreno abordando de manera adecuada y continua las estrategias sanitarias.";2025-03-27T15:20:00.62;2025-04-07T15:07:00;2025-04-14T20:08:00;18000000;"CLP";0;0
627025-2-LE25;"CURSO INSTRUCTOR DE BUCEO AVANZADO";"DIRECCION DE ABASTECIMIENTO DE LA ARMADA";"61.102.057-0";"DIRECCION DE EDUCACION DE LA ARMADA";"AV. JORGE MONTT 11700";"Viña del Mar";"Región de Valparaíso";"LE";"Cerrada";"Capacitar a un alumno como instructor avanzado CCR para equipos AP Inspiratios XPD para distintos niveles hasta completar la capacitación, permitiendo certificar, durante el mismo curso, a otros4 en CCR ADVANCE MIXED GAS DIVER.";2025-03-28T13:10:46.98;2025-04-07T15:10:00;2025-05-08T15:10:00;;"CLP";0;0
1058085-45-LQ25;"Convenio Suministro de vildagliptina 50 mg comprimido en caso de no despacho de CENABAST para el Hospital del Salvador";"SERVICIO DE SALUD ORIENTE HOSPITAL DEL SALVADOR";"61.608.406-2";"Fármacos";"Avda. Salvador # 364";"Alhué";"Región Metropolitana de Santiago";"LQ";"Cerrada";"Que, el Hospital del Salvador necesita contar con Convenio Suministro de vildagliptina 50 mg comprimido en caso de no despacho de CENABAST para el Hospital del Salvador con la finalidad de satisfacer de manera adecuada y eficiente la labor asistencial durante un periodo de 36 meses. Que, el hospital debe implementar “Medidas Complementarias”, para asegurar el abastecimiento de los medicamentos intermediados por CENABAST, ante los reiterados quiebres de stock e incumplimientos derivados de sus proveedores Que, por la cuantía determinada, la presente licitación se ubica en el tramo para contrataciones de aquellas iguales o superiores a 1.000 UTM e inferiores a 5.000 UTM, de conformidad al Artículo 36 del Reglamento de la Ley Nº19.886, en atención a que las terapias no pueden interrumpirse por los efectos adversos que generan.";2025-03-17T10:23:36.63;2025-04-07T15:10:00;2025-07-07T15:33:00;310000000;"CLP";0;0
1079596-8-LE25;"ADQUISICION DE INSUMOS DE ESCRITORIOS ARICA";"DIRECCION DE LOGISTICA DE CARABINEROS";"60.505.101-4";"SECCIÓN COMPRAS ZONA CARAB DE ARICA Y PARINACOTA";"JUAN NOÉ N° 799, ARICA";"Arica";"Región de Arica y Parinacota";"LE";"Cerrada";"LICITACIÓN PÚBLICA DE ADQUISICIÓN DE INSUMOS DE OFICINA, DESTINADOS A DIFERENTES UNIDADES, DEPENDIENTES DE LA ZONA DE CARABINEROS ARICA Y PARINACOTA . DICHA LICITACION SE REALIZARA POR LINEA";2025-03-28T10:40:32.093;2025-04-07T15:05:00;2025-05-08T20:00:00;13186254;"CLP";0;0
3761-6-LP25;"Adquisicion Rodillo Compactador Comuna de Coelemu";"I MUNICIPALIDAD DE COELEMU";"69.150.200-7";"Secretaria  De Planificacion  Comunal";"Pedro Leon  Gallo  Nº 609";"Coelemu";"Región del Ñuble";"LP";"Cerrada";"Consiste en la Adquisicion Rodillo Compactador para la Comuna de Coelemu, en el marco del proyecto C-33 financiado por el Gobierno Regional, según antecedentes técnicos adjuntos a la licitación.";2025-03-17T13:32:39.807;2025-04-07T15:05:00;2025-04-30T17:15:00;92414000;"CLP";0;0
1057975-3-LQ25;"Adecuación y Ampliación Endoscopia H. Santa Cruz";"SERVICIO DE SALUD LIBERTADOR BDO OHIGGINS";"61.606.800-8";"Obras Civiles";"Bienes y Servicios";"Rancagua";"Región del Libertador General Bernardo O´Higgins";"LQ";"Cerrada";"Adecuación y Ampliación Endoscopia Hospital de Santa Cruz";2025-03-17T13:03:00;2025-04-07T15:06:00;2025-08-05T15:07:00;;"CLP";0;0
2669-76-L125;"PTR N°S-67 - SERVICIO DE EMISION DE LICENCIAS MEDICAS ELECTRONICAS PARA LOS CENTROS DE SALUD MUNICIPALES";"I MUNICIPALIDAD DE VITACURA";"69.255.600-3";"SALUD";"AV. BICENTENARIO N° 3.800, VITACURA.-";"Vitacura";"Región Metropolitana de Santiago";"L1";"Cerrada";"SERVICIO DE EMISION DE LICENCIAS MEDICAS ELECTRONICAS PARA LOS CENTROS DE SALUD MUNICIPALES. VER MAS DETALLE DE LO REQUERIDO Y SOLICITADO EN BASES DE LICITACION EN ARCHIVO ADJUNTO.";2025-03-31T09:15:51.213;2025-04-07T15:02:00;2025-04-25T15:56:00;;"CLP";0;0
4308-10-LE25;"confeccion de hasta 280 protesis dentales cesfam";"I MUNICIPALIDAD DE ERCILLA";"69.180.600-6";"Salud";"AVDA. ERCILLA 289 ESQ. CAUPOLICAN";"Ercilla";"Región de la Araucanía";"LE";"Cerrada";"se reuiere la adquisicion y confeccion de hasta 280 protesisi dentales para usuarios del cesfam Ercilla, segun detalle en bases, anexos y EETT adjuntas.";2025-03-28T14:59:54.08;2025-04-07T15:04:00;2025-05-22T18:40:00;14560000;"CLP";0;0
591376-2-LE25;"SERVICIOS DE ASESORÍA TÉCNICA SAT DE INDAP UNIDAD";"INSTITUTO DE DESARROLLO AGROPECUARIO";"61.307.000-1";"Unidad de Compra - Region de los Rios";"Comercio 423, Rio Bueno";"Corral";"Región de Los Ríos";"LE";"Cerrada";"Se requiere de la contratación de un oferente del ramo que provea los servicios profesionales de asesoría técnica para la ejecución del Programa SAT, para usuarios de la UO SAT BOVINOS REGIONAL, de acuerdo a la Norma Técnica y Procedimiento Operativo del Programa Servicio de Asesorías Técnicas SAT";2025-03-27T18:08:12.767;2025-04-07T15:01:00;2025-04-21T18:00:00;;"CLP";0;0
4353-4-LP25;"CONSTRUCCION SOLUCIONES PARTICULARES DE ALCANTARILLADO SECTOR LAS TABLAS COMUNA DE FREIRINA";"I MUNICIPALIDAD DE FREIRINA";"69.030.600-k";"Secretaría De Planificación Comunal";"Ohiggins 1016";"Freirina";"Región de Atacama";"LP";"Cerrada";"Considera la construcción de sistemas particulares de aguas servidas que permita a través de redes de tuberías, recibir, conducir y evacuar las aguas residuales de una vivienda hacía una fosa séptica y un sistema de infiltración en el terreno (pozo absorbente).";2025-03-07T13:38:15.767;2025-04-07T15:01:00;2025-04-29T17:00:00;100047640;"CLP";0;0
4464-13-LP25;"SUMINISTRO DE REPUESTOS PARA EL CONTROL CENTRALIZADO";"SERVICIO DE SALUD DEL MAULE HOSPITAL DE CURICO";"61.606.903-9";"Servicios Generales";"Chacabuco 121";"Curicó";"Región del Maule";"LP";"Cerrada";"El Hospital San Juan de Dios de Curicó necesita licitar un SUMINISTRO DE REPUESTOS PARA EL CONTROL CENTRALIZADO, para el buen funcionamiento de este recinto hospitalario.";2025-03-26T17:15:37.287;2025-04-07T15:01:00;2025-05-07T17:30:00;;"CLP";0;0
2711-19-LE25;"Adquisición de mobiliario";"MUNICIPALIDAD DE OVALLE";"69.040.700-0";"Municipalidad de Ovalle - Educación";"Ariztia Poniente N°7";"Ovalle";"Región de Coquimbo";"LE";"Cerrada";"ADQUISICION DE MOBILIARIO DE OFICINA DESTINADO A DIVERSOS ESTABLECIMIENTOS EDUCACIONALES PERTENECIENTES A DEM OVALLE.";2025-03-26T12:51:23.843;2025-04-07T15:01:00;2025-06-30T15:00:00;12233684;"CLP";0;0
3665-6-L125;"CAMBIO DE CABLES DE TRACCION ASCENSOR ORONA";"I MUNICIPALIDAD DE TIL TIL";"69.071.600-3";"Municipalidad";"AV. ARTURO PRAT 200";"Til Til";"Región Metropolitana de Santiago";"L1";"Cerrada";"La necesidad de contar con Ascensor de edificio consistorial en buen estado, el cual se encuentra con sus cables de tracción dañados";2025-03-27T18:35:35.213;2025-04-07T15:01:00;2025-04-11T20:00:00;;"CLP";0;0
1116007-2-LE25;"Servicio de retiro transporte y disposición final";"DIRECCION GENERAL DE AERONAUTICA CIVIL";"61.104.000-8";"RED SECUNDARIA Y PEQUEÑOS AD Z AUSTRAL";"Aeropuerto Carlos Ibañez del Campo";"Punta Arenas";"Región de Magallanes y de la Antártica";"LE";"Cerrada";"Servicio de retiro, transporte y disposición final de residuos peligrosos de las unidades de la Zona Aeroportuaria Austral, por un periodo de treinta y seis 36 meses.";2025-03-26T09:35:48.617;2025-04-07T15:01:00;2025-04-23T17:30:00;15300000;"CLP";0;0
1216085-43-LE25;"SERVICIO DE MANTENCION DE REFRIGERADORES CLINICOS";"CORP MUNICIPAL PARA EL DESARROLLO SOCIAL";"70.983.600-5";"Adquisiciones";"QUINTA 032 VILLA ALEMANA ,(direccion de salud) cesfam villa alemana";"Villa Alemana";"Región de Valparaíso";"LE";"Cerrada";"El objeto de la contratación es el servicio de mantención de refrigeradores clínicos para los centros atención primaria de salud, según los requerimientos y condiciones establecidos en las bases técnicas de la licitación.";2025-04-01T11:15:24.193;2025-04-07T15:01:00;2025-04-14T18:00:00;11999976;"CLP";0;0
1218463-2-LE25;"Adquisición De Material Deportivo";"CORP.MUNICIPAL GABRIEL GONZALEZ VIDELA DE LA SERENA";"70.892.100-9";"Área Educación SEP";"Ánima de Diego 550";"La Serena";"Región de Coquimbo";"LE";"Cerrada";"La Corporación Municipal Gabriel González Videla, a través del Departamento de Educación, requiere las adquisiciones, compra, mantenimiento yo renovación de Infraestructura y recursos educativos, para asegurar los insumos fungibles básicos, recurso didáctico y TIC que potencian el aprendizaje permanente y oportuno de los y las estudiantes. Los recursos son adquiridos de acuerdo con las necesidades del establecimiento y propósitos educativos relacionados con su PEI.";2025-03-28T11:56:17.537;2025-04-07T15:01:00;2025-04-28T16:30:00;42073573;"CLP";0;0
4291-23-LE25;"SERV DE TRASLADO-ALIMENTACIÓN PROG EMP MUJERES";"UNIVERSIDAD DE ANTOFAGASTA";"70.791.800-4";"Universidad de Antofagasta";"AVDA. ANGAMOS 601";"Antofagasta";"Región de Antofagasta";"LE";"Cerrada";"Adquirir los servicios de transporte y alimentación necesarios para la ejecución de un programa integral que contribuya al fortalecimiento de competencias de entrada para el desarrollo de microemprendimientos en mujeres emprendedoras de la región de Antofagasta. Este programa deberá implementarse conforme a las nuevas orientaciones de la política y modelo de vinculación con el medio de la Universidad de Antofagasta, promoviendo una estrategia colaborativa de capacitación, asesoría y acompañamiento que facilite su inserción en el ecosistema productivo local.";2025-03-26T15:08:09.193;2025-04-07T15:01:00;2025-06-04T12:00:00;29000000;"CLP";0;0
858-38-LQ25;"Servicio Aseo Parque Peñalolen por 24 meses";"INSTITUTO NACIONAL DE DEPORTES DE CHILE";"61.107.000-4";"Nivel Central";"Fidel Oteiza 1956, piso 3°.";"Providencia";"Región Metropolitana de Santiago";"LQ";"Cerrada";"SERVICIO DE ASEO DE LAS INSTALACIONES DE PORTIVAS PISTA BMX, TIRO CON ARCO, VÓLEIBOL PLAYA Y VELÓDROMO UBICADOS EN EL PARQUE PEÑALOLÉN IND POR 24 MESES";2025-03-12T16:23:54.287;2025-04-07T15:01:00;2025-05-12T20:00:00;190000000;"CLP";0;0
1725-65-LE25;"E1O2RT9 PROD. DESARROLLO Y DIFUSIÓN ACTIVIDADES";"SUBSECRETARÍA DE LAS CULTURAS Y LAS ARTES";"60.901.002-9";"SUBSECRETARIA DE LAS CULTURAS Y LAS ARTES";"SOTOMAYOR 233";"Valparaíso";"Región de Valparaíso";"LE";"Cerrada";"PRODUCCIÓN INTEGRAL PARA EL DESARROLLO Y DIFUSIÓN DE ACTIVIDADES DEL PROGRAMA INTERCULTURALIDAD E INCLUSIÓN DE MIGRANTES, DE LA SUBSECRETARÍA DE LAS CULTURAS Y LAS ARTES DEL MINISTERIO DE LAS CULTURAS, LAS ARTES Y EL PATRIMONIO";2025-03-25T17:05:17.12;2025-04-07T15:01:00;2025-04-22T18:00:00;24200000;"CLP";0;0
2085-9-LE25;"Arriendo de Retinografo de Mesa II";"SERVICIO DE SALUD ARAUCANIA HOSPITAL DE TRAIGUEN";"61.602.226-1";"Hospital Traiguén";"21 de Mayo 751";"Traiguén";"Región de la Araucanía";"LE";"Cerrada";"El Hospital de Traiguén requiere Arriendo de Retinografo de Mesa.";2025-03-26T13:57:41.25;2025-04-07T15:01:00;2025-04-18T17:00:00;;"CLP";0;0
886954-128-LP25;"Convenio anual en consignación de kit de trombectomía y catéteres para la Unidad de Hemodinamia del HGGB";"HOSPITAL GUILLERMO GRANT BENAVENTE DE CO";"61.602.189-3";"Abastecimiento Insumos";"San Martin 1436";"Concepción";"Región del Biobío";"LP";"Cerrada";"Proveer al HGGB de los insumos necesarios para la atencion oportuna de los pacientes";2025-03-25T17:15:08.72;2025-04-07T15:01:00;2025-06-06T18:02:00;256000000;"CLP";0;0
2665-49-LE25;"Mejoramiento cubierta esc Bellavista Tomé";"I MUNICIPALIDAD DE TOME";"69.150.101-9";"Dirección de Educación Municipal";"Ignacio Serrano 1055, 2° Piso.";"Tomé";"Región del Biobío";"LE";"Cerrada";"Se requiere contratar el mejoramiento de la cubierta y el sistema de aguas lluvias de la escuela Bellavista, según lo señalado en el memo 115 y las BAG, BAE y EETT";2025-03-26T12:05:00;2025-04-07T15:01:00;2025-04-25T15:08:00;12360666;"CLP";0;0
1070620-52-LQ25;"PVE SERVICIOS DE LECTURA E INFORMES RADIOLOGICOS";"HOSPITAL DOCTOR ERNESTO TORRES GALDAMES";"62.000.530-4";"Hospital Dr. Ernesto Torres Galdames";"Av. Héroes de la Concepción 502";"Iquique";"Región de Tarapacá";"LQ";"Cerrada";"El Hospital Dr. Ernesto Torres Galdames de Iquique requiere para su gestión, así como para el cumplimiento de la función que realiza, implementar la toma de exámenes imagenológicos, para lo cual hace el llamado a presentación de antecedentes en Licitación Pública “SERVICIOS DE LECTURA E INFORMES RADIOLOGICOS PARA UNIDAD DE IMAGENOLOGIA DEL HOSPITAL DR. ERNESTO TORRES GALDAMES DE IQUIQUE”, de acuerdo con las especificaciones técnicas señaladas en las presentes bases administrativas y técnicas, para lo cual inicia su proceso administrativo de carácter concursal convocado mediante este acto.";2025-03-27T10:50:24.327;2025-04-07T15:00:00;2025-05-22T17:00:00;;"CLP";0;0
707429-3-LE25;"ADQ.DE EQUIPAMIENTO Y MOBILIARIO PARA J.I. Y O.R.";"FUNDACION EDUCACIONAL PARA EL DESAROLLO INTEGRAL DE LA NIÑEZ";"70.574.900-0";"Regional Nor-Poniente";"Dieciocho Nº 229, 4º piso";"Santiago Centro";"Región Metropolitana de Santiago";"LE";"Cerrada";"Fundación Integra requiere la adquisición de equipamiento y mobiliario para jardines infantiles y salas cuna para Fundación Integra de la Región Metropolitana Norponiente, de conformidad a lo señalado en las presentes bases administrativas y a las especificaciones indicadas en las bases técnicas respectivas.";2025-03-19T09:56:38.36;2025-04-07T15:01:00;2025-04-28T12:00:00;66000000;"CLP";0;0
2005-5-L125;"700 SACOS MEZCLA ASFÁLYTICA EN CALIENTE PREDOSIFICADA QUILLOTA";"MINISTERIO DE OBRAS PUBLICAS DIREC CION GRAL DE OO PP DCYF";"61.202.000-0";"Dirección de Vialidad - V Región - Provincia de Quillota";"La Concepción 1480";"Quillota";"Región de Valparaíso";"L1";"Cerrada";"adquisición de 700 sacos de mezcla asfáltica predosificada en formato de 20 kg cada uno, que serán utilizados para faenas de bacheo en distintos caminos públicos de la red vial de la Provincia de Quillota. 1. Mezcla asfáltica fabricada en caliente para aplicación en frío 2. Libre de solventes 3. Granulometría discontinua 4. Estabilidad mínima 10000 (N) 5. Bolsas biodegradables 6. Certificar las características señaladas Los sacos no deben llegar con una elaboración mayor a 3 meses";2025-03-28T15:22:03.357;2025-04-07T15:00:00;2025-04-17T18:00:00;6000000;"CLP";0;0
2322-49-L125;"Adquisición postes omega para instalación de Señales de Tránsito";"I MUNICIPALIDAD DE VALLENAR";"69.030.500-3";"I MUNICIPALIDAD DE VALLENAR";"Av. Miraflores S/N- Talleres Municipales";"Vallenar";"Región de Atacama";"L1";"Cerrada";"Adquisición postes omega para instalación de Señales de Tránsito";2025-03-31T16:35:00;2025-04-07T15:00:00;2025-04-11T18:00:00;2975000;"CLP";0;0
1080089-21-LP25;"Servicio de Vigilancia para edificios de la DSSM";"SERVICIO DE SALUD MAGALLANES";"61.607.900-k";"Bienes y servicios - DSSM";"Lautaro Navarro N° 829";"Punta Arenas";"Región de Magallanes y de la Antártica";"LP";"Cerrada";"El objeto de la licitación tiene a bien evaluar la contratación de los servicios de guardias de seguridad destinados a la vigilancia, protección y cuidado de la totalidad de las dependencias, infraestructura y equipamiento ubicados al interior de los edificios de calle Lautaro Navarro N° 820 y 829 de la ciudad de Punta Arenas, donde funciona la Dirección del Servicio de Salud Magallanes, por un periodo de 24 meses, de acuerdo a lo establecido en las presentes Bases Administrativas y Técnicas, en las circunstancias que este servicio no es provisto en catálogo electrónico del Convenio Marco";2025-03-27T17:15:47.85;2025-04-07T15:00:00;2025-05-07T17:00:00;76800000;"CLP";0;0
3371-23-LE24;"ADQUISICIÓN DE HERRAMIENTAS";"COMANDO DE APOYO A LA FUERZA";"61.946.700-0";"Brigada de Aviación del Ejército -BAVE";"Avenida Baquedano 768";"Rancagua";"Región del Libertador General Bernardo O´Higgins";"LE";"Cerrada";"ADQUISICIÓN DE HERRAMIENTAS PARA SER UTILIZADAS EN EL BATALLÓN LOGÍSTICO ADMINISTRATIVO DE LA BRIGADA DE AVIACIÓN EJERCITO.";2025-03-27T14:54:22.353;2025-04-07T15:00:00;2025-04-21T18:00:00;;"CLP";0;0
2909-11-LE25;"servicio de evaluaciones alumnos PIE";"I MUNICIPALIDAD DE FUTRONO";"69.200.700-k";"Departamento de Educación";"Balmaceda 490";"Futrono";"Región de Los Ríos";"LE";"Cerrada";"se llama a licitación publica por servicios de evaluaciones y reevaluaciones pediátricas y neurológicas para alumnos PIE de escuelas municipales, ver bases administrativas";2025-03-31T15:42:51.79;2025-04-07T15:00:00;2025-04-09T14:26:00;;"CLP";0;0
1624-4-L125;"INFORMES RADIOLOGICOS";"SERVICIO DE SALUD HOSPITAL DE NANCAGUA";"61.602.147-8";"Hospital de Nancagua";"18 de septiembre 464 Nancagua";"Nancagua";"Región del Libertador General Bernardo O´Higgins";"L1";"Cerrada";"Hospital de Nancagua requiere compra de servicios de Informes Radiologicos emitidos por medico radiologo especialista, realizado mediante telemedicina para el año 2025";2025-04-02T12:58:41.35;2025-04-07T15:00:00;2025-04-09T14:29:00;1000000;"CLP";0;0
1057492-36-LP25;"SERV MANT PREV Y CORRECT ARMARIOS DISP AUTOMATICA";"HOSPITAL ORIENTE DR LUIS TISNE BROUSSE";"61.959.800-8";"HOSPITAL ORIENTE DR LUIS TISNE BROUSSE";"";"";"Región Metropolitana de Santiago";"LP";"Cerrada";"SERVICIO DE MANTENCIÓN PREVENTIVA Y CORRECTIVA DE SISTEMA DE ARMARIOS DE DISPENSACIÓN AUTOMÁTICA, POR UN PERIODO DE 24 MESES";2025-03-13T09:57:09.173;2025-04-07T15:00:00;2025-06-06T15:00:00;;"CLP";0;0
2724-13-LP25;"ADQUISICION DE CANASTAS DE ALIMENTOS";"ILUSTRE MUNICIPALIDAD DE SAN CARLOS";"69.140.500-1";"COMPRAS Y CONTRATACIONES MUNICIPALES";"Vicuña Mackenna 436, CUARTO PISO FINANZAS";"San Carlos";"Región del Ñuble";"LP";"Cerrada";"La Municipalidad de San Carlos, requiere la adquisición de 2.800 canastas de mercadería, las que serán entregadas a través del programa de Asistencia Social, de acuerdo a los terminos descritos en las bases administrativas especiales, especificaciones tecnicas y anexos adjuntos.";2025-03-14T11:08:00;2025-04-07T15:00:00;2025-04-30T10:02:00;92000000;"CLP";0;0
769-32-LE25;"SEMBRANDO SONRISAS TOCOPILLA-MEJILLLONES P. 24";"SERVICIO DE SALUD ANTOFAGASTA DIRECCION";"61.606.200-k";"SERVICIO DE SALUD ANTOFAGASTA DIRECCION";"Bolivar 523, Antofagasta";"Antofagasta";"Región de Antofagasta";"LE";"Cerrada";"La presente licitación tiene por objetivo contratar los servicios odontológicos para la ejecución del Programa “ESTRATEGIA DE SALUD BUCAL” en su componente: SEMBRANDO SONRISAS TOCOPILLA Y MEJILLONES 2025, con la finalidad de mantener y mejorar la salud bucal de la población parvularia que comprenda la edad entre 2 a 5 años, perteneciente a JUNJI, Fundación Integra y niveles de pre-kínder y kínder NT1 y NT2 de escuelas municipalizadas y subvencionadas, a través de la promoción de hábitos saludables, y la aplicación de medidas de protección específicas. Se deben fluorar 1.500 niños, independiente de la de la previsión de salud que éstos posean FONASA, ISAPRE, FFAA o Particular, de las comunas mencionadas, dos veces al año, alcanzando un número de fluoraciones de 3.000 en total durante el periodo 2025.";2025-03-26T11:21:23.387;2025-04-07T15:00:00;2025-04-28T15:00:00;;"CLP";0;0
1214102-15-LE25;"PROYECTO REMODELACION VAGON DE TREN";"CORP MUNICIPAL DE DESARROLLO SOCIAL DE PUDAHUEL";"70.835.200-4";"Adquisiciones";"los ediles N° 717";"Estación Central";"Región Metropolitana de Santiago";"LE";"Cerrada";"La presente licitación pública contempla la contratación del servicio de ejecución de obras correspondientes al proyecto de remodelación de un vagón de tren, con el objetivo de transformarlo en un museo patrimonial de la comuna de Pudahuel.";2025-03-28T13:20:26.187;2025-04-07T15:00:00;2025-05-07T15:30:00;;"CLP";0;0
3265-35-L125;"Mantención y Reparación de Maquinarias";"I MUNICIPALIDAD DE RIO HURTADO";"69.041.000-1";"Direccion de  Administracion y Finanzas";"Unica Samo Alto  S/N";"Río Hurtado";"Región de Coquimbo";"L1";"Cerrada";"La I. Municipalidad de Río Hurtado, llama a suscribir un contrato de Suministro y Servicio a través de la licitación Pública denominada “Mantención y Reparación de Maquinas” lo anterior con el objetivo de contratar con la mantención y repuestos necesarios para el buen funcionamiento de las máquinas de su propiedad, desde la fecha de Adjudicación de la Licitación hasta el 31 de diciembre del año 2025, según información entregada por la Municipalidad.";2025-03-25T16:19:25.633;2025-04-07T15:00:00;2025-04-21T15:00:00;;"CLP";0;0
1380-66-LP25;"Propuesta Pública N° 124 DEL 2025 denominada “ADQUISICIÓN DE GUÍA ANGIOPLASTÍA”.";"HOSPITAL DOCTOR HERNAN HENRIQUEZ ARAVENA";"61.602.232-6";"HOSPITAL DOCTOR HERNAN HENRIQUEZ ARAVENA";"";"";"Región de la Araucanía";"LP";"Cerrada";"Las presentes bases se refieren a las condiciones y características técnicas requeridas para adquirir GUÍA ANGIOPLASTÍA, en adelante: “los Insumos” por el periodo de doce (12) meses, todo en concordancia al Plan Compras y Contrataciones año 2025 (PAC), Bases Administrativas y Técnicas, Requerimientos técnicos, detallados en el Anexo Nº 1 y otros anexos que constituyen el referido llamado a licitación.";2025-03-17T17:33:31.34;2025-04-07T15:00:00;2025-07-06T18:00:00;83400000;"CLP";0;0
1380-72-LP25;"Propuesta Pública N° 130 DEL 2025 denominada “ADQUISICIÓN DE CATÉTER ARTERIAL Y OTROS”";"HOSPITAL DOCTOR HERNAN HENRIQUEZ ARAVENA";"61.602.232-6";"HOSPITAL DOCTOR HERNAN HENRIQUEZ ARAVENA";"";"";"Región de la Araucanía";"LP";"Cerrada";"Las presentes bases se refieren a las condiciones y características técnicas requeridas para adquirir CATÉTER ARTERIAL Y OTROS, en adelante: “los Insumos” por el periodo de doce (12) meses, todo en concordancia al Plan Compras y Contrataciones año 2025 (PAC), Bases Administrativas y Técnicas, Requerimientos técnicos, detallados en el Anexo Nº 1 y otros anexos que constituyen el referido llamado a licitación.";2025-03-18T14:57:41.343;2025-04-07T15:00:00;2025-07-06T18:00:00;136000000;"CLP";0;0
1057511-1-LR25;"CONVENIO SERVICIO DE ASEO CLÍNICO Y ADMINISTRATIVO";"HOSPITAL COMUNITARIO DE SALUD FAMILIAR DE BULNES";"61.607.003-7";"Bienes y Servicios";"BALMACEDA N° 431 BULNES.";"Bulnes";"Región del Ñuble";"LR";"Cerrada";"Dicho proceso licitatorio tiene por objeto contratar los Servicio de Aseo clínico y Administrativo” para el HCSF de Bulnes, contar con un servicio integral de calidad, personal capacitado y con alto grado de compromiso en las funciones y tareas que se le encomienden, cumplimiento oportuno y amplia disposición para atender labores que se requieran y que estén dentro del ámbito de este servicio.";2025-03-06T10:42:42.643;2025-04-07T15:00:00;2025-05-05T17:30:00;340399725;"CLP";0;0
2306-29-LE25;"Adquisición de leña para DAEM Fondos DAEM";"I MUNICIPALIDAD DE OSORNO";"69.210.100-6";"IMUNI_OSORNO DEPTO EDUCACION";"AVDA. JUAN MACKENNA N°851, Bodega Subsuelo";"Osorno";"Región de los Lagos";"LE";"Cerrada";"Consiste en la PROPUESTA PÚBLICA Nº34/2025 “ADQUISICION DE 452 METROS CÚBICOS DE LEÑA SECA DE EUCALIPTO, PARA ESTABLECIMIENTOS EDUCACIONALES MUNICIPALES DE LA COMUNA DE OSORNO, AÑO 2025”, según antecedentes adjuntos.";2025-03-27T11:38:33.157;2025-04-07T15:00:00;2025-05-08T17:00:00;30284000;"CLP";0;0
3494-8-LE25;"COMPRA UNIFORMES ESCOLARES ESCUELA MARTÍN ALONQUEO";"I MUNICIPALIDAD DE VILCUN";"69.190.800-3";"Departamento Educación";"Calle Luis Vergara 526 San Patricio";"Vilcún";"Región de la Araucanía";"LE";"Cerrada";"La I. Municipalidad de Vilcún, por intermedio del Departamento de Administración de Educación Municipal en adelante DAEM llama a Licitación Pública para la adquisición de UNIFORMES ESCOLARES ESCUELA MARTÍN ALONQUEO, según requerimiento adjunto de la Solicitud N°13517.-";2025-03-31T16:26:17.74;2025-04-07T15:00:00;2025-05-02T17:00:00;11700000;"CLP";0;0
4301-26-LE25;"Servicio de camión limpia fosas";"I MUNICIPALIDAD DE ZAPALLAR";"69.050.400-6";"IMUNI_ ZAPALLAR";"DIEGO SUTIL 285";"Zapallar";"Región de Valparaíso";"LE";"Cerrada";"La Ilustre Municipalidad de Zapallar, en adelante e indistintamente la “MUNICIPALIDAD” o el “MUNICIPIO”, llama a licitación pública por la vía de suministros, Servicio de camión limpia fosas para la comuna de Zapallar, la cual se regulará por las Bases Administrativas Generales aprobadas por Decreto de Alcaldía 1.562 y las presentes Bases Administrativas Especiales.";2025-03-28T11:31:01.743;2025-04-07T15:00:00;2025-04-18T18:00:00;67142500;"CLP";0;0
3894-15-LE25;"SERVICIO DE ARRIENDO DE CAMIÓN MULTIPROPÓSITO COMBINADO CON HIDROJET CON SISTEMA DE INSPECCIÓN TELEVISIVA PROGRAMA DE INVIERNO 2025";"I MUNICIPALIDAD DE LAMPA";"69.071.400-0";"Secretaria de Planificación";"Baquedano 964";"Lampa";"Región Metropolitana de Santiago";"LE";"Cerrada";"La presente licitación comprende la ejecución de los servicios definidos en las especificaciones técnicas, enmarcado dentro del programa invierno 2025, cuyo objetivo consite en proporcionar al Departamento de Gestión de Riesgos y Emergencias los equipos necesarios para realizar la mantención de sumideros pluviales y redes evacuadoras de aguas lluvias, asociado a las fases de mitigación y preparación del ciclo del riesgo de desastres, conforme a lo establecido en el artículo 3 de la ley 21.364.";2025-03-27T14:25:25.62;2025-04-07T15:00:00;2025-05-05T16:00:00;18000000;"CLP";0;0
1058012-16-LR25;"MEDICAMENTO PEMBROLIZUMAB HCM 2025";"HOSPITAL CLINICO DE MAGALLANES DR. LAUTARO NAVARRO AVARIA";"61.607.901-8";"Fármarcos";"dipresrecepcion@custodium.com - Región de Magalla";"Punta Arenas";"Región de Magallanes y de la Antártica";"LR";"Cerrada";"El propósito de la licitación es contar con 01 contrato de suministro por la adquisición de “MEDICAMENTO PEMBROLIZUMAB HCM 2025”, que permitan el aprovisionamiento oportuno de los productos necesarios en la atención de los usuarios del Hospital para el año 2025, en las circunstancias que estos productos no fueran provistos por la Central Nacional de Abastecimiento de los Servicios de Salud, ni se encuentren disponibles en catálogos electrónicos del Convenio Marco, en las Compras Coordinadas y/o Compras Conjuntas del Ministerio de Salud, o bien su adquisición sea desventajosa respecto al resultado de la presente licitación, ni existen en propiedad de otros organismo del Estado o servicios compartidos que permitan satisfacer el requerimiento, cuyas condiciones más ventajosas serán informadas en la oportunidad correspondiente a la Dirección de Compras, en conformidad con lo dispuesto en el D.S. Nº 661, de 2024, del Ministerio de Hacienda.";2025-03-07T13:57:56.683;2025-04-07T15:00:00;2025-06-09T18:00:00;;"CLP";0;0
561704-13-LE25;"CAPACITACIÓN EVALUACIÓN PARA EL APRENDIZAJE E-97";"CORP MUNICIPAL DE DESARROLLO SOCIAL DE A";"71.102.600-2";"UNIDAD TÉCNICA DIRECCIÓN DE EDUCACIÓN";"AVENIDA ARGENTINA 1595 – II PISO - Región de Antof";"Antofagasta";"Región de Antofagasta";"LE";"Cerrada";"complementar proceso de licitación que sustenta las bases administrativas, estas reglamentan la operatoria mínima necesaria para la correcta ejecución del servicio y además cautelar un estricto cumplimiento del contrato. Es decir, detalla y regula el contrato de Capacitación en Evaluación para el Aprendizaje, Planificación, Diseño y Construcción de Procedimientos Evaluativos para la Escuela La Bandera E-97, perteneciente a la Corporación Municipal de Desarrollo Social de Antofagasta, además, contribuir al desarrollo de competencias evaluativas en los docentes participantes, para planificar, diseñar e implementar procedimientos e instrumentos evaluativos congruentes con el enfoque de evaluación auténtica presente en la actual normativa de Evaluación.";2025-03-24T16:22:22.453;2025-04-07T15:00:00;2025-04-22T17:00:00;;"CLP";0;0
1746-3-L125;"ARRIENDO DE ANTENA Y ROUTER PARA OFICINA TERRITORIAL DE MELINKA";"SUBSECRETARIA DE SALUD PUBLICA";"61.601.000-K";"Seremi de Salud XI Región";"CARRERA 257, 4TO. PISO";"Coyhaique";"Región Aysén del General Carlos Ibáñez del Campo";"L1";"Cerrada";"ARRIENDO DE ANTENA SATELITAL ESTÁNDAR Y ARRIENDO DE ROUTER AMBAS CON CONEXIÓN A INTERNET";2025-04-01T14:45:23.427;2025-04-07T15:00:00;2025-04-10T18:00:00;1400000;"CLP";0;0
2408-74-L125;"CONTRATO DE SUMINISTRO DE SERVICIO DE ARRIENDO DE LOCAL.";"I MUNICIPALIDAD DE LOS ANGELES";"69.170.100-K";"IMUNI_LOSANGELES ADQUISICIONES";"COLO COLO 11000 BODEGA MUNICPAL";"Los Angeles";"Región del Biobío";"L1";"Cerrada";"CONTRATO DE SUMINISTRO DE SERVICIO DE ARRIENDO DE LOCAL, PARA DESARROLLO DE ENCUENTROS  EMPRESARIALES Y TALLERES DE APRESTO LABORAL.  (SISBALITO ID. 940)";2025-04-02T17:03:52.013;2025-04-07T15:00:00;2025-05-07T15:44:00;6600000;"CLP";0;0
4629-14-LQ25;"SERV. CAMBIO ASCENSORES DT";"DIRECCION DEL TRABAJO";"61.502.000-1";"Nivel Central Santiago";"AGUSTINAS 1253, SANTIAGO, 6°piso DAF";"Santiago";"Región Metropolitana de Santiago";"LQ";"Cerrada";"Servicio de Desinstalación, Suministro, Instalación y Puesta en funcionamiento de dos 2 Ascensores para el Edificio Central de la Dirección del Trabajo. E1O2RT9";2025-03-18T17:59:13.56;2025-04-07T15:00:00;2025-05-19T17:00:00;280000000;"CLP";0;0
996-39-LE25;"Arriendo horas demarcadora pavimentos Provincia Choapa";"MINISTERIO DE OBRAS PUBLICAS DIREC CION GRAL DE OO PP DCYF";"61.202.000-0";"Dirección de Vialidad - IV Región - Dirección Regional";"Cirujano Videla # 200 piso 1";"La Serena";"Región de Coquimbo";"LE";"Cerrada";"Para trabajos en sectores de El Peral, Cuntama, Las Cocineras, Peralillo, Cañas de Michio y Lanco, Comuna de Illapel";2025-03-28T15:18:59.54;2025-04-07T15:00:00;2025-04-28T15:00:00;28560000;"CLP";0;0
1540-59-LE25;"MAQUINA DE REEMPLAZO RENAL MODALIDAD INTERMITENTE";"SERVICIO DE SALUD MAGALLANES HOSPITAL DE PTO NATALES";"61.607.904-2";"Hospital Dr. Augusto Essmann Burgos";"AVENIDA ESPAÑA 1650";"Puerto Natales";"Región de Magallanes y de la Antártica";"LE";"Cerrada";"Se requiere la adquisición de una Maquina de Diálisis incluyendo los accesorios ideales para una correcta atención al paciente adulto. Con la finalidad de cubrir las necesidades que van en aumento en el servicio clínico de Diálisis del Hospital de Puerto Natales brindando prestaciones en el tratamiento de hemodiálisis HD de calidad, confiabilidad y eficiencia.";2025-03-26T16:39:15.137;2025-04-07T15:00:00;2025-05-06T17:00:00;;"CLP";0;0
1656-8-LE25;"SERVICIOS DE PERITAJES MÉDICOS ESPECIALIDAD PSIQUIATRIA";"SUBSECRETARIA DE SALUD PUBLICA";"61.601.000-K";"Seremi de Salud VI Región";"Campos 423 sexto piso";"Rancagua";"Región del Libertador General Bernardo O´Higgins";"LE";"Cerrada";"La Seremi de Salud Región del Libertador General Bernardo O’Higgins, requiere contratar los servicios de consulta médica y asesoría técnica en la especialidad de Psiquiatría, para realizar peritajes de segunda opinión, en modalidad telemática, requeridos por la Comisión de Medicina Preventiva e Invalidez.";2025-03-24T15:57:58.953;2025-04-07T15:00:00;2025-05-07T15:00:00;22000000;"CLP";0;0
3480-3-LP25;"Suministro de pan y empanadas año 2025";"COMANDO DE APOYO A LA FUERZA";"61.101.471-6";"Destacamento Montaña Nº 9 Arauco - DESMÑA N° 9";"cañal bajo sin numero";"Osorno";"Región de los Lagos";"LP";"Cerrada";"La necesidad de contar con prestadores para el suministro de pan, destinado al consumo del personal del Destacamento para el año 2025";2025-03-17T17:05:28.18;2025-04-07T15:00:00;2025-04-14T17:35:00;89572000;"CLP";0;0
619133-71-LR25;"CONVENIO DE SERVICIO DE ALIMENTACION PARA FUNCIONARIOS DEL HOSPITAL SAN CAMILO DE SAN FELIPE";"SERVICIO SALUD SAN FELIPE LOS ANDES HOSP";"61.602.038-2";"Hospital San Camilo de San Felipe";"Av. Miraflores 2085";"San Felipe";"Región de Valparaíso";"LR";"Cerrada";"Las presentes Bases Administrativas rigen el llamado a licitación pública “CONVENIO DE  SERVICIO DE ALIMENTACION PARA FUNCIONARIOS HOSPITAL SAN CAMILO”,  en Hospital San Camilo ubicado en Av. Miraflores 2085 San Felipe, Quinta región, aplicando los procedimientos establecidos en la Ley de Compras N° 19.886 de la Administración Pública.";2025-03-05T18:17:22.627;2025-04-07T15:00:00;2025-05-30T11:10:00;;"CLP";0;0
2803-2-LE25;"MANTENCION AIRES ACONDICIONADOS Y REFRIG. CLINICOS";"MUNICIPALIDAD DE LOS ANDES";"69.051.100-2";"Departamento de Salud Municipal";"CALLE YERBAS BUENAS N° 345 PRIMER PISO";"Los Andes";"Región de Valparaíso";"LE";"Cerrada";"MANTENCION AIRES ACONDICIONADOS Y REFRIG. CLINICOS";2025-03-27T10:42:14.903;2025-04-07T15:00:00;2025-06-30T17:31:00;;"CLP";0;0
2174-5-LR25;"Servicio de aseo e insumos Tribunales Iquique";"CORP ADMINISTRATIVA DEL PODER JUDICIAL";"60.301.001-9";"Corp. Adm. del Poder Judicial - Iquique";"Sotomayor S/N°, 2° piso, Plaza de Tribunales";"Iquique";"Región de Tarapacá";"LR";"Cerrada";"3169-4-PC25";2025-03-06T17:15:00;2025-04-07T15:00:00;2025-07-04T17:00:00;;"CLF";0;0
3666-5-LE25;"Construcción de resaltos reductores de velocidad";"I MUNICIPALIDAD DE TIL TIL";"69.071.600-3";"Secretaria Comunal Planificacion";"AV. ARTURO PRAT 200";"Til Til";"Región Metropolitana de Santiago";"LE";"Cerrada";"Construcción de resaltos reductores de velocidad sector Tiltil centro, Polpaico y Santa Matilde, comuna de Tiltil";2025-03-26T15:46:46.777;2025-04-07T15:00:00;2025-05-19T15:30:00;54384711;"CLP";0;0
2961-19-LE25;"ESCOBAS RAMA";"I MUNICIPALIDAD DE LA GRANJA";"69.072.400-6";"Adquisicion Municipal";"AV. AMERICO VESPUCIO 2";"La Granja";"Región Metropolitana de Santiago";"LE";"Cerrada";"SC 30 SP 249 IDDOC 755733 DIMAO";2025-03-31T13:25:29.91;2025-04-07T15:00:00;2025-04-30T18:00:00;8800000;"CLP";0;0
2446-63-LE25;"PROPUESTA PÚBLICA N° 113-2025 ASCENSORES CRUZ";"I MUNICIPALIDAD DE COQUIMBO";"69.040.300-5";"IMUNI_COQUIMBO";"BILBAO 348";"Coquimbo";"Región de Coquimbo";"LE";"Cerrada";"PROPUESTA PÚBLICA N° 113-2025 SERVICIO DE REPARACIÓN Y MANTENCIÓN MENSUAL PARA ASCENSORES N° 1, 2 Y 3 DE LA CRUZ DEL TERCER MILENIO POR 12 MESES";2025-03-26T14:32:04.397;2025-04-07T15:00:00;2025-04-30T17:26:00;25574413;"CLP";0;0
2080-159-LE25;"COMPRA CATGUT MONOCRYL Y VICRYL PARA EL HOSPITAL";"SERVICIO DE SALUD DEL LIBERTADOR B O'HIGGINS HOSPITAL REG RANCAGUA";"61.602.138-9";"Hospital Regional Rancagua - HRR";"Avenida Salvador Allende Nº 350";"Rancagua";"Región del Libertador General Bernardo O´Higgins";"LE";"Cerrada";"El objeto de esta Licitación es contar con una adecuada adquisición del COMPRA CATGUT, MONOCRYL Y VICRYL	PARA EL HOSPITAL DR. FRANCO RAVERA ZUNINO , durante el curso del contrato";2025-03-27T16:16:03.5;2025-04-07T15:00:00;2025-06-06T15:00:00;58233146;"CLP";0;0
1075963-112-LE25;"CAJA E INSTRUMENTAL EN TRANSITO PARA CIRUGIA DE PROTESIS DE CODO";"SERVICIO DE SALUD ARICA HOSP DR JUAN NOE CREVANI";"61.606.001-5";"Hospital Juan Noé";"18 DE SEPTIEMBRE #1000, ARICA.";"Santiago";"Región de Arica y Parinacota";"LE";"Cerrada";"CAJA E INSTRUMENTAL EN TRANSITO PARA CIRUGIA DE PROTESIS DE CODO";2025-03-28T16:03:10.807;2025-04-07T15:00:00;2025-05-07T17:28:00;;"CLP";0;0
2817-40-LE25;"ADQUISICIÓN E INSTALACION DE CÁMARAS 8%";"I MUNICIPALIDAD DE SAN FERNANDO";"69.090.100-5";"I MUNICIPALIDAD DE SAN FERNANDO";"Carampangue 865";"San Fernando";"Región del Libertador General Bernardo O´Higgins";"LE";"Cerrada";"La necesidad de adquirir e instalar Cámaras  de Televigilancia en las esquinas de Argomedo con Olegario Lazo, Cardenal Caro con Olegario Lazo y Guadalupe con España, financiado por fondo del 8% del FNDR del Gobierno Regional de O´Higgins.";2025-03-27T11:23:00.953;2025-04-07T15:00:00;2025-05-31T18:46:00;14181182;"CLP";0;0
836-4-LE25;"Servicio revisión antecedentes Proyectos 8%";"GOBIERNO REGIONAL V REGION";"72.235.100-2";"Gobierno Regional de Valparaiso - V Región";"Melgarejo 669 P. 7, Edificio Intendencia";"Valparaíso";"Región de Valparaíso";"LE";"Cerrada";"Se requiere la contratación de servicio para apoyar el desarrollo del proceso de evaluación de proyectos postulados al Fondo Concursable Vinculación con la Comunidad 8% año 2025, por medio de equipo mínimo de cuatro (4) profesionales, preferentemente en áreas vinculadas a Ciencias Sociales o Ingeniería relacionada a la evaluación de proyectos, teniendo como responsabilidad la revisión y análisis de iniciativas, apoyo documental y administrativo, levantamiento de reportes u otro, asegurando la calidad y eficiencia del proceso. (E1O2RT9).";2025-03-24T12:27:28.79;2025-04-07T15:00:00;2025-04-25T15:00:00;34271250;"CLP";0;0
2324-45-LE25;"Licitación Pública N° 22 de 2025 SERVICIO DE DEMARCACION DE 75 PASOS DE CEBRA LÍNEA DE DETENCIÓN Y EJE CON PINTURA TERMOPLÁSTICA";"I MUNICIPALIDAD DE PUERTO MONTT";"69.220.100-0";"Departamento de Licitaciones y gestión de Abastecimiento";"Depto de Contabilidad- San Felipe 80 Municipalidad";"Puerto Montt";"Región de los Lagos";"LE";"Cerrada";"Licitación Pública N° 22 de 2025 SERVICIO DE DEMARCACION DE 75 PASOS DE CEBRA, LÍNEA DE DETENCIÓN Y EJE CON PINTURA TERMOPLÁSTICA";2025-03-26T08:06:37.553;2025-04-07T15:00:00;2025-06-06T15:00:00;32850000;"CLP";0;0
1658-101-LQ25;"P.46-2025 MANEJO DE PODA Y TALA DE ESPECIES ARBÓREAS DE LA COMUNA DE TEMUCO";"I MUNICIPALIDAD DE TEMUCO";"69.190.700-7";"I MUNICIPALIDAD DE TEMUCO";"Arturo Prat 650";"Temuco";"Región de la Araucanía";"LQ";"Cerrada";"MANEJO DE PODA Y TALA DE ESPECIES ARBÓREAS DE LA COMUNA DE TEMUCO";2025-03-25T17:26:46.693;2025-04-07T15:00:00;2025-05-02T18:36:00;215000000;"CLP";0;0
2111-80-LE25;"ADQUISICIÓN DE EQUIPO DERMATOMO";"HOSPITAL DE URGENCIA ASISTENCIA PUBLICA DR ALEJANDRO DEL RIO";"61.608.602-2";"Hospital de Urgencia Asistencia Pública";"Curico N°345 Bodega Central";"Santiago";"Región Metropolitana de Santiago";"LE";"Cerrada";"la adquisición de equipo dermatomo para el Hospital de Urgencia Asistencia Pública.";2025-03-26T09:53:53.543;2025-04-07T15:00:00;2025-05-07T18:00:00;;"CLP";0;0
1388961-22-LP25;"SERVICIO DE RESPALDO Y MANTENCIÓN COMPUTACIONAL";"ASOCIACION DE MUNICIPALIDADES PARA LA SEGURIDAD CIUDADANA EN LA ZONA ORIENTE";"65.118.035-K";"Asociación de Municipalidades para la Seguridad en la Zona Oriente";"Av El Rodeo 13541, costado BICRIM.";"Lo Barnechea";"Región Metropolitana de Santiago";"LP";"Cerrada";"la contratación de servicios de respaldo y mantención computacionales para la Asociación, con el fin de asegurar la operatividad, seguridad y continuidad de los sistemas informáticos utilizados por la Asociación. De manera general, el servicio deberá incluir: •	Soporte técnico. •	Preparación y configuración de equipo. •	Mantención preventiva y correctiva. •	Gestionar respaldos de información. •	Respaldo y administración de servidores. •	Manejo y soporte de la plataforma de correos electrónicos.";2025-03-14T13:21:00;2025-04-07T15:00:00;2025-04-11T09:00:00;;"CLP";0;0
2483-44-LE25;"SUMINISTRO DE ARRIENDO DE JUEGOS PARA ACTIVIDADES RECREATIVAS MUNICIPALES YO COMUNITARIAS 2025";"I MUNICIPALIDAD DE QUILICURA";"69.071.300-4";"DEPARTAMENTO COMPRAS PÚBLICAS";"";"";"Región Metropolitana de Santiago";"LE";"Cerrada";"SUMINISTRO DE ARRIENDO DE JUEGOS PARA ACTIVIDADES RECREATIVAS MUNICIPALES Y/O COMUNITARIAS 2025, DECRETO ALCALDICIO E. N°1182 APRUEBA BASES";2025-03-27T18:17:32.13;2025-04-07T15:00:00;2025-04-30T18:00:00;;"CLP";0;0
1057509-95-LP25;"CONVENIO SUMINISTRO DE INFUSORES ELASTÓMERO DE 270 ML PARA QUIMIOTERAPIA fzv";"HOSPITAL CLINICO HERMINDA MARTIN";"61.607.001-0";"Bienes y Servicios";"Francisco Ramirez 10";"Chillán";"Región del Ñuble";"LP";"Cerrada";"El Hospital Clínico Herminda Martín de Chillán llama a Licitación Pública a través del Portal Mercado Público, para suscribir “Convenio Suministro de Infusores Elastómero de 270 ml para Quimioterapia”, de acuerdo a requerimientos especificados en Bases Administrativas y Técnicas de la presente licitación, para uso en forma oportuna y permanente en las prestaciones que se requieran. Se pretende obtener la mejor calidad y oportunidad en la proveeduría de insumos médicos a un precio conveniente.";2025-03-26T08:58:48.317;2025-04-07T15:00:00;2025-05-07T18:00:00;74091666;"CLP";0;0
2981-37-LE25;"LECTOR DE HUELLAS JENATID";"POLICIA DE INVESTIGACIONES DE CHILE";"60.506.000-5";"DEPARTAMENTO ADMINISTRATIVO";"GENERAL MACKENNA  1370, Secc. Almacenes";"Santiago Centro";"Región Metropolitana de Santiago";"LE";"Cerrada";"ADQUISICION DE LECTORES DE HUELLAS PARA LA JENATID";2025-03-26T12:07:16.493;2025-04-07T15:00:00;2025-04-22T19:00:00;9000000;"CLP";0;0
3135-17-L125;"CONSTRUCCION DE RADIER EN INSTALACIONES VETERINARIO";"I MUNICIPALIDAD DE MARIA ELENA";"69.253.600-2";"Departamento Proyectos I.M.M.E.";"ACONCAGUA  02027";"María Elena";"Región de Antofagasta";"L1";"Cerrada";"La necesidad de emparejar y construir un radier en dependencias de veterinario municipal para brindar un mejor servicio a la atencion a las personas con sus mascotas.";2025-03-31T17:04:12.913;2025-04-07T15:00:00;2025-04-09T10:26:00;3000000;"CLP";0;0
1350296-40-LE25;"ADQUISICIÓN DE IMPLANTES DE TRAUMATOLOGÍA PARA EL HOSPITAL ALTO HOSPICIO POR 24 MESES";"HOSPITAL DE ALTO HOSPICIO";"65.228.694-1";"ABASTECIMIENTO HAH";"";"";"Región de Tarapacá";"LE";"Cerrada";"ADQUISICIÓN DE IMPLANTES DE TRAUMATOLOGÍA PARA EL HOSPITAL ALTO HOSPICIO POR 24 MESES";2025-03-27T16:34:29.917;2025-04-07T15:00:00;2025-08-04T17:00:00;65093000;"CLP";0;0
2775-22-LE25;"Proyecto: Reparación de bacheos en varios sectores de la comuna etapa 1- Asfaltos";"I MUNICIPALIDAD DE RENGO";"69.081.200-2";"SECPLAC";"Avenida Bisquert 262, Rengo";"Rengo";"Región del Libertador General Bernardo O´Higgins";"LE";"Cerrada";"Reparación de bacheos en varios sectores de la comuna etapa 1 (Asfaltos)";2025-03-27T09:03:03.99;2025-04-07T15:00:00;2025-05-08T18:00:00;40000000;"CLP";0;0
1306643-9-LQ25;"SUMINISTRO DE PRÓTESIS DENTALES PARA LA DIRECCIÓN";"I.MUNICIPALIDAD DE CERRO NAVIA";"69.254.200-2";"SERVICIOS TRASPASADOS DEPARTAMENTO DE SALUD";"DEL CONSISTORIAL 6645 CERRO NAVIA.";"Cerro Navia";"Región Metropolitana de Santiago";"LQ";"Cerrada";"Contratar el “Servicio de Suministro de Prótesis Dentales” para la Dirección de Salud de la I. Municipalidad de Cerro Navia”, esto para la realización de tratamientos de rehabilitación oral que incluyen uso de prótesis removible, ya sea metálica o acrílica, en usuarios que cumplan con los criterios de referencia nacionales yo locales a los Programas de Reforzamiento de Atención Primaria.";2025-03-25T09:31:00;2025-04-07T15:00:00;2025-05-09T18:00:00;;"CLP";0;0
3693-71-LE25;"RECOLECCIÓN DE BOTELLAS PLÁSTICAS Y OTROS";"I MUNICIPALIDAD DE EL QUISCO";"69.061.700-5";"Departamento SECPLA";"Avenida Francia 011";"El Quisco";"Región de Valparaíso";"LE";"Cerrada";"CONCESIÓN DE RECOLECCIÓN DE BOTELLAS PLÁSTICAS Y OTROS, DISPOSITIVOS EN EL ESPACIO PÚBLICO DE LA COMUNA DE EL QUISCO";2025-03-27T16:25:27.35;2025-04-07T15:00:00;2025-04-30T19:57:00;;"CLP";0;0
1210674-10-LE25;"Limpieza de Techos y Cubiertas entre otros";"SERVICIO NACIONAL DE PROTECCIÓN ESPECIALIZADA A LA NIÑEZ Y ADOLESCENCI";"62.000.890-7";"ADMINISTRACIÓN DIRECTA REGIÓN METROPOLITANA";"Av.Libertador Bernardo O'Higgins N°1449,Torre 7 P3";"Santiago";"Región Metropolitana de Santiago";"LE";"Cerrada";"Limpieza de cubiertas, mallas sombras, toldos  canales y bajadas de aguas lluvias  limpieza y destape de drenes  canaletas y rejillas de piso” para los Centros de Administración Directa dependientes de la Dirección Regional Metropolitana";2025-03-31T12:29:55.067;2025-04-07T15:00:00;2025-04-14T18:00:00;50000000;"CLP";0;0
1057491-52-LE25;"MANTENCIÓN Y REINSTALACIÓN DE COLUMNAS QUIRURGICAS";"SERVICIO DE SALUD ORIENTE HOSPITAL LUIS CALVO MACKENNA";"61.608.408-9";"Bienes y Servicios";"ANTONIO VARAS 360 (CENTRO DE DISTRIBUCIÓN)";"Providencia";"Región Metropolitana de Santiago";"LE";"Cerrada";"CONTRATACION DEL SERVICIO DE MANTENCIÓN CORRECTIVA Y REINSTALACIÓN DE COLUMNAS QUIRURGICAS, PARA EL HOSPITAL DOCTOR LUIS CALVO MACKENNA.";2025-03-26T20:12:42.91;2025-04-07T15:00:00;2025-04-30T20:00:00;38000000;"CLP";0;0
2446-66-LE25;"PROPUESTA PÚBLICA N° 178-2025 CUENTA PÚBLICA 2025";"I MUNICIPALIDAD DE COQUIMBO";"69.040.300-5";"IMUNI_COQUIMBO";"BILBAO 348";"Coquimbo";"Región de Coquimbo";"LE";"Cerrada";"PROPUESTA PÚBLICA N° 178-2025 SERVICIO DE PRODUCCIÓN CUENTA PÚBLICA 2025, GESTIÓN PERIODO 2024";2025-03-26T18:43:39.563;2025-04-07T15:00:00;2025-04-18T19:53:00;40000000;"CLP";0;0
3495-11-LE25;"SERVICIO DE MANTENCIÓN EQUIPOS DENTALES DSM VILCUN";"I MUNICIPALIDAD DE VILCUN";"69.190.800-3";"Departamento Salud";"PRAT N°481";"Vilcún";"Región de la Araucanía";"LE";"Cerrada";"El Departamento de Salud Municipal de la Comuna de Vilcún, llama a licitación pública con el objetivo de realizar la CONTRATACIÓN SERVICIOS DE MANTENCIÓN DE EQUIPOS DENTALES para el DSM Vilcún. se adjuntan requerimientos técnicos.";2025-03-27T08:46:14.74;2025-04-07T15:00:00;2025-04-25T16:19:00;15000000;"CLP";0;0
1057547-138-LQ25;"CONVENIO SUMINISTRO INSUMOS MEDICOS ESPECIALIZADOS";"SERVICIO DE SALUD VALDIVIA HOSPITAL BASE";"61.607.502-0";"Bienes y Servicios";"Bienes y Servicios";"Valdivia";"Región de Los Ríos";"LQ";"Cerrada";"CONVENIO SUMINISTRO DE INSUMOS MEDICOS ESPECIALIZADOS PARA PROCEDIMIENTOS QUIRURGICOS Y DIAGNOSTICOS DEL HOSPITAL BASE VALDIVIA";2025-03-18T14:46:55.66;2025-04-08T19:00:00;2025-06-16T19:59:00;130000000;"CLP";0;0
3730-33-L125;"ZAPATOS DE SEGURIDAD MASCULINO Y FEMENINOS";"I MUNICIPALIDAD DE CHIMBARONGO";"69.090.300-8";"Adquisiciones  Obras";"CHIMBARONGO, VALENTIN LETELIER ESTADIO 72283965";"Chimbarongo";"Región del Libertador General Bernardo O´Higgins";"L1";"Cerrada";"ZAPATOS DE SEGURIDAD MASCULINO Y FEMENINOS, PARA SER UTILIZADOS POR FUNCIONARIOS MUNICIPALES DE TERRENO, SOLICITADO POR DIRECCION DE OPERACIONES";2025-04-01T13:39:53.14;2025-04-07T15:00:00;2025-04-28T15:58:00;3000000;"CLP";0;0
5251-46-LE25;"MEJORAMIENTO E IMPERMEABILIZACION DE CUBIERTAS";"UNIVERSIDAD TECNOLOGICA METROPOLITANA";"70.729.100-1";"DEPARTAMENTO DE ABASTECIMIENTO";"Calle Dieciocho Nª178, Santiago";"Santiago";"Región Metropolitana de Santiago";"LE";"Cerrada";"Garantizar la protección y conservación de la infraestructura de la universidad mediante la correcta impermeabilización de las cubiertas del edificio, con el fin de prevenir filtraciones de agua que puedan dañar la estructura, los espacios interiores y los recursos materiales. Este proyecto busca optimizar el ambiente, evitando la humedad que afecta la salud y el bienestar de los estudiantes.";2025-03-19T09:38:00;2025-04-08T20:00:00;2025-05-15T20:00:00;63000000;"CLP";0;0
2360-17-LE25;"MANTENIMIENTO DE CUBIERTAS EN TECHUMBRES DE LOS CESFAM DE LA COMUNA DE TALCAHUANO";"I MUNICIPALIDAD DE TALCAHUANO";"69.150.800-5";"DISAM";"BULNES N° 266 TALCAHUANO CENTRO";"Talcahuano";"Región del Biobío";"LE";"Cerrada";"LA DAS DE TALCAHUANO REQUIERE DE LA CONTRATACION DE SERVICIOS PARA EL MANTENIMIENTO DE LAS CUBIERTAS DE LOS TECHOS DE LOS CESFAM DE LA COMUNA";2025-03-31T11:39:06.593;2025-04-08T19:54:00;2025-04-14T19:55:00;;"CLP";0;0
1214062-1-LE25;"SUMINISTRO DE PREMIOS APOYO ORGANIZACIONES DEPORTE";"Corporación Municipal de Deporte y Recreación de Zapallar";"65.084.811-K";"Adquisiciones Deporte";"MOISES CHACON 333";"Zapallar";"Región de Valparaíso";"LE";"Cerrada";"SUMINSTRO DE PREMIOS PARA APOYO A LAS ORGANIZACIONES DEPORTIVAS DE LA COMUNA DE ZAPALLAR";2025-04-02T15:27:27.517;2025-04-08T17:04:00;2025-04-11T16:20:00;;"CLP";0;0
2263-11-LP25;"Material Granular Malleco Cordillera 5 2025- CCI Huapitrio";"MINISTERIO DE OBRAS PUBLICAS DIREC CION GRAL DE OO PP DCYF";"61.202.000-0";"Dirección de Vialidad - IX Región - Provincia de Malleco";"Lautaro 17";"Angol";"Región de la Araucanía";"LP";"Cerrada";"Material Granular Malleco Cordillera 5 2025- CCI Huapitrio";2025-03-25T16:34:04.56;2025-04-08T17:28:00;2025-04-09T17:29:00;;"CLP";0;0
1532-13-LP25;"SERVICIO DE MANTENCION E INSTALACION DE AIRE";"CENTRO REFERENCIAL DE SALUD DR SALVADOR ALLENDE GOSSENS";"61.933.400-0";"Centro Referencia Salud Doctor Salvador Allende G.";"Teniente Cruz 800 - PUDAHUEL";"Pudahuel";"Región Metropolitana de Santiago";"LP";"Cerrada";"SERVICIO DE MANTENCION E INSTALACION DE AIRE según especificaciones técnicas";2025-03-19T13:20:22.393;2025-04-08T18:50:00;2025-04-30T18:51:00;;"CLP";0;0
813-36-LP25;"PP 54 MATERIAL DE LABORATORIO MIN CIENCIAS";"INSTITUTO DE SALUD PUBLICA DE CHILE";"61.605.000-1";"Cotizaciones - ISP";"Av. Marathón 1000";"Santiago";"Región Metropolitana de Santiago";"LP";"Cerrada";"Suministro de material de laboratorio Min Ciencias";2025-03-19T17:39:00;2025-04-08T18:01:00;2025-05-18T15:00:00;;"CLP";0;0
4555-4-LE25;"SUMINISTRO DE MATERIALES DE OFICINA";"I MUNICIPALIDAD DE ZAPALLAR";"69.050.400-6";"SALUD_ZAPALLAR";"Germán Riesco #399";"Zapallar";"Región de Valparaíso";"LE";"Cerrada";"Que, la Ilustre Municipalidad de Zapallar requiere contratar, el servicio de “SUMINISTRO DE MATERIALES DE OFICINA PARA EL DEPARTAMENTO DE SALUD  MUNICIPAL Y LOS CESFAM DE LA COMUNA DE ZAPALLAR";2025-04-02T18:04:32.983;2025-04-08T17:01:00;2025-04-11T17:00:00;;"CLP";0;0
1275930-9-CO25;"Servicios de suministro de traslados terrestres para actividades de la Corporación Cultural Municipal de Ovalle";"Corporación Cultural Municipal de Ovalle";"65.115.321-2";"Corporación Cultural Municipal de Ovalle";"independencia 479";"Ovalle";"Región de Coquimbo";"CO";"Cerrada";"Suministro de servicios de traslados terrestres para actividades culturales de la Corporación Cultural Municipal de Ovalle, según el programa de actividades corporativas.";2025-04-03T16:28:38.163;2025-04-08T17:30:00;2025-04-11T10:00:00;;"CLP";0;0
1057384-32-L125;"COMPRA DE TALLIMETROS.";"SERVICIO DE SALUD ANTOFAGASTA HOSPITAL M";"61.606.203-4";"Bienes y Servicios";"Sin direccion";"Las Condes";"Región Metropolitana de Santiago";"L1";"Cerrada";"Requerimiento de la Unidad de Servicios Clínicos del Hospital Comunitario Marcos Macuada de Tocopilla.";2025-04-01T15:41:21.063;2025-04-08T16:11:00;2025-04-16T16:11:00;1000000;"CLP";0;0
4466-3-O125;"Conservación y reposición de vías y entorno";"SERVICIO DE VIVIENDA Y URBANIZACION III REGION";"61.815.000-3";"UNIDAD TECNICA DE CIUDAD";"Chacabuco 520 P. 3";"Copiapó";"Región de Atacama";"O1";"Cerrada";"CONSERVACIÓN Y REPOSICIÓN DE VÍAS Y ENTORNO, 2024, CALLE DIEGO DE ALMAGRO, ETAPA 2, COPIAPÓ";2025-03-10T17:56:00;2025-04-08T16:00:00;2025-04-17T17:27:00;;"CLP";0;0
1149-9-O125;"CONSERVACIÓN CON REFUERZO DE RIBERA RÍO TURBIO";"MINISTERIO DE OBRAS PUBLICAS DIREC CION GRAL DE OO PP DCYF";"61.202.000-0";"Dirección de Obras Hidráulicas  - XI Región";"Riquelme 465 Block B piso 3";"Coyhaique";"Región Aysén del General Carlos Ibáñez del Campo";"O1";"Cerrada";"CONSERVACIÓN CON REFUERZO DE RIBERA RÍO TURBIO,  COMUNA DE LAGO VERDE, AÑO 2025";2025-03-24T11:07:45.837;2025-04-08T16:00:00;2025-04-30T17:00:00;;"CLP";0;0
1057501-68-LQ25;"CONVENIO INSUMOS CURACIONES";"COMPLEJO ASISTENCIAL DR. SOTERO DEL RIO";"61.608.502-6";"COMPLEJO ASISTENCIAL DR. SOTERO DEL RIO";"Avenida Melchor  Concha y Toro 3459, Puente Alto";"Puente Alto";"Región Metropolitana de Santiago";"LQ";"Cerrada";"DAR CONTINUIDAD A LA ATENCION DE PACIENTES";2025-03-19T16:30:01.267;2025-04-08T16:00:00;2025-05-30T14:00:00;;"CLP";0;0
1641-79-LP25;"DGC - SUMINISTRO BLINATUMOMAB";"SERVICIO DE SALUD OCCIDENTE HOSPITAL SAN JUAN DE DIOS";"61.608.204-3";"SERVICIO DE SALUD OCCIDENTE HOSPITAL SAN JUAN DE D";"Avda Compañía de Jesús 3265";"Santiago";"Región Metropolitana de Santiago";"LP";"Cerrada";"El objeto de la presente licitación es la adquisición de SUMINISTRO BLINATUMOMAB según el siguiente detalle: ITEM CÓDIGO INTERNO DESCRIPCIÓN UNIDAD DE MEDIDA CANTIDAD ESTIMADA 1 01-001-262-0093 BLINATUMOMAB 35 MCG FRASCO AMPOLLA 96 Al momento de adjudicar, el hospital podrá aumentar o disminuir hasta en un 30% de las cantidades estimadas en las presentes bases de licitación, conforme a los presupuestos disponibles, y sin alterar el principio de estricta sujeción a las bases de igualdad de los oferentes. (*) Se deja constancia que las cantidades de productos o servicios son de flujo variables, no comprometiendo el Hospital a adquirir cantidades determinadas de manera periódica, por lo que en ningún caso se fijará stock mínimo de compra, ni tampoco totales, por lo que el o los adjudicatarios estarán imposibilitados de señalar cantidades mínimas para su despacho. Asimismo, se hace presente que este proceso de licitación se hará por ítem adjudicado (línea), por lo cual cada proveedor podrá ofertar por un ítem de los señalados en este punto, por más de uno o por la totalidad de los mismos, correspondiendo cada ítem a una línea de producto o servicio. La oferta a través de la Plataforma Mercado Público deberá efectuarse por el valor neto (Sin IVA).";2025-03-19T16:41:50.587;2025-04-08T16:00:00;2025-08-06T16:00:00;;"CLP";0;0
889473-38-LE25;"SC 3895 - Adquisición de piochas y medallas";"UNIVERSIDAD DE O'HIGGINS";"61.980.530-5";"UNIVERSIDAD DE O'HIGGINS";"Av. Libertador General Bernardo O'Higgins 611";"Rancagua";"Región del Libertador General Bernardo O´Higgins";"LE";"Cerrada";"La Universidad de OHiggins requiere la adquisición de piochas y medallas para ceremonias de titulación 2025.";2025-03-27T16:33:15.1;2025-04-08T16:00:00;2025-07-07T19:00:00;;"CLP";0;0
3378-10-LE25;"SUMINISTRO DE INSUMOS PARA EL SERVICIO MAXILOFACIAL DEL HMS POR UN PERIODO DE 36 MESES";"COMANDO DE APOYO A LA FUERZA";"61.101.030-3";"Hospital Militar de Santiago- HMS";"Av. Alcalde Fernando Castillo V. N° 9100";"La Reina";"Región Metropolitana de Santiago";"LE";"Cerrada";"SUMINISTRO DE INSUMOS PARA EL SERVICIO MAXILOFACIAL DEL HMS POR UN PERIODO DE 36 MESES";2025-03-19T09:33:20.41;2025-04-08T16:00:00;2025-08-06T17:00:00;;"CLP";0;0
2771-23-LE25;"“ADQUISICION DE CALENDARIOS DE PARED CHIGUAYANTE 2025”.";"I MUNICIPALIDAD DE CHIGUAYANTE";"69.264.700-9";"MUNICIPALIDAD DE CHIGUAYANTE";"OROZIMBO BARBOSA  104 PARQUE LOS CASTAÑOS";"Chiguayante";"Región del Biobío";"LE";"Cerrada";"ADQUISICION DE CALENDARIOS DE PARED, CHIGUAYANTE 2025, 8.000 UNIDADES, SEGUN BASES TECNICAS Y ADMINISTRATIVAS ADJUNTAS";2025-03-27T15:22:00;2025-04-08T15:40:00;2025-04-18T17:27:00;;"CLP";0;0
1003473-51-LP25;"CONTRATO DE SUMINISTRO DE EXAMEN DE GASOMETRIA CON PAGO POR DETERMINACION ASOCIADA A EQUIPOS Y ENTREGA DE REACTIVOS PARA EL LABORATORIO DEL HOSPITAL SAN JUAN DE DIOS DE CURICO";"SERVICIO DE SALUD DEL MAULE HOSPITAL DE CURICO";"61.606.903-9";"INSUMOS CLINICOS";"CHACABUCO 121 CURICO";"Curicó";"Región del Maule";"LP";"Cerrada";"El Hospital San Juan de Dios de Curicó requiere suscribir un “CONTRATO DE SUMINISTRO DE EXAMEN DE GASOMETRIA CON PAGO POR DETERMINACION ASOCIADA A EQUIPOS Y ENTREGA DE REACTIVOS, PARA EL LABORATORIO DEL HOSPITAL SAN JUAN DE DIOS DE CURICO”, por un periodo de doce (12) meses, para satisfacer de manera adecuada y eficiente la labor asistencial del Hospital San Juan de Dios de Curicó.";2025-03-26T11:54:00;2025-04-08T15:30:00;2025-04-30T10:04:00;;"CLP";0;0
324-12-LE25;"ADQUISICIÓN DE MALETA ESCOLAR Y MOCHILA";"I MUNICIPALIDAD DE CERRILLOS";"69.255.000-5";"Administración y Finanzas - Abastecimiento";"Piloto Lazo Nº120";"Cerrillos";"Región Metropolitana de Santiago";"LE";"Cerrada";"La Municipalidad de Cerrillos requiere de la adquisición de set de útiles escolares y mochilas para estudiantes en situación de vulnerabilidad o necesidad manifiesta de la Comuna de Cerrillos para el Departamento de Acción Social dependiente de la Dirección de Desarrollo Comunitario, de acuerdo a las Especificaciones Técnicas.";2025-03-27T10:12:23.583;2025-04-08T15:30:00;2025-04-22T18:00:00;;"CLP";0;0
4728-14-LP25;"Servicio de Aseo Direcciones Zonales";"SUBSECRETARIA DE PESCA Y ACUICULTURA";"60.719.000-3";"Subsecretaria de Pesca 2";"Bellavista 168";"Valparaíso";"Región de Valparaíso";"LP";"Cerrada";"Prestar servicio de aseo en las diversas dependencias de las Direcciones Zonales de Pesca y Acuicultura ubicadas en regiones. “CUMPLIMIENTO E102RT9 PMG ESTADO VERDE”";2025-03-19T15:26:00;2025-04-08T15:30:00;2025-05-08T18:00:00;;"CLP";0;0
548874-35-LE25;"SERVICIO LICENCIA DE HERRAMIENTA ADOBE SUITE";"INSTITUTO DE PREVISION SOCIAL";"61.979.440-0";"IPS Oficina Central de Compras";"Santo Domingo N° 1285, piso 1";"Santiago";"Región Metropolitana de Santiago";"LE";"Cerrada";"E102RT9 - SERVICIO DE LICENCIA DE HERRAMIENTA ADOBE SUITE O SIMILAR";2025-03-31T14:32:52.527;2025-04-08T15:30:00;2025-05-15T17:00:00;22816000;"CLP";0;0
621-206-LR25;"OSIMERTINIB CM REC 1000020755";"CENTRAL DE ABASTECIMIENTO DEL SISTEMA NACIONAL DE SERVICIO DE SALUD";"61.608.700-2";"Compras del Giro 621";"Bodega Proveedor";"Santiago Centro";"Región Metropolitana de Santiago";"LR";"Cerrada";"BASES ADMINISTRATIVAS Y TÉCNICAS TIPO, POR LAS QUE SE REGIRÁN LOS PROCESOS DE LICITACIÓN PARA LA ADQUISICIÓN DE PRODUCTOS FARMACÉUTICOS, COSMÉTICOS, VACUNAS, INSUMOS, DISPOSITIVOS, Y/O ALIMENTOS DE USO MÉDICO, DESTINADO AL EJERCICIO DE ACCIONES DE SALUD";2025-03-05T15:30:51.707;2025-04-08T16:00:00;2025-06-10T17:30:00;1049397930;"CLP";0;0
1217357-1-LP25;"SUMINISTRO DE PETROLEO GRANEL PARA LOS RECINTOS DEPORTIVOS DE LA CORPORACION";"CORPORACION MUNICIPAL DE DEPORTES DE LA PINTANA";"65.847.840-0";"CORPORACION MUNICIPAL DE DEPORTES DE LA PINTANA";"Av. Cuidad de México  #1589";"La Pintana";"Región Metropolitana de Santiago";"LP";"Cerrada";"SUMINISTRO DE PETROLEO GRANEL PARA LOS RECINTOS DEPORTIVOS DE LA CORPORACION";2025-03-19T17:40:02.973;2025-04-08T15:34:00;2025-05-08T15:35:00;90000000;"CLP";0;0
1540-51-LQ25;"CONVENIO SUM CINTAS PARA MEDICION DE GLICEMIA";"SERVICIO DE SALUD MAGALLANES HOSPITAL DE PTO NATALES";"61.607.904-2";"Hospital Dr. Augusto Essmann Burgos";"AVENIDA ESPAÑA 1650";"Puerto Natales";"Región de Magallanes y de la Antártica";"LQ";"Cerrada";"Que, mediante Solicitud de Compra N° 115 de Jefe de Farmacia, QF José Miranda Cárdenas, autorizado por la subdirección Administrativa, quien requiere el Convenio Suministro de Cintas para Medición de Glicemia, para el Hospital “Dr. Augusto Essmann Burgos” de Puerto Natales. Por un periodo de 36 meses.";2025-03-19T12:51:47.697;2025-04-08T15:15:00;2025-05-09T17:00:00;261800000;"CLP";0;0
4114-20-LE25;"EVALUACIONES MEDICAS  PIE";"I MUNICIPALIDAD DE CURACAUTIN";"69.181.000-3";"EDUCACION";"Arturo Prat 336";"Curacautín";"Región de la Araucanía";"LE";"Cerrada";"EVALUACIONES MEDICAS PARA ALUMNOS DEL GRUPO PIE ESC. MUNICIPALES DE LA COMUNA";2025-04-02T17:39:43.05;2025-04-08T15:06:00;2025-04-10T10:00:00;12510000;"CLP";0;0
4956-25-LQ25;"ADQUISICIÓN DE VALES DE GAS DE 11 KILOS";"I MUNICIPALIDAD DE RENCA";"69.071.200-8";"I MUNICIPALIDAD DE RENCA";"BLANCO ENCALADA 1335";"Renca";"Región Metropolitana de Santiago";"LQ";"Cerrada";"Adquisición de vales de gas de 11 kilos para ser entregados como ayuda social, como aporte para atenuar el gasto asociado a la calefacción durante el invierno, a todos los hogares con presencia de personas mayores identificados en el Registro Social de Hogares.";2025-03-25T11:06:04.6;2025-04-08T15:01:00;2025-06-09T15:01:00;207000000;"CLP";0;0
188-19-LE25;"PROYECTO PINTURAS FACHADAS CLUB VIVE -COMUDEF";"CORP MUNICIPAL DE EDUC SALUD CULTURA Y RECREACION DE LA FLORIDA";"70.933.700-9";"Corporación Municipal de la Florida";"Serafín Zamora N° 6600, La Florida";"La Florida";"Región Metropolitana de Santiago";"LE";"Cerrada";"Las presentes bases reglamentarán la propuesta pública para la contratación de “PINTURAS FACHADAS, CLUB VIVE, LA FLORIDA” que realiza la Corporación Municipal de La Florida, sin perjuicio de lo establecido en las Bases Especiales, Especificaciones Técnicas, aclaraciones y/o modificaciones, respuesta  a las consultas, que elabore la unidad técnica encargada de ello  Ley N°19.886 que regula las Bases sobre Contratos Administrativos de Suministro y su Reglamento, Ley N°19.880, sobre Bases de los Procedimientos Administrativos que rigen los Actos de los Órganos de la Administración del Estado  Ley N°20.730 que regula el lobby y las gestiones que representen intereses ante las autoridades y funcionarios que participan en la comisión evaluadora, de los procesos de licitación, Ley N°20.285 Sobre Acceso a la Información Pública  Ley N°20.880 sobre probidad en la función pública y prevención de los conflictos de intereses  Ley N°20.123, que Regula el trabajo en Régimen de Subcontratación, el funcionamiento de las Empresas de Servicios Transitorios, y el contrato de trabajo.";2025-03-28T16:28:10.373;2025-04-08T15:01:00;2025-06-08T17:00:00;;"CLP";0;0
1242131-9-LE25;"CONVENIO DE SUMINISTRO DE INSUMOS PROCEDIMIENTO ESD ENDOSCOPIA PARA EL HOSPITAL PROVINCIAL DE OVALLE";"SERVICIO DE SALUD COQUIMBO HOSPITAL DE O";"61.606.404-5";"Insumos Clínicos Varios";"Ariztia 7";"Ovalle";"Región de Coquimbo";"LE";"Cerrada";"Conforme a la Ley de Compras Públicas N° 19.886, su Reglamento y modificaciones, el Hospital Provincial de Ovalle llama a licitación pública a empresas o proveedores del rubro, personas naturales o jurídicas, chilenas o extranjeras, así como a Uniones Temporales de Proveedores, para celebrar un CONVENIO DE SUMINISTRO DE INSUMOS PROCEDIMIENTO ESD ENDOSCOPIA, para el Hospital Provincial de Ovalle, por un periodo de 12 (doce) meses, o hasta agotar el presupuesto referencial, para un oportuno y adecuado suministro de estos productos y así garantizar el correcto funcionamiento del establecimiento.";2025-03-26T15:38:30.98;2025-04-08T15:25:00;2025-05-19T16:00:00;67000000;"CLP";0;0
1058012-22-LE25;"MEDICAMENTO REGORAFENIB 40 MG HCM 2025";"HOSPITAL CLINICO DE MAGALLANES DR. LAUTARO NAVARRO AVARIA";"61.607.901-8";"Fármarcos";"dipresrecepcion@custodium.com - Región de Magalla";"Punta Arenas";"Región de Magallanes y de la Antártica";"LE";"Cerrada";"El propósito de la licitación es contar con 01 contrato de suministro por la adquisición de “MEDICAMENTO REGORAFENIB 40 MG HCM 2025”, que permitan el aprovisionamiento oportuno de los productos necesarios en la atención de los usuarios del Hospital para el año 2025, en las circunstancias que estos productos no fueran provistos por la Central Nacional de Abastecimiento de los Servicios de Salud, ni se encuentren disponibles en catálogos electrónicos del Convenio Marco, en las Compras Coordinadas y/o Compras Conjuntas del Ministerio de Salud, o bien su adquisición sea desventajosa respecto al resultado de la presente licitación, ni existen en propiedad de otros organismo del Estado o servicios compartidos que permitan satisfacer el requerimiento, cuyas condiciones más ventajosas serán informadas en la oportunidad correspondiente a la Dirección de Compras, en conformidad con lo dispuesto en el D.S. Nº 661, de 2024, del Ministerio de Hacienda.";2025-04-03T12:38:10.097;2025-04-08T15:00:00;2025-06-10T17:00:00;;"CLP";0;0
4044-14-LP25;"LP ADQUISICION DE INSUMOS DE ASEO PARA BODEGA";"I MUNICIPALIDAD DE ISLA DE PASCUA";"69.061.800-1";"Adquisiciones";"ATAMU TEKENA S/N";"Isla De Pascua";"Región de Valparaíso";"LP";"Cerrada";"LP ADQUISICION DE INSUMOS DE ASEO PARA BODEGA DE ABASTECIMIENTO 2025";2025-03-11T13:38:00;2025-04-08T15:03:00;2025-04-17T15:04:00;;"CLP";0;0
1057402-51-LP25;"INSUMOS COMPATIBLE CON MAMOGRAFO AMULET INNOVALITY";"HOSPITAL CLINICO DE MAGALLANES DR. LAUTARO NAVARRO AVARIA";"61.607.901-8";"Bienes y Servicios";"";"";"Región de Magallanes y de la Antártica";"LP";"Cerrada";"El propósito de la licitación es contar con contratos de suministro por la adquisición de “INSUMOS COMPATIBLE CON MAMOGRAFO AMULET INNOVALITY”, que permitan el aprovisionamiento oportuno de los productos necesarios en la atención de los usuarios del Hospital para los años 2025 - 2028, en las circunstancias que estos productos no fueran provistos por la Central Nacional de Abastecimiento de los Servicios de Salud, ni se encuentren disponibles en catálogos electrónicos del Convenio Marco, en las Compras Coordinadas yo Compras Conjuntas del Ministerio de Salud, o bien su adquisición sea desventajosa respecto al resultado de la presente licitación, ni existen en propiedad de otros organismo del Estado o servicios compartidos que permitan satisfacer el requerimiento, cuyas condiciones más ventajosas serán informadas en la oportunidad correspondiente a la Dirección de Compras, en conformidad con lo dispuesto en el D.S. Nº 661, de 2024, del Ministerio de Hacienda.";2025-03-19T13:45:18.157;2025-04-08T15:00:00;2025-08-11T20:00:00;;"CLP";0;0
85-12-LE25;"SERVICIO DESPACHO DE CORREOS ELECTRÓNICOS MASIVOS";"JUNTA NACIONAL DE AUXILIO ESCOLAR Y BECA";"60.908.000-0";"JUNTA NACIONAL DE AUXILIO ESCOLAR Y BECA";"MONJITAS 565 - PISO 6 - SANTIAGO CENTRO";"Santiago Centro";"Región Metropolitana de Santiago";"LE";"Cerrada";"La contratación de una plataforma para administrar y automatizar el despacho de correos electrónicos masivos, a usuarios internos y externos del servicio, en la forma más rápida y con bajo costo de transacción, además de contar con estándares de seguridad en el manejo de información eventualmente sensible de los usuarios.";2025-03-26T15:25:22.82;2025-04-08T15:00:00;2025-05-23T19:00:00;;"CLP";0;0
747-1-LQ25;"TRANSPORTE DE PASAJEROS INE BIOBIO";"INSTITUTO NACIONAL DE ESTADISTICAS";"60.703.000-6";"INE -  VIII Región";"Avenida Prat 390 3er piso";"Concepción";"Región del Biobío";"LQ";"Cerrada";"El Instituto Nacional de Estadísticas, requiere realizar la contratación del “Servicio de transporte privado de pasajeros para la Dirección Regional del BíoBío” con objeto de efectuar el traslado del personal del INE, a distintas zonas rurales y urbanas de la Región de Biobío mediante VANMINIBUS, y dar cumplimiento a la recolección de datos que permitan la producción de estadísticas oficiales.";2025-03-19T13:48:10.827;2025-04-08T15:00:00;2025-05-07T17:00:00;;"CLP";0;0
5615-34-LE25;"TRASLADO Y ACOPIO DE MATERIAL PÉTREO AÑO 2025";"Ilustre Municipalidad de El Carmen";"69.141.700-K";"Ilustre Municipalidad de El Carmen";"Baquedano 385";"El Carmen";"Región del Ñuble";"LE";"Cerrada";"ARRIENDO DE 6 CAMIONES TOLVA DE 20 METROS CÚBICOS PARA TRASLADO Y ACOPIO DE MATERIAL PÉTREO DESDE RIBERA RIO PAL-PAL A PLANTA CHANCADORA MUNICIPAL AÑO 2025, SEGÚN REQ ADMINISTRACIÓN MUNICIPAL N°62 DE FECHA 17/03/2025";2025-04-03T12:27:57.81;2025-04-08T15:00:00;2025-04-22T17:00:00;;"CLP";0;0
1870-2-L125;"Sistema de Alarma Seguridad";"SERVICIO NACIONAL DE TURISMO";"60.704.000-1";"Direccion Regional de Valparaiso";"Av. Providencia #1550, Santiago";"Providencia";"Región Metropolitana de Santiago";"L1";"Cerrada";"Se requiere la provisión y monitoreo de Sistema de alarmas de seguridad por 36 meses, las 24 horas del día, para las dependencias de la Dirección Regional de Valparaíso, según términos de referencia adjuntos.";2025-03-25T09:13:11.76;2025-04-08T15:00:00;2025-04-15T23:59:00;2160000;"CLP";0;0
1380-75-LQ25;"ADQUISICIÓN DE GENERADORES DE MEDICINA NUCLEAR";"HOSPITAL DOCTOR HERNAN HENRIQUEZ ARAVENA";"61.602.232-6";"HOSPITAL DOCTOR HERNAN HENRIQUEZ ARAVENA";"Manuel Montt 115";"Temuco";"Región de la Araucanía";"LQ";"Cerrada";"La adquisición de los Generadores requeridos son para el Stock bodega. Estos serán suministrados a los pacientes del recinto de Salud, todo en concordancia al Plan Compras y Contrataciones año 2025 PAC, Bases Administrativas y Técnicas, Requerimientos técnicos, detallados en el Anexo Nº 2 y otros anexos que constituyen el referido llamado a licitación.";2025-03-19T11:28:46.333;2025-04-08T15:00:00;2025-05-08T18:00:00;321540000;"CLP";0;0
3520-10-LQ25;"CONSTRUCCIÓN ACCESO PERIMETRAL Y SISTEMA DE CONTROL Y MANEJO LIXIVIADOS Y AGUAS LLUVIAS VERTEDERO DALCAHUE";"I MUNICIPALIDAD DE DALCAHUE";"69.230.300-8";"Secpla";"PEDRO MONTT  90";"Dalcahue";"Región de los Lagos";"LQ";"Cerrada";"CONSTRUCCIÓN ACCESO PERIMETRAL Y SISTEMA DE CONTROL Y MANEJO LIXIVIADOS Y AGUAS LLUVIAS VERTEDERO DALCAHUE, DE ACUERDO A BASES ADMINISTRATIVAS, ESPECIFICACIONES TÉCNICAS Y DEMÁS ANTECEDENTES ADJUNTOS";2025-03-19T13:58:40.403;2025-04-08T15:00:00;2025-04-18T17:00:00;323000000;"CLP";0;0
4134-13-LE25;"CONTRATACION SERVICIOS PROFESIONALES";"ILUSTRE MUNICIPALIDAD  DE SAGRADA FAMILIA";"69.110.200-9";"ADMINISTRACION Y FINANZAS - ADQUISICIONES";"San Francisco 40 Sagrada Familia";"Sagrada Familia";"Región del Maule";"LE";"Cerrada";"CONTRATACIÓN DE SERVICIOS PROFESIONALES PARA ACTUALIZACIÓN DEL PLAN MUNICIPAL DE CULTURA DE LA COMUNA DE SAGRADA FAMILIA";2025-03-25T13:40:30.47;2025-04-08T15:00:00;2025-04-30T17:20:00;;"CLP";0;0
2455-31-LE25;"ADQUISICIÓN DE UNIFORMES PARA VIGILANTES";"ILUSTRE MUNICIPALIDAD DE QUINTA NORMAL";"69.071.000-5";"SECRETARIA COMUNAL DE PLANIFICACIÓN";"Av. Carrascal 4447, Quinta Normal";"Quinta Normal";"Región Metropolitana de Santiago";"LE";"Cerrada";"El presente certamen licitatorio tiene por finalidad convocar a los interesados, para que presenten sus ofertas para la “ADQUISICIÓN DE UNIFORMES PARA VIGILANTES”. Los productos solicitados se encuentran descritos en las Especificaciones Técnicas de la presente propuesta.";2025-04-01T16:22:54.417;2025-04-08T15:00:00;2025-06-30T18:00:00;7034983;"CLP";0;0
586-16-LP25;"Administración servicios de sala cuna";"SERVICIO NACIONAL DE ADUANAS";"60.804.000-5";"Dirección Nacional de Aduanas";"Esmeralda 911, 4to Piso";"Valparaíso";"Región de Valparaíso";"LP";"Cerrada";"Contratación de servicio de administración del derecho sala cuna para el Servicio Nacional de Aduanas";2025-03-17T18:13:45.393;2025-04-08T15:00:00;2025-04-28T19:00:00;80000000;"CLP";0;0
2387-27-LQ25;"Construcción centro comunitario Barrio Cordillera";"I MUNICIPALIDAD DE PUCON";"69.191.600-6";"Municipalidad de Pucon";"AV. BERNANDO OHIGGINS Nº 483";"Pucón";"Región de la Araucanía";"LQ";"Cerrada";"Construcción centro comunitario, Barrio Cordillera, Pucón";2025-03-18T15:23:45.56;2025-04-08T15:00:00;2025-05-19T17:00:00;224721083;"CLP";0;0
4810-13-L125;"Adquisición de menaje de cocina alimentos envasados útiles de aseo y materiales de oficina Prog. 4 a 7";"I MUNICIPALIDAD DE LAS CABRAS";"69.080.800-5";"Dideco";"J.Kennedy 360, Las Cabras, VI Region";"Las Cabras";"Región del Libertador General Bernardo O´Higgins";"L1";"Cerrada";"La Dirección de Desarrollo Comunitario, a través del Programa 4 a 7, requiere la adquisición de menaje de cocina, alimentos envasados, útiles de aseo, y materiales de oficina, con la finalidad de llevar a cabo la ejecución de los talleres y actividades planificadas en el año en dos establecimientos de la comuna los cuales son: Romilio Arellano Troncoso y Contramaestre Constantino Micalvi, para el cumplimiento con la cobertura completa de mujeres cuidadoras.";2025-03-31T15:40:47.203;2025-04-08T15:00:00;2025-04-18T13:00:00;;"CLP";0;0
1098-1-LQ25;"Construcción Estación Fluviometrica Camiña";"MINISTERIO DE OBRAS PUBLICAS DIREC CION GRAL DE OO PP DCYF";"61.202.000-0";"Dirección General de Aguas - I Región - Iquique";"Tarapaca N° 130";"Iquique";"Región de Tarapacá";"LQ";"Cerrada";"Construcción  Estación Fluviometrica Quebrada de Camiña 3 KM Aguas Arriba de Tarcavire en la Región de Tarapacá";2025-03-19T13:02:00;2025-04-08T14:26:00;2025-04-22T14:27:00;272000000;"CLP";0;0
889473-27-LP25;"SC 3037 Equipamiento Laboratorio Otorrinolaringolo";"UNIVERSIDAD DE O'HIGGINS";"61.980.530-5";"UNIVERSIDAD DE O'HIGGINS";"Av. Libertador General Bernardo O'Higgins 611";"Rancagua";"Región del Libertador General Bernardo O´Higgins";"LP";"Cerrada";"la Escuela de Salud requiere la adquisición de equipamiento para la habilitación de laboratorios de la carrera de Tecnología Médica mención Otorrinolaringología de la Escuela de Salud de la Universidad de O’Higgins.";2025-03-06T16:53:34.27;2025-04-08T15:00:00;2025-06-06T18:00:00;;"CLP";0;0
2794-3-LR25;"CS Reparacion y Mantencion de Baches y Demarcacion";"MUNICIPALIDAD DE LOS ANDES";"69.051.100-2";"Secretaria Comunal de Planificación";"Esmeralda 536";"Los Andes";"Región de Valparaíso";"LR";"Cerrada";"REPARACION Y MANTENCION DE BACHES Y DEMARCACION VIAL PARA LA COMUNA DE LOS ANDES";2025-03-06T17:17:58.183;2025-04-08T14:00:00;2025-04-30T17:00:00;;"CLP";0;0
4478-1-LE25;"CONVENIO DE SUMINISTRO DE REPARACION VEHICULOS DAS";"Ilustre Municipalidad de Contulmo";"72.762.500-3";"Salud";"Lanalhue S/N";"Contulmo";"Región del Biobío";"LE";"Cerrada";"REALIZAR UN CONVENIO DE SUMINISTRO PARA CONTRATAR SERVICIOS DE REPARACION Y MANTENCION MECANICA, ELECTRICA, REPUESTOS Y ACCESORIOS PARA VEHICULOS DEL DEPTO DE SALUD CONTULMO, SE ADJUNTAN BASES ADMINISTRATIVAS, FORMULARIOS, VALORIZACION, CERTIFICADO DISPONIBILIDAD PRESUPUESTARIA Y FINANCIERA";2025-03-25T15:29:35.62;2025-04-08T14:25:00;2025-04-09T14:26:00;;"CLP";0;0
2490-18-LP25;"AMPLIACION TELEVIGILANCIA EN 5 PUNTOS DE PARQUES Y PLAZAS ZONA ORIENTE – PROVIDENCIA SNSM23";"I MUNICIPALIDAD DE PROVIDENCIA";"69.070.300-9";"Dirección de Secpla";"Av. Pedro de Valdivia 963";"Providencia";"Región Metropolitana de Santiago";"LP";"Cerrada";"La Municipalidad de Providencia, mediante el presente proceso de licitación pública, requiere contratar el servicio de “AMPLIACION TELEVIGILANCIA EN 5 PUNTOS DE PARQUES Y PLAZAS ZONA ORIENTE – PROVIDENCIA SNSM23”, el cual consiste en ampliar el sistema de televigilancia comunal, a través de la ejecución de dos proyectos que consideran la provisión, instalación y habilitación de nuevos puntos de televigilancia";2025-03-04T17:49:00;2025-04-08T13:30:00;2025-05-16T18:30:00;74700000;"CLP";0;0
2258-20-LR25;"INSUMOS PARA DONACION DE SANGRE";"SERVICIO DE SALUD ANTOFAGASTA HOSPITAL L";"61.606.201-8";"Abastecimiento Principal";"SAN ANTONIO";"Recoleta";"Región de Antofagasta";"LR";"Cerrada";"INSUMOS PARA DONACION DE SANGRE";2025-03-05T11:57:54.26;2025-04-08T13:05:00;2025-06-06T13:05:00;;"CLP";0;0
769-36-LE25;"VEHICULO DE APOYO PAI COSAM Y PLAN AMBULATORIO SALUD MENTAL CALLE AFTA. PP 20";"SERVICIO DE SALUD ANTOFAGASTA DIRECCION";"61.606.200-k";"SERVICIO DE SALUD ANTOFAGASTA DIRECCION";"Bolivar 523, Antofagasta";"Antofagasta";"Región de Antofagasta";"LE";"Cerrada";"La presente propuesta pública tiene como objetivo adquirir o contratar lo siguiente:  “Transporte de Personal clínico de los siguiente Programas de Tratamiento Convenio SENDA-MINSAL: •	Plan Ambulatorio Intensivo PAI COSAM Central •	Plan Ambulatorio Intensivo PAI COSAM Sur •	Plan Ambulatorio Comunitario Salud Mental Calle";2025-03-27T14:26:59.54;2025-04-08T12:00:00;2025-04-30T17:00:00;;"CLP";0;0
4377-25-LQ25;"CONTRUCCION EQUIPAMIENTO DE USO MIXTO SAN ROSENDO";"I MUNICIPALIDAD DE SAN ROSENDO";"69.151.100-6";"Ilustre Municipalidad de San Rosendo";"Ibieta 225";"San Rosendo";"Región del Biobío";"LQ";"Cerrada";"La iniciativa considera la ejecución de un equipamiento de uso mixto destinado a apoyar el emprendimiento de la localidad de San Rosendo y el desarrollo cultural y social de la población local. El recinto de 202 m2 en su programa considerará: área de recepción y estar, servicios higiénicos públicos, salón de exposición multiuso y bodega.";2025-03-17T08:34:47.77;2025-04-08T13:30:00;2025-05-08T18:00:00;315784000;"CLP";0;0
3762-17-CO25;"Convenio de Suministro Servicios de Catering";"I MUNICIPALIDAD DE PAILLACO";"69.200.900-2";"I MUNICIPALIDAD DE PAILLACO";"Vicuña Mackena 340";"Paillaco";"Región de Los Ríos";"CO";"Cerrada";"Contar con un convenio de suministro por servicios de catering en 3 líneas para la Municipalidad de Paillaco, a excepción de su servicio traspasado.";2025-03-28T17:18:27.853;2025-04-08T14:00:00;2025-04-10T17:38:00;;"CLP";0;0
4377-27-LQ25;"CONSTRUCCION CENTRO DEL ADULTO MAYOR SAN ROSENDO";"I MUNICIPALIDAD DE SAN ROSENDO";"69.151.100-6";"Ilustre Municipalidad de San Rosendo";"Ibieta 225";"San Rosendo";"Región del Biobío";"LQ";"Cerrada";"La iniciativa considera la ejecución de un recinto destinado a actividades de apoyo y cuidado para los adultos mayores de la localidad. el recinto entregará en 245m2 un programa que integra un gran recinto multiuso, oficinas de atención municipal, servicios de apoyo, tales como bodega, cocina y baños . también debe haber un trabajo del entorno inmediato de ante jardín y terraza exterior apoyándose en la innovación para hacer mejoras en el confort, tales como aislación térmica, iluminación y sustentabilidad.";2025-03-17T08:34:53.84;2025-04-08T13:30:00;2025-05-08T18:00:00;;"CLP";0;0
3089-8-LE25;"ASISTENCIA RECREATIVA - REMODELACIÓN DE HABITACIONES EN CASA DE HUÉSPEDES ARCHIPIÉLAGO JUAN FERNÁNDEZ.";"DIRECCION DE ABASTECIMIENTO DE LA ARMADA";"61.102.032-5";"DELEGACION DE BIENESTAR SOCIAL (S)";"AVDA. PORTALES N° 4040";"Santiago";"Región Metropolitana de Santiago";"LE";"Cerrada";"REMODELAR HABITACIONES Nº 6 Y Nº 7, PARA MEJORARA EL SERVICIO DE HOSPEDAJE ENTREGADO POR LA CASA DE HUÉSPEDES  ARCHIPIÉLAGO JUAN FERNÁNDEZ  PERTENECIENTE A DELEGACIÓN DE BIENESTAR SOCIAL SANTIAGO.-";2025-03-25T13:46:38.3;2025-04-08T13:30:00;2025-04-14T13:30:00;29000000;"CLP";0;0
1393575-6-LP25;"SERVICIO APOYO ADMINISTRACIÓN ECOSISTEMA DIGITAL";"FUNDACION IMAGEN DE CHILE";"65.010.882-5";"Dirección de Administración y Control de Gestión";"MONJITAS 392 OFICINA 1501";"Santiago";"Región Metropolitana de Santiago";"LP";"Cerrada";"La Fundación, requiere contratar los servicios de Apoyo en la Administración de Ecosistema Digital, de conformidad a lo señalado en las presentes bases administrativas y a las especificaciones indicadas en las bases técnicas respectivas.";2025-03-28T10:17:13.977;2025-04-08T13:21:00;2025-04-17T13:22:00;;"CLP";0;0
1723-19-LE25;"contrato de Suministro limpieza de fosas";"I MUNICIPALIDAD DE LOS LAGOS";"69.200.600-3";"Ilustre Municipalidad de los Lagos";"san martin n° 1 comuna de los lagos ( municipalida";"Los Lagos";"Región de Los Ríos";"LE";"Cerrada";"CONTRATO DE SUMINSTRO PARA ADQUIRIR LOS SERVICIOS DE LIMPIEZA DE FOSA SEPTICA EN SECTOR LOS LAJAS DE LA COMUNA DE LOS LAGOS, AÑO 2025.";2025-03-27T10:35:39.62;2025-04-08T12:00:00;2025-05-07T19:57:00;;"CLP";0;0
5056-23-LR25;"Servicio de apoyo personal médico para diferentes Servicios Clínicos";"SERVICIO DE SALUD DEL MAULE HOSPITAL DE TALCA";"61.606.901-2";"Servicios";"1 Norte Nº 1990";"Talca";"Región del Maule";"LR";"Cerrada";"El objetivo de la presente licitación, es invitar a través de www.mercadopublico.cl a todos los proveedores del rubro a participar del convenio por la sub contratación profesional para apoyar suplencias, reemplazos y abordar la demanda crítica  que poseen los diferentes servicios clínicos de la Institución, a través de intermediación, y bajo las especificaciones técnicas requeridas por la Institución con el fin de seleccionar la oferta más conveniente de acuerdo a los criterios de evaluación, satisfaciendo así la demanda de los usuarios.";2025-03-05T08:46:00;2025-04-08T11:05:00;2025-05-05T17:30:00;;"CLP";0;0
2660-17-LR25;"Reposición relocalización Posta Rural de Guabun";"I MUNICIPALIDAD DE ANCUD";"69.230.100-5";"Secretaria Comunal de Planificaciòn";"Blanco Encalada   660";"Ancud";"Región de los Lagos";"LR";"Cerrada";"Reposición con relocalización Posta Salud Rural de Guabun, Ancud”, Código BIP 30214722-0.";2025-03-02T22:29:00;2025-04-08T12:00:00;2025-04-17T12:00:00;;"CLP";0;0
2703-109-L125;"SC 9696 SISTEMA DE GESTION TALAFARMACIA. DIRECCION DE SALUD";"I MUNICIPALIDAD DE TALAGANTE";"69.071.800-6";"Dirección de Salud";"Pasaje Quemchi N°1075, Villa Mónaco, Talagante";"";"Región Metropolitana de Santiago";"L1";"Cerrada";"SC 9696 SISTEMA DE GESTION TALAFARMACIA. DIRECCION DE SALUD";2025-04-02T09:41:37.687;2025-04-08T11:09:00;2025-04-30T11:10:00;;"CLP";0;0
1540-36-LR25;"CONTRATACION SERVICIO DE ASEO";"SERVICIO DE SALUD MAGALLANES HOSPITAL DE PTO NATALES";"61.607.904-2";"Hospital Dr. Augusto Essmann Burgos";"AVENIDA ESPAÑA 1650";"Puerto Natales";"Región de Magallanes y de la Antártica";"LR";"Cerrada";"Que, mediante Solicitud de Compra N°622025 de Subdirector de Operaciones, Jose Miguel Paredes Arce, autorizado por la Subdirección Administrativa, se solicita licitar el servicio de mano de obra de aseo con el objetivo de disponer de personal para la limpieza de las dependencias físicas del Hospital “Dr. Augusto Essmann Burgos” de Puerto Natales, esto considera  el aseo interior de los edificios, sus áreas clínicas, administrativas, baños, pasillos públicos internos y externos, lo anterior con el objeto de mantener el aseo del establecimiento hospitalario, en razón de presentar un lugar limpio e higienizado y digno para nuestros pacientes, usuarios y el personal que labora en el establecimiento. Por un periodo de 12 meses.";2025-03-07T11:08:34.91;2025-04-08T12:00:00;2025-05-02T17:00:00;;"CLP";0;0
2793-68-LE25;"MANTENIMIENTO DE BOMBAS HIDRAULICAS";"Municipalidad de Huechuraba";"69.255.400-0";"Municipalidad de Huechuraba";"Premio Nóbel   5555";"Huechuraba";"Región Metropolitana de Santiago";"LE";"Cerrada";"SERVICIO MANTENIMIENTO CORRECTIVO Y PREVENTIVO DE BOMBAS HIDRAULICAS";2025-04-02T19:12:39.623;2025-04-08T10:34:00;2025-04-29T17:35:00;;"CLP";0;0
5048-95-O124;"OBRA REPOSICION PUENTE COLLILELFU 2 Y ACCESOS";"MINISTERIO DE OBRAS PUBLICAS DIREC CION GRAL DE OO PP DCYF";"61.202.000-0";"Dirección de Vialidad - Nivel Central - Licitación de Obras";"Morandé 59 piso 2 oficina 217";"Santiago Centro";"Región de Los Ríos";"O1";"Cerrada";"Construcción de un puente con nuevas vías de acceso y reordenamiento del tráfico. Incluye proyectos de iluminación, servicios, diseño urbano, entre otros.";2024-12-23T09:05:00;2025-04-08T10:30:00;2025-12-17T18:00:00;;"CLP";0;0
2413-19-LE25;"MEJORAMIENTO ALUMBRADO PEATONAL UNIDADES VECINALES 18 19 Y 20";"I MUNICIPALIDAD DE LO PRADO";"69.254.100-6";"SECRETARIA PLANIFICACION COMUNAL";"AVENIDA SAN PABLO 5959";"Lo Prado";"Región Metropolitana de Santiago";"LE";"Cerrada";"La presente Licitación corresponde a una propuesta de instalación de luminarias peatonales en Unidades vecinales N° 18 - 19 - 20, de la comuna de Lo Prado. Esta Propuesta Pública tiene como objetivo satisfacer las condiciones básicas, necesarias, eficientes y de seguridad para la iluminación de vías para el tránsito peatonal.";2025-03-28T18:41:57.727;2025-04-08T10:00:00;2025-05-08T23:59:00;49933352;"CLP";0;0
4079-15-LE25;"PRODUCTOS FARMACÉUTICOS   MATERIALES Y ÚTILES QU";"I MUNICIPALIDAD DE CABRERO";"69.151.000-k";"Administración y Finanzas";"Las Delicias nº 355, Cabrero";"Cabrero";"Región del Biobío";"LE";"Cerrada";"Para ejecutar el Programa Veterinaria Municipal.-";2025-03-28T16:03:07.237;2025-04-08T09:43:00;2025-04-30T18:44:00;;"CLP";0;0
3696-3-L125;"Adquisición de medicamentos Farmacia Municipal";"I MUNICIPALIDAD DE TENO";"69.100.300-0";"Departamento De Salud";"DAEM, Arturo Prat 298";"Teno";"Región del Maule";"L1";"Cerrada";"Adquisición de medicamentos Farmacia Municipal";2025-04-02T09:55:50.697;2025-04-08T10:45:00;2025-04-14T17:00:00;;"CLP";0;0
3265-36-LE25;"Mantención y Reparación de Vehículos Mayores";"I MUNICIPALIDAD DE RIO HURTADO";"69.041.000-1";"Direccion de  Administracion y Finanzas";"Unica Samo Alto  S/N";"Río Hurtado";"Región de Coquimbo";"LE";"Cerrada";"La I. Municipalidad de Río Hurtado, llama a suscribir un contrato de Suministro y Servicio a través de la licitación Pública denominada “Mantención y Reparación de Vehículos Mayores” lo anterior con el objetivo de contratar con la mantención y repuestos necesarios para el buen funcionamiento de los Vehículos de su propiedad.";2025-03-25T16:13:23.087;2025-04-08T09:00:00;2025-04-25T17:00:00;;"CLP";0;0
5722-1-O125;"ESTUDIO FACT. PISTA DE AGUAS QUIETAS VALDIVIA";"MINISTERIO DE OBRAS PUBLICAS DIREC CION GRAL DE OO PP DCYF";"61.202.000-0";"Dirección Regional de Arquitectura, Región XIV de Los Rios";"Yungay N° 621";"Valdivia";"Región de Los Ríos";"O1";"Cerrada";"ESTUDIOS DE FACTIBILIDAD PARA ANALIZAR SI LA LOCALIZACIÓN PROPUESTA ES LA MEJOR PARA EMPLAZAR UNA PISTA DE AGUAS QUIETAS, CONSIDERANDO ESTUDIOS DE TÍTULOS, ACCESO VIAL, ESTUDIO CALIDAD DE SUELOS, LEVANTAMIENTO LINEA BASE MEDIO AMBIENTE, ANÁLISIS Y PROPUESTA DEL MODELO DE GESTIÓN, ENTRE OTROS ESTUDIOS PRELIMINARES QUE SE REQUIEREN PARA LA TOMA DE DECISIÓN PARA ETAPA DE DISEÑO.";2025-02-03T10:27:00;2025-04-08T09:29:00;2025-05-07T18:00:00;;"CLP";0;0
3445-13-LE25;"SS. DE TRANSPORTE ESCOLAR 2025 SC-00074-2025";"I MUNICIPALIDAD DE RINCONADA";"69.051.300-5";"Ilustre Municipalidad de Rinconada";"SAN MARTIN 607";"Rinconada";"Región de Valparaíso";"LE";"Cerrada";"La necesidad de DIDECO I.Municipalidad de Rinconada de contratar servicio de transporte para alumnos que estudian en colegios especiales de la Ciudad de Los Andes y así apoyar a familias vulnerables de la Comuna de Rinconada que lo requieran.";2025-04-02T19:37:55.6;2025-04-08T09:00:00;2025-04-15T18:40:00;15000000;"CLP";0;0
821-3-O125;"Diseño Repos. SubComisaría Tierras Blancas, Cqbo.";"MINISTERIO DE OBRAS PUBLICAS DIREC CION GRAL DE OO PP DCYF";"61.202.000-0";"Dirección de Arquitectura - IV Región";"Cirujano Videla N° 200, 5° piso";"La Serena";"Región de Coquimbo";"O1";"Cerrada";"Consultoría para el diseño arquitectónico y de especialidades del proyecto SubComisaría deTierras Blancas en Coquimbo.";2025-02-21T10:44:00;2025-04-08T08:30:00;2025-05-17T12:00:00;;"CLP";0;0
3706-29-LE25;"Artistas Día de la Cocina chilena 2025";"I MUNICIPALIDAD DE SAN IGNACIO";"69.141.300-4";"Adquisiciones";"MANUEL JESUS ORTIZ 599";"San Ignacio";"Región del Ñuble";"LE";"Cerrada";"La propuesta consiste en la contratación de artistasgruposbandas musicales para el desarrollo de las actividades señaladas en el programa “DIA DE LA COCINA CHILENA”, para la cual el oferente deberá considerar lo indicado a través de las especificaciones técnicas adjuntas a esta licitación pública. Lo anterior, se hará en coordinación con la Dirección de Desarrollo Comunitario DIDECO, de la I. Municipalidad de San Ignacio a través de la Oficina de Cultura.";2025-04-01T16:32:17.383;2025-04-08T09:00:00;2025-04-11T16:00:00;;"CLP";0;0
3560-7-LQ25;"MEJORAMIENTO MULTICANCHA ESCUELA BÁSICA VILLA LA F";"I MUNICIPALIDAD DE LA CALERA";"69.060.300-4";"Departamento de Educacion Municipal";"J. Godoy N° 25";"La Calera";"Región de Valparaíso";"LQ";"Cerrada";"La Ilustre Municipalidad de La Calera, requiere contratar el “MEJORAMIENTO MULTICANCHA ESCUELA BÁSICA VILLA LA FLORIDA, COMUNA DE LA CALERA”, para cuyos efectos invita a personas naturales, jurídicas y uniones temporales de proveedores a formular ofertas conforme lo dispuesto en las presentes Bases Administrativas y Técnicas.";2025-03-21T10:39:00;2025-04-10T13:00:00;2025-04-30T12:00:00;260000000;"CLP";0;0
3928-33-LE25;"CONTRATO DE SUMINISTRO PRODUCTOS DE CARNICERIA PARA EL DEPARTAMENTO DE EDUCACIÓN MUNICIPAL";"ILUSTRE MUNICIPALIDAD DE PICHILEMU";"69.091.201-5";"Educación Municipal";"Angel Gaete 365";"Pichilemu";"Región del Libertador General Bernardo O´Higgins";"LE";"Cerrada";"CONTRATO DE SUMINISTRO PRODUCTOS DE CARNICERIA PARA EL DEPARTAMENTO DE EDUCACIÓN MUNICIPAL ESTABLECIMIENTOS EDUCACIONALES JARDINES INFANTILES AÑO 2025";2025-03-27T15:59:05.577;2025-04-10T12:40:00;2025-04-17T14:20:00;;"CLP";0;0
3082-5-LQ25;"REPOSICION SEDE SOCIAL BULNES";"I MUNICIPALIDAD DE PANQUEHUE";"69.050.800-1";"Dpto. Administraciòn y Finanzas";"CALLE TRONCAL 1166";"Panquehue";"Región de Valparaíso";"LQ";"Cerrada";"REPOSICION SEDE SOCIAL POBLACION BULNES, LA PIRCA";2025-03-21T13:43:26.38;2025-04-10T12:00:00;2025-04-21T12:00:00;;"CLP";0;0
2421-12-LE25;"SERVICIO TOMA EXÁMENES DE ECOTOMOGRAFIA MAMARIA";"I MUNICIPALIDAD DE CONCEPCION";"69.256.900-8";"DIRECCION DE SALUD MUNICIPAL DE CONCEPCION";"O'HIGGINS 1256";"Concepción";"Región del Biobío";"LE";"Cerrada";"SE SOLICITA LA CONTRATACION DEL SERVICIO DE TOMA DE EXÁMENES DE ECOTOMOGRAFIA MAMARIA DESTINADOS A LOS BENEFICIARIOS DE LOS CENTROS DE SALUD FAMILIAR DEPENDIENTES DE LA ILUSTRE MUNICIPALIDAD DE CONCEPCIÓN";2025-03-31T12:17:56.857;2025-04-10T12:00:00;2025-05-30T18:00:00;;"CLP";0;0
29-21-LE25;"66-06-25 ADQ. ZAPATO SIN CORDON PLANTA DE GOMA PERSONAL UNIFORMADO FEMENINO";"FUERZA AEREA DE CHILE COMANDO LOGISTICO";"61.103.035-5";"Comando Logístico";"GRUPO DE ABASTECIMIENTO - FACH, GRAN AVENIDA PARADERO 37 1/2 CALLE JULIO CAÑAS S/N, COMUNA EL BOSQUE";"El Bosque";"Región Metropolitana de Santiago";"LE";"Cerrada";"ZAPATO SIN CORDON PLANTA DE GOMA PERSONAL UNIFORMADO FEMENINO";2025-03-27T10:32:02.68;2025-04-10T12:00:00;2025-06-03T12:00:00;;"USD";0;0
4205-4-LE25;"ADQUISICION DE MOBILIARIO ESCOLAR PARA SALAS CUNAS";"I MUNICIPALIDAD DE CURACAVI";"69.073.900-3";"Educación";"Los Patriotas  Nº2040";"Curacaví";"Región Metropolitana de Santiago";"LE";"Cerrada";"DECRETO EXENTO No. 481 DE FECHA 27 DE MARZO DE 2025, QUE LLAMA A LICITACIÓN PUBLICA Y APRUEBA BASES PARA LA LICITACION “ADQUISICIÓN DE MOBILIARIO ESCOLAR PARA SALAS CUNAS Y JARDINES INFANTILES DE LA COMUNA DE CURACAVÍ 2025”.";2025-04-01T11:26:08.04;2025-04-10T12:00:00;2025-04-30T17:00:00;;"CLP";0;0
848-16-LE25;"CE - Adquisición Material de Enseñanza No Fungible";"JUNTA NACIONAL DE JARDINES         INFANTILES";"70.072.600-2";"Junji - VII Región";"calle 1 norte # 541  oficina 201";"Talca";"Región del Maule";"LE";"Cerrada";"E1O2RT9. Adquisición de Material de Enseñanza No Fungible para Jardines Infantiles Programa 01 y 02, Junji, Región del Maule.";2025-03-31T10:24:25.733;2025-04-10T12:00:00;2025-05-02T17:00:00;53379171;"CLP";0;0
3710-13-L125;"Insumos y reactivospara el Laboratorio del Cesfam Victoria";"I MUNICIPALIDAD DE VICTORIA";"69.180.900-5";"Salud";"Muñoz Vargas 730";"Victoria";"Región de la Araucanía";"L1";"Cerrada";"Insumos y reactivos para el Laboratorio del Cesfam Victoria según solicitud de materiales N°06";2025-04-04T13:11:46.05;2025-04-10T12:00:00;2025-06-01T18:06:00;;"CLP";0;0
3928-32-LE25;"CONTRATO DE SUMINISTRO DE SERVICIOS PROFESIONALES";"ILUSTRE MUNICIPALIDAD DE PICHILEMU";"69.091.201-5";"Educación Municipal";"Angel Gaete 365";"Pichilemu";"Región del Libertador General Bernardo O´Higgins";"LE";"Cerrada";"CONTRATO DE SUMINISTRO DE SERVICIOS PROFESIONALES DE NEUROLOGO Y PEDIATRA PARA EVALUACIONES Y REEVALUACIONES A ALUMNOS AS DE LOS ESTABLECIMIENTOS EDUCACIONALES COMUNA DE PICHILEMU AÑO 2025";2025-03-27T15:31:19.33;2025-04-10T12:30:00;2025-04-17T14:00:00;;"CLP";0;0
2421-13-LE25;"SERVICIO TOMA DE EXAMENES DE ECOTOMOGRAFIA ABDOMINAL";"I MUNICIPALIDAD DE CONCEPCION";"69.256.900-8";"DIRECCION DE SALUD MUNICIPAL DE CONCEPCION";"O'HIGGINS 1256";"Concepción";"Región del Biobío";"LE";"Cerrada";"SE SOLICITA LA CONTRATACION DE SERVICIO DE TOMA DE EXAMENES DE ECOTOMOGRAFIA ABDOMINAL PARA LOS BENEFICIARIOS DE LOS CENTROS DE SALUD FAMILIAR DE LA DEPENDIENTES DE LA ILUSTRE MUNICIPALIDAD DE CONCEPCION.";2025-03-31T13:07:59.473;2025-04-10T13:00:00;2025-05-15T18:00:00;;"CLP";0;0
4037-39-L125;"INSUMOS AGRICOLA PRODESAL";"I MUNICIPALIDAD DE FRESIA";"69.220.400-K";"Departamento de adquisiciones y abastecimiento";"San Francisco 124";"Fresia";"Región de los Lagos";"L1";"Cerrada";"INSUMOS AGRICOLA PRODESAL";2025-04-04T10:55:10.17;2025-04-10T12:36:00;2025-04-30T12:37:00;285006;"CLP";0;0
4464-15-LP25;"SERVICIO DE MANTENCIÓN RED DE GASES MEDICINALES";"SERVICIO DE SALUD DEL MAULE HOSPITAL DE CURICO";"61.606.903-9";"Servicios Generales";"ARCHIPIELAGO JUAN FERNANDEZ 1890";"Curicó";"Región del Maule";"LP";"Cerrada";"El Hospital San Juan de Dios de curicó, necesita licitar un  SERVICIO DE MANTENCIÓN PREVENTIVA Y CORRECTIVA DEL SISTEMA DE RED DE GASES MEDICINALES Y SUS COMPONENTES, para el buen funcionamiento de este establecimiento de salud.";2025-03-21T12:19:00;2025-04-10T12:34:00;2025-05-12T15:01:00;;"CLP";0;0
2585-21-LE25;"SERVICIO DE MANTENCION CORRECTIVA A CARGADOR FRONTAL DIMAO ORD N° 1742025 LSV IMA";"I MUNICIPALIDAD DE ARICA";"69.010.100-9";"FINANZAS IMA";"AV. RENATO ROCCA 1585";"Arica";"Región de Arica y Parinacota";"LE";"Cerrada";"SERVICIO DE MANTENCION CORRECTIVA A CARGADOR FRONTAL, DIMAO, ORD N° 174/2025, LSV, IMA";2025-03-31T10:57:56.107;2025-04-10T12:00:00;2025-06-11T11:09:00;14000000;"CLP";0;0
3560-8-LE25;"PINTURA FACHADAS ESCUELA GABRIELA MISTRAL";"I MUNICIPALIDAD DE LA CALERA";"69.060.300-4";"Departamento de Educacion Municipal";"J. Godoy N° 25";"La Calera";"Región de Valparaíso";"LE";"Cerrada";"El objetivo del proyecto consiste en mejorar las condiciones del establecimiento educacional en toda su fachada externa, considerando ambos niveles, lo cual permitirá lograr un hermoseamiento del inmueble.";2025-03-31T17:37:31.69;2025-04-10T13:00:00;2025-04-30T18:00:00;23985045;"CLP";0;0
1057432-16-LP25;"Adquisición sillas de ruedas Ayudas Técnicas";"SERVICIO DE SALUD CONCEPCION";"61.607.100-9";"Servicio de Salud  Concepción";"Ohiggins N°297";"Concepción";"Región del Biobío";"LP";"Cerrada";"Adquisición de sillas de ruedas para Problema de salud Nro. 36 Ayudas Técnicas.";2025-03-21T15:12:05.257;2025-04-10T12:00:00;2025-05-20T17:11:00;;"CLP";0;0
3928-31-LE25;"CONTRATO DE SUMINISTRO FRUTAS Y VERDURAS PARA EL DEPARTAMENTO DE EDUCACIÓN MUNICIPAL ESTABLECIMIENTOS EDUCACIONALES JARDINES INFANTILES AÑO 2025";"ILUSTRE MUNICIPALIDAD DE PICHILEMU";"69.091.201-5";"Educación Municipal";"Angel Gaete 365";"Pichilemu";"Región del Libertador General Bernardo O´Higgins";"LE";"Cerrada";"CONTRATO DE SUMINISTRO FRUTAS Y VERDURAS PARA EL DEPARTAMENTO DE EDUCACIÓN MUNICIPAL ESTABLECIMIENTOS EDUCACIONALES JARDINES INFANTILES AÑO 2025";2025-03-27T14:58:39.957;2025-04-10T12:20:00;2025-04-17T12:40:00;;"CLP";0;0
2308-27-LR25;"EXPLOTACIÓN DEL SISTEMA DE CONTROL DE TIEMPO";"I MUNICIPALIDAD DE OSORNO";"69.210.100-6";"SECRETARIA DE PLANIFICACION";"AVDA. JUAN MACKENNA N°851, Bodega Subsuelo";"Osorno";"Región de los Lagos";"LR";"Cerrada";"EXPLOTACIÓN DEL SISTEMA DE CONTROL DE TIEMPO, OSORNO";2025-03-11T08:59:36.21;2025-04-10T12:00:00;2025-05-09T19:56:00;;"UTM";0;0
3887-13-LE25;"Desratizacion Sanitizacion y Desinsectacion";"I MUNICIPALIDAD DE VILLARRICA";"69.191.500-K";"I MUNICIPALIDAD DE VILLARRICA";"Pedro de Valdivia 810";"Villarrica";"Región de la Araucanía";"LE";"Cerrada";"Dependecias de la Ilustre Municipalidad de Villarrica.-";2025-03-31T10:14:18.15;2025-04-10T12:14:00;2025-04-24T12:15:00;8713775;"CLP";0;0
1501-3-LR25;"SERV. CONTROL Y GESTION EMBALSE CONCHI 25-26";"MINISTERIO DE OBRAS PUBLICAS DIREC CION GRAL DE OO PP DCYF";"61.202.000-0";"Dirección de Obras Hidráulicas  - II Región";"21 DE MAYO 470  2ªPISO	 II region";"Antofagasta";"Región de Antofagasta";"LR";"Cerrada";"SERVICIO DE CONTROL, GESTIÓN Y VIGILANCIA EMBALSE CONCHI, REGIÓN DE ANTOFAGASTA, AÑOS 2025-2026";2025-03-11T10:47:00;2025-04-10T12:05:00;2025-04-18T17:43:00;522128870;"CLP";0;0
1340-21-LE25;"Adquisición de sistema de protección de caídas para puente La Mula Provincia de Ranco – Dirección de Vialidad Región de Los Ríos.";"MINISTERIO DE OBRAS PUBLICAS DIREC CION GRAL DE OO PP DCYF";"61.202.000-0";"Dirección de Vialidad - XIV Región - Dirección Regional";"Yungay 621";"Valdivia";"Región de Los Ríos";"LE";"Cerrada";"Adquisición de sistema de protección de caídas para puente La Mula Provincia de Ranco – Dirección de Vialidad Región de Los Ríos.";2025-03-31T10:43:00;2025-04-10T12:14:00;2025-04-11T12:15:00;;"CLP";0;0
2788-31-LE25;"“SERVICIO DE ARRIENDO MODULOS DE ATENCIÓN PARA EL PROGRAMA INVIERNO CALENTITO AÑO 2025”";"I MUNICIPALIDAD DE PAINE";"69.072.600-9";"DEPARTAMENTO DE ADQUISICIONES";"AVDA.  GENERAL BAQUEDANO # 490";"Paine";"Región Metropolitana de Santiago";"LE";"Cerrada";"LICITACION PUBLICA “SERVICIO DE ARRIENDO MODULOS DE ATENCIÓN PARA EL PROGRAMA INVIERNO CALENTITO AÑO 2025” (DECRETO N° 1960 DEL 28.03.2025 QUE AUTORIZA LLAMADO A PROPUESTA PUBLICA)";2025-03-31T10:32:59.787;2025-04-10T12:01:00;2025-04-23T17:30:00;10000000;"CLP";0;0
1095-7-LE25;"ARRIENDO DE TRES EXCAVADORAS ORUGAS 270 HORAS EN TOTAL PARA TRABAJOS DE CONSERVACIÓN MENOR AD LAS MARÍAS";"MINISTERIO DE OBRAS PUBLICAS DIREC CION GRAL DE OO PP DCYF";"61.202.000-0";"Dirección de Aeropuertos - X Región";"O´Higgins 451 Piso 2 Pto. Montt";"Puerto Montt";"Región de Los Ríos";"LE";"Cerrada";"Que, es necesario realizar descuaje en diferentes sectores del recinto aeroportuario, como lo son  franja de seguridad y umbrales. Ad Las Marías, Valdivia";2025-04-04T16:14:05.703;2025-04-10T12:00:00;2025-04-11T12:00:00;;"CLP";0;0
2401-50-L125;"ARRIENDO DE IMPRESORAS";"I MUNICIPALIDAD DE RANCAGUA";"69.080.100-0";"SECCION ADQUISICIONES";"GOBERNADOR PEDRO DE LOS ÁLAMOS 580, MANSO DE VELASCO,";"Rancagua";"Región del Libertador General Bernardo O´Higgins";"L1";"Cerrada";"E-366/2025. SOL. 230/2025. DEPTO. COMPUTACIÓN E INFORMÁTICA.. Arriendo de 25 impresoras multifuncionales según especificaciones técnicas, por un periodo de 4 meses a contar de la emisión de Orden de Compra.";2025-04-02T18:08:29.457;2025-04-10T12:00:00;2025-04-15T12:00:00;4222000;"CLP";0;0
874750-16-LE25;"CONFECCIÓN DE PRÓTESIS DENTALES ACRÍLICAS";"SERVICIO DE SALUD MAGALLANES";"61.607.903-4";"Hospital de Porvenir";"Carlos Wood Nº 480";"Porvenir";"Región de Magallanes y de la Antártica";"LE";"Cerrada";"La presente licitación tiene por objetivo contar con los servicios de confección de prótesis dentales acrílicas para la atención odontológica de usuarios del Hospital de Porvenir, lo cual es bajo programa para la implementación y ejecución del PRAPS estrategias de salud bucal. Que, dada la necesidad de contar con una prestación de servicios y equipamientos acordes a requerimientos, se solicita que el oferente cuente con Resolución Sanitaria propia del rubro la cual deberá adjuntar a su oferta, la NO presentación de mencionado documento facultara al Hospital de Porvenir de desestimar oferta por considerar que información es de suma relevancia para vinculo de servicios.";2025-04-03T08:56:48.177;2025-04-10T12:00:00;2025-04-29T17:00:00;17930000;"CLP";0;0
4890-6-LE25;"SERVICIO DE PRODUCCIÓN INTEGRAL PAM 2025";"SUBSECRETARÍA DE LAS CULTURAS Y LAS ARTES";"61.972.500-k";"Consejo Regional de la Cultura y las Artes de Magallanes";"Pedro Montt 809";"Punta Arenas";"Región de Magallanes y de la Antártica";"LE";"Cerrada";"SERVICIO DE PRODUCCIÓN INTEGRAL, APOYO TÉCNICO, OPERATIVO Y PROGRAMÁTICO PARA EL DESARROLLO DE LOS CICLOS DE MEDIACIÓN DEL PROGRAMA DE APRECIACIÓN DE LA MÚSICA NACIONAL 2025, EN LA REGIÓN DE MAGALLANES Y DE LA ANTÁRTICA CHILENA.";2025-03-28T10:46:30.993;2025-04-10T12:00:00;2025-04-30T16:14:00;50137500;"CLP";0;0
2360-20-LE25;"ADQUISICION DE MEDICAMENTOS FF NO SOLIDAS.";"I MUNICIPALIDAD DE TALCAHUANO";"69.150.800-5";"DISAM";"BULNES N° 266 TALCAHUANO CENTRO";"Talcahuano";"Región del Biobío";"LE";"Cerrada";"LA NECESIDAD DE ABASTECER CON FARMACOS A LOS CESFAM DE LA COMUNA.";2025-04-03T09:59:09.04;2025-04-10T12:00:00;2025-04-24T12:00:00;;"CLP";0;0
2263-35-LE25;"Tubos HDPE varias medidas Curacautin";"MINISTERIO DE OBRAS PUBLICAS DIREC CION GRAL DE OO PP DCYF";"61.202.000-0";"Dirección de Vialidad - IX Región - Provincia de Malleco";"Lautaro 17";"Angol";"Región de la Araucanía";"LE";"Cerrada";"Tubos HDPE varias medidas Curacautin";2025-03-31T13:34:40.093;2025-04-10T13:22:00;2025-04-11T13:23:00;;"CLP";0;0
2591-62-CO25;"CONTRATO SUMINISTRO 20 SERV. FUNERARIOS";"ILUSTRE MUNICIPALIDAD DE POZO ALMONTE";"83.017.500-8";"IMUNI_POZOALMONTE  ADQUISICIONES";"BALMACEDA   276";"Pozo Almonte";"Región de Tarapacá";"CO";"Cerrada";"SOLICITADO POR DIDECO ACC. SOCIAL, POR NATTALY SEGURA, SEGÚN SOL INTERNA NRO. 131, CÓDIGO DE INTRANET NRO. 1786, CERT. FACTIBILIDAD NRO.  134, DECRETO DE PUBLICACIÓN NRO. 292-2025.";2025-03-31T10:09:36.547;2025-04-10T13:21:00;2025-05-12T13:22:00;20000000;"CLP";0;0
2101-39-LE25;"SERVICIO DE TENS PARA PROGRAMA DE SALUD MENTAL APS";"HOSPITAL INTERCULTURAL KALLVU LLANKA.-";"61.602.213-k";"Hospital Cañete";"Ruta P60R esquina Ruta P520";"Cañete";"Región del Biobío";"LE";"Cerrada";"El Hospital Intercultural Kallvu Llanka de la comuna de Cañete, requiere la Compra de servicio de TENS de programa salud mental, para favorecer el normal y adecuado funcionamiento del programa Salud mental de la atención primaria del Hospital Cañete.";2025-03-31T17:12:26.14;2025-04-10T13:18:00;2025-05-10T13:19:00;7999899;"CLP";0;0
2263-38-LE25;"Maderas Unidad Lonquimay";"MINISTERIO DE OBRAS PUBLICAS DIREC CION GRAL DE OO PP DCYF";"61.202.000-0";"Dirección de Vialidad - IX Región - Provincia de Malleco";"Lautaro 17";"Angol";"Región de la Araucanía";"LE";"Cerrada";"Maderas Unidad Lonquimay";2025-03-31T11:32:36.223;2025-04-10T13:20:00;2025-04-11T11:21:00;;"CLP";0;0
818-4-O125;"Diseño estructural obras de control sedimentologi";"MINISTERIO DE OBRAS PUBLICAS DIREC CION GRAL DE OO PP DCYF";"61.202.000-0";"Dirección de Obras Hidráulicas  - XII Región";"Edificios Públicos";"Punta Arenas";"Región de Magallanes y de la Antártica";"O1";"Cerrada";"Diseñar a nivel de ingeniería de detalle obras prediseñadas y dismensionadas a través de modelo físico de obras de control sedimentológico rio de las Minas, punta arenas";2025-03-18T09:23:49.993;2025-04-10T13:30:00;2025-04-24T12:00:00;;"CLP";0;0
4707-13-L125;"MEDICAMENTOS PARA DAR CUMPLIMIENTO A ARSENAL APS";"I MUNICIPALIDAD DE SAN NICOLAS";"69.140.802-7";"I. MUNICIPALIDAD DE SAN NICOLAS - DEPTO. SALUD";"ARTURO PRAT S/N";"San Nicolás";"Región del Ñuble";"L1";"Cerrada";"MEDICAMENTOS PARA DAR CUMPLIMIENTO A ARSENAL FARMACOLOGICO DE APS";2025-04-03T11:57:00;2025-04-10T13:29:00;2025-05-30T19:59:00;5000000;"CLP";0;0
2432-5-LE25;"Suministro de carpas y cubrepiso para actividades municipales de la dirección de desarrollo comunitario";"I MUNICIPALIDAD ESTACION CENTRAL";"69.254.300-9";"IMUNI_ESTCENTRAL ADQUISICIONES";"Av. Libertador Bernardo O'Higgins N°3920";"Estación Central";"Región Metropolitana de Santiago";"LE";"Cerrada";"La Municipalidad de Estación Central tiene como misión satisfacer las necesidades de la comunidad local a través de una prestación oportuna de servicios de calidad, fomentando iniciativas que permitan el desarrollo local y mejoren el bienestar de nuestros vecinos y vecinas. En la búsqueda del cumplimiento de su misión, el municipio se encuentra desarrollando permanentemente, diversas acciones que permitan facilitar el acceso de las vecinas y vecinos a espacios culturales y recreativos, por lo que resulta indispensable contar con el equipamiento y servicios necesarios para el desarrollo de estas actividades programadas en beneficio de la comunidad local. En ese contexto, la presente licitación pública tiene por objeto la contratación del “SUMINISTRO DE CARPAS Y CUBREPISO PARA ACTIVIDADES MUNICIPALES DE LA DIRECCIÓN DE DESARROLLO COMUNITARIO”, de acuerdo con los Términos de Referencia elaborados por la Unidad Técnica.";2025-04-05T12:06:46.657;2025-04-10T14:05:00;2025-04-24T18:00:00;32900000;"CLP";0;0
2785-18-LE25;"SDA 4486 4487 y 4493 VESTUARIO Y PRENDAS DIVERSAS PARA EL PERSONAL MUNICIPAL";"I MUNICIPALIDAD DE SAN PEDRO DE LA PAZ";"69.264.800-5";"I MUNICIPALIDAD DE SAN PEDRO DE LA PAZ";"LOS ACACIOS  43";"San Pedro de La Paz";"Región del Biobío";"LE";"Cerrada";"VESTUARIO Y PRENDAS DIVERSAS PARA EL PERSONAL MUNICIPAL, SEGUN REQUERIMIENTOS TECNICOS MINIMOS EN ARCHIVO ADJUNTO. EVALUACION Y ADJUDICACION POR LIENAS Y/O ITEMS SEPARADOS. OBLIGATORIO ADJUNTAR FICHA TECNICA DEL VESTUARIO Y PRENDAS OFERTADAS, INDICANDO LA DISPONIBILIDAD DE COLORES DE ACUERDO A LOS REQUERIDOS EN LAS BASES";2025-03-31T13:25:39.07;2025-04-10T14:00:00;2025-07-11T16:00:00;18000000;"CLP";0;0
2989-4-LE25;"CS SERVICIO DE MANTENCIÓN EQUIPOS DENTALES";"I MUNICIPALIDAD DE LOS MUERMOS";"69.220.800-5";"Municipalidad de Los Muermos-Depto. Salud";"Federico Redlich  S/N";"Los Muermos";"Región de los Lagos";"LE";"Cerrada";"CS SERVICIO DE MANTENCIÓN EQUIPOS DENTALES CESFAM LOS MUERMOS Y POSTAS   Disponer de un servicio de mantenciones preventivas y correctivas para todos los equipos dentales del CESFAM Los Muermos y Postas de Salud Rural, con el fin de garantizar su funcionamiento óptimo, minimizar interrupciones en la atención y prolongar la vida útil de los equipos.";2025-03-24T16:40:49.85;2025-04-10T14:00:00;2025-04-18T14:00:00;;"CLP";0;0
4179-16-LP25;"REPOSICION PAVIMENTOS CALZADAS VARIOS SECTORES 2024 LAUTARO";"I MUNICIPALIDAD DE LAUTARO";"69.190.100-9";"ABASTECIMIENTO";"O´HIGGINS N° 1032  LAUTARO";"Lautaro";"Región de la Araucanía";"LP";"Cerrada";"PROYECTO PMU  REPOSICION PAVIMENTOS CALZADAS VARIOS SECTORES 2024, LAUTARO";2025-03-21T16:46:23.71;2025-04-10T14:00:00;2025-04-30T17:30:00;92172781;"CLP";0;0
2275-13-LE25;"CONSULTORIA PLAN ACCIÓN CAMBIO CLIMÁTICO.";"I MUNICIPALIDAD DE LA PINTANA";"69.253.800-5";"LICITACIONES SECPLAC";"El Olivar N° 02595 Paradero 47 Sta. Rosa, . RECEPCION DE LUNES A VIERNES DE 8:30 A 13:30 HRS. FONO 223896941-6942-6943-";"La Pintana";"Región Metropolitana de Santiago";"LE";"Cerrada";"La Ley Marco de Cambio Climático LMCC, Ley N° 21.455, publicada en junio de 2022, constituye la principal política climática de Chile. En ella se establecen principios, instrumentos de gestión y sistemas de información, participación y gobernanza para abordar el cambio climático en todas las escalas territoriales. Esta ley define un marco jurídico para enfrentar los desafíos del cambio climático, con el objetivo de alcanzar y mantener la neutralidad de emisiones de gases de efecto invernadero GEI al año 2050. En cuanto a los instrumentos de gestión a nivel municipal, se establece que: “Las municipalidades deberán elaborar planes de acción comunal de cambio climático, los que serán consistentes con las directrices generales establecidas en la Estrategia Climática de Largo Plazo ECLP y en los Planes de Acción Regional de Cambio Climático PARCC.” La Municipalidad de La Pintana reafirma su compromiso con la reducción del impacto ambiental y la promoción de la sostenibilidad, con el propósito de consolidar una comuna con mayores estándares ambientales. Las Especificaciones Técnicas detallan los requisitos técnicos para la Consultoría para la Elaboración del Plan de Acción Comunal de Cambio Climático para la Municipalidad de La Pintana. Para guiar la formulación de los Planes de Acción Comunal de Cambio Climático PACCC, el Programa de Naciones Unidas para el Desarrollo PNUD y el Ministerio del Medio Ambiente han desarrollado una guía metodológica que proporciona un marco estructurado con diversas etapas y pasos. Esta metodología facilitará la construcción del PACCC y servirá de base para los productos requeridos en la presente consultoría.";2025-03-26T11:47:44.13;2025-04-10T14:00:00;2025-08-08T18:40:00;;"CLP";0;0
2770-8-LR25;"SERVICIO DE IMPLEMENTACIÓN DISPOSITIVOS TECNOLÓGICOS y OBRAS COMPLEMENTARIAS EN PUNTOS DE PARADA COMUNA DE MAIPÚ";"I MUNICIPALIDAD DE MAIPU";"69.070.900-7";"I MUNICIPALIDAD DE MAIPU";"AVDA. CINCO DE ABRIL  0260";"Maipú";"Región Metropolitana de Santiago";"LR";"Cerrada";"La presente licitación considera la contratación de un Listado de Partidas a serie de precios unitarios, que contemplan principalmente los Servicios de Implementación de Dispositivos Tecnológicos y Obras Complementarias asociados a los Puntos de Paradas de la Comuna de Maipú, como lo es el Suministro, Instalación e Implementación principalmente de Dispositivos Tecnológicos como lo son Panel de Información Variable, Botón Braille y Botón de Alerta. Adicionalmente y como obras complementarias trabajos como la Iluminación de Refugios y Puntos de Paradas y Trabajos de Pavimentación. Todo lo anterior en virtud de lo dispuesto en las presentes Bases Administrativas, las Bases Técnicas y todos sus anexos.";2025-03-03T18:44:00;2025-04-10T14:00:00;2025-08-08T16:30:00;800000000;"CLP";0;0
875646-12-LE25;"TEST REPORTADO DE EX VHS CON ENTREGA DE EQUIPO COM";"Hospital Dr. Eduardo Pereira Ramirez";"61.602.057-9";"Hospital Dr. Eduardo Pereira Ramirez";"Enrique Ibsen s/ n° Cerro Delicias";"Valparaíso";"Región de Valparaíso";"LE";"Cerrada";"El Hospital llama a Licitación Pública para la Adquisición de “Test Reportado de Exámenes de VHS, con entrega de equipo compatible”, para la Unidad de Laboratorio Clínico y UMT, del hospital Eduardo Pereira Ramírez.";2025-03-31T18:33:06.31;2025-04-10T14:38:00;2025-08-08T18:39:00;67000000;"CLP";0;0
3596-21-LQ25;"CONSTRUCCIÓN CEDEJU PAPUDO";"I MUNICIPALIDAD DE PAPUDO";"69.050.300-K";"Municipalidad de Papudo - Dpto. Adquisiciones";"Calle Chorrillos N° 09";"Papudo";"Región de Valparaíso";"LQ";"Cerrada";"Las presentes Bases Administrativas tienen por objeto regular el llamado a licitación para la contratación y ejecución de la obra que se singulariza en las Bases Administrativas de la Propuesta.";2025-03-21T12:26:01.863;2025-04-10T14:30:00;2025-06-11T17:30:00;;"CLP";0;0
1002588-23-L125;"Servicio de producción para eventos artístico culturales, Escuela Santo Tomás de Aquino.";"SERVICIO LOCAL DE EDUCACION DE PUERTO CORDILLERA";"61.999.320-9";"SERVICIO LOCAL DE EDUCACION DE PUERTO CORDILLERA";"Miraflores 525-B, Porvenir";"Coquimbo";"Región de Coquimbo";"L1";"Cerrada";"Servicio de producción para eventos artístico culturales, Escuela Santo Tomás de Aquino.";2025-04-04T10:34:16.787;2025-04-10T14:32:00;2025-04-21T13:32:00;6800000;"CLP";0;0
3928-34-LE25;"CONTRATO DE SUMINISTRO MEDALLAS COPAS GALVANOS Y TROFEOS PARA DEPARTAMENTO DE EDUCACION MUNICIPAL ESTABLECIMIENTOS EDUCACIONALES JARDINES INFANTILES AÑO 2025";"ILUSTRE MUNICIPALIDAD DE PICHILEMU";"69.091.201-5";"Educación Municipal";"ANGEL GAETE 365";"Pichilemu";"Región del Libertador General Bernardo O´Higgins";"LE";"Cerrada";"CONTRATO DE SUMINISTRO MEDALLAS COPAS GALVANOS Y TROFEOS PARA DEPARTAMENTO DE EDUCACION MUNICIPAL ESTABLECIMIENTOS EDUCACIONALES JARDINES INFANTILES AÑO 2025";2025-03-27T16:28:56.49;2025-04-10T14:30:00;2025-04-17T15:00:00;;"CLP";0;0
3976-11-LP25;"CONVENIOS MATERIAL LIBRERIA E INSUMOS COMPUTACIONALES";"I MUNICIPALIDAD DE SANTA BARBARA";"69.170.201-4";"Departamento De Educacion Municipal";"Arturo Prat Nº 121 Santa Bárbara";"Santa Bárbara";"Región del Biobío";"LP";"Cerrada";"CONVENIOS MATERIAL LIBRERIA E INSUMOS  COMPUTACIONALES PARA ABASTECER A LAS UNIDADES EDUCATIVAS, JARDINES VTF Y DAEM DE LA COMUNA DE SANTA BARBARA";2025-03-24T17:38:18.353;2025-04-10T14:24:00;2025-04-28T14:25:00;115000000;"CLP";0;0
3085-20-L125;"MUEBLES DE COCINA";"DIRECCION DE ABASTECIMIENTO DE LA ARMADA";"61.102.023-6";"DEPTO. DE BIENESTAR SOCIAL (T)";"O'Higgins N°01. Panguipulli";"Panguipulli";"Región de Los Ríos";"L1";"Cerrada";"CONFECCIÓN E INSTALACIÓN DE MUEBLES DE COCINA";2025-04-03T14:53:25.697;2025-04-10T14:32:00;2025-05-10T14:32:00;;"CLP";0;0
5877-7-LE25;"SERV DE PROD. CICLOS DE MEDIACION PROG. MUSICA PAM";"SUBSECRETARÍA DE LAS CULTURAS Y LAS ARTES";"61.979.170-3";"Consejo de la Cultura y Las Artes Región de Los Ríos";"AVENIDA GENERAL LAGOS N° 1234";"Valdivia";"Región de Los Ríos";"LE";"Cerrada";"SERVICIO DE PRODUCCIÓN INTEGRAL, APOYO TÉCNICO, OPERATIVO Y PROGRAMÁTICO PARA EL DESARROLLO DE LOS CICLOS DE MEDIACIÓN DEL PROGRAMA DE APRECIACIÓN DE LA MÚSICA NACIONAL 2025, PAM 2025";2025-03-31T11:37:37.023;2025-04-10T14:28:00;2025-04-25T14:29:00;;"CLP";0;0
3085-21-L125;"CAMBIO REVESTIMIENTO PORCELANATO EN VIVIENDA FISCAL";"DIRECCION DE ABASTECIMIENTO DE LA ARMADA";"61.102.023-6";"DEPTO. DE BIENESTAR SOCIAL (T)";"O'Higgins N°01. Panguipulli";"Panguipulli";"Región de Los Ríos";"L1";"Cerrada";"CAMBIO REVESTIMIENTO PISO PORCELANATO Y GUARDAPOLVOS EN VIVIENDA FISCAL";2025-04-03T14:53:39.67;2025-04-10T15:02:00;2025-05-10T15:02:00;3670000;"CLP";0;0
4284-67-L125;"Adquisición de materiales de oficina y alimentos para talleres del programa 4 a 7";"I MUNICIPALIDAD DE CUNCO";"69.191.000-8";"Municipalidad de Cunco";"Pedro Aguirre Cerda Nº 600";"Cunco";"Región de la Araucanía";"L1";"Cerrada";"Adquisición de materiales de oficina y alimentos para talleres del programa 4 a 7, según bases adjuntas numeral 1.2 detalle de bien a licitar";2025-04-03T17:57:30.107;2025-04-10T15:01:00;2025-04-17T18:00:00;1350000;"CLP";0;0
3335-37-LE25;"CONVENIO DE SUMINISTRO ESPECIALISTAS NEUROLOGÍA Y PEDIATRÍA PARA ESTUDIANTES DE LOS ESTABLECIMIENTOS EDUCACIONALES DEPENDIENTES DEL D.A.E.M. DE LA UNIÓN AÑO 2025.";"I MUNICIPALIDAD DE LA UNION";"69.200.800-6";"Departamento de Educación";"";"";"Región de Los Ríos";"LE";"Cerrada";"CONVENIO DE SUMINISTRO ESPECIALISTAS NEUROLOGÍA Y PEDIATRÍA PARA ESTUDIANTES DE LOS ESTABLECIMIENTOS EDUCACIONALES DEPENDIENTES DEL D.A.E.M. DE LA UNIÓN AÑO 2025.";2025-04-02T10:12:53.52;2025-04-10T15:00:00;2025-04-24T17:54:00;20000000;"CLP";0;0
3565-14-LE25;"SUMINISTRO DE CAJAS DE ALIMENTOS AÑO 2025";"ILUSTRE MUNICIPALIDAD TEODORO SCHMIDT";"69.252.100-5";"MUNICIPALIDAD";"BALMACEDA 410";"Teodoro Schmidt";"Región de la Araucanía";"LE";"Cerrada";"Las presentes Bases Administrativas Especiales regirán la Licitación Pública, adjudicación, contrato, garantías, plazos de entrega, sanciones y sistema de pago de la propuesta denominada “260 CAJAS DE ALIMENTOS PARA EL AÑO 2025” financiada tanto con recursos de la Municipalidad de Teodoro Schmidt, conjuntamente con eventuales aclaraciones, respuestas a consultas y demás antecedentes de la licitación.";2025-04-03T15:55:00;2025-04-10T15:00:00;2025-04-30T17:35:00;15000000;"CLP";0;0
2111-102-LE25;"MANTENIMIENTO PREVENTIVO Y CORRECTIV RX DENTAL III";"HOSPITAL DE URGENCIA ASISTENCIA PUBLICA DR ALEJANDRO DEL RIO";"61.608.602-2";"Hospital de Urgencia Asistencia Pública";"Curico N°345 Bodega Central";"Santiago";"Región Metropolitana de Santiago";"LE";"Cerrada";"SE REQUIERE LA CONTRATACIÓN DEL SERVICIO DE MANTENIMIENTO PREVENTIVO Y CORRECTIVO DE RX DENTAL III PARA EL HUAP.";2025-04-02T09:07:27.833;2025-04-10T15:00:00;2025-05-12T15:00:00;;"CLP";0;0
2950-12-LE25;"ARRIENDO DE ESTABLECIMIENTO CON SERVICIO DE BANQUETERÍA PARA FIESTAS GENERACIONALES DE CADETES DE LA ESCUELA NAVAL";"DIRECCION DE ABASTECIMIENTO DE LA ARMADA";"61.102.010-4";"ESCUELA NAVAL  ARTURO PRAT";"Francisco González de Hontaneda #11, Playa ancha";"Valparaíso";"Región de Valparaíso";"LE";"Cerrada";"SATISFACER REQUERIMIENTO DEL DEPTO. EJECUTIVO, SEGÚN FOLIO 216";2025-03-31T15:37:16.807;2025-04-10T15:00:00;2025-04-21T20:00:00;;"CLP";0;0
2760-32-LR25;"CONSERVACION INFRAESTRUCTURA ESC. OCTAVIO SALINAS";"I MUNICIPALIDAD DE CORONEL";"69.151.200-2";"SECRETARIA COMUNAL DE PLANIFICACION";"BANNEN 70, CORONEL";"Coronel";"Región del Biobío";"LR";"Cerrada";"CONSERVACION INFRAESTRUCTURA ESC. OCTAVIO SALINAS-CORONEL";2025-03-07T16:35:00;2025-04-10T15:00:00;2025-05-30T19:00:00;;"CLP";0;0
1057501-95-LE25;"CONVENIO PROTESIS TESTICULAR DIFERENTES MEDIDAS";"COMPLEJO ASISTENCIAL DR. SOTERO DEL RIO";"61.608.502-6";"COMPLEJO ASISTENCIAL DR. SOTERO DEL RIO";"Avenida Melchor  Concha y Toro 3459, Puente Alto";"Puente Alto";"Región Metropolitana de Santiago";"LE";"Cerrada";"DAR CONTINUIDAD EN LA ATENCION DE PACIENTES";2025-04-01T13:13:56.927;2025-04-10T15:00:00;2025-05-30T18:00:00;;"CLP";0;0
1947-70-LE25;"342-ADQUISICIÓN DE FÉRULA ABDUCTORA PARA PIE BOT TIPO PONSETI PARA EL HOSPITAL DE NIÑOS DR. ROBERTO DEL RÍO CAF";"SERVICIO DE SALUD NORTE HOSPITAL ROBERTO DEL RIO";"61.608.004-0";"Abastecimiento";"Av. Profesor Zañartu 1085";"Independencia";"Región Metropolitana de Santiago";"LE";"Cerrada";"ADQUISICIÓN DE FÉRULA ABDUCTORA PARA PIE BOT TIPO PONSETI PARA EL HOSPITAL DE NIÑOS DR. ROBERTO DEL RÍO";2025-03-31T16:39:35.98;2025-04-10T15:00:00;2025-05-12T15:00:00;;"CLP";0;0
4023-8-LE25;"ILUMINACION PEATONAL EN PUTRE Y SOCOROMA";"ILUSTRE MUNICIPALIDAD DE PUTRE";"69.250.800-9";"Secoplac";"José Miguel Carrera N°350, Putre";"Putre";"Región de Arica y Parinacota";"LE";"Cerrada";"Instalación de un total de 16 Postes solares: con poste de acero galvanizado cónico 6m, soportado en dados de hormigón, luminaria led de 120 W o superior, con batería de litio y panel fotovoltaico, que permitirán iluminar diversas caminos peatonales en las localidades de Putre y Socoroma.";2025-03-26T19:29:00;2025-04-10T15:00:00;2025-04-29T15:10:00;;"CLP";0;0
1068620-6-L125;"SERVICIO DE ATENCIÓN MÉDICA ESPECIALIZADA EN EL ÁREA DE COLUMNA PARA EL PROGRAMA DE SERVICIOS MÉDICOS DE LA DIRECCIÓN REGIONAL DE ÑUBLE JUNAEB AÑO 2025 - 2026";"JUNTA NACIONAL DE AUXILIO ESCOLAR Y BECA";"60.908.000-0";"JUNAEB Región Ñuble";"Maipón #428";"Chillán";"Región del Ñuble";"L1";"Cerrada";"Contratar el servicio de atención médica especializada en el área de columna, para los beneficiarios del Programa de Servicios Médicos de la Junta Nacional de Auxilio Escolar y Becas, para el año 2025-2026.";2025-03-27T20:12:22.03;2025-04-10T15:00:00;2025-05-12T15:42:00;4180000;"CLP";0;0
797305-4-LE25;"SERVICIOS DE TELEFONÍA ENLACE DE DATOS Y FIREWALL";"SUPERINTENDENCIA DE INSOLVENCIA Y REEMPRENDIMIENTO";"61.005.000-k";"Superintendencia de Insolvencia y Reemprendimiento";"AMUNATEGUI 228, PISO 1";"Santiago Centro";"Región Metropolitana de Santiago";"LE";"Cerrada";"LA SUPERINTENDENCIA DE INSOLVENCIA Y REEMPRENDIMIENTO EN ADELANTE INDISTINTAMENTE LA SUPERIR O LA SUPERINTENDENCIA, REQUIERE LA “CONTRATACIÓN DE SERVICIOS DE TELEFONÍA, ENLACE DE DATOS Y FIREWALL PARA LA SUPERINTENDENCIA DE INSOLVENCIA Y REEMPRENDIMIENTO”, CONFORME REQUERIMIENTOS ESTABLECIDOS EN LAS BASES TÉCNICAS INCORPORADAS EN EL PRESENTE ACTO ADMINISTRATIVO.";2025-04-01T16:47:19.197;2025-04-10T15:00:00;2025-04-21T19:00:00;50000000;"CLP";0;0
3469-28-LE25;"SUM.PUBLICIDAD Y MARKETING E IMPRESION COM. IMCH";"I MUNICIPALIDAD DE CHANCO";"69.120.300-k";"DEPTO. DE FINANZAS";"Abdón Fuentealba 334";"Chanco";"Región del Maule";"LE";"Cerrada";"SUMINISTRO DE PUBLICIDAD Y MARKETING E IMPRESION, DEPTO. DE COMUNICACIONES, IMCH. SEGUN BASES";2025-03-31T17:19:59.503;2025-04-10T15:00:00;2025-04-17T17:30:00;20000000;"CLP";0;0
1692-18-LE25;"MANTENCION PREVENTIVA UNIDAD ESTERILIZACION HCO";"SERVICIO NACIONAL DE SALUD HOSPITAL DE COCHRANE";"61.602.292-k";"Hospital Cochrane";"Doctor Steffens 730";"Cochrane";"Región Aysén del General Carlos Ibáñez del Campo";"LE";"Cerrada";"REALIZAR MANTENCIONES PREVENTIVAS Y CORRECTIVAS DE AUTOCLAVES, PLANTA DE OSMOSIS Y LAVADORA DESCONTAMINADORA DEL HOSPITAL DE COCHRANE";2025-03-28T15:29:00;2025-04-10T15:00:00;2025-04-15T15:00:00;10000000;"CLP";0;0
3894-12-LQ25;"SUMINISTRO DE MANTENCIÓN Y REPARACIÓN DE LA FLOTA MUNICIPAL DE LAMPA AÑO 2025";"I MUNICIPALIDAD DE LAMPA";"69.071.400-0";"Secretaria de Planificación";"";"";"Región Metropolitana de Santiago";"LQ";"Cerrada";"La municipalidad de Lampa busca atender de manera eficiente la operatividad de la flota vehicular municipal, compuesta por vehículos menores, camiones y maquinaria pesada, las cuales resultan ser esenciales para el desarrollo de los servicios municipales.";2025-03-21T09:59:59.087;2025-04-10T15:00:00;2025-05-12T15:30:00;150000000;"CLP";0;0
757-16-LE25;"[GABSSP] Informes radiológicos evaluación COMERE";"SUBSECRETARIA DE SALUD PUBLICA";"61.601.000-k";"Subsecretaría de Salud Pública";"Mac-Iver 541";"Santiago Centro";"Región Metropolitana de Santiago";"LE";"Cerrada";"Adquisición del servicio de informes radiológicos para evaluación médico legal de secuelas respiratorias de origen laboral, para la Comisión Médica de Reclamos de la Ley 16744. Para asegurar la óptima calidad de la evaluación médico-legal de la incapacidad secundaria a neumoconiosis de origen laboral, es necesario contar con el servicio de informes emitidos por médico radiólogo especializado en enfermedades respiratorias, con formación en lectura OIT y que cumpla con los criterios de probidad para emitir opinión técnica a considerar para una evaluación objetiva y parcial de la incapacidad.";2025-03-31T11:33:42.39;2025-04-10T15:00:00;2025-04-21T18:00:00;26500000;"CLP";0;0
2755-6-LQ25;"Servicio de sala cuna FF Municipales de San Antoni";"I MUNICIPALIDAD DE SAN ANTONIO";"69.073.400-1";"IMunicipalidad de San Antonio";"Av. Barros Luco 2347";"San Antonio";"Región de Valparaíso";"LQ";"Cerrada";"Servicio de sala cuna para hijas e hijas de funcionarias municipales, conforme a la normativa vigente.";2025-03-21T16:54:57.647;2025-04-10T15:00:00;2025-05-10T17:00:00;175995600;"CLP";0;0
1031849-7-LP25;"SERVICIO DE ARRIENDO DE IMPRESORAS MULTIFUNCIONAL";"DIRECCION SERVICIO DE SALUD TALCAHUANO";"61.607.200-5";"Compra Conjunta SNSS";"AVENIDA COLON N°3030";"Talcahuano";"Región del Biobío";"LP";"Cerrada";"Servicio de Salud Talcahuano, solicita la adquisición y contratación de proveer el servicio de arriendo de impresoras multifuncionales, las cuales realizan las funciones de impresión, fotocopiado, escaneo y envió de documentación a correo electrónico del Servicio de Salud Talcahuano, por un periodo de 36 meses, de acuerdo a especificaciones técnicas definidas en la presente licitación pública.";2025-03-31T11:22:00;2025-04-10T15:00:00;2025-05-12T15:02:00;;"CLP";0;0
3065-14-LE25;"ADQUISICIÓN DE LUBRICANTES N7922";"DIRECCION DE ABASTECIMIENTO DE LA ARMADA";"61.102.012-0";"COMANDANCIA AVIACION NAVAL";"Camino Internacional s/n";"Concón";"Región de Valparaíso";"LE";"Cerrada";"SE NECESITA ADQUIRIR LUBRICANTES PARA AERONAVES DE LA AVIACIÓN NAVAL.";2025-03-31T15:41:24.51;2025-04-10T15:00:00;2025-05-26T15:00:00;38969999;"CLP";0;0
732-12-LE25;"SUMINISTRO DE PASAJES INTERNACIONALES Y TRANSPORTE";"SUBSECRETARIA DEL MINISTERIO DE MINERIA";"61.701.000-3";"SUBSECRETARIA DEL MINISTERIO DE MINERIA";"AMUNATEGUI 232, PISO 15, SANTIAGO CENTRO";"Santiago";"Región Metropolitana de Santiago";"LE";"Cerrada";"Contratar el suministro de pasajes internacionales para garantizar el traslado aéreo yo terrestre de la autoridad ministerial, jefea de servicio, acompañantes y funcionarios y funcionarias, para el cumplimiento de las comisiones de servicio en el extranjero, cubriendo las necesidades institucionales, eventuales requerimientos y urgencias que surjan durante el periodo contratado, incluyendo la gestión de post venta y servicio de asistencia en viaje, con cobros que se adecúen a la austeridad requerida por el Estado.";2025-03-21T14:17:45.843;2025-04-10T15:01:00;2025-05-05T18:00:00;60000000;"CLP";0;0
1976-4-LQ25;"SERVICIO DE DISTRIBUCIÓN DE AGUA POTABLE";"DELEGACIÓN PRESIDENCIAL PROVINCIAL DEL BIOBÍO";"60.511.084-3";"DELEGACIÓN PRESIDENCIAL PROVINCIAL DEL BIOBÍO";"Caupolican 410";"Los Angeles";"Región del Biobío";"LQ";"Cerrada";"Se requiere contratar la compra y distribución de 50 litros de agua potable para consumo humano a los beneficiarios indicados en el presente documento. El fin de esta licitación es permitir el acceso al agua potable a personas en situación de déficit hídrico yo inaccesibilidad al agua potable en diversas comunas y sectores de la provincia del Biobío, región del Biobío";2025-03-21T11:27:29.033;2025-04-10T15:00:00;2025-04-15T18:00:00;378904405;"CLP";0;0
2674-18-LE25;"ADQUISICION DE MOTOSIERRA Y OTROS ELEMENTOS PARA E";"ILUSTRE MUNICIPALIDAD DE MELIPILLA";"69.072.900-8";"ILUSTRE MUNICIPALIDAD DE MELIPILLA";"SILVA CHAVEZ   480";"Melipilla";"Región Metropolitana de Santiago";"LE";"Cerrada";"ADQUISICION DE MOTOSIERRA Y OTROS ELEMENTOS PARA EMERGENCIA";2025-04-01T18:47:19.403;2025-04-10T15:01:00;2025-05-30T23:00:00;8834511;"CLP";0;0
545598-7-LE25;"ADQUISICIÓN DE PÓLIZAS DE SEGUROS PARA VEHICULOS";"CORP MUNICIPAL DE CASTRO PARA LA EDUCACION SALUD Y ATENCION AL MENOR";"71.149.700-5";"corpocas";"O’Higgins  557";"Castro";"Región de los Lagos";"LE";"Cerrada";"ADQUISICIÓN DE PÓLIZAS DE SEGUROS PARA VEHICULOS INSTITUCIONALES . Correspondiente a 24 Seguros para vehículos, pertenecientes a la Corporación Municipal de Castro.";2025-03-28T15:03:00;2025-04-10T15:00:00;2025-04-24T15:00:00;18000000;"CLP";0;0
622-28-LE25;"HABILITACION DIV. GESTION ESTRATEGICA TGR.";"TESORERIA GENERAL DE LA REPUBLICA";"60.805.000-0";"Tesorería General de la República";"Amanda Labarca 041  Santiago(Adjuntar copia OC a Fact.)";"Santiago";"Región Metropolitana de Santiago";"LE";"Cerrada";"HABILITACIÓN DIVISIÓN DE GESTIÓN ESTRATÉGICA TESORERÍA GENERAL DE LA REPÚBLICA TGR";2025-03-18T09:40:28.77;2025-04-10T15:01:00;2025-04-24T17:30:00;;"CLP";0;0
3730-36-L125;"ADQUISICION DE RADIO PORTATIL DE DOS VIAS";"I MUNICIPALIDAD DE CHIMBARONGO";"69.090.300-8";"Adquisiciones  Obras";"CHIMBARONGO, VALENTIN LETELIER ESTADIO 72283965";"Chimbarongo";"Región del Libertador General Bernardo O´Higgins";"L1";"Cerrada";"SE REQUIERE LA COMPRA DE 10 EQUIPOS DE RADIO PORTATIL DE DOS VIAS, SEGUN ESPECIFICACIONES TECNICAS A REVICAR Y CUMPLIR  EN ANEXO ADJUNTO, CON DESPACHO A BODEGA MUNICIPAL";2025-04-03T10:08:10.27;2025-04-10T15:01:00;2025-04-30T12:56:00;5500000;"CLP";0;0
3545-9-L125;"INSTRUMENTAL AREA DE MEDICINA Y DE REHABILITACION PARA EL CCMV";"COMANDO DE APOYO A LA FUERZA";"65.273.020-5";"Centro Clínico Militar Valdivia - CCM Valdivia";"Av. Bernardo O'Higgins 750, Temuco.";"Temuco";"Región de la Araucanía";"L1";"Cerrada";"La presente licitación tiene como objeto materializar la adquisición de instrumental para el Área de Medicina y equipos para rehabilitación de Kinesiología del CCMV, Garantía mínima 12 meses, debe tener flete y traslado sin costo, entrega 10 días.";2025-04-04T15:17:26.157;2025-04-10T15:01:00;2025-04-19T12:54:00;1400000;"CLP";0;0
3156-26-LE25;"CONFECCIÓN DE MURO PATIO DE HONOR ESGRUM";"DIRECCION DE ABASTECIMIENTO DE LA ARMADA";"61.102.024-4";"ESCUELA DE GRUMETES";"AVENIDA GRUMETE TELLEZ S/N";"Talcahuano";"Región del Biobío";"LE";"Cerrada";"CONFECCIÓN DE MURO PATIO DE HONOR ESGRUM DE ACUERDO A ESPECIFICACIONES TÉCNICAS Y BASES DE LICITACIÓN.";2025-03-31T15:07:07.033;2025-04-10T15:01:00;2025-05-08T16:21:00;;"CLP";0;0
1101201-1-LE25;"Servicio Auditoria Estados Financieros F.Soberanos";"TESORERIA GENERAL DE LA REPUBLICA";"60.805.000-0";"Fondos extrapresupuestarios";"Teatinos 20";"Santiago Centro";"Región Metropolitana de Santiago";"LE";"Cerrada";"El objeto de la presente licitación es la CONTRATACIÓN DE SERVICIOS DE AUDITORÍA EXTERNA DE ESTADOS FINANCIEROS DE LOS FONDOS SOBERANOS PERIODOS 2024-2025 con el fin de dar cumplimiento al Decreto Nº 1.492 del MdH de 2015 Art. 4° inciso c.";2025-03-31T15:29:13.343;2025-04-10T15:01:00;2025-04-15T18:30:00;55000;"USD";0;0
1057491-54-LE25;"ENDOPRÓTESIS DE RECONSTRUCCIÓN FEMORAL DISTAL";"SERVICIO DE SALUD ORIENTE HOSPITAL LUIS CALVO MACKENNA";"61.608.408-9";"Bienes y Servicios";"ANTONIO VARAS 360 (CENTRO DE DISTRIBUCIÓN)";"Providencia";"Región Metropolitana de Santiago";"LE";"Cerrada";"ADQUISICIÓN DE INSUMOS PARA CIRUGÍA DE ENDOPRÓTESIS DE RECONSTRUCCIÓN FEMORAL DISTAL, PARA EL HOSPITAL DOCTOR LUIS CALVO MACKENNA";2025-03-26T18:55:00;2025-04-10T15:00:00;2025-04-30T20:00:00;18000000;"CLP";0;0
1057402-65-LE25;"Mantención de Circuitos de Calefacción y Trabajos en Acero Inoxidable para el Hospital Clínico de Magallanes";"HOSPITAL CLINICO DE MAGALLANES DR. LAUTARO NAVARRO AVARIA";"61.607.901-8";"Bienes y Servicios";"Av. Los Flamencos 01364 Región Magallanes";"Punta Arenas";"Región de Magallanes y de la Antártica";"LE";"Cerrada";"El propósito de la licitación es la contratación del servicio de “Mantención de Circuitos de Calefacción y Trabajos en Acero Inoxidable para el Hospital Clínico de Magallanes”, de acuerdo con lo establecido en las presentes Bases Administrativas y Técnicas, en las circunstancias que este servicio no es provisto en catálogo electrónico del Convenio Marco. La contratación del servicio de la presente licitación está incorporada en el plan anual de compras proyectado para los años de vigencia del contrato. El plan de compras será publicado en la plataforma www.mercadopublico.cl en la oportunidad que corresponda.";2025-03-31T11:47:35.013;2025-04-10T15:00:00;2025-06-16T18:00:00;;"CLP";0;0
5482-26-LR25;"SERVICIO DE ASEO DEPENDENCIAS MUNICIPALIDAD ÑUÑOA";"I MUNICIPALIDAD DE NUNOA";"69.070.500-1";"SECPLANUNOA";"POR DEFINIR DE ACUERDO A OBSERVACIONES";"Ñuñoa";"Región Metropolitana de Santiago";"LR";"Cerrada";"La Municipalidad de Ñuñoa, requiere la Contratación del Servicio de Aseo de las  Dependencias de la I. Municipalidad de Ñuñoa que se indican en las especificaciones técnicas de la propuesta, por el período de 24 meses";2025-03-05T18:10:00;2025-04-10T15:01:00;2025-04-17T21:00:00;;"CLP";0;0
1469-40-L125;"SERVICIO DE CONTROL DE PLAGAS DEPENDENCIAS DEL CAMPUS CURICÓ, CENTRO DE EXTENSION CURICÓ Y PROPIEDAD DE ESCUELA DE MEDICINA CURICÓ, DE LA UNIVERSIDAD DE TALCA";"UNIVERSIDAD DE TALCA";"70.885.500-6";"Universidad de Talca";"Edificio Lircay de la Universidad de Talca, Calle 19 Norte, 1665";"Talca";"Región del Maule";"L1";"Cerrada";"El Campus Curicó, ubicado en camino a los Niches km 1, Centro de Extensión de la Universidad de Talca ubicado en calle Merced 437, propiedad Escuela de Medicina ubicado en Av. Alessandri N° 1850, todas de la comuna de Curicó, requiere contratar el servicio de Desratización, desinsectación y sanitizado de ambientes, por un periodo de 12 meses.";2025-03-26T18:03:42.46;2025-04-10T15:00:00;2025-04-14T17:00:00;;"CLP";0;0
2674-15-LE25;"ADQUISICION DE MATERIALES DE CONSTRUCCION Y ELECTR";"ILUSTRE MUNICIPALIDAD DE MELIPILLA";"69.072.900-8";"ILUSTRE MUNICIPALIDAD DE MELIPILLA";"SILVA CHAVEZ   480";"Melipilla";"Región Metropolitana de Santiago";"LE";"Cerrada";"ADQUISICION DE MATERIALES DE CONSTRUCCION Y ELECTRICOS PARA MEJORAMIENTO DE PLAZA DE ARMAS DE MELIPILLA";2025-04-01T17:54:02.85;2025-04-10T15:01:00;2025-05-16T23:00:00;18944900;"CLP";0;0
705290-16-LQ25;"PRESTACIÓN DE SERVICIOS DE QUÍMICOS FARMACÉUTICOS";"SERVICIO SALUD OCCIDENTE HOSPITAL DR FELIX BULNES CERDA";"61.608.205-1";"PRESTACIÓN DE SERVICIOS";"";"";"Región Metropolitana de Santiago";"LQ";"Cerrada";"Artículo 6°: Las presentes Bases constituyen el instrumento guía destinado a celebrar un CONVENIO DE PRESTACIÓN DE SERVICIOS DE QUÍMICOS FARMACÉUTICOS PARA LA UNIDAD DE FARMACIA DEL HOSPITAL DR. FÉLIX BULNES CERDA, en adelante Hospital, éstas, establecen los fines, condiciones y requisitos que deberán ser cumplidos por los oferentes, en todas y cada una de las partes que conformen su oferta, además de regular el todo el proceso licitatorio hasta la suscripción del correspondiente contrato.";2025-03-28T09:54:00;2025-04-10T15:02:00;2025-05-22T16:00:00;;"CLP";0;0
937232-27-LQ25;"SERVICIO DE MANTENIMIENTO PREVENTIVO DE CORRIENTES DÉBILES Y SISTEMA CONTRA INCENDIOS POR 24 MESES";"CENTRO DE REFERENCIA DE SALUD HOSPITAL PROVINCIA CORDILLERA";"61.980.620-4";"Centro de Referencia de Salud Hospital Provincia Cordillera";"";"";"Región Metropolitana de Santiago";"LQ";"Cerrada";"EL CRS Hospital Provincia Cordillera requiere contratar el “Servicio de Mantenimiento Preventivo de Corrientes Débiles y Sistemas Contra Incendio”, el cual estará conformado por los servicios programados de mantenimiento preventivo en la especialidad de corrientes débiles y en los sistemas de detección y extinción de incendios, así como también del personal operativo de control centralizado para el Centro de Referencia de Salud Hospital Provincia Cordillera.";2025-03-21T10:42:12.793;2025-04-10T15:01:00;2025-05-12T20:48:00;;"CLP";0;0
2080-172-LP25;"SUMINISTRO DE ANESTESIA";"SERVICIO DE SALUD DEL LIBERTADOR B O'HIGGINS HOSPITAL REG RANCAGUA";"61.602.138-9";"Hospital Regional Rancagua - HRR";"Avenida Salvador Allende Nº 350";"Rancagua";"Región del Libertador General Bernardo O´Higgins";"LP";"Cerrada";"El objeto de esta Licitación es contar con una adecuada provisión de “SUMINISTRO DE INSUMOS DE ANESTESIA PARA EL HOSPITAL DR. FRANCO RAVERA ZUNINO”, durante la vigencia del proceso.";2025-03-31T11:15:30.28;2025-04-10T15:00:00;2025-04-22T17:27:00;;"CLP";0;0
1493-26-LE25;"2° LLAMADO POR MÁS SEGURIDAD PARA PUENTE ÑUBLE";"I MUNICIPALIDAD DE SAN NICOLAS";"69.140.800-0";"I MUNICIPALIDAD DE SAN NICOLAS";"Arturo Prat 202 - San Nicolás";"San Nicolás";"Región del Ñuble";"LE";"Cerrada";"El Proyecto contempla la Instalación de 5 puntos de Cámaras  Cada uno dotados de 1Cámara PTZ de alta Resolución (4K) Junto a 2 cámaras IP Bullet 4MP Fijas, con parlantes, configurando un total de 15 cámaras en total  conectados con a la Central de monitoreo equipada con 6 Monitor 43” FHD,  2 Soporte de Video Transmisor Autdoor 5G (AP), Controladores Joystick + USB, UPS line interactive, Disco Duro DW – 4TB. Además de contar con el monitoreo 24/7 por  funcionarios especializado contratados por la Municipalidad de San Nicolás.  El tráfico de datos serán por antena ubiquitis instaladas en los postes, realizando el tráfico a la central de monitoreo vía internet proporcionada por la Municipalidad de San Nicolás, cada una con todo el sistema de comunicación, monitorización y autonomía energética, estas constan de poste galvanizado de 12 metros con sistema de para rayo y dos cajas estructurales metálicas la primera, cuenta con baterías de litio de ciclo profundo, estabilizador de voltaje inversor de carga, las segunda con los periféricos de redes necesarios y comprometidos para la adecuada llegada de por antenas ubiquitis lo que permitirá que la cámara PTZ robotizada con un giro 360 grados de 40 megapíxeles en visión 4k, pueda brindar una alta definición de imagen gracias a su lente inteligente starlight, la que permite un enfoque profundo incluso en oscuridad extrema, estos materiales tecnológicos unificados permiten que la cámara de tele vigilancia cuente con un sistema de grabación de 10 días y 6 horas de autonomía energética aproximadamente en caso de cortes de luz.";2025-03-31T15:58:12.207;2025-04-10T15:00:00;2025-04-25T18:00:00;18463575;"CLP";0;0
1057539-49-LR25;"Convenio Suministro Insumos Cirugía Vascular HPM";"HOSPITAL PUERTO MONTT SERVICIO DE SALUD DEL RELONCAVI";"61.975.100-0";"Bienes y Servicios";"";"";"Región de los Lagos";"LR";"Cerrada";"Debido a la necesidad del Hospital de Puerto Montt, de contratar un Proveedor en condiciones de ejecutar el abastecimiento de insumos necesarios para dar continuidad a la atención de los pacientes atendidos en el Hospital Puerto Montt, con requerimientos de procedimientos especializados de la especialidad de cirugía vascular y así continuar y facilitar la implementación de nuevas prestaciones incluidas a la cartera de servicios del Hospital de Puerto Montt. Con la finalidad de garantizar mayor cobertura a las necesidades de la institución y entregar una atención de calidad, evitando rechazos de derivaciones por falta de insumos y disminuir derivaciones a otros servicios por no contar con insumos necesarios.";2025-03-11T11:19:00;2025-04-10T15:00:00;2025-06-30T15:06:00;653343320;"CLP";0;0
2686-279-LR24;"SERVICIO DE RECOLECCION Y TRANSPORTE DE RESIDUOS";"I MUNICIPALIDAD DE COLINA";"69.071.500-7";"SECPLAN";"AVENIDA COLINA Nº. 700.";"Colina";"Región Metropolitana de Santiago";"LR";"Cerrada";"SERVICIO DE RECOLECCION Y TRANSPORTE DE RESIDUOS SOLIDOS DOMICILIARIOS PARA EL SECTOR SUR DE LA COMUNA DE COLINA Y SU POSTERIOR TRANSPORTE AL LUGAR DE DISPOSICION FINAL";2024-12-06T11:51:00;2025-04-10T15:00:00;2025-05-05T20:00:00;;"CLP";0;0
1233623-3-LE25;"ADQUISICION SOFTWARE AEC COLLECTION 2024 EQUIVALE";"Servicio Local de Educación Pública Licancabur";"61.980.920-3";"Servicio Local de Educación Pública Licancabur";"Av. Chorrillos nº1631 comuna de Calama";"Calama";"Región de Antofagasta";"LE";"Cerrada";"ADQUISICIÓN DE SOFTWARE AEC COLLECTION 2024, EQUIVALENTE O SUPERIOR PARA SLEP LICANCABUR";2025-04-02T12:33:19.503;2025-04-10T15:00:00;2025-04-22T18:00:00;;"CLP";0;0
692255-1-LE25;"Revisión Creación y Actualización Perfiles Cargo";"UNIVERSIDAD METROPOLITANA DE CIENCIAS DE LA EDUCACION";"60.910.047-8";"DIRECCION GESTION Y DESARROLLO DE PERSONAS";"SEGUN OBSERVACIONES DE DESPACHO";"Ñuñoa";"Región Metropolitana de Santiago";"LE";"Cerrada";"La Universidad Metropolitana de Ciencias de la Educación requiere contar con una herramienta actualizada y consistente con la situación organizacional, bajo una estrategia de gestión por personas. Es por esto, que es necesario modernizar el modelo de gestión por competencias y revisar, crear y actualizar los perfiles de cargo de la institución.";2025-03-31T15:11:19.31;2025-04-10T15:00:00;2025-04-21T15:00:00;30000000;"CLP";0;0
4281-6-LE25;"CONVENIO DE SUMINISTRO DE FERRETERIA";"I MUNICIPALIDAD DE CUNCO";"69.191.000-8";"I MUNICIPALIDAD DE CUNCO";"Pedro Aguirre Cerda Nº 600";"Cunco";"Región de la Araucanía";"LE";"Cerrada";"CONVENIO DE SUMINISTRO POR MATERIALES E INSUMOS DE FERRETERIA Y ELECTRICOS PARA MANTENCIÓN, MEJORAMIENTO YO REPARACIONES DE LOS DISTINTOS ESTABLECIMIENTOS DEL DEPARTAMENTO DE SALUD MUNICIPAL DE CUNCO.";2025-04-01T16:25:43.18;2025-04-10T15:00:00;2025-04-30T17:45:00;;"CLP";0;0
1186229-4-LR25;"Servicios Externos de Guardias de Seguridad";"SERVICIO DE REGISTRO CIVIL E IDENTIFICACION";"61.002.000-3";"Unidad de Compras Nivel Central";"Catedral N° 1772";"Santiago";"Región Metropolitana de Santiago";"LR";"Cerrada";"El Servicio de Registro Civil e Identificación requiere la contratación de Servicios Externos de guardias de Seguridad para los edificios Institucionales de la Dirección nacional de la Institución";2025-03-06T15:22:23.3;2025-04-10T15:00:00;2025-05-12T18:00:00;;"CLP";0;0
1057402-62-LQ25;"Servicios de Apoyo mano de obra CR Farmacia y Prót";"HOSPITAL CLINICO DE MAGALLANES DR. LAUTARO NAVARRO AVARIA";"61.607.901-8";"Bienes y Servicios";"";"";"Región de Magallanes y de la Antártica";"LQ";"Cerrada";"El Hospital Clínico de Magallanes requiere contratar los Servicios de Apoyo mano de obra CR Farmacia y Prótesis, Unidad de Relación Asistencial Docente, CR Oncología, Unidad IAAS y Unidad Medicina Ambulatoria y Curaciones Avanzadas del Hospital Clínico de Magallanes. Para ello la empresa a contratar deberá desplegar el recurso humano requerido en materia de la presente licitación y así cumplir con las necesidades propias del servicio referente al área correspondiente.  Estos servicios se encuentran considerados en el Plan Anual de Compras del Hospital en los años de vigencia del contrato.";2025-03-21T15:17:05.313;2025-04-10T15:00:00;2025-05-26T20:00:00;;"CLP";0;0
1068620-7-LE25;"FABRICACIÓN ENTREGA Y AJUSTES DE AYUDAS TÉCNICAS EN EL ÁREA DE TRAUMATOLOGÍA CORRESPONDIENTE A CORSÉ Y PLANTILLAS DE REALCE DE LA DIRECCIÓN REGIONAL DE ÑUBLE JUNAEB";"JUNTA NACIONAL DE AUXILIO ESCOLAR Y BECA";"60.908.000-0";"JUNAEB Región Ñuble";"Maipón #428";"Chillán";"Región del Ñuble";"LE";"Cerrada";"Proveer a los beneficiarios del Programa Servicios Médicos de JUNAEB, a través de un convenio de suministro disponible durante los años 2025, 2026, de ayudas técnicas del área de traumatología, correspondientes a corsé y plantillas de realces, a fin de facilitar y promover un adecuado tratamiento y una efectiva integración al proceso educativo.  Mediante la presente licitación se requiere contar con la fabricación, entrega y ajustes de ayudas técnicas regionales en el área de traumatología, según la indicación de médicos especialistas del área de columna.";2025-03-31T15:20:12.557;2025-04-10T15:00:00;2025-05-12T20:00:00;8440000;"CLP";0;0
2275-8-LR25;"SERV. DE MANTENIMIENTO DE ÁREAS VERDES LA PINTANA";"I MUNICIPALIDAD DE LA PINTANA";"69.253.800-5";"LICITACIONES SECPLAC";"El Olivar N° 02595 Paradero 47 Sta. Rosa, . RECEPCION DE LUNES A VIERNES DE 8:30 A 13:30 HRS. FONO 223896941-6942-6943-";"La Pintana";"Región Metropolitana de Santiago";"LR";"Cerrada";"El objetivo de la presente licitación es establecer los lineamientos y obligaciones que el adjudicatario deberá cumplir para llevar a cabo el servicio de mantenimiento integral de las áreas verdes comunales en la Seccional Centro de La Pintana durante el periodo 2025-2029. Estas disposiciones detallan los tipos de áreas a intervenir, los estándares de calidad exigidos, los procedimientos técnicos a implementar, los criterios ambientales, las exigencias en dotación de personal y equipos, y las normas de operación y fiscalización del servicio.";2025-03-04T10:37:00;2025-04-10T15:00:00;2025-08-08T19:00:00;;"CLP";0;0
1057418-4-LE25;"ADQUISICIÓN DE INSUMOS DE CURACIÓN PARA SERVICIOS CLINICOS DEL HOSPITAL MULCHEN";"SERVICIO DE SALUD BIO BIO HOSPITAL DE MULCHEN";"61.607.302-8";"Bienes y Servicios";"";"";"Región del Biobío";"LE";"Cerrada";"Adquirir Insumos de Curación para  Servicios clínicos, según solicitud de adquisición HCFM 30712 emitida por Enfermera Programa Cardiovascular del Hospital de Mulchén.";2025-03-31T15:55:14.47;2025-04-10T15:00:00;2025-05-01T15:00:00;;"CLP";0;0
1426038-5-LE25;"Adquisición de generador para el SAR Colina";"Corporación Municipal de Desarrollo Social de Colina";"70.941.900-5";"CORPCOLINA SALUD";"Carretera General San Martín N°665";"Colina";"Región Metropolitana de Santiago";"LE";"Cerrada";"Adquirir un generador eléctrico de alta potencia y un carro de arrastre para el servicio de Urgencia de Alta Resolutividad SAR de Colina, con el fin de garantizar la continuidad operativa del establecimiento en caso de interrupciones en el suministro eléctrico, asegurando así la prestación ininterrumpida de servicios de urgencia y atención médica crítica para la comunidad.";2025-03-31T14:09:56.787;2025-04-10T15:00:00;2025-04-25T15:01:00;;"CLP";0;0
608-283-LR24;"Stent medicados vía consignación del proveedor";"HOSPITAL DR GUSTAVO FRICKE DE VINA DEL MAR";"61.606.602-1";"Hospital Dr. Gustavo Fricke";"Alvarez 1532";"Viña del Mar";"Región de Valparaíso";"LR";"Cerrada";"Stent medicados vía consignación del proveedor";2025-03-10T11:04:54.693;2025-04-10T15:00:00;2025-05-12T17:00:00;672617750;"CLP";0;0
2778-19-LE25;"SERVICIO DE PRESTACION MEDICA PIE 2025 DAEM RENGO";"I MUNICIPALIDAD DE RENGO";"69.081.200-2";"ADQUISICION MUNI-EDUCACION";"SERRANO   450- COMUNA DE RENGO.";"Chépica";"Región del Libertador General Bernardo O´Higgins";"LE";"Cerrada";"CONTRATACION DE LOS SERVICIOS PROFESIONALES DE UN MEDICO PARA EVALUACION DIAGNOSTICA GENERAL DE ALUMNOS Y ALUMNAS (1.000 APROXIMADAMENTE) DE DIFERENTES ESTABLECIMIENTOS EDUCACIONALES DE LA COMUNA DE RENGO DEL PROGRAMA DE INTEGRACION PIE AÑO 2025.";2025-04-04T09:16:45.597;2025-04-10T15:00:00;2025-04-30T18:00:00;;"CLP";0;0
3691-13-LE25;"Suministro atenciones de salud 2025";"I MUNICIPALIDAD DE LAS CABRAS";"69.080.800-5";"Educación";"J. Kennedy 552, Las Cabras, VI Region";"Las Cabras";"Región del Libertador General Bernardo O´Higgins";"LE";"Cerrada";"El Departamento de Educación requiere contratar profesional médico Psiquiatra infanto juvenil para la evaluación y reevaluación de alumnos pertenecientes al Programa de Integración Escolar de los distintos estableicmientos educacionales municipales de la comuna de Las Cabras.";2025-04-04T11:24:00;2025-04-10T15:00:00;2025-05-12T15:00:00;;"CLP";0;0
761391-8-LE25;"MAGISTER EN DIRECCIÓN DE OPERACIONES Y LOGÍSTICA";"FUERZA AEREA DE CHILE COMANDO LOGISTICO";"61.103.032-0";"Base Aérea El Bosque";"Gran Av. José Miguel Carrera Nº 10.525 Par. 32 1/2, El Bosque, Región Metropolitana de Santiago";"El Bosque";"Región Metropolitana de Santiago";"LE";"Cerrada";"MAGISTER EN DIRECCIÓN DE OPERACIONES Y LOGÍSTICA";2025-04-03T10:37:20.31;2025-04-10T15:00:00;2025-05-28T20:00:00;7810000;"CLP";0;0
3820-6-LP25;"CONSTRUCCIÓN SEDE MANUEL RODRIGUEZ SANTA MARÍA";"I MUNICIPALIDAD DE SANTA MARIA";"69.051.000-6";"I MUNICIPALIDAD DE SANTA MARIA";"CALLE O´HIGGINS 843, SANTA MARIA";"Santa María";"Región de Valparaíso";"LP";"Cerrada";"El proyecto “Construcción Sede Social Manuel Rodríguez, comuna de Santa María”, código BIP 40044533-0 consiste en la construcción de una sede Social para la junta de vecinos Manuel Rodríguez con estilos coloniales, ejecutada en albañilería confinada, la cual será estucada y pintada. Para complementar la arquitectura se usarán faroles y protección en las ventanas con estilo colonial, además se integra un corredor a la construcción, elemento típico de las casonas. Se considera una rampa y extensión del radier hasta el acceso principal del terreno.  La sede contará con sala de reuniones, cocina, baños para varones y damas (siguiendo los lineamientos de inclusión se consideran a lo menos un baño y rampas de acceso universal según O.G.U.C.) y una bodega, todos los pisos interiores tendrán cerámico, la iluminación será del tipo LED (panel redondo, aplique, equipos estancos y de emergencia), todas las ventanas tendrán protección exterior.";2025-03-19T11:05:48.827;2025-04-10T15:00:00;2025-04-28T18:00:00;101046109;"CLP";0;0
2760-33-LR25;"CONSERVACION INFRAESTRUCTURA LICEO YOBILO";"I MUNICIPALIDAD DE CORONEL";"69.151.200-2";"SECRETARIA COMUNAL DE PLANIFICACION";"BANNEN 70, CORONEL";"Coronel";"Región del Biobío";"LR";"Cerrada";"CONSERVACION INFRAESTRUCTURA LICEO YOBILO-CORONEL";2025-03-07T16:43:00;2025-04-10T15:00:00;2025-05-30T19:00:00;;"CLP";0;0
2760-31-LR25;"CONSERVACION INFRAESTRUCTURA ESC. FRANCIA";"I MUNICIPALIDAD DE CORONEL";"69.151.200-2";"SECRETARIA COMUNAL DE PLANIFICACION";"BANNEN 70, CORONEL";"Coronel";"Región del Biobío";"LR";"Cerrada";"CONSERVACION INFRAESTRUCTURA ESC. REPUBLICA DE FRANCIA-CORONEL";2025-03-07T16:23:00;2025-04-10T15:00:00;2025-05-30T19:00:00;;"CLP";0;0
1149-10-O125;"CONSERVACIÓN CON REFUERZO DE RIBERA ESTERO EL BAÑO";"MINISTERIO DE OBRAS PUBLICAS DIREC CION GRAL DE OO PP DCYF";"61.202.000-0";"Dirección de Obras Hidráulicas  - XI Región";"Riquelme 465 Block B piso 3";"Coyhaique";"Región Aysén del General Carlos Ibáñez del Campo";"O1";"Cerrada";"CONSERVACIÓN CON REFUERZO Y CARGA DE RIBERA ESTERO EL BAÑO, COMUNA DE CHILE CHICO";2025-03-26T12:36:52.567;2025-04-10T15:00:00;2025-04-30T16:00:00;;"CLP";0;0
761391-63-LE25;"DE-34-GUB-DIPLOMADO EN BIG DATA Y CIENCIA DE DATOS";"FUERZA AEREA DE CHILE COMANDO LOGISTICO";"61.103.032-0";"Base Aérea El Bosque";"Gran Av. José Miguel Carrera Nº 10.525 Par. 32 1/2, El Bosque, Región Metropolitana de Santiago";"El Bosque";"Región Metropolitana de Santiago";"LE";"Cerrada";"DE-34-GUB-DIPLOMADO EN BIG DATA Y CIENCIA DE DATOS";2025-04-03T10:37:52.3;2025-04-10T15:00:00;2025-05-28T20:00:00;12500000;"CLP";0;0
3065-13-LE25;"SERVICIO DE CALIBRACIÓN EQUIPOS DE AVIACIÓN";"DIRECCION DE ABASTECIMIENTO DE LA ARMADA";"61.102.012-0";"COMANDANCIA AVIACION NAVAL";"Camino Internacional s/n";"Concón";"Región de Valparaíso";"LE";"Cerrada";"SERVICIO DE CALIBRACIÓN A 11 EQUIPOS DE AVIACIÓN,  LA CALIBRACIÓN DE LOS EQUIPOS DEBE INCORPORAR SU RESPECTIVO CERTIFICADO DE CALIBRACIÓN  CORRESPONDIENTE.";2025-03-31T10:46:36.55;2025-04-10T15:00:00;2025-05-26T16:00:00;8202.6;"USD";0;0
761391-55-LE25;"MAGÍSTER EN GESTIÓN DE PROYECTOS";"FUERZA AEREA DE CHILE COMANDO LOGISTICO";"61.103.032-0";"Base Aérea El Bosque";"Gran Av. José Miguel Carrera Nº 10.525 Par. 32 1/2, El Bosque, Región Metropolitana de Santiago";"El Bosque";"Región Metropolitana de Santiago";"LE";"Cerrada";"DE/07-02/GUB/LFM/MAGÍSTER EN GESTIÓN DE PROYECTOS";2025-04-03T10:55:55.41;2025-04-10T15:00:00;2025-04-15T20:00:00;10000000;"CLP";0;0
1947-73-LE25;"221-ADQUISICIÓN DE GUANTES QUIRÚRGICOS SIN LÁTEX PARA EL HOSPITAL DE NIÑOS DR. ROBERTO DEL RÍO CAF";"SERVICIO DE SALUD NORTE HOSPITAL ROBERTO DEL RIO";"61.608.004-0";"Abastecimiento";"Avda. Profesor Zañartu 1085 Independencia";"Independencia";"Región Metropolitana de Santiago";"LE";"Cerrada";"ADQUISICIÓN DE GUANTES QUIRÚRGICOS SIN LÁTEX PARA EL HOSPITAL DE NIÑOS DR. ROBERTO DEL RÍO.";2025-03-31T17:24:47.21;2025-04-10T15:00:00;2025-05-12T18:00:00;65000000;"CLP";0;0
4488-3-LE25;"OXIGENO MEDICINAL";"I MUNICIPALIDAD DE NEGRETE";"69.170.800-4";"Departamento De Salud";"Ignacio Carrera Pinto S/N";"Negrete";"Región del Biobío";"LE";"Cerrada";"A)	Que existe la necesidad de contratar el servicio de “ADQUISICIÓN, POR SERVICIO DE ARRIENDO DE CILINDROS, SUMINISTRO Y RECARGAS DE OXÍGENO MEDICINAL PARA CESFAM YANEQUÉN NEGRETE”.";2025-04-01T16:00:02.983;2025-04-10T15:00:00;2025-04-21T16:49:00;15000000;"CLP";0;0
2409-26-L125;"SERVICIO DE CAPACITACION PARA DOCENTES Y ASISTENTES DE AULA ESCUELA D-928";"I MUNICIPALIDAD DE LOS ANGELES";"69.170.101-8";"MUNICIPALIDAD DE LOS ANGELES - EDUCACION";"LAUTARO Nr.280 LOS ANGELES";"Santiago";"Región Metropolitana de Santiago";"L1";"Cerrada";"SERVICIO DE CAPACITACION PARA DOCENTES Y ASISTENTES DE AULA ESCUELA D-928,SEGÚN ESPECIFICACIONES TECNICAS";2025-04-02T10:28:00;2025-04-10T15:00:00;2025-05-10T18:40:00;6100000;"CLP";0;0
635-33-LE25;"ESTUDIO DE MECÁNICA DE SUELOS CESFAM EUGENIO PETRUCCELLI ASTUDILLO COMUNA ARICA OT 530";"SERVICIO DE SALUD DE ARICA Y PARINACOTA";"61.606.000-7";"SERVICIO DE SALUD DE ARICA";"Salón Contraloria Regional, Cristóbal Colón 950";"Arica";"Región de Arica y Parinacota";"LE";"Cerrada";"ESTUDIO DE MECÁNICA DE SUELOS CESFAM EUGENIO PETRUCCELLI ASTUDILLO, COMUNA ARICA, OT 530";2025-03-31T13:43:00;2025-04-10T15:00:00;2025-05-05T19:30:00;;"CLP";0;0
3638-17-LE25;"Adquisición de Sal Para Deshielo de Calles";"I.MUNICIPALIDAD DE PORVENIR";"69.250.300-7";"Administracion y Finanzas Municipal";"Padre Mario Zavattaro N°434, Porvenir";"Porvenir";"Región de Magallanes y de la Antártica";"LE";"Cerrada";"Adquisición de Sal Para Deshielo";2025-03-31T17:17:22.88;2025-04-10T15:00:00;2025-04-14T17:00:00;18000000;"CLP";0;0
1092-3-LE25;"SERVICIOS PROFESIONALES DE ESTENSIÒN FORESTAL";"CORP NACIONAL FORESTAL";"61.313.000-4";"XI Región - Oficina Regional de Aysén";"Ignacio serrano 409";"Coyhaique";"Región Aysén del General Carlos Ibáñez del Campo";"LE";"Cerrada";"El programa Siembra por Chile requiere contratar servicios profesionales de Ingenierosas Forestales. La finalidad de la licitación es contratar los servicios profesionales de un Ingenieroa Forestal que logre asumir funciones de Extensionista Forestal y apoyo en la ejecución y supervisión de las actividades del Programa Siembra por Chile 2025.";2025-04-01T15:04:54.383;2025-04-10T15:00:00;2025-04-16T17:43:00;31000000;"CLP";0;0
1947-55-LE25;"CONTRATACIÓN DEL SERVICIO DE PERSONAL TECNICO Y PROFESIONAL PARA LA REALIZACION DE PROCEDIMIENTOS ASOCIADOS A ESPECIALIDADES FUERA DE HORARIO HABIL Y DE URGENCIA PARA EL HOSPITAL DE NIÑOS DR. ROBERTO DEL RÍO";"SERVICIO DE SALUD NORTE HOSPITAL ROBERTO DEL RIO";"61.608.004-0";"Abastecimiento";"Avda. Profesor Zañartu 1085 Independencia";"Independencia";"Región Metropolitana de Santiago";"LE";"Cerrada";"CONTRATACIÓN DEL SERVICIO DE PERSONAL TECNICO Y PROFESIONAL PARA LA REALIZACION DE PROCEDIMIENTOS ASOCIADOS A ESPECIALIDADES, FUERA DE HORARIO HABIL Y DE URGENCIA PARA EL HOSPITAL DE NIÑOS DR. ROBERTO DEL RÍO";2025-03-31T13:59:38.353;2025-04-10T15:00:00;2025-05-12T18:00:00;;"CLP";0;0
2686-51-LE25;"ADQ. DE EQUIPAMIENTO INFORMATICO";"I MUNICIPALIDAD DE COLINA";"69.071.500-7";"SECPLAN";"AVENIDA COLINA Nº. 700.";"Colina";"Región Metropolitana de Santiago";"LE";"Cerrada";"ADQ. DE EQUIPAMIENTO INFORMATICO PARA 02 MODULOS COMUNITARIOS PARA LA COMUNA DE COLINA";2025-03-31T16:50:00;2025-04-10T15:00:00;2025-05-12T20:00:00;;"CLP";0;0
703036-2-LE25;"SOFTWARE WEB PARA GESTION DOCUMENTAL CANELA";"I MUNICIPALIDAD DE CANELA";"69.041.300-0";"SECRETARIA COMUNAL DE PLANIFICACION";"CANELA BAJA";"Canela";"Región de Coquimbo";"LE";"Cerrada";"SE CONSULTA LA ADQUISICIÓN E IMPLEMENTACIÓN SOFTWARE WEB PARA GESTIÓN DOCUMENTAL PARA LA COMUNA DE CANELA SEGÚN LAS BASES Y TÉRMINOS DE REFERENCIA";2025-03-28T21:25:00;2025-04-10T15:00:00;2025-04-25T19:56:00;38000000;"CLP";0;0
2686-50-LE25;"PROYECTO DE ESPECIALIDAD ESCENOTECNIA AUDITORIO";"I MUNICIPALIDAD DE COLINA";"69.071.500-7";"SECPLAN";"AVENIDA COLINA Nº. 700.";"Colina";"Región Metropolitana de Santiago";"LE";"Cerrada";"PROYECTO DE ESPECIALIDAD ESCENOTECNIA AUDITORIO PARQUE MUNICIPAL, COMUNA DE COLINA";2025-03-31T13:37:26.597;2025-04-10T15:00:00;2025-05-12T20:00:00;;"CLP";0;0
2950-11-LE25;"DIPLOMADO FORMACIÓN EN ARTES LIBERALES PARA LA ESCUELA NAVAL";"DIRECCION DE ABASTECIMIENTO DE LA ARMADA";"61.102.010-4";"ESCUELA NAVAL  ARTURO PRAT";"Francisco González de Hontaneda #11, Playa ancha";"Valparaíso";"Región de Valparaíso";"LE";"Cerrada";"EFECTUAR EL DIPLOMADO FORMACIÓN EN ARTES LIBERALES PARA LA ESCUELA NAVAL, SOLICITADO POR DEPTO. EDUCACIÓN FOLIO N°208.";2025-03-31T15:37:06.16;2025-04-10T15:00:00;2025-04-28T16:40:00;8500000;"CLP";0;0
799512-7-LE25;"ARRIENDO DE IMPRESORAS MULTIFUNCIONALES";"CORP MUNICIPAL DE VALPARAISO PARA EL DESARROLLO SOCIAL";"70.859.400-8";"Corporación";"ELEUTERIO RAMIREZ 455 // CON SALVADOR DONOSO";"Valparaíso";"Región de Valparaíso";"LE";"Cerrada";"El siguiente proceso licitatorio tiene por objeto proveer de 32 impresoras multifuncionales de inyección de tinta y matriz de punto, en calidad de arriendo para ser instaladas en las oficinas de la administración central de la Corporación Municipal de Valparaíso, ubicada en Eleuterio Ramírez 455, Valparaíso. Además, en dependencias del Cementerio N3 y centros de salud";2025-03-20T09:42:00;2025-04-10T15:00:00;2025-04-17T15:00:00;32000000;"CLP";0;0
4253-5-LP25;"CONSTRUCCIÓN SISTEMAS DE ILUMINACIÓN DIVERSOS SECTORES";"I MUNICIPALIDAD DE SAN FABIAN";"69.140.700-4";"Secplan";"21 de Mayo  312";"San Fabián";"Región del Ñuble";"LP";"Cerrada";"La Municipalidad de San Fabián requiere contratar para la ejecución de las obras civiles correspondiente a la “CONSTRUCCIÓN SISTEMAS DE ILUMINACIÓN DIVERSOS SECTORES COMUNA DE SAN FABIÁN”";2025-03-21T16:28:03.32;2025-04-10T15:00:00;2025-05-01T17:00:00;91391000;"CLP";0;0
1947-61-LE25;"810 CONTRATACIÓN DEL SERVICIO DE INTEGRIDAD DE FILTROS HEPA CERTIFICACIONES DE ÁREAS LIMPIAS MEDICIONES RENOVACIÓN HORAS ADICIONALES Y CERTIFICACIONES NO PROGRAMADAS DEL HOSPITAL DE NIÑOS DR. ROBERTO DEL RÍO [NDJ]";"SERVICIO DE SALUD NORTE HOSPITAL ROBERTO DEL RIO";"61.608.004-0";"Abastecimiento";"Av. Profesor Zañartu 1085";"Independencia";"Región Metropolitana de Santiago";"LE";"Cerrada";"El Hospital de Niños Dr. Roberto del Rio para dar cumplimiento a las funciones, requiere la CONTRATACIÓN DEL SERVICIO DE INTEGRIDAD DE FILTROS HEPA, CERTIFICACIONES DE ÁREAS LIMPIAS, MEDICIONES RENOVACIÓN HORAS ADICIONALES Y CERTIFICACIONES NO PROGRAMADAS, por un periodo de 24 meses.";2025-03-31T15:48:30.45;2025-04-10T15:00:00;2025-05-12T15:00:00;;"CLP";0;0
1058132-10-LR25;"Compra por Suministro de Medicamentos Inyectables";"SERVICIO DE SALUD DE TALCAHUANO HOSPITAL";"61.607.202-1";"Fármarcos";"Alto Horno 777 - Higueras";"Talcahuano";"Región del Biobío";"LR";"Cerrada";"Compra por Suministro de Medicamentos requeridos para tratamientos de pacientes atendidos en el Hospital Las Higueras de Talcahuano, de acuerdo a lo indicado por el profesional clínico.";2025-03-10T14:46:13.873;2025-04-10T15:00:00;2025-05-12T15:00:00;364000000;"CLP";0;0
4494-12-LE25;"ESTUDIO GEOTECNICO LOMAS DE PEUMO";"I MUNICIPALIDAD DE PENCO";"69.150.500-6";"Municipalidad";"O'Higgins # 500";"Penco";"Región del Biobío";"LE";"Cerrada";"La presente licitación tiene como objetivo general efectuar un estudio Geotécnico en el Sector Lomas de Peumo para buscar una posible solución a los vecinos del sector que fueron afectados por el temporal de lluvias del invierno 2024.Todo esto, de acuerdo a lo estipulado en las Bases Técnicas.";2025-03-31T18:22:50.477;2025-04-10T15:00:00;2025-05-12T15:00:00;53000000;"CLP";0;0
2770-22-LE25;"“CAMPAÑA DE RECICLAJE DE RESIDUOS DE APARATOS ELÉCTRICOS Y ELECTRÓNICOS RAEES COMUNA DE MAIPÚ”";"I MUNICIPALIDAD DE MAIPU";"69.070.900-7";"I MUNICIPALIDAD DE MAIPU";"AVDA. CINCO DE ABRIL  0260";"Maipú";"Región Metropolitana de Santiago";"LE";"Cerrada";"La presente licitación tiene por finalidad contratar un servicio de recepción, transporte y valorización de residuos de aparatos eléctricos y electrónicos recolectados en 6 campañas de reciclaje. Todo lo anterior en virtud de lo dispuesto en las presentes Bases Administrativas, las Bases Técnicas y todos sus anexos.";2025-03-31T15:54:22.497;2025-04-10T15:00:00;2025-08-08T16:00:00;40000000;"CLP";0;0
1611-4-LP25;"Servicio de Seguridad y Vigilancia SERNAC";"Servicio Nacional del Consumidor - SERNAC";"60.702.000-0";"Servicio Nacional del Consumidor";"Teatinos 50 piso 6";"Santiago Centro";"Región Metropolitana de Santiago";"LP";"Cerrada";"Servicio de vigilancia y seguridad para los edificios del SERNAC ubicados en Teatinos 50 y Agustinas 1336, en la comuna de Santiago, por el periodo de 24 meses.";2025-03-21T10:16:55;2025-04-10T15:00:00;2025-05-01T23:59:00;;"CLP";0;0
1057387-9-LE25;"SISTEMA DE CLIMATIZACION Y VENTILACIÓN";"SERVICIO SALUD ARAUCANIA HOSPITAL DE COLLIPULLI";"61.602.223-7";"SERVICIO SALUD ARAUCANIA HOSPITAL DE COLLIPULLI";"Manuel Rodriguez 1671";"Collipulli";"Región de la Araucanía";"LE";"Cerrada";"SERVICIO DE MANTENIMIENTO PREVENTIVO Y CORRECTIVO DEL SISTEMA DE CLIMATIZACION Y VENTILACIÓN DEL HOSPITAL SAN AGUSTÍN DE COLLIPULLI";2025-03-31T14:20:00;2025-04-10T15:00:00;2025-04-21T14:00:00;;"CLP";0;0
4367-5-LE25;"MANTENIMIENTO PREVENTIVO PARA EQUIPOS CLINICOS";"ILUSTRE MUNICIPALIDAD DE QUILLON";"61.972.800-9";"Salud Municipal";"José Miguel Carrera #820";"Quillón";"Región del Ñuble";"LE";"Cerrada";"La necesidad de disponer de un suministro de mantenimiento preventivo anual para equipos críticos clínicos, como desfibriladores, equipos electrocardiógrafos, ecógrafos, DEAS, detectores de latidos, multiparámetros y refrigeradores los cuales se encuentran en los diferentes establecimientos dependientes del departamento de salud municipal de Quillón, que contemple dos mantenciones semestrales durante el periodo del año 2025.";2025-03-31T18:09:29.993;2025-04-10T15:00:00;2025-04-30T18:00:00;;"CLP";0;0
1096-3-LE25;"ADQUISICIÓN DE MATERIALES PARA CERCO TIPO AGRÍCOLA";"MINISTERIO DE OBRAS PUBLICAS DIREC CION GRAL DE OO PP DCYF";"61.202.000-0";"Dirección de Aeropuertos - XII Región";"Croacia N° 722 - piso 7°";"Punta Arenas";"Región de Magallanes y de la Antártica";"LE";"Cerrada";"La Dirección de Aeropuertos del Ministerio de Obras Públicas, en el marco de la obra por Administración Directa denominada “Conservación Menor Red Aeroportuaria Región de Magallanes y de la Antártica Chilena, año 2025”, requiere la adquisición de materiales para cerco tipo agrícola, relacionados con la ejecución de los trabajos de la Administración Directa.";2025-04-04T09:27:17.643;2025-04-10T15:00:00;2025-04-14T12:00:00;27000000;"CLP";0;0
4168-35-LE25;"CONCESIÓN MANTENCIÓN DE ÁREAS VERDES EN VALLES DE COLBÚN";"ILUSTRE MUNICIPALIDAD DE COLBUN";"69.130.500-7";"Municipalidad";"";"";"Región del Maule";"LE";"Cerrada";"La Ilustre Municipalidad de Colbún, en adelante la “Municipalidad”, como Mandante y Unidad Técnica, llama a propuesta pública para ejecutar la licitación correspondiente a la “CONCESIÓN MANTENCIÓN DE ÁREAS VERDES EN VALLES DE COLBÚN”, de acuerdo a las Bases Administrativas y otros antecedentes de licitación.";2025-04-01T17:40:51.91;2025-04-10T15:00:00;2025-05-30T17:33:00;;"CLP";0;0
2693-7-LR25;"PROYECTO FNDR AÑO 2023 DENOMINADO “MEJORAMIENTO PAVIMENTACIÓN AVENIDA JORGE MATTE” COMUNA DE ALGARROBO";"I MUNICIPALIDAD DE ALGARROBO";"69.061.600-9";"MUNICIPALIDAD DE ALGARROBO - SECPLA";"AVENIDA PEÑABLANCA	250";"Algarrobo";"Región de Valparaíso";"LR";"Cerrada";"PROYECTO FNDR AÑO 2023 DENOMINADO “MEJORAMIENTO PAVIMENTACIÓN AVENIDA JORGE MATTE”, COMUNA DE ALGARROBO";2025-03-06T16:14:14.547;2025-04-10T15:00:00;2025-05-09T17:30:00;;"CLP";0;0
1057544-60-LR25;"Servicio de Transporte con Vehículo tipo Van Sedan y Camioneta incluyendo conductores";"SERVICIO DE SALUD DE TALCAHUANO HOSPITAL";"61.607.202-1";"Bienes y Servicios";"";"";"Región del Biobío";"LR";"Cerrada";"Contratación del Servicio de Transporte con Vehículo tipo Van, Sedan y Camioneta incluyendo conductores para el Área de Recursos Físicos del Hospital Las Higueras de Talcahuano";2025-03-10T14:47:39.973;2025-04-10T15:00:00;2025-05-12T17:00:00;480000000;"CLP";0;0
1562-17-LQ25;"SERVICIO DE ANÁLISIS QUÍMICO DE HASTA 1.500 MUESTR";"SERVICIO NACIONAL DE GEOLOGIA Y MINERIA";"61.702.000-9";"Servicio Nacional de Geología y Minería";"Avda. Santa María Nº 0180";"Providencia";"Región Metropolitana de Santiago";"LQ";"Cerrada";"El Servicio Nacional de Geología y Minería, mediante el Expediente N° 1.000, de fecha 29 de enero de 2025, que identifica la Solicitud de Adquisición N° 992025, requiere la contratación del suministro del servicio de análisis químico de hasta 1.500 muestras de sedimento pulverizado, para realizarse durante los años 2025 y 2026. A modo de referencia se espera contar, en cada periodo, con hasta 750 muestras anuales para ser analizadas. Proyectos: i Hoja Antofagasta, Región de Antofagasta  ii Hoja Quillagua, Regiones de Antofagasta y de Tarapacá  iii Hoja Visviri, Región de Arica y Parinacota  iv Hoja Pisiga, Región de Tarapacá  v Hoja Collacagua, Región de Tarapacá, vi Mapa geoquímico integrado del Bloque Norte, Regiones de Arica y Parinacota y de Tarapacá, vii otros proyectos.";2025-03-19T17:09:00;2025-04-10T15:00:00;2025-04-23T18:00:00;150000000;"CLP";0;0
4610-17-LE25;"Consultoría Estudio Elaboración PACC Chile Chico";"I MUNICIPALIDAD DE CHILE CHICO";"69.240.400-9";"Secplac";"BERNARDO O´HIGGINS Nº   333";"Chile Chico";"Región Aysén del General Carlos Ibáñez del Campo";"LE";"Cerrada";"Se requiere licitar la contratación de la consultoría para el estudio de “Elaboración del Plan de Acción Comunal del Cambio Climático, Comuna de Chile Chico”. Con el fin de dar cumplimiento a las obligaciones que adquiere la Municipalidad de Chile Chico con respecto a la Ley Marco de Cambio Climático Ley N° 21.455, respecto a la elaboración del Plan de Acción comunal de Cambio Climático PACCC.";2025-03-31T11:31:49.26;2025-04-10T15:00:00;2025-04-16T10:00:00;12000000;"CLP";0;0
1098710-11-LE25;"CONVOCATORIA FACILITACIÓN Y REGISTRO DE DIÁLOGOS";"SUBSECRETARIA DE CIENCIA, TECNOLOGIA, CONOCIMIENTO E INNOVACION";"62.000.740-4";"SUBSECRETARIA DE CIENCIA, TECNOLOGIA, CONOCIMIENTO E INNOVACION";"Morandé 226";"Santiago";"Región Metropolitana de Santiago";"LE";"Cerrada";"SERVICIO DE CONVOCATORIA, FACILITACIÓN Y REGISTRO DE DIÁLOGOS PARTICIPATIVOS";2025-03-31T11:09:22.367;2025-04-10T15:00:00;2025-04-25T18:00:00;15000000;"CLP";0;0
3143-9-LP25;"MEJORAMIENTO DE REDES INFORMÁTICAS INTERNET Y TEL";"I MUNICIPALIDAD DE LAGO RANCO";"69.201.100-7";"Departamento de Secplan";"Viña del  Mar  345";"Lago Ranco";"Región de Los Ríos";"LP";"Cerrada";"MEJORAMIENTO DE REDES INFORMÁTICAS, SERVICIO DE INTERNET Y TELEFONÍA IP PARA LA MUNICIPALIDAD DE LAGO RANCO";2025-03-21T15:59:05.723;2025-04-10T15:05:00;2025-05-12T15:06:00;205000000;"CLP";0;0
1298357-5-LE25;"HABILITACIÓN LABORATORIO CREATIVO CENTRO CULTURAL";"CORPORACION CULTURAL MUNICIPAL DE LA COMUNA DE CHILLAN";"65.077.305-5";"CORPORACION CULTURAL MUNICIPAL DE LA COMUNA DE CHILLAN";"Herminda Martin #579";"Chillán";"Región del Ñuble";"LE";"Cerrada";"La Corporación Cultural Municipal de Chillán, en adelante “LA CORPORACIÓN”, mediante las presentes bases llama a licitación pública para “HABILITACIÓN DEL LABORATORIO CREATIVO DEL CENTRO CULTURAL MUNICIPAL DE CHILLÁN”. Se requiere la adquisición de mobiliario, debido a que el espacio carece del equipamiento adecuado para las actividades de artes visuales, limitando su funcionalidad y afectando la experiencia de los usuarios. El nuevo mobiliario está diseñado para mejorar la organización, seguridad y accesibilidad del espacio, incorporando estructuras resistentes y materiales sostenibles. Esta inversión permitirá fortalecer la programación interdisciplinaria y fomentar la participación de niños y niñas en actividades artísticas, como talleres, escuela de invierno, programa formativo en artesanía de Ñuble y programa experimenta. El financiamiento de esta adquisición será mediante el proyecto “Habitación del laboratorio creativo del Centro Cultural Municipal de Chillán” Folio N°771325, línea de financiamiento: Fondart Nacional  Infraestructura Cultural  Única.";2025-04-01T08:24:59.553;2025-04-10T15:05:00;2025-04-11T15:30:00;;"CLP";0;0
769-40-LE25;"INTERPRETACION INFORMES RADIOLOG. TELEMED. PP-16";"SERVICIO DE SALUD ANTOFAGASTA DIRECCION";"61.606.200-k";"SERVICIO DE SALUD ANTOFAGASTA DIRECCION";"Bolivar 523, Antofagasta";"Antofagasta";"Región de Antofagasta";"LE";"Cerrada";"Realizar un convenio de suministro, renovable, para contratar servicios de interpretación e informes de exámenes médicos radiológicos a través de modalidad de telemedicina para SAR de la región de Antofagasta.";2025-04-01T08:56:52.22;2025-04-10T15:05:00;2025-04-30T10:05:00;;"CLP";0;0
2153-7-LE25;"SERVICIO DE LIMPIEZA DE ALCANTARILLADO Y FOSAS";"Hospital Sanatorio San José de Maipo";"61.608.503-4";"Hospital Sanatorio San José de Maipo";"Camino al Sanatorio S/N";"San José de Maipo";"Región Metropolitana de Santiago";"LE";"Cerrada";"La presente licitación tiene como objetivo la contratación de la oferta más conveniente para el servicio de “limpieza de alcantarillado y fosas sépticas”,";2025-03-26T12:59:00;2025-04-10T15:04:00;2025-05-12T15:06:00;;"CLP";0;0
3952-12-L125;"CAMBIO DE CANALETAS COLEGIO MANUEL RODRÍGUEZ, PERALILLO";"I MUNICIPALIDAD DE PERALILLO";"69.091.500-6";"Departamento De Educacion";"AVENIDA ERRAZURIS 251, PERALILLO";"Peralillo";"Región del Libertador General Bernardo O´Higgins";"L1";"Cerrada";"Considera el recambio de 40 metros lineales de canaletas y cambio de tornillos a planchas de PV4 en las zonas indicadas en planos.";2025-04-02T12:58:57.753;2025-04-10T15:05:00;2025-04-25T22:00:00;5500000;"CLP";0;0
2914-19-L125;"INSUMOS CES SOL 120";"ILUSTRE MUNICIPALIDAD DE DIEGO DE ALMAGRO";"69.250.500-k";"Salud";"Juan Martínez de Rosa 1403, I. MUNICIPALIDAD DE DIEGO DE ALMAGRO";"Diego De Almagro";"Región de Atacama";"L1";"Cerrada";"ADQUIRIR KIT DE CAJAS DE CURACIÓN Y DE SUTURA DESECHABLES PARA ESTABLECIMIENTO DE SALUD MUNICIPAL";2025-04-04T14:23:23.203;2025-04-10T15:52:00;2025-04-30T15:53:00;6722689;"CLP";0;0
3791-5-LP25;"Construcción Paradores Turísticos Acceso Norte Cisnes y Mirador Rio Palena Cisnes";"I MUNICIPALIDAD DE CISNES";"69.240.200-6";"Finanzas";"Rafael Soto Mayor 191";"Aysén";"Región Aysén del General Carlos Ibáñez del Campo";"LP";"Cerrada";"El proyecto considera la obra de proyecto de paradores y tótems informativos que se encuentra ubicado en dos puntos a largo de la Ruta 7. La ubicación de cada punto se define a través de tres variables: 1) El área de parada. 2) Si la vegetación existente permite visualizar el paisaje. 3) El atractivo natural a potenciar, sea volcán, montaña, cuer-po de agua u otro.  Los puntos priorizados son los siguientes: - Acceso Norte Cisnes. - Mirador Río Palena La obras a ejecutar son las enunciadas en las EETT y planos que se adjuntan.";2025-02-10T18:25:00;2025-04-10T15:30:00;2025-05-31T18:00:00;127328922;"CLP";0;0
634-55-LE25;"Ex 60 Insumos y medicamentos veterinarios";"DIRECCION GENERAL DE GENDARMERIA DE CHIL";"61.004.000-4";"Dirección Nacional";"COMPAÑÍA Nº1048- piso 10";"Santiago";"Región Metropolitana de Santiago";"LE";"Cerrada";"Adquisición de Insumos y Medicamentos veterinarios para ejemplares caninos E1O2RT9";2025-03-31T22:23:29.47;2025-04-10T15:30:00;2025-05-20T18:00:00;;"CLP";0;0
2724-20-LE25;"ADQUISICIÓN MATERIALES PARA REPARACION DE PUENTES";"ILUSTRE MUNICIPALIDAD DE SAN CARLOS";"69.140.500-1";"COMPRAS Y CONTRATACIONES MUNICIPALES";"Vicuña Mackenna 436, CUARTO PISO FINANZAS";"San Carlos";"Región del Ñuble";"LE";"Cerrada";"La Municipalidad de San Carlos, tiene la necesidad de llamar a licitación Pública, la adquisición de un pack de materiales, los que serán destinados a la reparación de puentes en sectores urbano y rural de la comuna de San Carlos. Sector Ribera de Ñuble, sector Arboleda y Buli Estación, segun los terminos de las bases administrativas especiales y anexos adjuntos.";2025-03-31T16:47:42.26;2025-04-10T15:50:00;2025-04-30T18:51:00;7586740;"CLP";0;0
548874-30-LP25;"HERRAMIENTA DE GESTION DE CONTENEDORES";"INSTITUTO DE PREVISION SOCIAL";"61.979.440-0";"IPS Oficina Central de Compras";"Santo Domingo N° 1285, piso 1";"Santiago";"Región Metropolitana de Santiago";"LP";"Cerrada";"E102RT9-SERVICIO DE SUSCRIPCION DE LICENCIAMIENTO Y SOPORTE EXTENDIDO PARA LA HERRAMIENTA DE GESTION DE CONTENEDORES: VMWARE TANZU FOR  KUBERNETES OPERATIONS O EQUIVALENTE TECNICO";2025-03-17T15:19:18.06;2025-04-10T15:30:00;2025-05-19T17:00:00;130000.01;"USD";0;0
2743-10-LQ25;"mejoramiento sala cuna y jardin infantil municipal gabriela mistral comuna de angol";"I MUNICIPALIDAD DE ANGOL";"69.180.100-4";"SECPLA";"Pedro Aguirre Cerda Nº 509";"Angol";"Región de la Araucanía";"LQ";"Cerrada";"mejoramiento jardin infantil";2025-03-21T11:14:25.07;2025-04-10T15:32:00;2025-04-24T15:33:00;;"CLP";0;0
4189-3-LE25;"PÓLIZAS DE SEGUROS PARA VEHICULOS MUNICIPALES";"I MUNICIPALIDAD DE LEBU";"69.160.300-8";"Administración y Finanzas";"Andres Bello  233";"Lebu";"Región del Biobío";"LE";"Cerrada";"LA MUNICIPALIDAD DE LEBU A TRAVÉS LA DIRECCIÓN DE SERVICIOS GENERALES REQUIERE CONTRATAR PÓLIZAS DE SEGUROS PARA VEHICULOS MUNICIPALES POR 12 MESES, DE ACUERDO A LO INDICADO EN LAS BASES ADMINISTRATIVAS Y TÉCNICAS.";2025-03-27T09:23:00;2025-04-10T15:40:00;2025-04-25T16:41:00;1250;"CLF";0;0
1736-22-LE25;"Selladoras de papel Bilaminado";"I MUNICIPALIDAD DE LA COMUNA DE EL BOSQUE";"69.255.300-4";"I MUNICIPALIDAD DE LA COMUNA DE EL BOSQUE";"JAVIERA CARRERA 736";"El Bosque";"Región Metropolitana de Santiago";"LE";"Cerrada";"Adquirir 05 selladoras de papel bilaminado, para el funcionamiento de las distintas unidades de esterilización de la comuna de los centros de salud de la comuna de El bosque.";2025-03-31T16:29:11.977;2025-04-10T15:30:00;2025-05-30T16:30:00;;"CLP";0;0
2735-40-LR25;"UNIFORMES CLÍNICOS Y OTROS LO BARNECHEA";"I MUNICIPALIDAD LO BARNECHEA";"69.255.200-8";"Municipalidad de lo Barnechea - Adquisiciones - Consistorial";"El Rodeo N° 12.777";"Lo Barnechea";"Región Metropolitana de Santiago";"LR";"Cerrada";"Contratación de la confección y suministro de Uniforme Clínico y Otros para Funcionarios del área de la salud de la Municipalidad de Lo Barnechea para los años 2025, 2026, 2027 y 2028.";2025-03-10T18:20:07.38;2025-04-10T15:30:00;2025-07-10T23:59:00;;"CLP";0;0
548874-33-LE25;"MEJORAS SISTEMA CLIMATIZACION CAPRI IPS COPIAPO";"INSTITUTO DE PREVISION SOCIAL";"61.979.440-0";"IPS Oficina Central de Compras";"Santo Domingo N° 1285, piso 1";"Santiago";"Región de Atacama";"LE";"Cerrada";"E102RT9 - MEJORAS SISTEMA CLIMATIZACION CAPRI IPS COPIAPO";2025-03-27T10:22:44.407;2025-04-10T15:30:00;2025-05-12T17:00:00;44013578;"CLP";0;0
5184-48-LP25;"SERVICIOS MÉDICOS PARA 2DA RESIDENCIA PARA ÁREA PE";"SERVICIO DE SALUD DEL MAULE HOSPITAL DE LINARES";"61.606.917-9";"CONTRATOS-SUMINISTRO";"";"";"Región del Maule";"LP";"Cerrada";"SERVICIOS MÉDICOS PARA 2DA RESIDENCIA PARA ÁREA PEDIÁTRICA DEL C.R. EMERGENCIA, SEGÚN REQUERIMIENTO DE MÉDICO JEFE (S) C.R. EMERGENCIA EN MEMO N°45 DEL 27/02/25";2025-03-21T15:57:38.41;2025-04-10T15:30:00;2025-05-23T17:00:00;144000000;"CLP";0;0
1126920-20-LE25;"ADQUISICIÓN DE CHROMEBOOKS E1O2RT9";"SERVICIO LOCAL DE EDUCACION PUBLICA DE COLCHAGUA";"62.000.790-0";"UNIDAD DE ADQUISICIONES";"Casa Central SLEP - Chillán N°894, San Fernando";"San Fernando";"Región del Libertador General Bernardo O´Higgins";"LE";"Cerrada";"ADQUISICIÓN DE EQUIPOS COMPUTACIONALES CHROMEBOOKS PARA LOS ESTABLECIMIENTOS EDUCACIONALES DEL SERVICIO LOCAL DE EDUCACIÓN PÚBLICA DE COLCHAGUA E1O2RT9";2025-03-31T11:37:54.67;2025-04-10T15:30:00;2025-05-06T20:00:00;;"CLP";0;0
4559-28-LE25;"CONVENIO NEUMÁTICOS";"I MUNICIPALIDAD DE LOS ALAMOS DEPTO COMUNAL";"69.160.402-0";"Depto. Salud";"Pedro Eyheramendy 835";"Los Alamos";"Región del Biobío";"LE";"Cerrada";"SUSCRIBIR CONVENIO DE NEUMÁTICOS Y SERVICIOS DE INSTALACIÓN , PARA LOS VEHÍCULOS PERTENECIENTES AL SISTEMA DE SALUD COMUNAL DE LOS ÁLAMOS .";2025-04-03T15:41:38.3;2025-04-10T15:30:00;2025-04-21T15:00:00;;"CLP";0;0
1075337-7-LR25;"Sum. Insumos Cirugía Generales e Infantil H. Angol";"SERVICIO DE SALUD ARAUCANIA NORTE HOSPITAL DE ANGOL";"61.602.222-9";"Bienes y Servicio";"GENERAL BONILLA #695";"Angol";"Región de la Araucanía";"LR";"Cerrada";"El objetivo de la presente licitación es la contratación del suministro insumos clínicos para la unidad de cirugía general e infantil del Hospital Dr. Mauricio Heyermann Torres de Angol.";2025-03-11T09:04:00;2025-04-10T15:30:00;2025-04-25T18:47:00;;"CLP";0;0
3439-10-LE25;"PRODUCTOS DIGESTIVOS OFTALMOLÓGICOS Y OTROS DE USO VETERINARIO";"DIRECCION DE LOGISTICA DE CARABINEROS";"61.938.500-4";"Depto.Fomento Equino L4";"Teatinos 20, oficina 67, Santiago";"Santiago";"Región Metropolitana de Santiago";"LE";"Cerrada";"Contar con fármacos que permitan efectuar tratamientos médicos en canes y caballares institucionales.";2025-03-24T17:35:00;2025-04-10T15:30:00;2025-04-25T18:00:00;;"CLP";0;0
4284-53-LE25;"Convenio de suministro artículos eléctricos red de datos y otros para Municipalidad de Cunco";"I MUNICIPALIDAD DE CUNCO";"69.191.000-8";"Municipalidad de Cunco";"Pedro Aguirre Cerda Nº 600";"Cunco";"Región de la Araucanía";"LE";"Cerrada";"Convenio de suministro artículos eléctricos, red de datos y otros para Municipalidad de Cunco, según bases adjuntas numeral 1.2 detalle de bien a licitar";2025-03-31T13:53:40.64;2025-04-10T15:31:00;2025-04-18T15:32:00;35000000;"CLP";0;0
5702-6-LP25;"SERVICIO DE MANTENCION R.C.I. UNIDADES PENALES";"DIRECCION GENERAL DE GENDARMERIA DE CHIL";"61.979.020-0";"Región de Arica y Parinacota";"Rafael Sotomayor Nº798";"Arica";"Región de Arica y Parinacota";"LP";"Cerrada";"SERVICIO DE MANTENCION PREVENTIVA Y CORRECTIVA DE REDES CONTRA INCENDIO, UNIDADES PENALES DE LA REGION DE ARICA Y PARINACOTA";2025-03-20T18:06:49.907;2025-04-10T15:30:00;2025-05-26T18:00:00;;"CLP";0;0
2446-56-LQ25;"REPOSICIÓN CUARTEL CUARTEL 1RA CIA BOMBEROS";"I MUNICIPALIDAD DE COQUIMBO";"69.040.300-5";"IMUNI_COQUIMBO";"BILBAO 348";"Coquimbo";"Región de Coquimbo";"LQ";"Cerrada";"Se requiere para la presente la adquisición del equipamiento y equipos necesarios para el funcionamiento del recinto. Es por esto que es necesaria la ejecución del proyecto “REPOSICIÓN CUARTEL 1° COMPAÑÍA BOMBEROS, SINDEMPART, COQUIMBO – ADQUISICIÓN DE EQUIPOS Y EQUIPAMIENTO” CÓDIGO BIP 30484211-0, el cual contempla la adquisición de equipos de “electrónica y línea blanca”, “equipos mantenimiento y aseo”, “computación”, “equipo especifico bomberil” y equipamiento como “EPP bomberil”, “equipamiento hogar” y “oficina – multipropósito”, productos que se licitan por líneas de acuerdo a las presentes bases.";2025-03-19T14:49:02.38;2025-04-10T15:30:00;2025-05-12T17:30:00;187491000;"CLP";0;0
5240-34-LQ25;"SERVICIO DE HOSTING HOUSING Y SERVICIOS DATACENTER";"DIRECCION DE LOGISTICA DE CARABINEROS";"61.938.500-4";"Direccion de Compras Publicas de Carabineros";"Av. Lib. Bernardo OHiggins N° 1449,torre 7,PISO 11";"Santiago Centro";"Región Metropolitana de Santiago";"LQ";"Cerrada";"MATERIALIZAR LA CONTRATACION DE UN SERVICIO DE HOSTING, HOUSING Y SERVICIOS COMPLEMENTARIOS DE DATA CENTER PARA ERP SAP DE CARABINEROS DE CHILE.";2025-03-21T16:26:38.56;2025-04-10T15:30:00;2025-04-30T20:00:00;272252208;"CLP";0;0
5240-23-LQ25;"ADQUISICIÓN DE GORRA UNIFORME P.N.I. MASCULINA";"DIRECCION DE LOGISTICA DE CARABINEROS";"61.938.500-4";"Direccion de Compras Publicas de Carabineros";"Av. Lib. Bernardo OHiggins N° 1449,torre 7,PISO 11";"Santiago Centro";"Región Metropolitana de Santiago";"LQ";"Cerrada";"MATERIALIZAR LA ADQUISICIÓN DE GORRA UNIFORME P.N.I. MASCULINA PARA CARABINEROS DE CHILE";2025-02-24T16:00:36.713;2025-04-10T15:30:00;2025-05-26T20:00:00;144711303;"CLP";0;0
3240-9-LE25;"CONTRA ANGULOS PARA MICROMOTOR NEUMATICO USO ODONTOLOGICO";"DIRECCION DE ABASTECIMIENTO DE LA ARMADA";"65.453.620-1";"CENTRAL ODONTOLOGICA IA. ZONA NAVAL";"CALLE GENERAL DEL CANTO N° 464";"Valparaíso";"Región de Valparaíso";"LE";"Cerrada";"Que, existe la necesidad de adquirir contra ángulos para micromotor neumático uso odontológico para  la Central Odontológica de la Primera Zona Naval, por cuanto resulta esencial para la atención clínica   de los pacientes  y el correcto  funcionamiento de dicho establecimiento sanitario, según  lo especificado en las Bases y Anexos, de acuerdo a lo dispuesto en el código 4161-16-PC25 del Plan anual de Compras de la Central Odontológica de la Primera zona Naval para el año 2025";2025-03-31T12:46:44.033;2025-04-10T15:30:00;2025-04-18T18:00:00;7990000;"CLP";0;0
568658-5-LP25;"SERVICIOS DE CONFECCION DE PROTESIS REMOVIBLES";"CORPORACION MUNICIPAL VINA DEL MAR PARA EL DESARROLLO SOCIAL";"70.872.300-2";"CORPORACION MUNICIPAL VINA DEL MAR PARA EL DESARRO";"";"";"Región de Valparaíso";"LP";"Cerrada";"SERVICIOS DE CONFECCION DE PROTESIS REMOVIBLES ACRILICAS Y METALICAS, PARCIALES YO TOTALES PARA LOS CENTROS DE SALUD AÑO 2025 DE LA CORPORACIÓN MUNICIPAL VIÑA DEL MAR PARA EL DESARROLLO SOCIAL";2025-03-24T11:29:06.55;2025-04-10T15:31:00;2025-04-11T15:32:00;;"CLP";0;0
966539-12-LE25;"REPOSICION DE RAMPA DE SKATE PARQUE LOS VIENTOS MARCHIGUE";"I MUNICIPALIDAD DE MARCHIGUE";"69.091.300-3";"Secretaría Comunal de Planificación";"Libertad N°490";"Marchigue";"Región del Libertador General Bernardo O´Higgins";"LE";"Cerrada";"SE REQUIERE CONTRATAR LA EJECUCION DEL PROYECTO DENOMINADO  REPOSICION DE RAMPA DE SKATE PARQUE LOS VIENTOS, MARCHIGUE";2025-03-31T19:35:36.987;2025-04-10T15:30:00;2025-04-25T14:30:00;20480889;"CLP";0;0
1133353-11-LP25;"CONSTRUCCION SEDE CLUB DEPORTIVO RAUCO.";"I MUNICIPALIDAD DE RAUCO";"69.100.400-7";"SECPLAC";"Balmaceda 35";"Rauco";"Región del Maule";"LP";"Cerrada";"LA MUNICIPALIDAD DE RAUCO, REQUIERE CONTRATAR LA OBRA  CONSTRUCCIÓN SEDE CLUB DEPORTIVO RAUCO , SEGUN DOCUMENTACIÓN ADJUNTA.";2025-03-13T12:56:00;2025-04-10T15:30:00;2025-05-02T17:47:00;;"CLP";0;0
1057049-61-LR25;"JLL SERVICIOS DE TURNOS DE PERSONAL PARA GESTIÓN DEL CUIDADO DE MATRONERÍA";"SERV SALUD METROPOLITANO CENTRAL HOSPITAL CLINICO SAN BORJA ARRIARAN";"61.608.604-9";"Bienes y Servicios";"Santa Rosa 1234";"Santiago";"Región Metropolitana de Santiago";"LR";"Cerrada";"JLL APRUEBA BASES DE SERVICIOS DE TURNOS DE PERSONAL PARA GESTIÓN DEL CUIDADO DE MATRONERÍA DEL HOSPITAL CLÍNICO SAN BORJA ARRIARAN";2025-03-10T18:49:00;2025-04-10T15:30:00;2025-06-10T18:00:00;;"CLP";0;0
609-13-LE25;"E1O2RT9 CAPACITACIÓN A FUNCIONARIOS DE INDAP";"INSTITUTO DE DESARROLLO AGROPECUARIO";"61.307.000-1";"Instituto de Desarrollo Agropecuario - INDAP";"Agustinas #1465";"Santiago";"Región Metropolitana de Santiago";"LE";"Cerrada";"E1O2RT9 Se requiere de la contratación de un oferente del ramo que provea los servicios de curso en modalidad online, con clases sincrónicas-asincrónicas, orientadas a entregar criterios técnicos, legales y normativos relacionados a las energías renovables y la eficiencia energética en explotaciones productivas de la pequeña agricultura usuaria de INDAP, a funcionarios del servicio.";2025-03-27T12:24:21.533;2025-04-10T15:30:00;2025-04-24T18:00:00;;"CLP";0;0
3240-8-LE25;"KIT DE HIGIENE BUCO DENTAL";"DIRECCION DE ABASTECIMIENTO DE LA ARMADA";"65.453.620-1";"CENTRAL ODONTOLOGICA IA. ZONA NAVAL";"CALLE GENERAL DEL CANTO N° 464";"Valparaíso";"Región de Valparaíso";"LE";"Cerrada";"Que, existe la necesidad de adquirir dispositivos para kit de higiene buco dental  para  la Central Odontológica de la Primera Zona Naval, por cuanto resulta esencial para la atención clínica   de los pacientes  y el correcto  funcionamiento de dicho establecimiento sanitario, según  lo especificado en las Bases y Anexos";2025-03-31T12:46:17.58;2025-04-10T15:30:00;2025-04-18T18:00:00;16806723;"CLP";0;0
2713-43-LE25;"Adquisicion de Licencias de Softwaresolic.247";"I MUNICIPALIDAD DE AYSEN";"69.240.100-K";"I.MUNICIPALIDAD AYSEN-ADQUISICIONES";"Serrano Montaner 535";"Aysén";"Región Aysén del General Carlos Ibáñez del Campo";"LE";"Cerrada";"Que la Dirección de Administración y Finanzas, a través de la unidad de Informática de la Ilustre Municipalidad de Aysén, y mediante solicitud de adquisiciones folio N°247, requiere la adquisición de Licencias software, las que son necesarias para optimizar y fortalecer las capacidades técnicas de sus funcionarios en el desarrollo de sus funciones institucionales.";2025-03-31T15:45:14.187;2025-04-10T15:30:00;2025-04-30T18:48:00;;"CLP";0;0
2446-50-LP25;"CONSTRUCCION RESALTOS REDUCTORES DE VELOCIDAD";"I MUNICIPALIDAD DE COQUIMBO";"69.040.300-5";"IMUNI_COQUIMBO";"BILBAO 348";"Coquimbo";"Región de Coquimbo";"LP";"Cerrada";"SE REQUIERE LA CONSTRUCCION DE 36 RESALTOS REDUCTORES DE VELOCIDAD, EN VARIOS SECTORES DE LA COMUNA DE COQUIMBO, SE UTILIZARAN DOS DISEÑOS DE RESALTOS DE VELOCIDAD, TIPO REDONDEADO Y TIPO PLANO. SE DEBEN CONSTRUIR 29 RESALTOS DE VELICIDAD TIPO REDONDEADO Y 7 RESALTOS REDUCTORES DE VELOCIDAD TIPO PLANO.";2025-03-14T17:57:00;2025-04-10T15:30:00;2025-04-28T17:30:00;113830484;"CLP";0;0
1058085-58-H225;"CONVENIO DE SUMINISTRO LANREOTIDA ACETATO SOLUCIÓN INYECTABLE";"SERVICIO DE SALUD ORIENTE HOSPITAL DEL SALVADOR";"61.608.406-2";"Fármacos";"AV SALVADOR 364";"Providencia";"Región Metropolitana de Santiago";"H2";"Cerrada";"Convenio de Suministro de Lanreotida acetato solución inyectable en caso de no despacho de CENABAST para el Hospital del Salvador";2025-03-20T18:05:22.833;2025-04-10T15:30:00;2025-07-30T15:30:00;340000000;"CLP";0;0
4559-27-LE25;"CONVENIO LENTES ÓPTICOS";"I MUNICIPALIDAD DE LOS ALAMOS DEPTO COMUNAL";"69.160.402-0";"Depto. Salud";"Pedro Eyheramendy 835";"Los Alamos";"Región del Biobío";"LE";"Cerrada";"ADQUIRIR CONVENIO DE LENTES ÓPTICOS 2025";2025-04-02T14:44:31.777;2025-04-10T15:30:00;2025-04-21T19:50:00;;"CLP";0;0
1240098-10-LE25;"CONVENIO DE MANTENCIÓN DE GENERADORES DE SALA ELECTRICA DEL HOSPITAL PROVINCIAL DE OVALLE";"SERVICIO DE SALUD COQUIMBO HOSPITAL DE O";"61.606.404-5";"Servicios de Mantenciones";"";"";"Región de Coquimbo";"LE";"Cerrada";"Conforme a la Ley de Compras Públicas N° 19.886, su Reglamento y modificaciones, el Hospital Provincial de Ovalle llama a licitación pública a empresas o proveedores del rubro, personas naturales o jurídicas, chilenas o extranjeras, así como a Uniones Temporales de Proveedores, para celebrar CONVENIO DE MANTENCIÓN DE GENERADORES DE SALA ELECTRICA DEL HOSPITAL PROVINCIAL DE OVALLE , para el Hospital Provincial de Ovalle, por un periodo de 24 (veinticuatro) meses, o hasta agotar el presupuesto referencial, para un oportuno y adecuado suministro de estos productos y así garantizar el correcto funcionamiento del establecimiento.  Este proceso se realizará a través del Sistema de Información de la Dirección de Compras y Contratación Pública www.mercadopublico.cl, según lo establecido en la Ley N° 19.886 y su Reglamento. Las bases administrativas y sus especificaciones técnicas establecen las condiciones que regirán la presente licitación y el posterior contrato que se celebre para dar cumplimiento a este objetivo.";2025-03-26T10:47:49.07;2025-04-10T15:25:00;2025-04-30T17:00:00;;"CLP";0;0
907-6-LP25;"MGF CVS VACUNA ANTIHIDATÍDICA LIOFILIZADA";"SERVICIO AGRICOLA Y GANADERO";"61.308.000-7";"SAG - Aysen";"Av. Ogana 1060 piso 2 SAG";"Coyhaique";"Región Aysén del General Carlos Ibáñez del Campo";"LP";"Cerrada";"El Servicio Agrícola y Ganadero Región de Aysén, que en adelante se denominará el SAG, para la operación del Programa FNDR, Transferencia Control Integrado de la Hidatidosis en Aysén, Código BIP 40055883-0 y otros programas ejecutados por el SAG, requiere celebrar un convenio de suministro para la adquisición de vacuna contra la hidatidosis. La aplicación de este plan, considera como pilar estratégico el uso intensivo de la vacuna antihidatídica.";2025-03-19T15:58:35.207;2025-04-10T15:29:00;2025-05-22T17:00:00;136800000;"CLP";0;0
2446-54-LQ25;"MEJORAMIENTO CIRCUITOS TURÍSTICOS VILLA DOMINANTE";"I MUNICIPALIDAD DE COQUIMBO";"69.040.300-5";"IMUNI_COQUIMBO";"BILBAO 348";"Coquimbo";"Región de Coquimbo";"LQ";"Cerrada";"Licitación Pública 1662025 para la ejecución del proyecto MEJORAMIENTO CIRCUITOS TURÍSTICOS VILLA DOMINANTE";2025-03-18T17:19:00;2025-04-10T15:30:00;2025-04-30T17:30:00;298360424;"CLP";0;0
3775-15-LQ25;"CONTRATACIÓN SEGUROS BIENES MUEBLES E INMUEBLES";"I MUNICIPALIDAD DE HIJUELAS";"69.060.500-7";"Secretaria Comunal De Planificacion";"MANUEL RODRIGUEZ #1665, HIJUELAS";"Hijuelas";"Región de Valparaíso";"LQ";"Cerrada";"CONTRATACIÓN DE SEGUROS PARA LOS BIENES MUEBLES E INMUEBLES DE LA MUNICIPALIDAD DE HIJUELAS.";2025-03-31T13:26:00.633;2025-04-10T15:30:00;2025-05-19T18:00:00;149558840;"CLP";0;0
3085-22-L125;"PROVISIÓN E INSTALACIÓN DE VENTANAS TERMOPANEL EN VIVIENDAS FISCALES";"DIRECCION DE ABASTECIMIENTO DE LA ARMADA";"61.102.023-6";"DEPTO. DE BIENESTAR SOCIAL (T)";"O'Higgins N°01. Panguipulli";"Panguipulli";"Región de Los Ríos";"L1";"Cerrada";"PROVISIÓN E INSTALACIÓN DE VENTANAS TERMOPANEL EN VIVIENDAS FISCALES";2025-04-03T14:53:53.583;2025-04-10T15:26:00;2025-05-10T15:26:00;3800000;"CLP";0;0
1075963-103-LE25;"CONVENIO MANTENCION PREVENTIVA Y CORRECTIVA EQUIPOS DE AUDIOMETRIA POR 36 MESES";"SERVICIO DE SALUD ARICA HOSP DR JUAN NOE CREVANI";"61.606.001-5";"Hospital Juan Noé";"";"";"Región de Arica y Parinacota";"LE";"Cerrada";"CONVENIO MANTENCION PREVENTIVA Y CORRECTIVA EQUIPOS DE AUDIOMETRIA POR 36 MESES";2025-03-31T17:11:15.043;2025-04-10T15:30:00;2025-05-12T17:30:00;;"CLP";0;0
634-49-LE25;"Servicio de Reempaste y Encuadernación 800 Tomos";"DIRECCION GENERAL DE GENDARMERIA DE CHIL";"61.004.000-4";"Dirección Nacional";"COMPAÑÍA Nº1048- piso 10";"Santiago";"Región Metropolitana de Santiago";"LE";"Cerrada";"Se requiere el servicio de reempaste y encuadernación de 800 tomos documentales año 2013. E1O2RT9";2025-03-27T13:37:00;2025-04-10T15:25:00;2025-05-30T16:00:00;;"CLP";0;0
2758-6-LP25;"MEJORAMIENTO SERVICIOS SANITARIOS RURALES";"I MUNICIPALIDAD DE SAN ANTONIO";"69.073.400-1";"Obras- Imsa";"AV. Barros Luco 1881";"San Antonio";"Región de Valparaíso";"LP";"Cerrada";"La Ilustre Municipalidad de San Antonio requiere la contratación para la ejecución del proyecto denominado MEJORAMIENTO DE INSTALACIONES DE SERVICIOS SANITARIOS RURALES SSR SAN JUAN, AGUA BUENA, MALVILLA Y LEYDA, COMUNA DE SAN ANTONIO, lo que considera obras de mejoramiento de las infraestructuras sanitarias existentes, ubicadas en localidades rurales de la comuna.";2025-03-21T10:13:56.457;2025-04-10T15:15:00;2025-06-10T17:00:00;128338818;"CLP";0;0
1540-64-LE25;"SERVICIO MANO OBRA 2 PUESTOS ADMINISTATIVOS SOME";"SERVICIO DE SALUD MAGALLANES HOSPITAL DE PTO NATALES";"61.607.904-2";"Hospital Dr. Augusto Essmann Burgos";"AVENIDA ESPAÑA 1650";"Puerto Natales";"Región de Magallanes y de la Antártica";"LE";"Cerrada";"Que, mediante Solicitud de Compra N°1842025 de Subdirector Médico S, Dr. Marcos Muñoz Carrasco, autorizado por la Subdirección Administrativa, quien solicita  el servicio de mano de obra de 2 puestos de trabajos para realizar labores administrativas con una jornada de 44 horas semanales para fortalecer el equipo de unidad de archivo clínico, desempeñando funciones de apoyo en la gestión y organización de fichas clínicas, abordando adecuadamente el auto progresivo en el número de fichas clínicas administradas, garantizando la conservación y seguridad de los datos. Por un periodo de 12 meses.";2025-04-04T11:13:58.987;2025-04-10T15:15:00;2025-05-30T17:00:00;27000000;"CLP";0;0
2126-55-LQ25;"C.S. MED. BIOLOGICOS POR CONTINUIDAD TRATAMIENTO";"SERVICIO DE SALUD COQUIMBO HOSPITAL DE COQUIMBO";"61.606.403-7";"Hospital Coquimbo";"Avenida Videla s/n";"Coquimbo";"Región de Coquimbo";"LQ";"Cerrada";"ABASTECER AL HOSPITAL SAN PABLO DE COQUIMBO DE LOS MEDICAMENTOS BIOLOGICOS NECESARIOS, PARA CONTINUAR TRATAMIENTO DE PACIENTES CON PATOLOGIA GES ARTRITIS REUMATOIDEA.";2025-03-20T16:39:33.893;2025-04-10T15:10:00;2025-07-10T15:10:00;;"CLP";0;0
601-5-LE25;"Servicio de aseo y limpieza Agencia Los Ríos";"SUPERINTENDENCIA DE SALUD";"60.819.000-7";"Superintendencia de Salud";"Av. Libertador Bdo O´Higgins N°1449 Torre 2, Piso 5,  Stgo";"Santiago Centro";"Región Metropolitana de Santiago";"LE";"Cerrada";"La Superintendencia de Salud, en adelante e indistintamente “la Superintendencia”, convoca a Licitación Pública a las personas naturales y jurídicas, chilenas y extranjeras, para que participen y presenten propuestas en el presente proceso de Licitación Pública que esta Entidad administra a través del Portal de Mercado Público para la contratación del servicio de aseo, limpieza y entrega de correspondencia en la Agencia Regional de Los Ríos de la Superintendencia de Salud.";2025-03-31T12:11:22.697;2025-04-10T15:10:00;2025-04-21T18:00:00;;"CLP";0;0
948354-27-LP25;"Mantenimiento Ascensores y Montacargas.";"FONDO HOSPITAL DE LA DIRECCION DE PREVISION DE CARABINEROS DE CHILE";"61.513.003-6";"Unidad de Compra de Bienes y Servicios";"Avenida Vital Apoquindo N° 1200";"Las Condes";"Región Metropolitana de Santiago";"LP";"Cerrada";"El Hospital de la Dirección de Previsión de Carabineros de Chile, ubicado en Vital Apoquindo N°1.200, Comuna de Las Condes, Región Metropolitana, en adelante “EL HOSPITAL”, llama a Licitación Pública para la Contratación del Servicio de Mantenimiento de Ascensores y Montacargas, en adelante “EL SERVICIO”, por un periodo de 23 meses, para el referido Centro Asistencial, cuyas características y requisitos técnicos constan en las Bases Administrativas y Técnicas de esta Licitación con sus respectivos anexos.";2025-03-21T14:55:50.547;2025-04-10T16:00:00;2025-06-10T17:00:00;115000000;"CLP";0;0
3048-1-LE25;"Lavado de línea de Media tensión";"DIRECCION DE ABASTECIMIENTO DE LA ARMADA";"61.102.092-9";"CENTRO TELECOMUNICACIONES NAVALES ANTOFAGASTA";"Altos del Mar s/n";"Antofagasta";"Región de Antofagasta";"LE";"Cerrada";"El sistema está compuesto por una conexión en M.T. desde la línea que alimenta la Radio Estación Portada ubicada camino La Portada. En este empalme se encuentran instalados los desconectadores de fusible trifásico, equipo compacto de medida, transformador y posterior tendido de la red con 10 postes con todos elementos consistentes en aisladores, tensores, cadenas.";2025-04-01T00:04:22.013;2025-04-10T16:05:00;2025-04-30T12:00:00;;"CLP";0;0
3241-13-LE25;"CONFECCIÓN E INSTALACIÓN DE 100 METROS DE CERCO";"DIRECCION DE ABASTECIMIENTO DE LA ARMADA";"61.102.028-7";"DEPTO. DE BIENESTAR SOCIAL (M)";"Av. Manuel Bulnes Nº 05376";"Punta Arenas";"Región de Magallanes y de la Antártica";"LE";"Cerrada";"EL DEPTO. DE BSTAR. SOCIAL (M), REQUIERE CONTRATAR EL SERVICIO DE “CONFECCIÓN E INSTALACIÓN DE 100 METROS DE CERCO PERIMETRAL, EN EDIFICIO DE AVDA. ESPAÑA N° 0300”, SEGÚN LAS BASES DE LICITACIÓN TÉCNICAS Y ADMINISTRATIVAS ADJUNTAS.";2025-03-26T14:55:03.41;2025-04-10T16:00:00;2025-05-12T17:00:00;11000000;"CLP";0;0
1057430-22-LE25;"Convenio de Mantención de Caldera";"SERVICIO NACIONAL DE SALUD HOSPITAL DE LOTA";"61.602.203-2";"Bienes y Servicios";"Carrera 702 Lota";"Lota";"Región del Biobío";"LE";"Cerrada";"Las presentes Bases Especiales y documentación anexada tiene por objeto regular los procedimientos de: Licitación Pública, Apertura, Evaluación, Adjudicación, Ejecución, Recepción y Puestas en Marcha del contrato respectivo motivo de la presente Licitación. Se requiere contar con un Convenio Mantención Preventiva, Correctiva y Reparativa de Calderas del Hospital de Lota, de acuerdo a requerimientos especificados en las Bases Administrativas y Técnicas de la presente Licitación. Se pretende obtener la mejor calidad y oportunidad en los servicios antes mencionado a un precio conveniente con el fin de dar atención a beneficiarios del sistema público de salud de acuerdo a protocolos técnicos y administrativos establecidos por el Hospital.";2025-03-31T17:11:43.02;2025-04-10T16:00:00;2025-05-30T18:00:00;;"CLP";0;0
4891-5-LE25;"SER. DISEÑO IMPLEMENTACION MUSICA YO SONIDO CECREA";"SUBSECRETARÍA DE LAS CULTURAS Y LAS ARTES";"61.978.780-3";"Consejo Regional de la Cultura y Las Artes R. Metropolitana";"";"";"Región Metropolitana de Santiago";"LE";"Cerrada";"CONTRATACIÓN DEL SERVICIO DE DISEÑO, PLANIFICACIÓN E IMPLEMENTACIÓN DE ACTIVIDADES PEDAGÓGICAS EN EL ÁREA DE LA MÚSICA Y/O SONIDO, PARA LA PROGRAMACIÓN DEL AÑO 2025, DEL CENTRO DE CREACIÓN (CECREA), DE LA SECRETARÍA REGIONAL MINISTERIAL DE LAS CULTURAS, LAS ARTES Y EL PATRIMONIO, REGIÓN METROPOLITANA.";2025-03-31T12:53:59.173;2025-04-10T16:00:00;2025-04-21T18:00:00;8000000;"CLP";0;0
2426-18-LP25;"Obras de mitigación de riesgos ascensor Lecheros 2do llamado";"I MUNICIPALIDAD DE VALPARAISO";"69.060.900-2";"ADQUISICIONES MAYORES";"";"";"Región de Valparaíso";"LP";"Cerrada";"Obras de mitigación de riesgos ascensor Lecheros, Cerro Lecheros, Valparaíso. Según antecedentes adjuntos en la presente licitación.";2025-03-21T11:38:11.317;2025-04-10T16:00:00;2025-06-10T18:00:00;95000000;"CLP";0;0
1078177-17-LE25;"ADQUISICIÓN DE TÓNER NEGRO Y COLOR PARA LAS IMPRESORAS DE CARGO DE LAS UNIDADES DEPENDIENTES DE LA ZONA DE CARABINEROS ARAUCANÍA.";"DIRECCION DE LOGISTICA DE CARABINEROS";"60.505.522-2";"SECCIÓN COMPRAS ZONA DE CARABINEROS ARAUCANIA";"CLARO SOLAR 1286";"Temuco";"Región de la Araucanía";"LE";"Cerrada";"La Zona Carabineros Araucanía, ha elaborado la presente Bases de Licitación, la que contiene todos los requerimientos para materializar la ADQUISICIÓN DE TÓNER NEGRO Y A COLOR PARA LAS UNIDADES DEPENDIENTES DE LA ZONA DE CARABINEROS ARAUCANÍA. En las presente Bases de Licitación, se establecen los fines, condiciones y requisitos que deberán ser cumplidos por los oferentes en todas y cada una de las partes que conformen su oferta.  Asimismo, todo gasto que genere alguna tramitación y/o certificación, deberá ser financiado por parte del proveedor.";2025-03-31T12:20:19.337;2025-04-10T16:00:00;2025-04-24T20:00:00;18366527;"CLP";0;0
3471-22-LP25;"SUMINISTRO DE PROPOFOL Y REMIFENTANILO";"DIRECCION DE LOGISTICA DE CARABINEROS";"60.505.723-3";"Hospital de Carabineros";"Av. Antonio Varas Nº 2500";"Ñuñoa";"Región Metropolitana de Santiago";"LP";"Cerrada";"CONTRATACIÓN EN LÍNEAS DE ADJUDICACIÓN, DE UN SUMINISTRO DE PROPOFOL Y   REMIFENTANILO, CON EQUIPAMIENTO EN COMODATO,	PARA EL HOSPITAL DE CARABINEROS, POR UN PERIODO DE 24 MESES.";2025-03-31T15:59:45.643;2025-04-10T16:00:00;2025-05-12T16:00:00;;"CLP";0;0
621-295-LE25;"NEBULIZADOR DESECHABLE 1000020801";"CENTRAL DE ABASTECIMIENTO DEL SISTEMA NACIONAL DE SERVICIO DE SALUD";"61.608.700-2";"Compras del Giro 621";"Bodega Proveedor";"Santiago Centro";"Región Metropolitana de Santiago";"LE";"Cerrada";"BASES ADMINISTRATIVAS Y TÉCNICAS TIPO, POR LAS QUE SE REGIRÁN LOS PROCESOS DE LICITACIÓN PARA LA ADQUISICIÓN DE PRODUCTOS FARMACÉUTICOS, COSMÉTICOS, VACUNAS, INSUMOS, DISPOSITIVOS, Y/O ALIMENTOS DE USO MÉDICO, DESTINADO AL EJERCICIO DE ACCIONES DE SALUD";2025-03-27T12:55:40.21;2025-04-10T16:00:00;2025-05-14T17:30:00;22859067;"CLP";0;0
3651-11-LE25;"ADQ. MEJORAMIENTO INFRAESTRUCTURA CESFAM CANTERAS";"I MUNICIPALIDAD DE QUILLECO";"69.170.402-5";"Departamento Salud  Quilleco";"ALMENDRAS 375";"Quilleco";"Región del Biobío";"LE";"Cerrada";"PRESUPUESTO PROGRAMA PMI 2024";2025-03-31T13:11:17.61;2025-04-10T16:00:00;2025-04-30T20:00:00;23000000;"CLP";0;0
1641-114-LP25;"WFS - SERVICIO DE APOYO ADMINISTRACIÓN CR R.FÍSICO";"SERVICIO DE SALUD OCCIDENTE HOSPITAL SAN JUAN DE DIOS";"61.608.204-3";"SERVICIO DE SALUD OCCIDENTE HOSPITAL SAN JUAN DE D";"Avda Compañía de Jesús 3265";"Santiago";"Región Metropolitana de Santiago";"LP";"Cerrada";"La contratación de “SERVICIO DE APOYO ADMINISTRACIÓN CR RECURSOS FÍSICOS”, tiene por objeto, cumplir de manera continua la labor asistencial que ha sido encomendada a nuestra Institución, estableciendo las condiciones que permitan alcanzar la combinación más ventajosa entre todos los beneficios del bien o servicio a adquirir, y todos sus costos asociados, presentes y futuros Art. 37° del Reglamento, según el siguiente detalle: ÍTEM	DESCRIPCION ÍTEM	SUB ÍTEM	DESCRIPCIÓN SUBITEM	DOTACIÓN MEDIA DOTACION MÍNIMA	 CANTIDAD DE HORAS 3 MESES 	VALOR MINIMO A PAGAR HORA 1	SERVICIO DE APOYO ADMINISTRACIÓN CR RECURSOS FÍSICOS	1.1	PROFESIONAL TRAMO 1	4	2304	    11.000 		1.2	PROFESIONAL TRAMO 2	6	3456	  9.500 		1.3	PROFESIONAL TRAMO 3	8	4608	  8.000 		1.4	TECNICO TRAMO 1	6	3456	  7.000 		1.5	TECNICO TRAMO 2	4	2304	  5.500 		1.6	ASISTENTE TRAMO 1	3	1728	  5.000 		1.7	ASISTENTE TRAMO 2	5	2880	  4.500 No se aceptarán más de una oferta por la línea de un proveedor, solo debera postular con una Oferta por línea. En caso de que se produzca una doble oferta, se considerará solo la que haya sido publicada en primera instancia en el portal y sea comprobada con el respectivo comprobante de oferta adjunto en la publicación.          Al momento de adjudicar, el hospital podrá aumentar o disminuir hasta en un 30% de las cantidades estimadas en las presentes bases de licitación, conforme a los presupuestos disponibles, y sin alterar el principio de estricta sujeción a las bases de igualdad de los oferentes.   Se establece que las cantidades de productos yo servicios son de flujo variable, lo que significa que el Hospital no se compromete a adquirir cantidades específicas de manera periódica, será según los requerimientos del hospital, por lo que en ningún caso se fijará stock mínimo de compra, ni tampoco totales, por lo que el o los adjudicatarios estarán imposibilitados de señalar cantidades mínimas para su despacho. Asimismo, se hace presente que este proceso de licitación se hará por ítem adjudicado, por lo que cada proveedor podrá ofertar por ellos ítems incluyendo la totalidad de sub-ítems correspondientes, por lo que una oferta por ítem incompleto debe ser considerada inadmisible técnicamente. Sólo se podrá hacer excepción en el caso de que ninguna de las ofertas presente ítem completo, permitiendo evaluar al oferente con mayor cantidad de ítems abordados, y que, a la vez, sean técnicamente admisibles.";2025-03-21T16:33:46.593;2025-04-10T16:00:00;2025-06-09T16:00:00;;"CLP";0;0
4023-9-LE25;"Asesoría Técnica Gestión Ambiental y Manejo resid";"ILUSTRE MUNICIPALIDAD DE PUTRE";"69.250.800-9";"Secoplac";"José Miguel Carrera N°350, Putre";"Putre";"Región de Arica y Parinacota";"LE";"Cerrada";"La consultoría deberá entregar los productos señalados en los  Términos Técnicos de Referencia proyecto: ASISTENCIA TECNICA EN GESTIÓN AMBIENTAL Y MANEJO DE RESIDUOS SÓLIDOS, COMUNA DE PUTRE”, adjuntas.";2025-03-27T15:51:00;2025-04-10T16:00:00;2025-04-18T17:35:00;;"CLP";0;0
1019-30-LE25;"ADQ DE BATERÍAS SELLADAS LIBRES DE MANTENCIÓN";"MINISTERIO DE OBRAS PUBLICAS DIREC CION GRAL DE OO PP DCYF";"61.202.000-0";"MINISTERIO DE OBRAS PUBLICAS DIREC CION GRAL DE OO";"Morandé 59, piso 8";"Santiago";"Región Metropolitana de Santiago";"LE";"Cerrada";"ADQUISICIÓN DE BATERÍAS SELLADAS LIBRES DE MANTENCIÓN El objetivo general de esta licitación pública es la adquisición de baterías selladas libres de mantención para ser instaladas en las distintas estaciones de la Red Hidrométrica Nacional, de acuerdo con las disposiciones que se especifican en las presentes Bases Técnicas y Administrativas.";2025-03-31T17:19:03.817;2025-04-10T16:00:00;2025-04-23T19:00:00;60000000;"CLP";0;0
3858-12-LE25;"ADQUISICIÓN E INSTALACIÓN DE CONTENEDORES";"I MUNICIPALIDAD DE MEJILLONES";"69.020.400-2";"Educacion";"Fco. Antonio Pinto 200";"Mejillones";"Región de Antofagasta";"LE";"Cerrada";"NOIMBRE LICITACIÓN PÚBLICA: ADQUISICIÓN E INSTALACIÓN DE CONTENEDORES PARA BODEGA, ESC. JHV Y CEJJLB, MEJILLONES. La presente licitación pública tiene como objetivo la adquisición e instalación de dos 2 contenedores, con el fin de dotar a los establecimientos educacionales Complejo Educativo Juan José Latorre y Escuela Julia Herrera Varas de espacios adecuados, seguros y funcionales para el almacenamiento eficiente de materiales educativos, equipos y otros recursos necesarios para el desarrollo de sus actividades académicas.";2025-03-27T12:53:59.257;2025-04-10T16:00:00;2025-04-24T12:00:00;18439362;"CLP";0;0
1005498-11-LE25;"SERVICIO DE ENLACE DE DATOS PUNTO A PUNTO";"COMISION PARA EL MERCADO FINANCIERO";"60.810.000-8";"COMISION PARA EL MERCADO FINANCIERO";"Av. Lib. Bernardo O'higgins 1449, piso 2, torre II";"Santiago Centro";"Región Metropolitana de Santiago";"LE";"Cerrada";"Contar con un contrato por 12 y 36 meses, de prestación del servicio de enlace de datos punto a punto entre sede Alameda ubicada en Av. Libertador Bernardo O’higgins 1449 piso 9 y sede Moneda, ubicada en Moneda 1123, piso 10, ambas de la comuna de Santiago.";2025-03-31T13:16:00;2025-04-10T16:00:00;2025-04-21T18:00:00;40900000;"CLP";0;0
5559-4-LE25;"Servicios de mediciones ambientales Los Lagos.";"INSTITUTO DE SEGURIDAD LABORAL";"61.533.000-0";"ISL Región de Los Lagos";"Quillota N° 175 oficinas 804";"Puerto Montt";"Región de los Lagos";"LE";"Cerrada";"E102RT9, SERVICIO DE SUMINISTRO DE MEDICIONES AMBIENTALES AGENTES FÍSICOS Y QUIMICOS EN EMPRESAS PRIVADAS ADHERIDAS - INSTITUTO DE SEGURIDAD LABORAL REGIÓN DE LOS LAGOS, SEGÚN ESPECIFICACIONES ADJUNTAS.";2025-03-27T14:47:55.003;2025-04-10T16:00:00;2025-05-10T16:14:00;10000000;"CLP";0;0
634-39-LP25;"Adquisición de 60 cámaras corporales";"DIRECCION GENERAL DE GENDARMERIA DE CHIL";"61.004.000-4";"Dirección Nacional";"COMPAÑÍA Nº1048- piso 10";"Santiago";"Región Metropolitana de Santiago";"LP";"Cerrada";"Adquisición de 60 cámaras corporales";2025-03-18T14:23:02.86;2025-04-10T16:00:00;2025-05-22T16:05:00;94229580;"CLP";0;0
2181-19-L125;"Adquisición de insumos computacionales";"CORP ADMINISTRATIVA DEL PODER JUDICIAL";"60.301.001-9";"Corp. Adm. del Poder Judicial - Puerto Montt";"EGAÑA N° 1141-B";"Puerto Montt";"Región de los Lagos";"L1";"Cerrada";"adquisición de insumos para las impresoras de la Jurisdicción Puerto Montt de la Corporación Administrativa del Poder Judicial";2025-04-01T13:56:12.177;2025-04-10T16:00:00;2025-04-14T15:00:00;;"CLP";0;0
1057430-21-LE25;"Convenio Mantención Equipos Críticos y Ecógrafos";"SERVICIO NACIONAL DE SALUD HOSPITAL DE LOTA";"61.602.203-2";"Bienes y Servicios";"Carrera 702 Lota";"Lota";"Región del Biobío";"LE";"Cerrada";"Las presentes Bases Especiales y documentación anexada tiene por objeto regular los procedimientos de: Licitación Pública, Apertura, Evaluación, Adjudicación, Ejecución, Recepción y Puestas en Marcha del contrato respectivo motivo de la presente Licitación. Se requiere contar con un Convenio de Mantención Preventiva, Correctiva y Reparativa de Equipos Críticos y Ecógrafos del Hospital de Lota, de acuerdo a requerimientos especificados en las Bases Administrativas y Técnicas de la presente Licitación. Se pretende obtener la mejor calidad y oportunidad en los servicios antes mencionado a un precio conveniente con el fin de dar atención a beneficiarios del sistema público de salud de acuerdo a protocolos técnicos y administrativos establecidos por el Hospital.";2025-03-31T16:52:12.24;2025-04-10T16:00:00;2025-06-09T18:00:00;;"CLP";0;0
621-221-LR25;"MICOFENOLATO 360 MG CM REC. ENTERICO 1000020518";"CENTRAL DE ABASTECIMIENTO DEL SISTEMA NACIONAL DE SERVICIO DE SALUD";"61.608.700-2";"Compras del Giro 621";"Bodega Proveedor";"Santiago Centro";"Región Metropolitana de Santiago";"LR";"Cerrada";"BASES ADMINISTRATIVAS Y TÉCNICAS TIPO, POR LAS QUE SE REGIRÁN LOS PROCESOS DE LICITACIÓN PARA LA ADQUISICIÓN DE PRODUCTOS FARMACÉUTICOS, COSMÉTICOS, VACUNAS, INSUMOS, DISPOSITIVOS, Y/O ALIMENTOS DE USO MÉDICO, DESTINADO AL EJERCICIO DE ACCIONES DE SALUD";2025-03-11T11:32:35.4;2025-04-10T16:00:00;2025-06-12T17:30:00;2870258590;"CLP";0;0
2085-10-LE25;"Mantencion de Techumbres y Poda de Arboles";"SERVICIO DE SALUD ARAUCANIA HOSPITAL DE TRAIGUEN";"61.602.226-1";"Hospital Traiguén";"21 de Mayo 751";"Traiguén";"Región de la Araucanía";"LE";"Cerrada";"El Hospital Dr. Dino Stagno Maccioni de la comuna de Traiguén requiere contratar, a través de licitación pública, un servicio de mantenimiento preventivo y reparativo de techumbre, poda y corte de árboles del recinto hospitalario y la reparación y nueva estructura del techo de la sala de reutilización de diálisis, debido a filtraciones que afectan su correcto funcionamiento. El objetivo principal de esta licitación es asegurar la protección y conservación de la infraestructura hospitalaria, minimizando riesgos asociados a filtraciones de agua, obstrucción de canaletas, caída de ramas peligrosas y daños estructurales en áreas sensibles. Para ello, la empresa contratada deberá desplegar personal capacitado y equipos adecuados para ejecutar las labores requeridas, garantizando altos estándares de seguridad, cumplimiento de normativas vigentes y minimización de interferencias en las actividades hospitalarias.";2025-04-01T10:17:42.843;2025-04-10T16:00:00;2025-04-17T17:00:00;;"CLP";0;0
886954-132-LE25;"CONVENIO CORREAS DE PAVLIK HGGB 2025";"HOSPITAL GUILLERMO GRANT BENAVENTE DE CO";"61.602.189-3";"Abastecimiento Insumos";"San Martin 1436";"Concepción";"Región del Biobío";"LE";"Cerrada";"La necesidad de abastecer del insumo para la atención oportuna del paciente";2025-03-31T15:02:55.847;2025-04-10T16:00:00;2025-07-09T16:00:00;;"CLP";0;0
2369-3-LR25;"PP 11 Retiro-traslado REAS y lavado contenedores";"I MUNICIPALIDAD DE ARICA";"69.010.100-9";"SECRETARIA COMUNAL DE PLANIFICACIÓN";"RAFAEL SOTOMAYOR Nº 415";"Arica";"Región de Arica y Parinacota";"LR";"Cerrada";"La Municipalidad de Arica requiere contar con los servicios de retiro y traslado REAS y lavado de contenedores para los establecimientos de atención primaria de salud Municipal.";2025-03-04T16:21:00;2025-04-10T16:00:00;2025-08-11T16:00:00;;"CLP";0;0
1641-130-LP25;"WFS PROYECTO NORMALIZACIÓN GASTROENTEROLOGÍA";"SERVICIO DE SALUD OCCIDENTE HOSPITAL SAN JUAN DE DIOS";"61.608.204-3";"SERVICIO DE SALUD OCCIDENTE HOSPITAL SAN JUAN DE D";"Avda Compañía de Jesús 3265";"Santiago";"Región Metropolitana de Santiago";"LP";"Cerrada";"La contratación de “EJECUCIÓN DE PROYECTO NORMALIZACIÓN DEL SERVICIO DE GASTROENTEROLOGÍA”, tiene por objeto, cumplir de manera continua la labor asistencial que ha sido encomendada a nuestra Institución, estableciendo las condiciones que permitan alcanzar la combinación más ventajosa entre todos los beneficios del bien o servicio a adquirir, y todos sus costos asociados, presentes y futuros Art. 37° del Reglamento, según el siguiente detalle: ÍTEM 	DESCRIPCIÓN 1	“EJECUCIÓN DE PROYECTO NORMALIZACIÓN DEL SERVICIO DE GASTROENTEROLOGÍA” Al momento de adjudicar, el hospital podrá aumentar o disminuir hasta en un 30% de las cantidades estimadas en las presentes bases de licitación, conforme a los presupuestos disponibles, y sin alterar el principio de estricta sujeción a las bases de igualdad de los oferentes.   Se establece que las cantidades de productos yo servicios son de flujo variable, lo que significa que el Hospital no se compromete a adquirir cantidades específicas de manera periódica, será según los requerimientos del hospital, por lo que en ningún caso se fijará stock mínimo de compra, ni tampoco totales, por lo que el o los adjudicatarios estarán imposibilitados de señalar cantidades mínimas para su despacho. Asimismo, se hace presente que este proceso de licitación se hará por ítem adjudicado, por lo que cada proveedor podrá ofertar por ellos ítems incluyendo la totalidad de sub-ítems correspondientes, por lo que una oferta por ítem incompleto debe ser considerada inadmisible técnicamente. Sólo se podrá hacer excepción en el caso de que ninguna de las ofertas presente ítem completo, permitiendo evaluar al oferente con mayor cantidad de ítems abordados, y que, a la vez, sean técnicamente admisibles.";2025-03-21T14:35:59.61;2025-04-10T16:00:00;2025-08-08T16:00:00;;"CLP";0;0
1057531-1-LE25;"Arriendo de Ambulancia por llamado Emergencia 24-7";"SERVICIO NACIONAL DE SALUD HOSPITAL DE RIO NEGRO";"61.602.262-8";"Bienes y Servicios";"Arturo Prat 791";"Río Negro";"Región de los Lagos";"LE";"Cerrada";"ARRIENDO DE AMBULANCIA POR LLAMADO EMERGENCIA 24/7 PARA HOSPITAL RIO NEGRO, POR UN PERIODO DE 12 MESES";2025-04-01T16:34:03.67;2025-04-10T16:00:00;2025-05-10T15:00:00;;"CLP";0;0
3693-76-LE25;"CONTRATO DE SERVICIO MANTENCIÓN ESTABLECIMIENTOS";"I MUNICIPALIDAD DE EL QUISCO";"69.061.700-5";"Departamento SECPLA";"Avenida Francia 011";"El Quisco";"Región de Valparaíso";"LE";"Cerrada";"CONTRATO DE SERVICIO DE REPARACIÓN, PROVISIÓN Y MANTENIMIENTO DE LOS ESTABLECIMIENTOS EDUCATIVOS Y DEL DEPARTAMENTO DE EDUCACIÓN MUNICIPAL DE EL QUISCO 2025";2025-03-31T19:06:15.35;2025-04-10T15:56:00;2025-04-30T19:57:00;;"CLP";0;0
1509-41-LE25;"ARRIENDO GRUPO ELECTROGENO";"SERVICIO DE SALUD METROPOLITANO NORTE HOSPITAL DE TIL TIL";"61.608.006-7";"Hospital Til - Til";"Daniel Moya  100";"Til Til";"Región Metropolitana de Santiago";"LE";"Cerrada";"EL HOSPITAL DE TIL TIL REQUIERE EL SERVICIO DE ARRIENDO DE GRUPO ELECTROGENO PARA  SERVICIO DE URGENCIA DE CESFAM DE HUERTOS FAMILIARES,ESTO ES CONTEXTO DE CONVENIO ENTRE CORPORACION DE SALUD MUNICIPAL Y HOSPITAL DE TIL TIL";2025-04-02T09:52:56.987;2025-04-10T17:33:00;2025-04-15T17:34:00;;"CLP";0;0
1340-14-LP25;"Suministro transporte y acopio de material pétreo canto VIVO tamaño máximo 2”   en camino vecinal El Rebellin cruce T-340  Los Pellines – Oncol- Pilocura y cruce Ruta 2020  cudico acceso norte Cruce Ruta 202  Cudico Acceso sur Provincia de Valdiv";"MINISTERIO DE OBRAS PUBLICAS DIREC CION GRAL DE OO PP DCYF";"61.202.000-0";"Dirección de Vialidad - XIV Región - Dirección Regional";"Yungay 621";"Valdivia";"Región de Los Ríos";"LP";"Cerrada";"Suministro, transporte y acopio de material pétreo canto VIVO tamaño máximo 2”   en camino vecinal El Rebellin, cruce T-340 ( Los Pellines) – Oncol- Pilocura y cruce Ruta 2020 ( cudico acceso norte) Cruce Ruta 202 ( Cudico Acceso sur), Provincia de Valdivia – Región de Los Ríos.";2025-03-31T15:05:15.173;2025-04-10T17:35:00;2025-04-22T17:36:00;;"CLP";0;0
2263-33-LE25;"Asfalto predosificado en Bolsas - Curacautin";"MINISTERIO DE OBRAS PUBLICAS DIREC CION GRAL DE OO PP DCYF";"61.202.000-0";"Dirección de Vialidad - IX Región - Provincia de Malleco";"Lautaro 17";"Angol";"Región de la Araucanía";"LE";"Cerrada";"Asfalto predosificado en Bolsas - Curacautin";2025-04-01T15:58:29.093;2025-04-10T16:39:00;2025-04-11T09:40:00;;"CLP";0;0
2263-34-LE25;"Tubos HDPE varias medidas CCI";"MINISTERIO DE OBRAS PUBLICAS DIREC CION GRAL DE OO PP DCYF";"61.202.000-0";"Dirección de Vialidad - IX Región - Provincia de Malleco";"Lautaro 17";"Angol";"Región de la Araucanía";"LE";"Cerrada";"Tubos HDPE varias medidas CCI";2025-03-31T12:57:19.34;2025-04-10T16:37:00;2025-04-11T16:38:00;;"CLP";0;0
1208541-2-LQ25;"SERVICIOS DE MANTENCIÓN RESIDENCIAS FAMILIARES";"SERVICIO NACIONAL DE PROTECCIÓN ESPECIALIZADA A LA NIÑEZ Y ADOLESCENCI";"62.000.890-7";"ADMINISTRACIÓN DIRECTA REGIÓN DE ARICA";"BOLOGNESI N° 306";"Arica";"Región de Arica y Parinacota";"LQ";"Cerrada";"Las presentes Bases Administrativas regularán la propuesta pública a que llame el Servicio Nacional de Protección Especializada a la Niñez y Adolescencia de la Región de Arica y Parinacota en adelante SPE, para la contratación de servicio de mantención y reparación de residencias familiares de administración directa, Programa 02, Arica y Parinacota.";2025-03-19T17:08:00;2025-04-10T17:15:00;2025-04-25T20:30:00;;"CLP";0;0
634-27-LE25;"GRADOS PARA PERSONAL UNIFORMADO";"DIRECCION GENERAL DE GENDARMERIA DE CHIL";"61.004.000-4";"Dirección Nacional";"COMPAÑÍA Nº1048- piso 10";"Santiago";"Región Metropolitana de Santiago";"LE";"Cerrada";"DISPONE LLAMADO A LICITACIÓN PÚBLICA Y APRUEBA BASES ADMINISTRATIVAS, TÉCNICAS Y FORMULARIOS DESTINADOS A LA ADQUISICIÓN DE GRADOS PARA PERSONAL UNIFORMADO  E102RT9";2025-03-11T15:07:59.833;2025-04-10T16:30:00;2025-05-20T20:00:00;25331556;"CLP";0;0
1095-8-LE25;"ARRIENDO DE 4 EXCAVADORAS ORUGAS APTO. EL TEPUAL";"MINISTERIO DE OBRAS PUBLICAS DIREC CION GRAL DE OO PP DCYF";"61.202.000-0";"Dirección de Aeropuertos - X Región";"O´Higgins 451 Piso 2 Pto. Montt";"Puerto Montt";"Región de los Lagos";"LE";"Cerrada";"Que, se requiere el arriendo de cuatro excavadoras con orugas 1200 horas en total para trabajos de Conservación menor en el aeropuerto El Tepual, Provincia de Llanquihue. Que, es necesario realizar descuaje en diferentes sectores del recinto aeroportuario, como lo son  franja de seguridad, umbrales, entre otros para el aeropuerto El Tepual recinto ubicado en la Provincia de Llanquihue.";2025-04-04T09:39:27.78;2025-04-10T17:30:00;2025-04-14T17:30:00;;"CLP";0;0
4376-13-LE25;"SERVICIO DE MANTENCIÓN DE CLIMATIZACIÓN Y SALA DE";"SERVICIO NACIONAL DEL PATRIMONIO CULTURAL";"60.905.000-4";"BIBLIOTECA DE SANTIAGO";"";"";"Región Metropolitana de Santiago";"LE";"Cerrada";"SERVICIO DE MANTENCIÓN DE CLIMATIZACIÓN Y SALA DE BOMBAS";2025-03-27T17:52:28.697;2025-04-10T17:30:00;2025-05-06T20:00:00;22000000;"CLP";0;0
1242028-6-LE25;"ADQUISICIÓN TINTAS Y TONER CORPORACIÓN SEMCO 01-25";"CORPORACION SOCIAL Y CULTURA DE CONCEPCION - SEMCO";"70.942.400-9";"CORPORACION SOCIAL Y CULTURA DE CONCEPCION - SEMCO";"Avda. Rodolfo Briceño 1995, Lorenzo Arenas";"Concepción";"Región del Biobío";"LE";"Cerrada";"El Área de Informática de la Corporación SEMCO, requiere de la adquisición de tintas y toners para ser distribuidos en las distintas dependencias que administra, según lo establecido en las Bases Técnicas adjuntas";2025-04-03T17:07:44.793;2025-04-10T17:00:00;2025-04-14T17:00:00;;"CLP";0;0
3172-22-LE25;"MANT. SALA CALDERAS  27° COMISARÍA AEROPUERTO.";"DIRECCION DE LOGISTICA DE CARABINEROS";"61.938.500-4";"Depto.Cuarteles L.1";"Avda. Libertador Bernardo O'higgins";"Santiago Centro";"Región Metropolitana de Santiago";"LE";"Cerrada";"MANTENCIÓN SALA CALDERA 27° COMISARÍA AEROPUERTO.";2025-04-01T11:24:22.013;2025-04-10T17:30:00;2025-05-09T16:38:00;;"CLP";0;0
218-12-LE25;"Adq. de Martillo Hidraulico para Retroexcavadora";"I MUNICIPALIDAD SAN JOAQUIN";"69.254.600-8";"Ilustre Municipalidad de San Joaquin";"Avenida Santa Rosa Nº 2606";"San Joaquín";"Región Metropolitana de Santiago";"LE";"Cerrada";"La Municipalidad de San Joaquín, requiere adquirir mediante licitación pública un Martillo Hidráulico para Retroexcavadora Municipal para la Dirección de Gestión de Riesgo de Desastres.";2025-04-02T14:00:58.02;2025-04-10T17:00:00;2025-04-28T17:00:00;;"CLP";0;0
1057508-15-LP25;"CONVENIO COMPRA SERVICIOS PROFESIONALES TEA";"SERVICIO DE SALUD NUBLE";"61.607.000-2";"Bienes y Servicios";"";"";"Región del Ñuble";"LP";"Cerrada";"El Servicio de Salud Ñuble llama a Licitación Pública a través del Portal Mercado Público para suscribir un Convenio compra de prestaciones asociadas a la atención integral de niñosas y adolescentes con trastornos del espectro autista hasta los 18 años de edad, de la Red Asistencial de Ñuble, Servicio de Salud Ñuble. Se requieren profesionales Fonoaudiólogos, Psicólogos y terapeutas Ocupacionales para la realización de evaluaciones diagnostica y tratamiento para personas con espectro autista, de acuerdo a los requerimientos especificados en las Bases Administrativas y Técnicas de la presente licitación.";2025-03-21T08:32:12.653;2025-04-10T17:00:00;2025-05-05T17:00:00;132132000;"CLP";0;0
4689-11-LE25;"DATOS MÓVILES Y TELEFONIA CELULAR DEPTO.EDUCACIÓN";"I MUNICIPALIDAD DE MAULE";"69.110.900-3";"Depto. Educación Maule";"BALMACEDA Nº 485, COMUNA";"Maule";"Región del Maule";"LE";"Cerrada";"DATOS MÓVILES Y TELEFONIA CELULAR PARA DEPTO. EDUCACIÓN";2025-03-31T12:33:00;2025-04-10T17:00:00;2025-04-17T17:30:00;;"CLP";0;0
5052-17-LE25;"Convenio hipoclorito de sodio al 10%";"SERVICIO DE SALUD DEL MAULE HOSPITAL DE TALCA";"61.606.901-2";"Generales";"1 Norte Nº 1990";"Cauquenes";"Región del Maule";"LE";"Cerrada";"El objetivo de la presente licitación, es invitar a través de www.mercadopublico.cl a todos los proveedores del rubro a participar de la adquisición de hipoclorito de sodio (cloro) al 10% para el servicio del Hospital Regional de Talca y bajo las especificaciones técnicas requeridas por la Institución con el fin de seleccionar la oferta más conveniente de acuerdo a los criterios de evaluación, asegurando el abastecimiento en calidad y oportunidad, satisfaciendo así la demanda de los usuarios.";2025-04-04T16:52:01.667;2025-04-10T17:30:00;2025-05-15T16:15:00;;"CLP";0;0
2263-29-LE25;"Tubos HDPE varias medidas Multiproposito";"MINISTERIO DE OBRAS PUBLICAS DIREC CION GRAL DE OO PP DCYF";"61.202.000-0";"Dirección de Vialidad - IX Región - Provincia de Malleco";"Lautaro 17";"Angol";"Región de la Araucanía";"LE";"Cerrada";"Tubos HDPE varias medidas Multiproposito";2025-03-31T12:42:56.567;2025-04-10T16:40:00;2025-04-11T16:41:00;;"CLP";0;0
1230848-3-LE25;"ADQUISICION DE FARMACOS DROGUERIA CENTRAL";"Corporación Municipal de Desarrollo Social de Calama";"70.954.900-6";"Corporación Municipal de Desarrollo Social de Cala";"Avenida Bernardo O'Higgins Nº 1155";"Calama";"Región de Antofagasta";"LE";"Cerrada";"El presente proceso tiene por objeto, la adquisición de medicamentos para la Droguería Central.";2025-03-31T12:58:00;2025-04-10T17:00:00;2025-05-12T11:31:00;65000000;"CLP";0;0
1019-31-LE25;"ADQUISICIÓN DE IMÁGENES SATELITALES ESTÉREO Y MDT PARA LA DIVISIÓN DE HIDROLOGÍA DE LA DIRECCIÓN GENERAL DE AGUAS";"MINISTERIO DE OBRAS PUBLICAS DIREC CION GRAL DE OO PP DCYF";"61.202.000-0";"MINISTERIO DE OBRAS PUBLICAS DIREC CION GRAL DE OO";"Morandé 59, piso 8";"Santiago";"Región Metropolitana de Santiago";"LE";"Cerrada";"El objetivo general de esta licitación pública es la adquisición de productos satelitales de programación, para el fin del año hidrológico 2024-2025 (desde el 1 al 30 de abril de 2025) de zonas cubiertas por glaciares de interés para el Servicio, con el propósito de usarlas como insumos para realizar balances de masa geodésicos, de acuerdo con las disposiciones que se especifican en las presentes Bases. Por tratarse de la adquisición de bienes de simple y objetiva especificación, según consta de las presentes Bases Técnicas, la contratación se formalizará mediante la emisión de la orden de compra y su aceptación por parte del proveedor, conforme a lo establecido en las presentes Bases (Bases Administrativas, en sus numerales X y XVII), en relación con lo dispuesto en el artículo 117 del Decreto Supremo N° 661, de 2024, del Ministerio de Hacienda.";2025-04-01T16:18:00;2025-04-10T16:59:00;2025-04-21T18:00:00;;"CLP";0;0
2788-35-L125;"SEGREGADOR DE HORMIGON, SOLERAS Y SOLERILLAS";"I MUNICIPALIDAD DE PAINE";"69.072.600-9";"DEPARTAMENTO DE ADQUISICIONES";"AVDA 18 DE SEPTIEMBRE N°35";"Paine";"Región Metropolitana de Santiago";"L1";"Cerrada";"SE REQUIERE LA COMPRA DE SEGREGADOR DE HORMIGON , SOLERAS Y SOLERILLAS PARA TRABAJOS EN LA COMUNA (SOL. DE COMPRA N° 342 DEL 21.03.2025 - ASEO Y ORNATO)";2025-04-02T13:19:00;2025-04-10T17:00:00;2025-05-10T17:30:00;6472800;"CLP";0;0
2961-21-LE25;"INSTALACION TABIQUERIA Y MAMPARA";"I MUNICIPALIDAD DE LA GRANJA";"69.072.400-6";"Adquisicion Municipal";"AV. AMERICO VESPUCIO 2";"La Granja";"Región Metropolitana de Santiago";"LE";"Cerrada";"SC 81 SP 260 SERVICIOS GENERALES IDDOC 757147 CUENTA 2152204012001";2025-04-03T19:58:58.233;2025-04-10T17:03:00;2025-04-23T17:00:00;12500000;"CLP";0;0
608-58-LR25;"PJP_SERVICIOS DE COLOCACIONES EXTRA HOSPITALARIAS";"HOSPITAL DR GUSTAVO FRICKE DE VINA DEL MAR";"61.606.602-1";"Hospital Dr. Gustavo Fricke";"ALVAREZ 1532";"Viña del Mar";"Región de Valparaíso";"LR";"Cerrada";"Las presentes bases norman el proceso de llamado a Licitación Pública, a través del Sistema Mercado Público, para lo cual el Hospital Dr. Gustavo Fricke, en su calidad de Mandante, hace un llamado para la contratación de los “SERVICIOS DE COLOCACIONES EXTRA HOSPITALARIAS”.";2025-03-11T10:37:24.843;2025-04-10T17:00:00;2025-06-11T20:00:00;;"CLP";0;0
1057489-122-LE25;"Convenio de Suministro de Apósito Carbón Activado con Plata por 36 meses para Hospital del Salvador";"SERVICIO DE SALUD ORIENTE HOSPITAL DEL SALVADOR";"61.608.406-2";"Bienes y Servicios";"AV SALVADOR 364";"Providencia";"Región Metropolitana de Santiago";"LE";"Cerrada";"Que, el Hospital del Salvador necesita contar con un Convenio de Suministro de Apósito Carbón Activado con Plata por 36 meses para Hospital del Salvador con la finalidad de satisfacer de manera adecuada y eficiente la labor asistencial   Que, por la cuantía determinada, la presente licitación se ubica en el tramo para aquellas contrataciones iguales o superiores a 100 UTM e inferiores a 1.000 UTM, en conformidad al Artículo 36º del Reglamento de la Ley Nº19.886 Que, hechas las consultas respectivas, la provisión de Convenio de Suministro de Apósito Carbón Activado con Plata por 36 meses para Hospital del Salvador no se encuentra disponible por Convenio Marco ofrecidos en el Sistema de Información de la Dirección de Compras, www.mercadopublico.cl Que, esta compra está vinculada al proyecto 1057489-119-PC25 Línea 4, correspondiente al plan anual de compras del año 2025";2025-03-31T15:15:59.61;2025-04-10T17:00:00;2025-06-30T18:49:00;50000000;"CLP";0;0
2790-28-L125;"ADQUISICION DE BOTONES DE PÁNICO CON SERVICIO DE INSTALACIÓN Y MANTENCIÓN";"I MUNICIPALIDAD DE PAINE";"69.072.600-9";"DEPARTAMENTO DE SALUD MUNICIPAL";"AVDA GENERAL BAQUEDANO N°214";"Paine";"Región Metropolitana de Santiago";"L1";"Cerrada";"SERVICIO DE ADQUISICIÓN E INSTALACIÓN Y MANTENCIÓN DE UN SISTEMA DE BOTONES DE PÁNICO PARA LOS ESTABLECIMIENTOS DE SALUD DE LA COMUNA / SC N°77 12.03.2025- DESAM";2025-04-02T13:25:51.74;2025-04-10T17:00:00;2025-04-30T16:02:00;6800000;"CLP";0;0
2595-30-LE25;"CAJAS DE ALIMENTOS PARA PROGRAMAS MUNICIPALES.";"I MUNICIPALIDAD DE PARRAL";"69.130.700-K";"I MUNICIPALIDAD DE PARRAL";"Dieciocho Nº 720";"Parral";"Región del Maule";"LE";"Cerrada";"ADQUISICIÓN CAJAS DE ALIMENTO PROGRAMA ASISTENCIA SOCIAL Y PROGRAMA ACOMPAÑAMIENTO SOCIAL. SEGÚN ESPECIFICACIONES TECNICAS Y DEMAS ANTECEDENTES ADJUNTOS.";2025-04-03T09:14:00;2025-04-10T17:00:00;2025-04-25T16:00:00;;"CLP";0;0
2258-47-LR25;"INSUMOS VENDAS Y GASAS";"SERVICIO DE SALUD ANTOFAGASTA HOSPITAL L";"61.606.201-8";"Abastecimiento Principal";"Avda Pedro Aguirre Cerda Nª 5900";"Antofagasta";"Región de Antofagasta";"LR";"Cerrada";"PROGRAMACION LOGISTICA Y FARMACIA";2025-03-10T12:21:17.44;2025-04-10T16:40:00;2025-07-11T16:41:00;;"CLP";0;0
3810-30-LP25;"CONTRATO SUMINISTRO DE MADERAS PARA ILUSTRE MUNICIPALIDAD DE PICHILEMU AÑO 2025";"ILUSTRE MUNICIPALIDAD DE PICHILEMU";"69.091.200-7";"Ilustre Municipalidad de Pichilemu";"Angel Gaete 365";"Pichilemu";"Región del Libertador General Bernardo O´Higgins";"LP";"Cerrada";"CONTRATO SUMINISTRO DE MADERAS PARA ILUSTRE MUNICIPALIDAD DE PICHILEMU AÑO 2025";2025-03-21T12:06:05.677;2025-04-10T16:36:00;2025-04-30T16:37:00;;"CLP";0;0
2189-10-LQ25;"ADQUISICION EQUIPOS DE PABELLÓN PARA CRR HOSPITAL REGIONAL DE TALCA";"SERVICIO DE SALUD DEL MAULE";"61.606.900-4";"Dpto. R. Físicos Dirección Serv. Salud del Maule";"1 ORIENTE Nº 936";"Talca";"Región del Maule";"LQ";"Cerrada";"ADQUISICION EQUIPOS DE PABELLÓN PARA CRR HOSPITAL REGIONAL DE TALCA";2025-03-21T16:29:45.3;2025-04-10T16:30:00;2025-08-11T16:00:00;205538000;"CLP";0;0
2422-80-LE25;"SA  943015  DIMAO INSUMOS CONTROL DE PLAGAS DE USO URBANO";"I MUNICIPALIDAD DE PUENTE ALTO";"69.072.100-7";"I MUNICIPALIDAD DE PUENTE ALTO";"CONCHA Y TORO 3214, PARQUE GABRIELA";"Puente Alto";"Región Metropolitana de Santiago";"LE";"Cerrada";"DIMAO INSUMOS CONTROL DE PLAGAS DE USO URBANO PARA SER USADOS EN DISTINTOS DOMICILIOS DE LA COMUNA";2025-04-02T12:21:47.023;2025-04-10T16:15:00;2025-04-29T16:16:00;;"CLP";0;0
3376-7-LP25;"SERVICIO DE RETIRO RESIDUOS PELIGROSOS";"COMANDO DE APOYO A LA FUERZA";"61.101.078-8";"DIVLOG - Comando DIVLOG";"Manuel Rivas Vicuña 365";"Estación Central";"Región Metropolitana de Santiago";"LP";"Cerrada";"ADQUISICIÓN DEL SERVICIO DE ASEO,  RETIRO, TRANSPORTE Y DISPOSICIÓN FINAL DE LOS RESIDUOS PELIGROSOS” DEL EJÉRCITO DE CHILE.";2025-03-21T14:04:46;2025-04-10T16:30:00;2025-05-06T10:03:00;79432500;"CLP";0;0
2448-23-LE25;"SUMINISTRO COFFEE BREAK PAC 2025";"I MUNICIPALIDAD DE COQUIMBO";"69.040.300-5";"Departamento de Salud";"Bilbao  348";"Coquimbo";"Región de Coquimbo";"LE";"Cerrada";"Implementar actividades autogestionadas de perfeccionamiento incluida en el Programa Anual de Capacitación PAC 2025 aprobado por Resolución Ministerial. Dicha actividad requiere mantener enfocados a los funcionarios de la APS Coquimbo en jornadas completas resguardadas bajo la Ley 19.378. Por lo cual se necesita como mínimo ofrecer un coffee break por jornada.";2025-03-31T09:50:20.11;2025-04-10T16:14:00;2025-04-30T16:15:00;25000000;"CLP";0;0
2311-73-LE25;"CONVENIO RESOLUTIVIDAD OTORRINO";"ILUSTRE MUNICIPALIDAD DE MOLINA";"69.110.100-2";"Dirección Comunal de Salud";"Independencia 1926";"Molina";"Región del Maule";"LE";"Cerrada";"Decreto alcadicio N 1723 Aprueba bases de licitación para el proyecto denominado Convenio de Resolutividad OTORRINO Según se señala en las bases y documento que se adjuntan a la licitación";2025-04-01T12:51:00;2025-04-10T16:30:00;2025-04-16T19:00:00;;"CLP";0;0
3608-8-LE25;"ADQUISICION DE LICENCIAS MICROSOFT 365";"I MUNICIPALIDAD DE SAAVEDRA";"69.190.600-0";"I MUNICIPALIDAD DE SAAVEDRA";"Ejercito 1424";"Puerto Saavedra";"Región de la Araucanía";"LE";"Cerrada";"Adquisición de licencias Microsoft 365 para la Municipalidad de Saavedra. Se adjuntan bases y anexos para completar.";2025-04-02T16:24:00;2025-04-10T16:35:00;2025-04-14T16:36:00;11000000;"CLP";0;0
2263-37-LE25;"Maderas Unidad Curacautín";"MINISTERIO DE OBRAS PUBLICAS DIREC CION GRAL DE OO PP DCYF";"61.202.000-0";"Dirección de Vialidad - IX Región - Provincia de Malleco";"Lautaro 17";"Angol";"Región de la Araucanía";"LE";"Cerrada";"Maderas Unidad Curacautín";2025-03-31T12:43:11.837;2025-04-10T16:36:00;2025-04-11T10:37:00;;"CLP";0;0
2189-9-LP25;"ADQUISICION INSTRUMENTAL PARA CRR HOSPITAL REGIONAL DE TALCA";"SERVICIO DE SALUD DEL MAULE";"61.606.900-4";"Dpto. R. Físicos Dirección Serv. Salud del Maule";"1 ORIENTE Nº 936";"Talca";"Región del Maule";"LP";"Cerrada";"Adquisición del instrumental necesario para el centro regional de resolución del Hospital Regional de Talca.";2025-03-21T16:29:18.707;2025-04-10T16:30:00;2025-08-11T17:30:00;121354000;"CLP";0;0
434-25-LE25;"CONTRATO SUMINISTRO NEUMATICOS MEMO N 29 ADMINISTRACION MOVILIZACION";"I MUNICIPALIDAD DE CAUQUENES";"69.120.400-6";"Adquisiciones";"BODEGA MUNICIPAL";"Cauquenes";"Región del Maule";"LE";"Cerrada";"CONTRATO DE SUMINISTRO DE NEUMATICOS NECESARIO PARA NORMAL FUNCIONAMIENTO DE LOS VEHICULOS MUNICIPALES, SEGUN MEMO N 29 DE ADMINISTRACION (MOVILIZACION). SEGUN BASES TECNICAS ADJUNTAS";2025-04-02T16:31:22.81;2025-04-10T16:20:00;2025-04-29T16:30:00;24000000;"CLP";0;0
2360-19-LE25;"MANTENIMIENTO DE CUBIERTAS EN TECHOS DE LOS CECOSF DE LA COMUNA DE TALCAHUANO";"I MUNICIPALIDAD DE TALCAHUANO";"69.150.800-5";"DISAM";"BULNES N° 266 TALCAHUANO CENTRO";"Talcahuano";"Región del Biobío";"LE";"Cerrada";"LA DAS DE TALCAHUANO REQUIERE DE LA CONTRATACION DE SERVICIOS PARA LA MENTENCION DE LAS CUBIERTAS DE LOS TECHOS EN LOS CECOSF DE LA COMUNA";2025-04-03T12:20:56.89;2025-04-10T16:13:00;2025-04-16T16:14:00;;"CLP";0;0
3617-1-LE25;"Proyecto reforestación sectores degradados en PNTP";"CORP NACIONAL FORESTAL";"61.313.000-4";"XII Región - Oficina Provincial Ultima Esperanza";"Manuel Baquedano N°847";"Puerto Natales";"Región de Magallanes y de la Antártica";"LE";"Cerrada";"Con el objetivo de asistir la recuperación de ecosistemas boscosos degradados por incendios forestales, se requiere contratar servicios para la ejecución de faenas de reforestación en varios sectores del Parque Nacional Torres del Paine, comuna de Torres del Paine, provincia de Última Esperanza.";2025-03-27T15:50:15.317;2025-04-10T16:14:00;2025-04-15T16:15:00;;"CLP";0;0
1393575-7-LE25;"SERVICIO CONTABLE FINANCIERO Y REMUNERACIONES";"FUNDACION IMAGEN DE CHILE";"65.010.882-5";"Dirección de Administración y Control de Gestión";"MONJITAS 392 OFICINA 1501";"Santiago";"Región Metropolitana de Santiago";"LE";"Cerrada";"LICITACIÓN PARA LA CONTRATACIÓN DEL SERVICIO CONTABLE, FINANCIERO Y REMUNERACIONES PARA FUNDACIÓN IMAGEN DE CHILE";2025-03-31T17:49:50.65;2025-04-10T17:45:00;2025-04-18T17:46:00;;"CLP";0;0
2766-23-L125;"Servicios de guardias de seguridad";"I MUNICIPALIDAD DE LA CISTERNA";"69.072.000-0";"SALUD";"Pedro Aguirre Cerda #0245";"La Cisterna";"Región Metropolitana de Santiago";"L1";"Cerrada";"Las presentes Bases Administrativas y Técnicas tienen por objeto establecer las exigencias mínimas requeridas para la contratar los servicios de seguridad y vigilancia en dependencias de Salud comunal CESFAM NUEVO EDUARDO FREI MONTALVA.";2025-04-04T16:37:30.533;2025-04-10T18:11:00;2025-04-11T18:12:00;6830600;"CLP";0;0
3113-3-LP25;"ADQUISICIÓN DE PASAJES TERRESTRES";"DIRECCION DE ABASTECIMIENTO DE LA ARMADA";"61.946.500-8";"DIRECCION DE RECUPERACION DE UNIDADES DE LA ARMADA";"";"";"Región del Biobío";"LP";"Cerrada";"EFECTUAR LA ADQUISICIÓN DE PASAJES TERRESTRES PARA LA DIRECCIÓN DE RECUPERACIÓN DE UNIDADES DE LA ARMADA (T.).";2025-03-31T17:39:49.753;2025-04-10T18:10:00;2025-06-10T15:10:00;;"CLP";0;0
4891-6-LE25;"SERV.DISEÑOIMPLEMENTACION FACILITADOR COMUNICACIO";"SUBSECRETARÍA DE LAS CULTURAS Y LAS ARTES";"61.978.780-3";"Consejo Regional de la Cultura y Las Artes R. Metropolitana";"AHUMADA 48 PISO 4, SANTIAGO CENTRO";"Santiago Centro";"Región Metropolitana de Santiago";"LE";"Cerrada";"SERVICIO DE DISEÑO, PLANIFICACIÓN E IMPLEMENTACIÓN DE ACTIVIDADES PEDAGÓGICAS EN EL ÁREA DE LAS COMUNICACIONES, PARA LA PROGRAMACIÓN DEL AÑO 2025, DEL CENTRO DE CREACIÓN CECREA, DE LA SECRETARÍA REGIONAL MINISTERIAL DE LAS CULTURAS, LAS ARTES Y EL PATRIMONIO, REGIÓN METROPOLITANA.";2025-03-31T16:37:33.793;2025-04-10T18:00:00;2025-04-21T18:00:00;8000000;"CLP";0;0
5538-7-LE25;"Material de aseo e higiene para D.R. y Jardines";"JUNTA NACIONAL DE JARDINES         INFANTILES";"70.072.600-2";"Junji - XIV Región - Los Ríos";"ARAUCO N° 371-373, Valdivia";"Valdivia";"Región de Los Ríos";"LE";"Cerrada";"La Junta Nacional de Jardines Infantiles, a través la Subdirección de Planificación de la Región de Los Ríos, necesita adquirir el siguiente material aseo e higiene para la Junta Nacional de Jardines Infantiles, Dirección Regional y Jardines Infantiles programa P01, P02 y P04.";2025-03-31T17:52:06.73;2025-04-10T18:00:00;2025-04-28T15:34:00;;"CLP";0;0
5740-6-LE25;"SERVICIO DE ADMINISTRACION DE SALA CUNA";"DIRECCION GENERAL DE GENDARMERIA DE CHIL";"61.979.060-k";"Región de los Ríos";"Calle Maipú Nº151";"Valdivia";"Región de Los Ríos";"LE";"Cerrada";"CONTRATAR SERVICIO DE ADMINISTRACION DE SALA CUNA, PARA FUNCIONARIASOS DE GENDARMERIA DE CHILE, REGION DE LOS RIOS.";2025-03-27T17:38:26.353;2025-04-10T18:00:00;2025-04-28T18:00:00;;"CLP";0;0
1057472-51-LE25;"Suministro de Insumos de Traumatología";"HOSPITAL CLINICO METROPOLITANO EL CARMEN DOCTOR LUIS VALENTIN FERRADA";"61.980.320-5";"Bienes y Servicios";"Camino Rinconada N°1201";"Maipú";"Región Metropolitana de Santiago";"LE";"Cerrada";"Suministro de Insumos de Traumatología para pacientes del Hospital.";2025-04-01T14:18:34.54;2025-04-10T18:00:00;2025-06-10T19:54:00;;"CLP";0;0
691-2-LE25;"Servicio Transporte Prog. Recuperación de Barrios";"SUBSECRETARIA DEL MINISTERIO DE LA VIVIENDA Y URBANISMO";"61.802.007-K";"SEREMI MINVU VII REGION";"DOS NORTE N° 720, ESQUINA 1 PONIENTE, SEREMI DE VIVIENDA EDIFICIO MINVU";"Talca";"Región del Maule";"LE";"Cerrada";"Se requiere contratar el Servicio de Transporte para el Programa de Recuperación de Barrios.";2025-03-31T15:45:10.87;2025-04-10T18:00:00;2025-04-24T18:00:00;;"CLP";0;0
1429-2-LE25;"E102RT9 SERVICIO DE RECAUDACION  VALORES FISCALES";"SERV NACIONAL DE PESCA";"60.701.015-3";"R.M - Servicio Nacional de Pesca y Acuicultura";"Osvaldo Croquevielle Cardemil N°2207, Sector Carga";"Pudahuel";"Región Metropolitana de Santiago";"LE";"Cerrada";"Las presentes Bases Administrativas regularán la propuesta pública a que llame el Servicio Nacional de Pesca y Acuicultura, en adelante el Servicio o Sernapesca,  para la adjudicación del “Servicio de recaudación diaria de valores fiscales por certificación de productos pesqueros de exportación, licencias de pesca recreativa y otros valores que constituyen ingresos propios para el Servicio Nacional de Pesca y Acuicultura – Región Metropolitana, con el objeto de satisfacer en forma oportuna y eficiente  las necesidades del Servicio en esta materia.";2025-03-31T17:12:52.423;2025-04-10T18:45:00;2025-04-17T18:46:00;27000000;"CLP";0;0
2045-7-L125;"Servicio de  arriendo Monitoreo Ambulatorio de Presión Arterial / Holter de Presión Arterial";"SERVICIO DE SALUD DEL MAULE HOSPITAL DE CUREPTO";"61.606.910-1";"Hospital de Curepto";"BARROS ARANA 820";"Lautaro";"Región de la Araucanía";"L1";"Cerrada";"El Hospital de Curepto requiere la contratación del servicio de arriendo de dispositivo y generación de informes de Holter de Presión Arterial, para el diagnóstico, seguimiento, y diagnóstico diferencial de Hipertensión Arterial de los usuarios del Policlínico del Hospital de Curepto.";2025-03-31T17:16:00;2025-04-10T18:37:00;2025-04-17T18:37:00;;"CLP";0;0
729-45-LE25;"LLAVES DE TORQUE     GATA HIDRAULICA  7-12620   MVV";"EMPRESA DE TRANSPORTE DE PASAJEROS METRO S A";"61.219.000-3";"Compras Técnicas";"Av. Lib. Bernardo O´Higgins 1414";"Santiago Centro";"Región Metropolitana de Santiago";"LE";"Cerrada";"Se requieren ofertas que cumplan con las especificaciones técnicas solicitadas (Solo una oferta por proveedor), es de suma importancia adjuntar Fichas técnicas es obligatoria o de lo contrario queda fuera del proceso, Plazos de entrega, Formulario PEP firmado cuando sea mayor a 1000 UF, declaración de vínculos obligatorio e indicar plazo de entrega en días hábiles bancarios. Se recuerda que la única Orden de Compra válida es la emitida por Metro S.A. La adjudicación será notificada por Gestor de Compras mediante correo electrónico, cabe destacar además que las fichas o información técnica deben ser subidas o de lo contrario quedara fuera del proceso, ojalá esta debe venir en un solo archivo mencionando el ítem. En el anexo B, se deben completar los siguientes formularios: 4, 5,7 y 8. “PARA LOS REPUESTOS QUE NO SE FABRIQUEN Y NO SE COMERCIALICEN EN EL MERCADO NACIONAL, SE ACEPTARAN COTIZACIONES EN OTRAS MONEDAS, EL TIPO DE CAMBIO PARA EFECTOS DE COMPARACIÓN, CORRESPONDERÁ AL DÍA DE LA APERTURA ECONÓMICA”.";2025-04-03T12:37:07.533;2025-04-10T18:42:00;2025-04-18T18:43:00;;"CLP";0;0
1414396-5-LP25;"Servicio de Control Integral de Plagas para SLEP";"SERVICIO LOCAL DE EDUCACIÓN PÚBLICA DEL PINO";"61.981.090-2";"SLEP Del Pino 02";"O´Higgins 107";"San Bernardo";"Región Metropolitana de Santiago";"LP";"Cerrada";"El Servicio Local de Educación Pública del Pino, requiere la contratación del Servicio de Control Integral de Plagas para establecimientos educacionales dependientes del Servicio Local de Educación Pública Del Pino. La empresa adjudicada deberá entregar los servicios en las comunas de San Bernardo, Calera de Tanto, La Pintana y El Bosque, por un periodo de veinticuatro 24 meses.";2025-03-31T18:10:29.673;2025-04-10T18:30:00;2025-05-20T19:00:00;;"CLP";0;0
1024-6-LP25;"BARRERAS METALICAS DOBLE ONDA DRV - TARAPACA.";"MINISTERIO DE OBRAS PUBLICAS DIREC CION GRAL DE OO PP DCYF";"61.202.000-0";"Dirección de Vialidad - I Región - Dirección Regional";"Tarapacá N° 130, piso 3";"Iquique";"Región de Tarapacá";"LP";"Cerrada";"Suministro de Barreras Metálica de Contención Doble Onda para ser utilizadas en las Rutas A-555,  Rutas A-525 y A-475, por la Administración Directa de las Provincias de Iquique- Tamarugal, Región de Tarapacá.";2025-03-31T14:25:45.14;2025-04-10T18:44:00;2025-04-14T18:45:00;;"CLP";0;0
729-42-LE25;"ARTICULOS VARIOS 4 SOLPED N 70012653 - 20018951  RVO";"EMPRESA DE TRANSPORTE DE PASAJEROS METRO S A";"61.219.000-3";"Compras Técnicas";"Av. Lib. Bernardo O´Higgins 1414";"Santiago Centro";"Región Metropolitana de Santiago";"LE";"Cerrada";"Se requieren ofertas que cumplan con las especificaciones técnicas solicitadas (Solo una oferta por proveedor), es de suma importancia adjuntar fichas técnicas, formulario PEP firmado,  declaración de vínculos firmado e indicar plazo de entrega en días hábiles bancarios. Se recuerda que la única Orden de Compra válida es la emitida por Metro S.A. La adjudicación será notificada por Gestor de Compras mediante correo electrónico. “PARA LOS REPUESTOS QUE NO SE FABRIQUEN Y NO SE COMERCIALICEN EN EL MERCADO NACIONAL, SE ACEPTARAN COTIZACIONES  EN OTRAS MONEDAS, EL TIPO DE CAMBIO PARA EFECTOS DE COMPARACION, CORRESPONDERÁ AL DIA DE LA APERTURA ECONOMICA”. En el anexo B, se deben completar  los siguientes formularios: 4, 5,7 y 8.";2025-04-02T16:13:40.64;2025-04-10T18:39:00;2025-06-15T18:40:00;;"CLP";0;0
1256505-19-LE25;"Reposiciòn de Cierre perimetral Liceo Tec.el Tambo";"CORPORACION DE DESARROLLO DE LA COMUNA DE SAN VICENTE";"71.015.300-0";"CORPORACION DE DESARROLLO DE LA COMUNA DE SAN VICE";"Calle principal Toquihua N°084, San Vicente de T.T";"San Vicente de Tagua Tagua";"Región del Libertador General Bernardo O´Higgins";"LE";"Cerrada";"Existe la necesidad de la reposición de los cierres perimetrales del Liceo Técnico Profesional el Tambo, es necesario poder reponer el cierre, en razón a que este colinda con zonas habitadas y el establecimiento es un en establecimiento Técnico Agrícola y contar con un Internado.";2025-03-28T14:52:00;2025-04-10T18:41:00;2025-04-28T18:42:00;27920000;"CLP";0;0
2440-56-LE25;"Instalación de Invernadero para el Establecimiento Educacional Anexo Politécnico Curicó";"I MUNICIPALIDAD DE CURICO";"69.100.100-8";"Municipalidad de Curicó - Educación - Adquisiciones";"";"";"Región del Maule";"LE";"Cerrada";"El Departamento de Administración de Educación Municipal de Curicó requiere adquirir Instalación de Invernadero para el Establecimiento Educacional Anexo Politécnico Curicó";2025-02-19T13:59:00;2025-03-03T19:57:00;2025-03-28T10:00:00;10700000;"CLP";0;0
2273-23-L125;"“MOBILIARIO Y CORTINAS DEPARTAMENTO DE PRENSA Y RELACIONES PÚBLICAS, memo 8101";"I MUNICIPALIDAD DE LA PINTANA";"69.253.800-5";"DEPARTAMENTO ADQUISICIONES MUNICIPAL";"Por correo electrónico";"Las Condes";"Región Metropolitana de Santiago";"L1";"Cerrada";"“MOBILIARIO Y CORTINAS DEPARTAMENTO DE PRENSA Y RELACIONES PÚBLICAS”";2025-04-01T11:37:00;2025-04-10T19:27:00;2025-05-14T19:32:00;5800000;"CLP";0;0
1660-42-L125;"COMPRA DE SERVICIOS DE 1 TONS PARA HOSPITAL DE SALAMANCA PARA PROGRAMA EXTENCION HORARIA";"SERVICIO SALUD COQUIMBO HOSP DE SALAMANC";"61.606.408-8";"SERVICIO SALUD COQUIMBO HOSP DE SALAMANC";"AVDA. INFANTE N891";"Salamanca";"Región de Coquimbo";"L1";"Cerrada";"COMPRA DE SERVICIOS DE 1 TONS PARA HOSPITAL DE SALAMANCA PARA PROGRAMA EXTENCION HORARIA, 880 PRESTACIONES ANUALES";2025-04-03T16:26:02.983;2025-04-10T19:29:00;2025-04-14T19:29:00;1980000;"CLP";0;0
1058134-49-LQ25;"CONVENIO SUMINISTRO MEDICAMENTOS COMPRIMIDOS 1-2025";"SERVICIO DE SALUD VALDIVIA HOSPITAL BASE";"61.607.502-0";"Fármarcos";"Bienes y Servicios";"Valdivia";"Región de Los Ríos";"LQ";"Cerrada";"CONVENIO SUMINISTRO MEDICAMENTOS COMPRIMIDOS 1-2025 PARA EL HOSPITAL BASE VALDIVIA";2025-03-31T10:23:05.793;2025-04-10T19:00:00;2025-06-30T19:59:00;240000000;"CLP";0;0
1057547-159-LE25;"CONVENIO DE CONFECCIÓN E INSTALACION DE VENTANAS";"SERVICIO DE SALUD VALDIVIA HOSPITAL BASE";"61.607.502-0";"Bienes y Servicios";"Bienes y Servicios";"Valdivia";"Región de Los Ríos";"LE";"Cerrada";"CONVENIO DE CONFECCIÓN E INSTALACION DE VENTANAS PARA EDIFICIO DE PSIQUIATRIA DEL HOSPITAL BASE VALDIVIA";2025-03-31T12:22:39.527;2025-04-10T19:00:00;2025-06-30T19:59:00;50000000;"CLP";0;0
4841-4-LE25;"SERVICIOS PERSONALES DE INTERVENCIÓN UPAE";"SERVICIO NACIONAL DEL PATRIMONIO CULTURAL";"60.905.000-4";"CENTRO NACIONAL DE CONSERVACIÓN Y RESTAURACIÓN";"Recoleta Nº 683";"Recoleta";"Región Metropolitana de Santiago";"LE";"Cerrada";"El Centro Nacional de Conservación y Restauración, en adelante también “CNCR”, dependiente del Servicio Nacional del Patrimonio Cultural en adelante también el “Servicio” o el “Serpat”, licita públicamente “Servicios Personales de Intervención en Patrimonio Arqueológico y Etnográfico” para cuyo efecto invita a personas naturales y jurídicas del rubro a formular ofertas conforme a lo dispuesto en El Centro Nacional de Conservación y Restauración, en adelante también “CNCR”, dependiente del Servicio Nacional del Patrimonio Cultural (en adelante también el “Servicio” o el “Serpat”), licita públicamente “Servicios Personales de Intervención en Patrimonio Arqueológico y Etnográfico” para cuyo efecto invita a personas naturales y jurídicas del rubro a formular ofertas conforme a lo dispuesto en las presentes Bases Administrativas y Técnicas";2025-03-31T17:50:00;2025-04-10T19:00:00;2025-04-22T19:00:00;13035554;"CLP";0;0
1057547-158-LE25;"CONV MANTENCION Y LIMPIEZA DE RED ALCANTARILLADO";"SERVICIO DE SALUD VALDIVIA HOSPITAL BASE";"61.607.502-0";"Bienes y Servicios";"Bienes y Servicios";"Valdivia";"Región de Los Ríos";"LE";"Cerrada";"CONVENIO DE MANTENCION Y LIMPIEZA DE RED DE ALCANTARILLADO DEL HOSPITAL BASE VALDIVIA";2025-03-31T11:37:32.92;2025-04-10T19:00:00;2025-06-30T19:59:00;35000000;"CLP";0;0
1057547-163-LE25;"CONVENIO INSUMOS PARA HERIDAS Y CUIDADO DE LA PIEL";"SERVICIO DE SALUD VALDIVIA HOSPITAL BASE";"61.607.502-0";"Bienes y Servicios";"Bienes y Servicios";"Valdivia";"Región de Los Ríos";"LE";"Cerrada";"CONVENIO DE INSUMOS PARA HERIDAS Y CUIDADO DE LA PIEL DEL HOSPITAL BASE VALDIVIA";2025-03-31T16:41:29.463;2025-04-10T19:00:00;2025-06-30T19:59:00;30000000;"CLP";0;0
1057547-162-LE25;"COMPRA SERVICIOS PARA REALIZAR HEMODINAMIA DE URGE";"SERVICIO DE SALUD VALDIVIA HOSPITAL BASE";"61.607.502-0";"Bienes y Servicios";"Bienes y Servicios";"Valdivia";"Región de Los Ríos";"LE";"Cerrada";"COMPRA SERVICIOS PARA REALIZAR HEMODINAMIA DE URGENCIA EN PACIENTES DEL HOSPITAL BASE VALDIVIA";2025-03-31T16:08:27.227;2025-04-10T19:00:00;2025-06-30T19:59:00;67000000;"CLP";0;0
3603-25-LE25;"ADQUISICION DE SISTEMA REPETIDOR  DIGITAL DMR";"I MUNICIPALIDAD DE MULCHEN";"69.170.500-5";"DIRECCION DE ADMINISTRACION Y FINANZAS";"ANIBAL PINTO 495";"Mulchén";"Región del Biobío";"LE";"Cerrada";"Sistema Repetidor Digital Profesional DMR con accesorios y características de las Especificaciones Técnicas";2025-03-31T12:32:41.477;2025-04-10T18:47:00;2025-04-11T18:48:00;;"CLP";0;0
758-21-LE25;"SC 20247 Adquisición de Equipos Telefónicos IP";"SERVICIO NACIONAL DE PREVENCIÓN Y RESPUESTA ANTE DESASTRES";"60.509.001-k";"COMPRAS NORMALES";"Beauchef Nº 1671";"Santiago";"Región Metropolitana de Santiago";"LE";"Cerrada";"Adquisición de 35 unidades de equipos telefónicos IP, con la finalidad de entregar equipamiento a los funcionarios que se incorporen a SENAPRED.";2025-03-28T14:57:00;2025-04-10T19:00:00;2025-05-02T18:00:00;12600000;"CLP";0;0
5251-52-LE25;"Materiales eléctricos para Sala Probicom";"UNIVERSIDAD TECNOLOGICA METROPOLITANA";"70.729.100-1";"DEPARTAMENTO DE ABASTECIMIENTO";"Calle Dieciocho Nª178, Santiago";"Santiago";"Región Metropolitana de Santiago";"LE";"Cerrada";"ejecutar el proyecto “Sala 03 Probicom M10 de Campus Ñuñoa”, en respuesta a las necesidades identificadas durante el levantamiento realizado por el equipo del Departamento de Obras. Se requiere la compra de materiales eléctricos que permitan dotar al departamento de los suministros suficientes para el equipamiento del laboratorio.";2025-03-31T18:02:11.203;2025-04-10T20:00:00;2025-05-12T20:00:00;8500000;"CLP";0;0
2446-58-LP25;"L.P. 82-2025 ADQUISICIÓN DE ROLLOS DE NYLON";"I MUNICIPALIDAD DE COQUIMBO";"69.040.300-5";"IMUNI_COQUIMBO";"BILBAO 348";"Coquimbo";"Región de Coquimbo";"LP";"Cerrada";"ADQUISICIÓN DE ROLLOS DE NYLON";2025-03-21T16:48:02.993;2025-04-10T19:53:00;2025-04-30T19:54:00;70000000;"CLP";0;0
967490-5-LE25;"MANT. Y REP. CALDERAS BOMBA DE AGUA Y POZO PROFUN";"DIRECCION DE LOGISTICA DE CARABINEROS";"60.505.000-K";"Escuela Nacional de Especialidades Carabineros";"Cuadro Verde N° 350-B  Stgo. Centro";"";"Región Metropolitana de Santiago";"LE";"Cerrada";"SERVICIO DE MANTENCIÓN Y REPARACIÓN DE CALDERAS, BOMBA DE AGUA Y POZO PROFUNDO, EN LÍNEAS DE ADJUDICACIÓN PARA LA ESCUELA DE ESPECIALIDADES “GENERAL OSCAR CRISTI GALLO”.";2025-03-31T10:57:46.067;2025-04-10T20:00:00;2025-05-05T15:00:00;;"CLP";0;0
2263-36-LE25;"Maderas Puente Quichamahuida";"MINISTERIO DE OBRAS PUBLICAS DIREC CION GRAL DE OO PP DCYF";"61.202.000-0";"Dirección de Vialidad - IX Región - Provincia de Malleco";"Lautaro 17";"Angol";"Región de la Araucanía";"LE";"Cerrada";"Maderas Puente Quichamahuida";2025-03-31T11:19:12.923;2025-04-10T19:52:00;2025-04-11T09:53:00;;"CLP";0;0
1430525-1-LE25;"MEJORAMIENTO SITIO DE INSPECCIÓN DE CAMIONES";"DELEGACIÓN PRESIDENCIAL PROVINCIAL DE OSORNO";"60.511.102-5";"COMPLEJO FRONTERIZO CARDENAL SAMORÉ";"Bernardo O'Higgins 667, Piso 2.";"Osorno";"Región de los Lagos";"LE";"Cerrada";"Mejoramiento del sitio de inspección de camiones existente en el Complejo Fronterizo Cardenal Antonio Samoré, comuna de Puyehue, provincia de Osorno";2025-04-03T18:05:00.68;2025-04-10T20:00:00;2025-04-16T16:00:00;;"CLP";0;0
2599-5-LP25;"ARRIENDO DE BUSES PARA EL TRASLA DE PERSONAS.";"I MUNICIPALIDAD DE CONCON";"73.568.600-3";"DEPARTAMENTO DE EDUCACION";"CALLE  PORVENIR N°865 CONCÓN";"Concón";"Región de Valparaíso";"LP";"Cerrada";"ARRIENDO DE BUSES PARA EL TRASLADO DE PERSONAS, SEGÚN DETALLE EN DECRETO ALCALDICIO N°0962 QUE CONTIENE LAS BASES TÉCNICAS Y ADMINISTRATIVAS QUE REGULAN EL PROCESO LICITATORIO.";2025-03-27T17:42:48.813;2025-04-10T19:59:00;2025-04-22T11:10:00;117000000;"CLP";0;0
514848-12-LE25;"“contrato de suministro mercadería y otros”";"I MUNICIPALIDAD DE LAUTARO";"69.190.100-9";"Educacion";"MANUEL RODRIGUEZ N° 850";"Lautaro";"Región de la Araucanía";"LE";"Cerrada";"Que el Departamento de Educación requiere un suministro de mercaderías y otros para ser utilizados en las diferentes actividades de las diferentes   unidades educativas. Que, el servicio público mandante se encuentra facultado para efectuar licitación o propuesta pública en amparo a las disposiciones de la ya citada Ley 19.886. por consiguiente, mediante el presente acto aprobatorio se autorizan las Bases Administrativas elaboradas y que contienen los requerimientos para contratar los servicios. Las normativas legales vigentes contenidas en la Ley de Compras públicas y su Reglamento bajo las cuales se rige el proceso de licitación pública, de libre concurrencia e igualdad ante las bases a los cuales se someten los participantes, bajo entera responsabilidad y asumidos ser conocedores de los requerimientos. Que con fecha 17.12.2024 se emitió certificado de disponibilidad presupuestaria N° 1826 que da cuenta de la existencia de fondos para incurrir en los gastos que involucren la presente contratación.  El Certificado Nº172025 de fecha 16.01.2025 emitido por el secretario municipal en donde por unanimidad se aprobó el llamado a licitación pública contrato de suministro de mercadería y otros.";2025-03-31T10:38:51.523;2025-04-10T19:54:00;2025-04-11T19:55:00;;"CLP";0;0
2258-65-LQ25;"LICITACIÓN COMPRA DE SERVICIOS DE HORAS TECNICOS PARAMEDICOS Y AUXILIARES PARA LA CENTRAL DE ESTERILIZACIÓN DEL HRA";"SERVICIO DE SALUD ANTOFAGASTA HOSPITAL L";"61.606.201-8";"Abastecimiento Principal";"Avda Pedro Aguirre Cerda Nª 5900";"Antofagasta";"Región de Antofagasta";"LQ";"Cerrada";"El objetivo primordial  es contar con los servicios apropiados para la Central de Esterilización del Hospital Regional de Antofagasta, en las distintas etapas del proceso de esterilización entregando colaboración constante con pabellones quirúrgicos y brindando apoyo necesario en sacar lista de espera del HRA, estrategia CRR con la finalidad de satisfacer de manera adecuada, eficiente y oportuna la labor asistencial del establecimiento.";2025-03-31T11:10:37.993;2025-04-10T20:00:00;2025-06-10T17:00:00;;"CLP";0;0
3156-23-LE25;"VELAS PARA YATES ESGRUM";"DIRECCION DE ABASTECIMIENTO DE LA ARMADA";"61.102.024-4";"ESCUELA DE GRUMETES";"AVENIDA GRUMETE TELLEZ S/N";"Talcahuano";"Región del Biobío";"LE";"Cerrada";"NECESARIO PARA EL CORRECTO EQUIPAMIENTO BASICO DE LOS YATES DE INSTRUCCIÓN Y COMPETENCIAS PERTENECIENTES AL CARGO DE SELECCIONADO OLÍMPICO DE VELA DE ESTA ESCUELA MATRIZ.";2025-03-26T14:36:54.6;2025-04-10T20:00:00;2025-04-30T18:00:00;;"CLP";0;0
5251-61-LE25;"Libros impresos nuevos Psicologia y Derecho";"UNIVERSIDAD TECNOLOGICA METROPOLITANA";"70.729.100-1";"DEPARTAMENTO DE ABASTECIMIENTO";"Calle Dieciocho Nª178, Santiago";"Santiago";"Región Metropolitana de Santiago";"LE";"Cerrada";"La Universidad Tecnológica Metropolitana UTEM requiere contar con libros impresos nuevos, para completar las biografías básicas de las Carreras de Psicología y Derecho, solicitado por el Director de Sistema de Bibliotecas.";2025-04-01T16:17:03.413;2025-04-10T20:00:00;2025-05-12T17:00:00;11514173;"CLP";0;0
2599-18-LE25;"EQUIPAMIENTO TÉCNICO PROFESIONAL PARA GASTRONOMÍA";"I MUNICIPALIDAD DE CONCON";"73.568.600-3";"DEPARTAMENTO DE EDUCACION";"CALLE  PORVENIR N°865 CONCÓN";"Concón";"Región de Valparaíso";"LE";"Cerrada";"ADQUISICIÓN DE EQUIPAMIENTO TÉCNICO PROFESIONAL PARA GASTRONOMÍA, SEGÚN DETALLE EN DECRETO ALCALDICIO N°0995 QUE CONTIENE LAS BASES TÉCNICAS Y ADMINISTRATIVAS PARA LA LICITACIÓN.";2025-04-01T10:14:15.583;2025-04-10T19:59:00;2025-04-21T18:52:00;18626854;"CLP";0;0
592-26-LR25;"Servicio de Asesoría para Establecimientos.";"SUBSECRETARIA DEL MINISTERIO DE EDUCACION PUBLICA";"60.901.000-2";"Ministerio de Educación - Unidad Licitaciones";"Av. Libertador Bernardo O'Higgins N°1371";"Alhué";"Región Metropolitana de Santiago";"LR";"Cerrada";"El Centro de Innovación, requiere el servicio de asesoría a establecimientos y sostenedores educacionales en la elaboración de requerimientos de compra para la habilitación de redes de datos y apoyo en la ejecución de la habilitación de cada establecimiento educacional participante en el proyecto Aulas Conectadas";2025-03-11T10:13:53.537;2025-04-10T20:00:00;2025-07-31T23:59:00;;"CLP";0;0
898-51-LE25;"ADQUISICION INSTRUMENTAL CIRUGIA  PLASTICA CRR NHC";"SERVICIO DE SALUD VALPARAISO SAN ANTONIO";"61.602.126-5";"HOSPITAL CLAUDIO VICUNA";"Carmen Guerrero N° 945";"San Antonio";"Región de Valparaíso";"LE";"Cerrada";"ADQUISICION INSTRUMENTAL CIRUGIA  PLASTICA  PROYECTO CRR NHCV";2025-03-31T18:08:23.523;2025-04-10T19:59:00;2025-05-10T20:00:00;8890000;"CLP";0;0
612-1-CO25;"SERVICIO DE FIRMADOR ELECTRÓNICO AVANZADO F.E.A";"SERVICIO AGRICOLA Y GANADERO";"61.308.000-7";"Servicio Agricola y Ganadero (SAG central)";"Paseo Bulnes 140";"Santiago";"Región Metropolitana de Santiago";"CO";"Cerrada";"Contar con un servicio masivo de firma electrónica avanzada para diferentes certificados por ejemplo de exportación, que permita firmar electrónicamente documentos XML, PDF, JSON y HASH, u otro, a través de los estándares y normativa vigente en el país, con Soporte y Mantención, para los diferentes sistemas que ocupa el SAG.";2025-03-31T16:51:17.323;2025-04-10T20:00:00;2025-05-07T18:00:00;;"CLF";0;0
1080095-7-LE25;"SERVICIO ENLACE DEDICADO F.O. USM";"SERVICIO DE SALUD MAGALLANES";"61.607.900-k";"Bienes y servicios - PSIQ";"Lautaro Navarro N° 829";"Punta Arenas";"Región de Magallanes y de la Antártica";"LE";"Cerrada";"El establecimiento COSAM requiere la contratación de un Enlace dedicado 200/200 Mbps, simétrico nacional e internacional, para mantener la continuidad operacional de los diferentes servicios informáticos por el periodo de 36 meses";2025-03-31T15:55:07.65;2025-04-10T19:59:00;2025-06-05T18:00:00;;"CLP";0;0
2258-68-LE25;"CITRATO DE CAFEINA AMPOLLA";"SERVICIO DE SALUD ANTOFAGASTA HOSPITAL L";"61.606.201-8";"Abastecimiento Principal";"Avda Pedro Aguirre Cerda Nª 5900";"Antofagasta";"Región de Antofagasta";"LE";"Cerrada";"El HRA mediante este proceso licitatorio necesita adquirir  Citrato de cafeína ampolla, cotizar valores netos, mercadería puesta en bodega, ver bases, adjuntas.";2025-04-03T16:27:06.883;2025-04-10T19:49:00;2025-05-02T19:50:00;;"CLP";0;0
898-52-LE25;"ADQUISICION DE SILLONES CLINICOS PROYECTO CRR NHC";"SERVICIO DE SALUD VALPARAISO SAN ANTONIO";"61.602.126-5";"HOSPITAL CLAUDIO VICUNA";"Carmen Guerrero N° 945";"San Antonio";"Región de Valparaíso";"LE";"Cerrada";"ADQUISICION DE SILLONES CLINICOS PROYECTO CRR NHCV";2025-03-31T18:09:00.007;2025-04-10T19:59:00;2025-05-10T20:01:00;26274000;"CLP";0;0
898-50-LE25;"ADQUISICION INSTRUMENTAL UROLOGIA PROYECTO CRR NHC";"SERVICIO DE SALUD VALPARAISO SAN ANTONIO";"61.602.126-5";"HOSPITAL CLAUDIO VICUNA";"Carmen Guerrero N° 945";"San Antonio";"Región de Valparaíso";"LE";"Cerrada";"ADQUISICION INSTRUMENTAL UROLOGIA PROYECTO CRR NHCV";2025-03-31T18:07:55.67;2025-04-10T19:59:00;2025-05-10T20:01:00;9621000;"CLP";0;0
1557-3-LE25;"CONVENIO SUMINISTRO DE INSUMOS DE ASEO Y LIMPIEZA PARA HOSPITAL DE HUASCO";"SERVICIO SALUD ATACAMA HOSPITAL DE HUASCO";"61.606.309-k";"Hospital de Huasco";"Canteras 105";"Huasco";"Región de Atacama";"LE";"Cerrada";"CONVENIO PARA ABASTECER DE ACEURDO A LAS NNECESIDADES DE INSUMOS DE ASEO Y LIMPIEZA PARA LAS UNIDADES DEL HOSPITAL DE HUASCO";2025-03-31T15:26:47.187;2025-04-10T19:51:00;2025-04-30T19:52:00;25000000;"CLP";0;0
1340-23-LP25;"“SUMINISTRO TRANSPORTE Y COLOCACION DE ASFALTO EN CALIENTE PARA RUTA T-940 CRUCE RUTA T-210 LA UNION - PROVINCIA DE RANCO DIRECCION DE VIALIDAD  REGION DE LOS RIOS”";"MINISTERIO DE OBRAS PUBLICAS DIREC CION GRAL DE OO PP DCYF";"61.202.000-0";"Dirección de Vialidad - XIV Región - Dirección Regional";"Pedro Aguirre Cerda 001";"Valdivia";"Región de Los Ríos";"LP";"Cerrada";"“SUMINISTRO TRANSPORTE Y COLOCACION DE ASFALTO EN CALIENTE PARA RUTA T-940 CRUCE RUTA T-210 LA UNION - PROVINCIA DE RANCO, DIRECCION DE VIALIDAD  REGION DE LOS RIOS”";2025-03-31T10:14:30.5;2025-04-10T19:47:00;2025-04-22T19:48:00;;"CLP";0;0
