codigo;nombre;institucion_nombre;institucion_rut;unidad;direccion;comuna;region;tipo;estado;descripcion;fecha_inicio;fecha_final;fecha_adjudicacion;monto_estimado;unidad_monetaria;proveedores_participantes;adjudicados
812799-21-LE25;"SERVICIO DE MANTENCION DE VEHICULOS MUNICIPALES 2025";"I MUNICIPALIDAD DE MEJILLONES";"69.020.400-2";"Secoplac";"";"";"Región de Antofagasta ";"LE";"Desierta (o art. 3 ó 9 Ley 19.886)";"la presente licitación contempla la contratación del servicio de mantención mecánica para 3 equipos de la flota municipal que prestan servicio en la recolección de residuos y también la disposición final de residuos en el vertedero.";2025-03-10T14:24:52.55;2025-03-20T15:30:00;2025-03-31T23:00:00;;"CLP";0;0
1256505-15-CO25;"CONV. MP Y PRODUCTOS CASINO INTERNADO DEL LET";"CORPORACION DE DESARROLLO DE LA COMUNA DE SAN VICENTE";"71.015.300-0";"CORPORACION DE DESARROLLO DE LA COMUNA DE SAN VICE";"Calle principal Toquihua N°084, San Vicente de T.T";"San Vicente de Tagua Tagua";"Región del Libertador General Bernardo O´Higgins";"CO";"Desierta (o art. 3 ó 9 Ley 19.886)";"El objeto de la presente licitación, es contratar convenio de suministro de materias primas y/o productos abarrotes, verduras, frutas, carnes y lácteos para el casino de internado del Liceo Técnico Profesional el Tambo, pertenecientes a la Corporación de Desarrollo de la comuna de San Vicente de Tagua Tagua.";2025-03-14T11:07:02.273;2025-03-24T15:01:00;2025-03-31T17:51:32.78;;"CLP";0;0
619133-48-LE25;"ADQUISICION CONSULTAS DE CARDIOLOGIA INFANTIL  ";"SERVICIO SALUD SAN FELIPE LOS ANDES HOSP";"61.602.038-2";"Hospital San Camilo de San Felipe";"AVENIDA MIRAFLORES 2085";"San Felipe";"Región de Valparaíso ";"LE";"Desierta (o art. 3 ó 9 Ley 19.886)";"Las presentes Bases Administrativas rigen el llamado a licitación “ADQUISICION CONSULTAS DE CARDIOLOGIA INFANTIL  EN HOSPITAL SAN CAMILO”, ubicado en Av. Miraflores 2085 San Felipe, Quinta región, aplicando los procedimientos establecidos en la Ley de Compras N° 19.886 de la Administración Pública.";2025-02-17T18:48:17.283;2025-02-28T17:43:00;2025-03-31T17:44:00;;"CLP";0;0
2111-8-LP25;"INSUMOS PARA FIJACIÓN FRACT.Y RECONST. MANDIBULAR";"HOSPITAL DE URGENCIA ASISTENCIA PUBLICA DR ALEJANDRO DEL RIO";"61.608.602-2";"Hospital de Urgencia Asistencia Pública";"Curico N°345 Bodega Central";"Santiago";"Región Metropolitana de Santiago";"LP";"Desierta (o art. 3 ó 9 Ley 19.886)";"SE REQUIERE INSUMOS PARA FIJACIÓN DE FRACTURA Y RECONSTRUCCIÓN MANDIBULAR CON EQUIPO EN COMODATO PARA EL HUAP.";2025-02-11T17:44:02.517;2025-02-24T15:01:00;2025-03-31T17:33:18.653;;"CLP";0;0
2107-22-LE25;"ACCESORIO VIDEO LARINGOSCOPIO VERATHON 0270-0989";"SERVICIO DE SALUD HOSPITAL DE SANTA CRUZ";"61.602.148-6";"Hospital de Santa Cruz";"";"";"Región del Libertador General Bernardo O´Higgins";"LE";"Desierta (o art. 3 ó 9 Ley 19.886)";"el Hospital de Santa Cruz como establecimiento de salud tiene la necesidad de efectuar una adquisición de hojas Titanium LoPro 2 para video laringoscopio VERATHON 0270-0989, recientemente adquirido a través de fondos del Gobierno Regional por la dirección de Servicio De Salud O’Higgins, para su utilización en intubación de pacientes pediátricos, debido a que equipo adquirido solo presenta accesorios para manejo de pacientes adultos.";2025-02-17T10:37:47.957;2025-02-27T17:34:00;2025-03-31T17:35:00;;"CLP";0;0
2659-53-L125;"PTR N°166 - CONTRATACION DE SERVICIO DE ZONAS SEGURAS PARA 3 INSTALACION DE LA MUNICIPALIDAD DE VITACURA POR UN PERIODO DE 12 MESES";"I MUNICIPALIDAD DE VITACURA";"69.255.600-3";"ADQUISICIONES";"Av. Bicentenario Nº 3.800, Vitacura.";"Vitacura";"Región Metropolitana de Santiago";"L1";"Desierta (o art. 3 ó 9 Ley 19.886)";"CONTRATACION DE SERVICIO DE ZONAS SEGURAS PARA 3 INSTALACION DE LA MUNICIPALIDAD DE VITACURA POR UN PERIODO DE 12 MESES. VER MAS DETALLE DE LO REQUERIDO Y SOLICITADO EN BASES DE LICITACION EN ARCHIVO ADJUNTO.";2025-02-26T11:15:01.05;2025-03-05T12:00:00;2025-03-31T20:00:00;;"CLP";0;0
3479-25-LE25;"SERVICIOS DE TECNICO AGRICOLA";"I MUNICIPALIDAD DE CALBUCO";"69.220.600-2";"Municipalidad De Calbuco";"FEDERICO ERRAZURIZ N210";"Calbuco";"Región de los Lagos ";"LE";"Desierta (o art. 3 ó 9 Ley 19.886)";"DIRECCION DE FOMENTO PRODUCTIVO SP N 2";2025-03-05T11:27:15.83;2025-03-17T16:00:00;2025-03-31T16:55:45.803;;"CLP";0;0
2703-82-L125;"SC 10860 Fármacos CESFAM";"I MUNICIPALIDAD DE TALAGANTE";"69.071.800-6";"Dirección de Salud";"Pasaje Quemchi N°1075, Villa Mónaco, Talagante";"";"Región Metropolitana de Santiago";"L1";"Desierta (o art. 3 ó 9 Ley 19.886)";"SC 10860, Fármacos CESFAM";2025-03-13T17:21:55.427;2025-03-19T15:30:00;2025-03-31T16:42:04.407;6803400;"CLP";0;0
1301883-11-LE24;"ARRIENDO DE IMPRESORAS BLANCO NEGRO Y COLOR";"SERVICIO NACIONAL DE REINSERCION SOCIAL JUVENIL";"62.000.970-9";"DIRECCIÓN NACIONAL";"Moneda N°970, Piso 10.";"Santiago";"Región Metropolitana de Santiago";"LE";"Desierta (o art. 3 ó 9 Ley 19.886)";"ARRIENDO DE IMPRESORAS MULTIFUNCIONALES BLANCONEGRO Y COLOR";2024-08-26T18:48:11.59;2024-09-06T15:01:00;2025-03-31T16:58:27.563;15000000;"CLP";0;0
1057774-4-LE25;"EQUIPAMIENTO PARA BODEGA CENTRAL";"SERVICIO DE SALUD ANTOFAGASTA HOSPITAL M";"61.606.203-4";"Activos Fijos";"Santa Rosa S N";"Tocopilla";"Región de Antofagasta ";"LE";"Desierta (o art. 3 ó 9 Ley 19.886)";"COMPRA DE EQUIPAMIENTO PARA BODEGA CENTRAL DEL HOSPITAL DE TOCOPILLA.";2025-03-13T16:12:37.1;2025-03-24T18:45:00;2025-03-31T16:10:58.857;;"CLP";0;0
4284-32-L125;"Adquisición de cinta de riego polietileno mulch negro malla anti malezas ejecución plan de trabajo anual usuarios PDTI";"I MUNICIPALIDAD DE CUNCO";"69.191.000-8";"Municipalidad de Cunco";"Pedro Aguirre Cerda Nº 600";"Cunco";"Región de la Araucanía ";"L1";"Desierta (o art. 3 ó 9 Ley 19.886)";"Adquisición de cinta de riego, polietileno mulch negro, malla anti malezas ejecución plan de trabajo anual usuarios PDTI, según bases adjuntas numeral 1.2 detalle de bien a licitar";2025-03-13T17:21:28.9;2025-03-19T15:35:00;2025-03-31T16:16:27.17;2300000;"CLP";0;0
4353-2-LP25;"REPOSICION VEREDAS CALLE ATACAMA SECTOR CENTRO COMUNA DE FREIRINA";"I MUNICIPALIDAD DE FREIRINA";"69.030.600-k";"Secretaría De Planificación Comunal";"Ohiggins 1016";"Freirina";"Región de Atacama ";"LP";"Desierta (o art. 3 ó 9 Ley 19.886)";"Considera la reposición de 1.400 m2 de veredas, la habilitación de rebajes peatonales, el recambio de 390 ml de soleras tipo (A), la demarcación vial y la instalación de barandas y pasamanos.";2025-02-11T11:54:49.24;2025-03-13T11:00:00;2025-03-31T15:38:39.693;109891079;"CLP";0;0
1057510-17-LE25;"CONVENIO DE SERVICIOS DE TRANSPORTE PARA UNIDAD DE APOYO LABORATORIO DEL HOSPITAL DE SAN CARLOS DR. BENICIO ARZOLA MEDINA";"SERVICIO DE SALUD NUBLE HOSPITAL DE SAN CARLOS DR BENICIO ARZOLA MEDIN";"61.607.002-9";"Bienes y Servicios";"Gazmuri 448";"San Carlos";"Región del Ñuble";"LE";"Desierta (o art. 3 ó 9 Ley 19.886)";"El Hospital de San Carlos Dr. Benicio Arzola Medina, requiere para suscribir convenio por servicio de traslado, con el objetivo de trasladar muestras, insumos, reactivos y a personal del hospital, en el radio Urbano, Rural de la comuna de San Carlos y Chillán principalmente y otro destino dentro del territorio nacional que defina el establecimiento de forma excepcional, de acuerdo a las presentes Bases Administrativas y Técnicas.";2025-03-13T15:55:34.083;2025-03-24T17:00:00;2025-03-31T15:38:01.193;;"CLP";0;0
2793-24-LE25;"SERVICIO DE ARRIENDO DE MAQUINAS CARDIOVASCULARES";"Municipalidad de Huechuraba";"69.255.400-0";"Municipalidad de Huechuraba";"Premio Nóbel   5555";"Huechuraba";"Región Metropolitana de Santiago";"LE";"Desierta (o art. 3 ó 9 Ley 19.886)";"SERVICIO DE ARRIENDO DE MAQUINAS CARDIOVASCULARES PARA SALA DE MUSCULACION DEL POLIDEPORTIVO MARICHIWEU";2025-01-29T18:58:45.347;2025-02-06T09:00:00;2025-03-31T22:00:00;;"CLP";0;0
2963-8-LR25;"SERVICIO GUARDIA PRIVADA PARA CUSTODIA SEGURIDAD";"I MUNICIPALIDAD DE LA GRANJA";"69.072.400-6";"SECPLA";"Americo Vespucio 002 - dideco";"La Granja";"Región Metropolitana de Santiago";"LR";"Desierta (o art. 3 ó 9 Ley 19.886)";"Las presentes bases administrativas están referidas a la contratación con la persona natural o jurídica que presente la mejor oferta, para el SERVICIO DE GUARDIA PRIVADA PARA CUSTODIA Y SEGURIDAD DE DEPENDENCIAS DEL DEPARTAMENTO DE ADMINISTRACIÓN DE SALUD MUNICIPAL a suscribir por la Ilustre Municipalidad de La Granja, para todas las unidades dependientes del Departamento de Administración de Salud Municipal las que se detallan en las Bases Técnicas de la presente Licitación.";2025-02-18T11:00:51.023;2025-03-21T10:00:00;2025-03-31T15:34:55.18;1092000000;"CLP";0;0
1305552-2-LE25;"SERVICIO ASISTENCIA TÉCNICA EN PROCESOS SOFTWARE";"SERVICIO LOCAL DE EDUCACIÓN PÚBLICA TAMARUGAL";"61.981.030-9";"COMPRAS Y LICITACIONES";"AVENIDA COMERCIO # 203";"Pozo Almonte";"Región de Tarapacá  ";"LE";"Desierta (o art. 3 ó 9 Ley 19.886)";"El Servicio Local de Educación Pública de Tamarugal, requiere realizar la “CONTRATACIÓN DE SERVICIOS DE ASISTENCIA TÉCNICA EN PROCESOS DE SOFTWARE Y SISTEMA PARA EL SERVICIO DE EDUCACIÓN PÚBLICA DEL TAMARUGAL”, para el año 2025, por un período de 10 meses.";2025-03-07T14:40:58.987;2025-03-18T12:00:00;2025-03-31T15:33:24.827;;"CLP";0;0
4309-347-LE24;"CONV. SUMINISTRO INSULINA DETEMIR 100 UI LAPIZ";"HOSPITAL GUILLERMO GRANT BENAVENTE DE CO";"61.602.189-3";"Abastecimiento Fármacos";"San Martin 1436";"Concepción";"Región del Biobío ";"LE";"Desierta (o art. 3 ó 9 Ley 19.886)";"INSULINA DETEMIR 100 UI LAPIZ 10-100-262-061-00";2024-12-17T13:49:46.447;2024-12-30T15:00:00;2025-03-31T15:00:00;;"CLP";0;0
4192-36-LE25;"PROYECTO SEGURIDAD BARRIAL";"I MUNICIPALIDAD DE CALDERA";"69.030.300-0";"Secpla";"Cousiño 395";"Caldera";"Región de Atacama ";"LE";"Desierta (o art. 3 ó 9 Ley 19.886)";"Las presentes bases tienen por objetivo determinar y definir las condiciones generales que se deberán tener presente en la licitación pública para ADQUISICION “PROYECTO SEGURIDAD BARRIAL” DEL PROGRAMA SISTEMA DE SEGURIDAD MUNICIPAL, AÑO 2023, para la Ilustre Municipalidad de Caldera. La presente licitación, y los derechos y obligaciones de las partes se regularán por las presentes bases administrativas, las bases técnicas, las aclaraciones y la respectiva oferta. Supletoriamente se aplicará la Ley de Compras Públicas N°19.886, con sus posteriores modificaciones y modernizaciones y su respectivo Reglamento.";2025-03-05T18:38:22.37;2025-03-17T16:30:00;2025-03-31T15:00:00;41500000;"CLP";0;0
324-15-L125;"Adquisición SOAP flota municipal";"I MUNICIPALIDAD DE CERRILLOS";"69.255.000-5";"Administración y Finanzas - Abastecimiento";"Piloto Lazo Nº120";"Cerrillos";"Región Metropolitana de Santiago";"L1";"Desierta (o art. 3 ó 9 Ley 19.886)";"Contratación de póliza de seguro Obligatorio de Accidentes Personales (SOAP) para vehículos municipales, según listado.";2025-03-21T14:29:46.687;2025-03-27T14:00:00;2025-03-31T15:00:00;2000000;"CLP";0;0
1058087-12-LE25;"SUMINISTRO DE MEDICAMENTO VINORELBINA";"SERVICIO DE SALUD ORIENTE HOSPITAL LUIS CALVO MACKENNA";"61.608.408-9";"Fármarcos";"ANTONIO VARAS 360 (CENTRO DE DISTRIBUCIÓN)";"Alhué";"Región Metropolitana de Santiago";"LE";"Desierta (o art. 3 ó 9 Ley 19.886)";"ADQUISICIÓN, POR SISTEMA DE SUMINISTRO DE MEDICAMENTO VINORELBINA SOLUCIÓN INYECTABLE 10 MG  1 ML VINORELBINA TARTRATO, PARA EL HOSPITAL DOCTOR LUIS CALVO MACKENNA.";2025-02-19T09:11:41.943;2025-03-03T15:00:00;2025-03-31T20:00:00;23000000;"CLP";0;0
2710-17-LE25;"CONSTRUCCIÓN DE RADIERES Y CASETAS PARA GENERADORE";"MUNICIPALIDAD DE OVALLE";"69.040.700-0";"Depto. de Salud e Higiene Ambiental";"JORGE EDWARDS 543";"Ovalle";"Región de Coquimbo ";"LE";"Desierta (o art. 3 ó 9 Ley 19.886)";"CONSTRUCCIÓN DE RADIERES Y CASETAS PARA GENERADORES DE ELECTRICIDAD";2025-02-27T09:09:10.3;2025-03-10T15:01:00;2025-03-31T14:29:00;14508732;"CLP";0;0
1979-63-LE25;"68.25 “CONVENIO DE SUMINISTRO DE LAMOTRIGINA LEVOCETIRIZINA SIMETICONA Y OTROS PARA NODO COSTERO: HOSPITAL NUEVA IMPERIAL”.";"SERVICIO DE SALUD ARAUCANIA SUR HOSPITAL DE NUEVA IMPERIAL";"61.607.401-6";"Hospital Nueva Imperial";"Castellón  # 0115";"Nueva Imperial";"Región de la Araucanía ";"LE";"Desierta (o art. 3 ó 9 Ley 19.886)";"Se requiere contrato de suministro por el periodo de 18 meses para las adquisiciones de “CONVENIO DE SUMINISTRO DE LAMOTRIGINA, LEVOCETIRIZINA, SIMETICONA Y OTROS PARA NODO COSTERO: HOSPITAL NUEVA IMPERIAL” de acuerdo a necesidades del Hospital Nueva Imperial.";2025-03-20T17:08:00.923;2025-03-26T15:00:00;2025-04-01T17:46:38.093;;"CLP";0;0
3976-4-L125;"BATERIAS PSICOPEDAGOGICAS PARA ESCUELA  CACIQUE LEVIAN";"I MUNICIPALIDAD DE SANTA BARBARA";"69.170.201-4";"Departamento De Educacion Municipal";"Arturo Prat Nº 121 Santa Bárbara";"Santa Bárbara";"Región del Biobío ";"L1";"Desierta (o art. 3 ó 9 Ley 19.886)";"BATERIAS PSICOPEDAGOGICAS PARA EVALUACION DIAGNOSTICA INTEGRAL  DE LOS ALUMNOS ESCUELA  CACIQUE LEVIAN DAEM DE LA COMUNA DE SANTA BARBARA";2025-03-07T16:50:00.887;2025-03-17T15:09:00;2025-04-01T17:49:49.883;1350000;"CLP";0;0
3976-3-LE25;"CONTRATAR PLATAFORMA TECNOLOGICA ESC. CACIQUE L.";"I MUNICIPALIDAD DE SANTA BARBARA";"69.170.201-4";"Departamento De Educacion Municipal";"Arturo Prat Nº 121 Santa Bárbara";"Santa Bárbara";"Región del Biobío ";"LE";"Desierta (o art. 3 ó 9 Ley 19.886)";"CONTRATAR PLATAFORMA CON HERRAMIENTA TECNOLOGICA QUE FACILITE EL MONITOREO DE LA FLUIDEZ LECTORA DE LOS ALUMNOS DE LA ESCUELA CACIQUE LEVIAN DAEM SANTA BARARA";2025-03-07T16:45:53.407;2025-03-17T16:54:00;2025-04-01T17:47:54.167;1500000;"CLP";0;0
3540-16-LE25;"Suministro de Alimentación por 12 meses";"COMANDO DE APOYO A LA FUERZA";"61.101.037-0";"Cuerpo Militar del Trabajo Subjefatura Zonal Coyhaique";"General Parra   102";"Coyhaique";"Región Aysén del General Carlos Ibáñez del Campo";"LE";"Desierta (o art. 3 ó 9 Ley 19.886)";"La Subjefatura Zonal CMT “Coyhaique”, conforme a las necesidades de los diversos convenios suscritos entre el MOP – CMT, requiere contratar una empresa del rubro venta y/o distribución de víveres de alimentación de manera de contar en forma permanente con el suministro por el periodo de 12 meses//Leer Bases de Licitación y completar anexos solicitados";2025-03-10T08:32:59.64;2025-03-25T10:00:00;2025-04-01T17:41:10.95;70000000;"CLP";0;0
1394-3-LE25;"TERM. Y HAB. DE RAMPA ESC. SANTA TERESA DE AVILA";"I MUNICIPALIDAD DE RECOLETA";"69.254.800-0";"Dirección de Educación";"AVENIDA RECOLETA Nº 2774-4ºPISO";"Recoleta";"Región Metropolitana de Santiago";"LE";"Desierta (o art. 3 ó 9 Ley 19.886)";"La presente licitación consiste en desarrollo de obras de TERMINACIONES Y HABILITACIÓN DE UNA RAMPA PARA EL CUMPLIMIENTO DE LA ACCESIBILIDAD UNIVERSAL EN LA ESCUELA ESPECIAL SANTA TERESA DE AVILA, El objetivo de la ejecución del proyecto son las reparaciones, obras y mejoras de la rampa de acceso al colegio para asegurar a la comunidad educativa una infraestructura acabada con las mejores y correctas condiciones de calidad y seguridad. Se debe conseguir una infraestructura adecuada y de muy buenas terminaciones que cumpla con la normativa existente y que esté respaldada por profesionales calificados.";2025-02-19T18:55:17.483;2025-03-03T15:05:00;2025-04-01T15:30:00;27407522;"CLP";0;0
1057536-13-LE25;"SERVICIOS DE TRASLADO EN PROVINCIA DE PALENA";"SERVICIO SALUD DEL RELONCAVI";"61.607.700-7";"Servicio de Salud del Reloncaví";"ESMERALDA 269, PISO 5 POBL. ESMERALDA";"Puerto Montt";"Región de los Lagos ";"LE";"Desierta (o art. 3 ó 9 Ley 19.886)";"SERVICIOS DE MOVILIZACIÓN PARA TRASLADO EN PROVINCIA PALENA PARA FUNCIONARIOS DEL SERVICIO SALUD RELONCAVI.";2025-02-26T11:48:48.39;2025-03-05T16:00:00;2025-04-01T17:16:16.77;35516000;"CLP";0;0
1180968-12-LP24;"ADQUISICIÓN EQUIPOS PARA SAMU";"SERVICIO DE SALUD IQUIQUE";"61.606.100-3";"COMPRAS CONVENIOS GORE IQUIQUE";"Av. Arturo Prat N°1099";"Iquique";"Región de Tarapacá  ";"LP";"Desierta (o art. 3 ó 9 Ley 19.886)";"Que, es fundamental asegurar la continuidad y la eficiencia en la atención de emergencias médicas en la región de Tarapacá, se requiere la reposición y adquisición de equipamiento para el Servicio de Atención Médica de Urgencias SAMU del Servicio de Salud Tarapacá.";2024-10-01T15:55:00;2024-10-25T15:00:00;2025-04-01T12:59:03.673;;"CLP";0;0
4114-16-LE25;"CONVENIO DE SUMINISTRO DE COLACIONES Y OTROS ANALOGOS";"I MUNICIPALIDAD DE CURACAUTIN";"69.181.000-3";"EDUCACION";"Arturo Prat 336";"Curacautín";"Región de la Araucanía ";"LE";"Desierta (o art. 3 ó 9 Ley 19.886)";"CONVENIO DE SUMINISTRO DE COLACIONES Y OTROS ANALOGOS PARA ESTABLECIMIENTOS DE LA COMUNA Y DAEM SEGUN BASES ADMINISTRATIVAS Y TECNICAS DE LA PRESENTE LICITACION.";2025-03-19T10:52:27.863;2025-03-27T10:00:00;2025-04-01T13:00:00;;"CLP";0;0
3880-25-LE25;"CONSTRUCION POZO PROFUNDO Y SISTEMA DE RIEGO CD";"I MUNICIPALIDAD DE MAULE";"69.110.900-3";"Municipalidad de Maule";"Balmaceda 350";"Maule";"Región del Maule ";"LE";"Desierta (o art. 3 ó 9 Ley 19.886)";"CONSTRUCION POZO PROFUNDO Y SISTEMA DE RIEGO CD LINARES DE PERALES, SECPLAN SEGUN TERMINOS DE REFERENCIAS Y ARCHIVOS ADJUNTOS.";2025-02-21T11:11:58.72;2025-03-12T15:00:00;2025-04-01T13:06:36.943;18000000;"CLP";0;0
727202-4-LE25;"ADQUISICIÓN DE LUMINARIAS PARA ALUMBRADO PUBLICO";"I MUNICIPALIDAD DE VICUNA";"69.040.500-8";"Secplan";"San Martín N° 275, Vicuña";"Vicuña";"Región de Coquimbo ";"LE";"Desierta (o art. 3 ó 9 Ley 19.886)";"Se requiere la adquisición de 117 Luminarias viales conectadas a la red eléctrica y luminarias solares todo en uno, para alumbrado público de la comuna de Vicuña, conforme a la documentación adjunta.";2025-02-11T11:50:00;2025-02-27T09:00:00;2025-04-01T11:32:48.797;53000000;"CLP";0;0
1261-6-LR25;"Servicio de Difusión y Promoción Residuos Sólidos";"GOBIERNO REGIONAL REGION METROPOLITANA";"61.923.200-3";"PROGRAMAS REGIONALES - PROGRAMA 02";"Bandera N° 46";"Santiago Centro";"Región Metropolitana de Santiago";"LR";"Desierta (o art. 3 ó 9 Ley 19.886)";"El objeto de la contratación será: disponer de los servicios del Componente N° 1 del “SERVICIO DE DIFUSIÓN Y PROMOCIÓN PARA EL PROGRAMA SENSIBILIZACIÓN E INSTALACIÓN DE CAPACEl objeto de la contratación será: disponer de los servicios del Componente N° 1 del “SERVICIO DE DIFUSIÓN Y PROMOCIÓN PARA EL PROGRAMA SENSIBILIZACIÓN E INSTALACIÓN DE CAPACIDADES PARA LA VALORIZACIÓN COMUNITARIA DE RESIDUOS SÓLIDOS ORGÁNICOS EN LA REGIÓN METROPOLITANA DE SANTIAGO”.IDADES PARA LA VALORIZACIÓN COMUNITARIA DE RESIDUOS SÓLIDOS ORGÁNICOS EN LA REGIÓN METROPOLITANA DE SANTIAGO”.";2025-02-17T11:51:00;2025-03-24T15:00:00;2025-04-01T10:09:52.347;;"CLP";0;0
5890-1-LQ25;"ADQUISICION DE LICENCIAS EFIT6 Y VECTO O SUS EQUIVALENTES TECNOLOGICOS";"POLICIA DE INVESTIGACIONES DE CHILE";"60.506.000-5";"JENACO";"General Borgoño N° 1204";"Independencia";"Región Metropolitana de Santiago";"LQ";"Desierta (o art. 3 ó 9 Ley 19.886)";"ADQUISICION DE LICENCIAS EFIT6 Y VECTORWORK O SUS EQUIVALENTES TECNOLOGICOS APROBADO MEDIANTE RESOLEX N° 19 DE FECHA 9.ENE.025 DE JENALOG";2025-01-13T12:53:00;2025-01-31T15:00:00;2025-04-01T12:14:24.503;184000000;"CLP";0;0
4372-12-LE25;"SUMINISTRO VIVIENDAS DE EMERGENCIA PLAN ASISTENCIAL CAUQUENES";"I MUNICIPALIDAD DE CAUQUENES";"69.120.400-6";"Secpla";"Antonio Varas S/N";"Cauquenes";"Región del Maule ";"LE";"Desierta (o art. 3 ó 9 Ley 19.886)";"SE REQUIERE EL SUMINISTRO DE VIVIENDAS PARA BRINDAR ASISTENCIA SOCIAL Y DE EMERGENCIA A PERSONAS CARENTES DE RECURSOS, FAMILIAS AFECTAS A INCENDIOS Y CATASTROFES SEGÚN BASES, ANEXOS Y TTRR ADJUNTOS A LICITACIÓN.";2025-03-12T09:46:00;2025-03-18T12:00:00;2025-04-01T09:42:53.4;35000000;"CLP";0;0
3087-17-LE24;"UNIFORMES PERSONAL CESFAM";"I MUNICIPALIDAD DE PANQUEHUE";"69.050.800-1";"Dpto. Salud";"CALLE TRONCAL 1166";"Panquehue";"Región de Valparaíso ";"LE";"Desierta (o art. 3 ó 9 Ley 19.886)";"COMPRA DE UNIFORMES PARA LOS FUNCIONARIOS DE LAS DISTINTAS UNIDADES DEL DEPARTAMENTO DE SALUD DEL CESFAM MARIA ELENA PEÑALOZA, SEGUN BASES ADJUNTAS";2024-12-19T10:02:44.98;2024-12-26T16:39:00;2025-04-01T09:56:18.42;;"CLP";0;0
3506-34-CO25;"CONCIERTO ANIME SINFONICO ORQUESTA ACADEMICA";"I MUNICIPALIDAD DE TOCOPILLA";"69.020.100-3";"UNIDAD DE ADQUISICIONES";"ANIBAL PINTO  1305";"Tocopilla";"Región de Antofagasta ";"CO";"Desierta (o art. 3 ó 9 Ley 19.886)";"El presente servicio contempla un Show con músicos de orquesta que incluyan violines, chelos, contrabajos, instrumentos de vientos y percusiones, el servicio denominado “concierto anime sinfónico “orquesta académica”, deberá interpretar música del género anime, este servicio se desarrollará el viernes 04 de Abril del 2025 entre las 19:00 hrs. aproximadamente en el teatro Andrés Pérez de Tocopilla.";2025-03-19T11:49:14.15;2025-03-26T15:00:00;2025-04-01T11:19:23.8;;"CLP";0;0
2306-23-LE25;"SEGUROS DE BIENES MUEBLES E INMUEB DAEM-JUNJI";"I MUNICIPALIDAD DE OSORNO";"69.210.100-6";"IMUNI_OSORNO DEPTO EDUCACION";"AVDA. JUAN MACKENNA N°851, Bodega Subsuelo";"Osorno";"Región de los Lagos ";"LE";"Desierta (o art. 3 ó 9 Ley 19.886)";"PROPUESTA PUBLICA DAEM Nº1-2025 CONTRATACION DE SEGUROS DE BIENES MUEBLES E INMUEBLES PARA DAEM I.MUNICIPALIDAD DE OSORNO POR 10 MESES,SEGUN BASES ADMINISTRATIVAS, ESPECIFICACIONES TECNICAS Y DEMAS ANTECEDENTES DE LA PROPUESTA ADJUNTOS. II LLAMADO.";2025-03-14T12:20:27.76;2025-03-19T13:01:00;2025-04-01T09:07:23.92;60000000;"CLP";0;0
2448-6-LE25;"SUMINISTRO TRASLADO PERSONAL TONGOY PERIODO 2025";"I MUNICIPALIDAD DE COQUIMBO";"69.040.300-5";"Departamento de Salud";"Bilbao  348";"Coquimbo";"Región de Coquimbo ";"LE";"Desierta (o art. 3 ó 9 Ley 19.886)";"SUMINISTRO TRASLADO PERSONAL TONGOY PERIODO 2025";2025-02-19T16:14:53.46;2025-02-28T17:30:00;2025-04-02T16:56:34.617;33000000;"CLP";0;0
3588-9-LE25;"ADQUISICIÓN DE CAMIONETA EQUIPADA PARA PATRULLAJE";"I MUNICIPALIDAD DE YUNGAY";"69.141.500-7";"Direccion Administración y Finanzas";"ESMERALDA N°380";"Yungay";"Región del Ñuble";"LE";"Desierta (o art. 3 ó 9 Ley 19.886)";"adquirir camioneta equipada destinada al patrullaje preventivo, según características mínimas indicadas en las especificaciones técnicas adjuntas.";2025-02-25T12:04:00;2025-03-07T13:30:00;2025-04-02T16:22:09.15;;"CLP";0;0
3210-7-L125;"Servicio de traslado de pacientes";"I MUNICIPALIDAD DE SAN RAFAEL";"69.264.500-6";"Departamento Salud";"Calle Ignacio Bascuñan 378 - Dpto de salud";"San Rafael";"Región del Maule ";"L1";"Desierta (o art. 3 ó 9 Ley 19.886)";"Servicio de traslado de pacientes desde San Rafael a Talca por convenio con Universidad Santo Tomás.";2025-03-20T13:18:30.493;2025-03-26T20:10:00;2025-04-01T08:47:12.307;6600000;"CLP";0;0
5209-37-LE24;"SUMINISTRO DE ÁCIDO FOLÍNICO 50 MG";"UNIVERSIDAD DE CHILE";"60.910.000-1";"Hospital Clínico Univ. de Chile - Unidad de Medicamentos";"DR. CARLOS LORCA 999";"Independencia";"Región Metropolitana de Santiago";"LE";"Desierta (o art. 3 ó 9 Ley 19.886)";"La Universidad de Chile, para su Hospital Clínico de la Universidad de Chile, en adelante e indistintamente el “Hospital Clínico” o el “HOSPITAL”, establecimiento docente-asistencial de medicina de alta complejidad, llama a licitación pública para la adquisición, por sistema de suministro, de ÁCIDO FOLÍNICO 50 MG, la cual se regulará por las presentes Bases.";2024-09-30T16:40:56.353;2024-10-18T16:00:00;2025-04-02T18:00:00;64340000;"CLP";0;0
2771-14-LE25;"“CONVENIO DE SUMINISTRO DE SERVICIOS DE MOVILIZACION MUNICIPALIDAD DE CHIGUAYANTE 2025”";"I MUNICIPALIDAD DE CHIGUAYANTE";"69.264.700-9";"MUNICIPALIDAD DE CHIGUAYANTE";"OROZIMBO BARBOSA  104 PARQUE LOS CASTAÑOS";"Chiguayante";"Región del Biobío ";"LE";"Desierta (o art. 3 ó 9 Ley 19.886)";"Convenio de suministro para los servicios de Movilización, con el objeto de proporcionarle un medio de transporte a las personas que participan en las diversas actividades que ejecuta la Municipalidad de Chiguayante";2025-03-13T10:48:34.79;2025-03-24T15:02:00;2025-04-02T17:54:38.42;36370000;"CLP";0;0
752655-1-LE25;"Servicio de Aseo TTA Aysén";"UNIDAD ADMINISTRADORA DE LOS TRIBUNALES TRIBUTARIOS Y ADUANEROS";"61.979.490-7";"T.T.A. Region de Aysen";"Av. Baquedano N° 67.";"Coyhaique";"Región Aysén del General Carlos Ibáñez del Campo";"LE";"Desierta (o art. 3 ó 9 Ley 19.886)";"Servicio de aseo para el inmueble destinado al funcionamiento del Tribunal Tributario y Aduanero de la Región de Aysén del General Carlos Ibáñez del Campo";2025-03-14T15:28:16.117;2025-03-27T15:30:00;2025-04-02T16:18:11.79;11040000;"CLP";0;0
4377-24-LE25;"Nivelación Cementerio Municipal San Rosendo";"I MUNICIPALIDAD DE SAN ROSENDO";"69.151.100-6";"Ilustre Municipalidad de San Rosendo";"Ibieta 225";"San Rosendo";"Región del Biobío ";"LE";"Desierta (o art. 3 ó 9 Ley 19.886)";"La Ilustre Municipalidad de San Rosendo, requiere contratar Movimiento de Tierras para la nivelación del cementerio comunal correspondiente a un área aproximada de 4,608 [m]2 con un desnivel entre cota entrada cementerio y cota de salida yo calzada existente de 1,75 [m]. Esta Contratación tiene como finalidad ampliar el área útil del Cementerio Comunal y cambiar el sentido de las aguas lluvias.";2025-03-13T12:06:27.38;2025-03-24T19:00:00;2025-04-02T16:30:44.97;;"CLP";0;0
2080-90-LE25;"COMPRA ACCESORIOS CAMILLAS PARA PABELLON";"SERVICIO DE SALUD DEL LIBERTADOR B O'HIGGINS HOSPITAL REG RANCAGUA";"61.602.138-9";"Hospital Regional Rancagua - HRR";"Avenida Salvador Allende Nº 350";"Rancagua";"Región del Libertador General Bernardo O´Higgins";"LE";"Desierta (o art. 3 ó 9 Ley 19.886)";"COMPRA ACCESORIOS CAMILLAS PARA PABELLON";2025-03-03T09:17:46.017;2025-03-10T16:00:00;2025-04-02T16:14:14.19;;"CLP";0;0
5394-9-LE25;"LE - ADQUISICIÓN DE INSUMOS DE LABORATORIOS EN EL MARCO DEL PROYECTO INTERNO N° 094000 DENOMINADO “CONSTRUCCIÓN LÍNEAS BASES PUBLICAS PROVINCIA DE MAGALLANES”";"UNIVERSIDAD DE MAGALLANES";"71.133.700-8";"PROYECTOS CON TERCEROS (D/583)";"Avda. Bulnes 01890, Punta Arenas";"Punta Arenas";"Región de Magallanes y de la Antártica";"LE";"Desierta (o art. 3 ó 9 Ley 19.886)";"La Universidad de Magallanes, requiere la adquisición de insumos de laboratorios en el marco del proyecto interno N° 094000, denominado “Construcción líneas bases publicas provincia de Magallanes”, según Solicitudes de Disponibilidad Presupuestaria N° 149075 de fecha 28 de enero de 2025.";2025-03-18T14:05:24.877;2025-03-24T15:00:00;2025-03-31T20:00:00;7524911;"CLP";0;0
3166-10-LE25;"ADQUISICION DE ARTICULOS DE MANTENIMIENTO PLAN CONSUMO";"DIRECCION DE ABASTECIMIENTO DE LA ARMADA";"61.102.027-9";"CENTRO DE ABASTECIMIENTO (M) (ADQ)";"AVENIDA MANUEL BULNES 5376";"Punta Arenas";"Región de Magallanes y de la Antártica";"LE";"Desierta (o art. 3 ó 9 Ley 19.886)";"ADQUISICION DE ARTICULOS DE MANTENIMIENTO PLAN CONSUMO, PARA SATISFACER NECESIDADES DE LAS UNIDADES Y REPARATICIONES DEL AREA PUNTA ARENAS";2025-03-18T11:14:43.603;2025-03-25T12:10:00;2025-04-02T15:49:41.607;;"CLP";0;0
3958-29-L125;"Ruta 10C transporte escolar DAEM (abril, mayo y junio 2025)";"I MUNICIPALIDAD DE NAVIDAD";"69.073.800-7";"Unidad de Educacion";"Juan Montes #693 Liceo Pablo Neruda";"Navidad";"Región del Libertador General Bernardo O´Higgins";"L1";"Desierta (o art. 3 ó 9 Ley 19.886)";"Ruta 10C transporte escolar DAEM (abril, mayo y junio 2025). Mas detalles en documento denominado  Licitación Simplificada";2025-03-24T19:47:36.673;2025-03-31T15:00:00;2025-04-02T10:14:00;2877930;"CLP";0;0
4389-6-LE25;"ELABORACIÓN E INSTALACIÓN DE MAQUETA-MURO ESTRATIGRÁFICO PARA LA NUEVA MUSEOGRAFÍA DEL MUSEO REGIONAL DE ATACAMA";"SERVICIO NACIONAL DEL PATRIMONIO CULTURAL";"60.905.000-4";"SUBDIRECCION DE MUSEOS";"";"";"Región de Atacama ";"LE";"Desierta (o art. 3 ó 9 Ley 19.886)";"ELABORACIÓN E INSTALACIÓN DE MAQUETA-MURO ESTRATIGRÁFICO PARA LA NUEVA MUSEOGRAFÍA DEL MUSEO REGIONAL DE ATACAMA";2025-03-13T16:24:27.75;2025-03-24T18:00:00;2025-04-02T10:11:40.88;50000000;"CLP";0;0
2126-8-LE25;"ADQUISICION DE CENTRIFUGADORA";"SERVICIO DE SALUD COQUIMBO HOSPITAL DE COQUIMBO";"61.606.403-7";"Hospital Coquimbo";"";"";"Región de Coquimbo ";"LE";"Desierta (o art. 3 ó 9 Ley 19.886)";"Según documento adjunto.";2025-02-18T09:02:46.573;2025-03-04T16:00:00;2025-04-02T12:13:45.66;;"CLP";0;0
2133-29-LP25;"PPTA 68-25 C.S INT QX TIROIDECTOMIA CANCER TIROIDE";"HOSPITAL DOCTOR HERNAN HENRIQUEZ ARAVENA";"61.602.232-6";"HOSPITAL DR HERNAN HENRIQUEZ A COMPRA DE SERVICIO";"Manuel Montt 115";"Temuco";"Región de la Araucanía ";"LP";"Desierta (o art. 3 ó 9 Ley 19.886)";"El objetivo principal de esta propuesta pública es contratar el Servicio de Intervenciones Quirúrgicas de Tiroidectomía para Cáncer de Tiroides y Bocios, para dar respuesta a pacientes con Garantías Explicitas en Salud GES, y aquellos pacientes que se encuentran en lista de espera quirúrgica; derivadas desde los establecimientos de la red Araucanía Norte y Sur, que requieren de estas cirugías; las cuales, por falta de disponibilidad de pabellón y su demanda, no se logran realizar dentro del horario institucional destinado para ello. Por lo tanto, este servicio tiene por finalidad resolver y dar cumplimiento dentro de los plazos garantizados por Ley, todas aquellas cirugías de pacientes con diagnóstico de cáncer u otros diagnósticos. Dichas intervenciones serán realizadas en dependencias del Establecimiento, fuera de horario institucional, y a beneficiarios del Sistema Público de Salud, en las mejores condiciones posibles para ambas partes, según se detalla en las bases administrativas y técnicas, y en Anexo Nº 1. El respectivo contrato estará sujeto a las disposiciones del Decreto con Fuerza de Ley Nº 36, del 10 de Julio de 1980 del Ministerio de Salud y sus modificaciones introducidas por la Ley Nº 18.417, en este sentido, El Prestador de Acciones de Salud se obligará a proporcionar por cuenta y a nombre del Hospital, y por la vía de la delegación, conforme a lo requerido por el inc. 1 del art. 2 del DFL 3680 a los Beneficiarios del Régimen de Prestaciones de Salud de la Ley Nº 18.469, las acciones de prevención, fomento, recuperación, protección o de rehabilitación de salud que por este acto se licitan.";2025-02-27T15:59:39.093;2025-03-10T15:00:00;2025-04-02T09:57:31.543;335550592;"CLP";0;0
898-8-LE24;"CONTRATO DE SUMINISTRO DE ARTICULOS DE ESCRITORIO";"SERVICIO DE SALUD VALPARAISO SAN ANTONIO";"61.602.126-5";"HOSPITAL CLAUDIO VICUNA";"Carmen Guerrero N° 945";"San Antonio";"Región de Valparaíso ";"LE";"Desierta (o art. 3 ó 9 Ley 19.886)";"La necesidad del Hospital Claudio Vicuña, establecimiento dependiente del Servicio de Salud Valparaíso San Antonio de contar con un “CONTRATO DE SUMINISTRO DE ARTICULOS DE ESCRITORIO” por un periodo de 24 meses";2024-01-22T12:01:13.743;2024-02-01T15:00:00;2025-04-02T09:43:53.773;;"CLP";0;0
3847-4-LQ25;"Serv. provisión software mant. sist. y cloud MSG";"I MUNICIPALIDAD DE SIERRA GORDA";"69.253.200-7";"Secoplac";"Salvador Allende 452";"Sierra Gorda";"Región de Antofagasta ";"LQ";"Desierta (o art. 3 ó 9 Ley 19.886)";"El objeto de la presente licitación es la contratación de una solución informática a nivel de Software, que considere los sistemas de información de Gestión Municipal, destinada a responder a los requerimientos de información que plantea el ejercicio de las funciones municipales, con un alto enfoque a la atención a la comunidad, otras entidades públicas y a los usuarios internos, tanto para el Municipio y Departamento de Educación y Salud.";2025-03-03T17:38:37.85;2025-03-14T09:05:00;2025-04-03T17:37:35.957;;"CLP";0;0
1398-197-L124;"CAPACITACIÓN FUNCIONARIOS";"SERVICIO DE SALUD LIBERTADOR BDO OHIGGINS";"61.606.800-8";"Servicio de Salud Ohiggins";"Por correo electrónico";"Las Condes";"Región Metropolitana de Santiago";"L1";"Desierta (o art. 3 ó 9 Ley 19.886)";"Insertar dentro de la comunidad funcionaria y alcance el valor del Estatuto Administrativo, y de toda aquella jurisprudencia que lo complemente, como el principal sistema de regulación de los trabajadores de la Administración del Estado y que establece específicamente “la dinámica” respecto de las relaciones entre el Estado y sus empleados.";2024-11-20T11:50:44.79;2024-11-25T15:00:00;2025-04-02T09:43:21.297;3000000;"CLP";0;0
619133-29-LP25;"COMPRA DE SERVICIOS DE INTERVENCIONES QUIRÚRGICAS POR PATOLOGÍA MAMARIA GES Y NO GES EN HOSPITAL SAN CAMILO";"SERVICIO SALUD SAN FELIPE LOS ANDES HOSP";"61.602.038-2";"Hospital San Camilo de San Felipe";"";"";"Región de Valparaíso ";"LP";"Desierta (o art. 3 ó 9 Ley 19.886)";"Las presentes Bases Administrativas rigen el llamado a licitación pública “COMPRA DE SERVICIOS DE INTERVENCIONES QUIRÚRGICAS POR PATOLOGÍA MAMARIA GES Y NO GES EN HOSPITAL SAN CAMILO”, ubicado en Av. Miraflores 2085 San Felipe, Quinta región, aplicando los procedimientos establecidos en la Ley de Compras N° 19.886 de la Administración Pública.";2025-02-10T09:33:13.27;2025-03-03T19:54:00;2025-03-31T19:55:00;;"CLP";0;0
1233623-42-LE24;"INTERNET Y TELEFONIA VTF SALAS CUNAS";"Servicio Local de Educación Pública Licancabur";"61.980.920-3";"Servicio Local de Educación Pública Licancabur";"Av. Chorrillos nº1631 comuna de Calama";"Calama";"Región de Antofagasta ";"LE";"Desierta (o art. 3 ó 9 Ley 19.886)";"Servicio de Internet Fibra y Telefonía Fija para Salas Cunas del SLEP Licancabur por un período de 36 meses en Dos Líneas de Postulación. Se debe adjuntar Anexos Administrativos; Técnicos y Económicos según lo indicado en las Bases Administrativas y Técnicas.";2025-01-23T16:20:40.607;2025-02-03T15:01:00;2025-04-03T17:30:00;;"CLP";0;0
229-34-LP25;"SERVICIO DE MANTENCIÓN Y REPARACIÓN DE ALUMBRADO PÚBLICO INSTALACIONES MUNICIPALES E IDENTIFICACIÓN DE REDES CON ANOMALIAS Y DESECHOS AÉREOS COMUNA DE COIHUECO";"I MUNICIPALIDAD DE COIHUECO";"69.141.100-1";"Departamento de Administración y Finanzas";"Avda Arturo Prat 1675";"Coihueco";"Región del Ñuble";"LP";"Desierta (o art. 3 ó 9 Ley 19.886)";"Contratar el “SERVICIO DE MANTENCIÓN Y REPARACIÓN DE ALUMBRADO PÚBLICO, INSTALACIONES MUNICIPALES E IDENTIFICACIÓN DE REDES CON ANOMALIAS Y DESECHOS AÉREOS COMUNA DE COIHUECO”, según Bases y demás antecedentes adjuntos.";2025-03-03T16:16:00;2025-03-25T16:30:00;2025-04-03T17:26:48.627;120000000;"CLP";0;0
1057384-25-LE25;"Compra de Suministros Frutas y Verduras Frescas";"SERVICIO DE SALUD ANTOFAGASTA HOSPITAL M";"61.606.203-4";"Bienes y Servicios";"Calle Santa Rosa S/N°";"Tocopilla";"Región de Antofagasta ";"LE";"Desierta (o art. 3 ó 9 Ley 19.886)";"El Hospital Marcos Macuada de Tocopilla requiere adquirir la contratación del Servicio de “Compra de Frutas y Verduras frescas para pacientes” del Hospital Tocopilla.";2025-03-19T12:46:20.027;2025-03-26T16:22:00;2025-04-03T16:36:06.943;;"CLP";0;0
1057499-10-LP25;"SUMINISTRO SERV MANTENCIONES MENORES INFRAESTRUCTU";"SERVICIO DE SALUD SUR UNIDAD HOSPITALARI";"61.608.108-K";"Bienes y Servicios";"Avenida Santa Rosa # 3453";"San Miguel";"Región Metropolitana de Santiago";"LP";"Desierta (o art. 3 ó 9 Ley 19.886)";"La presente licitación tiene como objetivo contratar el servicio de mantención de áreas verdes para la Dirección del Servicio de Salud y el Centro Metropolitano de Imagenología Mamaria, para el control de maleza, podas, corte pasto, riego y resiembra, según necesidad.";2025-03-10T17:32:01.46;2025-03-20T18:00:00;2025-04-03T17:01:26.37;;"CLP";0;0
2292-7-L125;"SERVICIO DE RELATORIA PARA EJUCUCIÓN DE CAPACITACIÓNES PARA EQUIPOS DE ATENCIÓN PRIMARIA DE SALUD, COMUNA DE TALCA.";"I MUNICIPALIDAD DE TALCA";"69.110.400-1";"DIR. COMUNAL DE SALUD";"15 Oriente N° 600, 5 y 6 Sur, Talca";"Talca";"Región del Maule ";"L1";"Desierta (o art. 3 ó 9 Ley 19.886)";"SERVICIO DE RELATORÍA PARA EJECUCIÓN DE CAPACITACIONES PARA FUNCIONARIOS DE LOS CENTROS DE SALUD DE LA COMUNA DE TALCA.  ESTRATEGIAS DE AUTOCUIDADO MENTAL EN SITUACIÓN DE CRISIS, PARA EQUIPOS DE ATENCIÓN PRIMARIA DE SALUD  FECHA DE EJECUCIÓN ABRIL-DICIEMBRE 2025 Y  FORTALECIMIENTO DE HABILIDADES EN LA COMUNICACIÓN EFECTIVA DEL RIESGO EN SALUD EN ATENCIÓN PRIMARIA , FECHA DE EJECUCIÓN MARZO A DICIEMBRE 2025, PEDIDO 2506-2507. SEGÚN REQUERIMIENTOS TÉCNICOS, PODRÁN OFERTAR 1 O 2  LINEAS DE LICIT.";2025-02-27T08:01:00;2025-03-07T15:00:00;2025-04-03T17:25:23.267;5800000;"CLP";0;0
1005498-5-CO25;"SERVICIO DE PLANTAS DE INTERIOR PARA LA CMF";"COMISION PARA EL MERCADO FINANCIERO";"60.810.000-8";"COMISION PARA EL MERCADO FINANCIERO";"Av. Lib. Bernardo O'higgins 1449, piso 2, torre II";"Santiago Centro";"Región Metropolitana de Santiago";"CO";"Desierta (o art. 3 ó 9 Ley 19.886)";"CONTRATACION DE SERVICIO DE MANTENCIÓN, REPOSICIÓN Y SUMINISTRO DE PLANTAS DE INTERIOR PARA LA COMISIÓN PARA EL MERCADO FINANCIERO POR 24 MESES. E1O2RT9";2025-03-04T17:05:54.867;2025-03-17T16:00:00;2025-04-03T15:36:27.01;;"CLP";0;0
812030-9-LQ24;"SUEROS SEGUNDO LLAMADO";"HOSPITAL CLINICO METROPOLITANO DE LA FLORIDA DOCTORA ELOISA DIAZ";"65.075.485-9";"medicamentos, oxigeno y trauma";"FROILAN ROA 6542";"La Florida";"Región Metropolitana de Santiago";"LQ";"Desierta (o art. 3 ó 9 Ley 19.886)";"Las presentes bases de licitación son formuladas para establecer la regulación del proceso de adquisición de SUEROS PARA EL HOSPITAL LA FLORIDA, y reglamentan entre otros aspectos las condiciones que deben  cumplir las ofertas, las etapas del proceso licitatorio, su forma de evaluación y adjudicación, las condiciones  de los contratos, y todos los aspectos necesarios para el correcto proceso de adquisición.";2024-01-29T16:51:25.7;2024-02-19T16:00:00;2025-04-03T16:51:26.07;;"CLP";0;0
3024-3-LE25;"Materiales escolares para Colegio Ajial";"ILUSTRE MUNICIPALIDAD DE RETIRO";"69.130.800-6";"Dpto. Educación";"Bombero Muñoz   S/N";"Retiro";"Región del Maule ";"LE";"Desierta (o art. 3 ó 9 Ley 19.886)";"Útiles necesarios para el desarrollo de niños y niñas de Colegio Ajial.";2025-01-31T10:43:26.693;2025-02-10T15:04:00;2025-04-03T16:54:32.617;;"CLP";0;0
4493-8-LP25;"SERVICIO DE VIGILANCIA CESFAM PENCO SAR CECOSF RIOS DE CHILE";"I MUNICIPALIDAD DE PENCO";"69.150.502-2";"Departamento de Salud";"Maipu 589";"Penco";"Región del Biobío ";"LP";"Desierta (o art. 3 ó 9 Ley 19.886)";"SERVICIO DE VIGILANCIA GUARDIAS PARA CESFAM PENCO, SAR, CECOSF RIOS DE CHILE. REVISAR ESPECIFICACIONES TÉCNICAS ADJUNTAS. VISITA A TERRENO OBLIGATORIA FIJADA PARA EL DÍA LUNES 10 DE MARZO DE 2025 A LAS 09:00 HRS. EN CALLE MAIPÚ Nº 573, PENCO (CESFAM NUEVO).";2025-03-06T11:48:18.343;2025-03-26T15:46:00;2025-04-03T16:16:53.47;45000000;"CLP";0;0
2102-14-LE25;"CONVENIO SERVICIO MOVILIZACION TRASLADO DE OXIGENO";"SERVICIO NACIONAL DE SALUD HOSPITAL DE LEBU";"61.602.212-1";"Hospital Lebu";"Dr. Octavio Orellana 54";"Lebu";"Región del Biobío ";"LE";"Desierta (o art. 3 ó 9 Ley 19.886)";"El Hospital Santa Isabel de Lebu, invita a los proveedores inscritos en el portal www.mercadopublico.cl a participar de la presente Licitación, con el fin de adquirir Convenio Servicio Movilizacion para Traslado de Oxigeno, determinado los requisitos administrativos mínimos para participar en la propuesta, SCN° 32";2025-02-18T17:42:19.443;2025-02-24T15:02:00;2025-04-03T13:32:08.26;;"CLP";0;0
5538-44-LE24;"VESTUARIO PROGRAMA 01 JUNJI";"JUNTA NACIONAL DE JARDINES         INFANTILES";"70.072.600-2";"Junji - XIV Región - Los Ríos";"ARAUCO N° 371-373, Valdivia";"Valdivia";"Región de Los Ríos";"LE";"Desierta (o art. 3 ó 9 Ley 19.886)";"La Junta Nacional de Jardines Infantiles, en adelante JUNJI, requiere contratar ADQUISICIÓN DE VESTUARIO PARA PERSONAL DE LA JUNTA NACIONAL DE JARDINES INFANTILES PROGRAMA 01, REGION DE LOS RIOS. El mandante de esta licitación es la Junta Nacional de Jardines Infantiles, cuyo domicilio para todos los efectos legales de esta convocatoria es Arauco N°371-373, comuna de Valdivia, Región de Los Ríos, representada por la directora regional. Este proceso de Licitación se realizará a través del Sistema de Información de la Dirección de Compras y Contrataciones Públicas www.mercadopublico.cl, de acuerdo con lo establecido en la Ley Nº 19.886, sobre la materia y su Reglamento, según condiciones, normas y políticas del uso del portal.";2024-10-16T15:10:02.87;2024-10-28T17:30:00;2025-04-03T15:54:42.513;;"CLP";0;0
2741-31-LQ25;"SERVICIO ASEO DEPENDENCIAS MUNICIPALES SAN FELIPE";"I MUNICIPALIDAD DE SAN FELIPE";"69.050.600-9";"SECPLA - MUNISANFE";"SALINAS  1211";"San Felipe";"Región de Valparaíso ";"LQ";"Desierta (o art. 3 ó 9 Ley 19.886)";"SERVICIO ASEO DEPENDENCIAS MUNICIPALES SAN FELIPE";2025-02-27T10:30:35.567;2025-03-14T12:00:00;2025-04-03T15:35:00;174000000;"CLP";0;0
2996-13-LE25;"Convenio Suministro Materiales Escritorio";"I MUNICIPALIDAD DE MONTEPATRIA";"69.040.800-7";"Salud";"Calle Balmaceda #99";"Monte Patria";"Región de Coquimbo ";"LE";"Desierta (o art. 3 ó 9 Ley 19.886)";"CONVENIO DE SUMINISTRO PARA LA ADQUISICION DE MATERIAL DE ESCRITORIO PARA ABASTECER DE ESTOS PRODUCTOS A LOS ESTABLECIMIENTOS DE LA RED COMUNAL DE SALUD, SEGUN PEDIDO MATERIALES Y BASES ADMINISTRATIVAS ADJUNTAS.";2025-03-10T10:11:27.383;2025-03-17T15:00:00;2025-04-03T11:32:27.36;;"CLP";0;0
4037-29-L125;"SERVICIO DE REPARACIÓN VEHICULO MUNICIPAL PLACA LXFB-16 TOYOTA RAV 4 - 2.0";"I MUNICIPALIDAD DE FRESIA";"69.220.400-K";"Departamento de adquisiciones y abastecimiento";"San Francisco 124";"Fresia";"Región de los Lagos ";"L1";"Desierta (o art. 3 ó 9 Ley 19.886)";"SERVICIO DE REPARACIÓN VEHICULO MUNICIPAL PLACA LXFB-16 TOYOTA RAV 4 - 2.0 SEGÚN BASES ADJUNTAS";2025-03-12T17:09:24.503;2025-03-21T09:00:00;2025-04-03T10:08:01.067;2000000;"CLP";0;0
2446-916-L124;"ADQUISICIÓN DE TUBOS DE RESCATE MARINO PARA GESTIÓN DE RIESGOS";"I MUNICIPALIDAD DE COQUIMBO";"69.040.300-5";"IMUNI_COQUIMBO";"PROFESOR  ZEPEDA 8,  SECTOR  GUAYACAN";"Coquimbo";"Región de Coquimbo ";"L1";"Desierta (o art. 3 ó 9 Ley 19.886)";"Adquisición de Tubos de Rescate Marino, con el objetivo de proporcionar a los salvavidas de los elementos de seguridad exigidos por la autoridad marítima, según consta en las C.P. Coq. Ord N° 12.200/26 Vrs. Dispone de bases de postulación a permisos de escasa importancia para el periodo estival.";2024-12-06T13:36:07.18;2024-12-13T15:00:00;2025-04-03T12:34:27.703;5100000;"CLP";0;0
1237849-3-LE25;"SERVICIO ARRIENDO DE 24 MOTOCICLETAS POR 36 MESES";"CORPORACION MUNICIPAL DE FOMENTO AL DESARROLLO COMUNAL Y PRODUCTIVO DE LA FLORIDA";"65.081.056-2";"CORPORACION MUNICIPAL DE FOMENTO AL DESARROLLO COMUNAL Y PRODUCTIVO DE LA FLORIDA";"El Ulmo 824";"La Florida";"Región Metropolitana de Santiago";"LE";"Desierta (o art. 3 ó 9 Ley 19.886)";"SE REQUIERE CONTRATAR SERVICIO DE ARRIENDO POR 36 MESES DE 24 MOTOCICLETAS TODOTERRENO PARA SER UTILIZADO EN PROGRAMA APOYO EN SEGURIDAD A EMPRENDEDORES COFODEP, SEGÚN ESPECIFICACIONES TÉCNICAS ADJUNTAS.  (LEASING OPERATIVO)";2025-03-10T11:10:23.047;2025-03-31T15:00:00;2025-04-03T12:00:00;;"CLP";0;0
1080936-14-LE25;"SERVICIO DE MANTENCIÓN Y REPARACIÓN DE BARRERAS Y PORTONES AUTOMÁTICOS DE ACCESO DE LA ESCUELA DE INVESTIGACIONES POLICIALES";"POLICIA DE INVESTIGACIONES DE CHILE";"60.506.012-9";"Fondos Extrapresupuestarios Escipol";"Avda. Gladys Marin Nº 5783 (Ex Avda. Los Pajaritos";"Estación Central";"Región Metropolitana de Santiago";"LE";"Desierta (o art. 3 ó 9 Ley 19.886)";"MANTENCIÓN Y REPARACIÓN DE BARRERAS Y PORTONES AUTOMÁTICOS.";2025-02-12T16:47:25.41;2025-03-04T15:00:00;2025-04-03T11:30:47.96;17550000;"CLP";0;0
4555-5-LE25;"ADQUISICIÓN DE CLÍNICA ODONTOLÓGICA MOVIL";"I MUNICIPALIDAD DE ZAPALLAR";"69.050.400-6";"SALUD_ZAPALLAR";"Germán Riesco #399";"Zapallar";"Región de Valparaíso ";"LE";"Desierta (o art. 3 ó 9 Ley 19.886)";"Se requiere adquirir clínica dental móvil para otorgar prestaciones de salud a los sectores mas alejados de la comuna";2025-03-24T15:46:00;2025-04-02T09:00:00;2025-04-04T17:30:00;;"CLP";0;0
1058087-11-LE25;"SUMINISTRO DE MEDICAMENTO TOBRAMICINA";"SERVICIO DE SALUD ORIENTE HOSPITAL LUIS CALVO MACKENNA";"61.608.408-9";"Fármarcos";"ANTONIO VARAS 360 (CENTRO DE DISTRIBUCIÓN)";"Alhué";"Región Metropolitana de Santiago";"LE";"Desierta (o art. 3 ó 9 Ley 19.886)";"ADQUISICIÓN, POR SISTEMA DE SUMINISTRO DE MEDICAMENTO ZOTEON PODHALER CÁPSULAS PARA INHALACIÓN 28 MG TOBRAMICINA, PARA EL HOSPITAL DOCTOR LUIS CALVO MACKENNA.";2025-02-19T09:06:13.53;2025-03-03T15:00:00;2025-03-31T20:00:00;65000000;"CLP";0;0
3455-3-LE25;"SERVICIOS DE CAFETERÍA Y ALIMENTACIÓN";"COMANDO DE APOYO A LA FUERZA";"61.101.464-3";"Regimiento de Infantería N° 1  Buín";"Avenida El Salto 2087";"Recoleta";"Región Metropolitana de Santiago";"LE";"Desierta (o art. 3 ó 9 Ley 19.886)";"SERVICIOS DE CAFETERÍA Y ALIMENTACIÓN PARA EL BIENESTAR DEL PERSONAL DE ESTA UNIDAD.";2025-03-19T17:57:26.817;2025-03-28T09:00:00;2025-04-04T17:08:00;1;"CLP";0;0
3199-8-LE25;"CONSERV. AULAS Y COMEDOR CEDI WE NEPEN LONCOCHE";"I MUNICIPALIDAD DE LONCOCHE";"69.191.100-4";"Secretaria de Planificacion Comunal";"Manuel Bulnes 408";"Loncoche";"Región de la Araucanía ";"LE";"Desierta (o art. 3 ó 9 Ley 19.886)";"Las actividades para ejecutar se refieren a los trabajos de “CONSERVACIÓN AULAS Y COMEDOR CEDI WE NEPEN, LONCOCHE” según los antecedentes adjuntos en la Licitación Pública a través de la plataforma mercadopublico.cl.";2025-03-10T14:41:38.647;2025-03-25T14:00:00;2025-04-04T17:30:00;13000000;"CLP";0;0
2429-147-LE24;"ADQUISICION DE 5 SWITH PARA LA ILUSTRE MUNICIPALIDAD DE ANTOFAGASTA";"I MUNICIPALIDAD DE ANTOFAGASTA";"69.020.300-6";"I MUNICIPALIDAD DE ANTOFAGASTA - FINANZAS";"AVENIDA SÉPTIMO DE LINEA 3505 2° PISO SECRETARIA DAF";"Antofagasta";"Región de Antofagasta ";"LE";"Desierta (o art. 3 ó 9 Ley 19.886)";"ADQUISICION DE 5 SWITCH";2024-12-18T15:48:36.13;2025-01-03T10:00:00;2025-04-04T18:00:00;;"CLP";0;0
1057499-3-LR25;"SERVICIO DE ASEO Y LIMPIEZA HOSPITALARIA HLC";"SERVICIO DE SALUD SUR UNIDAD HOSPITALARI";"61.608.108-K";"Bienes y Servicios";"Avenida Santa Rosa # 3453";"San Miguel";"Región Metropolitana de Santiago";"LR";"Desierta (o art. 3 ó 9 Ley 19.886)";"SERVICIO DE ASEO Y LIMPIEZA HOSPITALARIA PARA EL HOSPITAL DR. LUCIO CÓRDOVA El objeto de esta licitación es la contratación de servicio de aseo y limpieza que permita obtener un servicio de excelencia que satisfaga las necesidades del Hospital y de seguridad tanto a los funcionarios como a pacientes y usuarios que se atienden en este establecimiento.  Por lo anterior, se requiere contar con un servicio de aseo y limpieza integral, continuo e ininterrumpido los 365 días del año, que permita mantener limpias y aseadas las distintas dependencias del Hospital, en condiciones higiénicas adecuadas de funcionamiento. El servicio consistirá en el aseo de áreas específicas y generales, realizando actividades de aseo general profundo y mantención de los mismos en sectores tales como salas de espera, baños, vestidores de funcionarios, vidrios en altura, recolección de basura, además, de aseo de baños públicos, del personal administrativo y operativo, bodegas, recepción y control de residuos Hospitalarios entre otros. El personal que realice labores de aseo debe estar capacitado para realizar este trabajo en sectores que tiene alta afluencia de público, debe conocer y usar en forma adecuada las sustancias químicas usadas para la limpieza de sectores críticos en el ámbito sanitario y deben cuidar los bienes e instalaciones en que trabajan. En consecuencia, el servicio debe incluir las siguientes prestaciones sin perjuicio de las que para tal efecto se contemplen en las Bases Técnicas: a	Aseo general, que incluye pisos, vidrios, desmanches y limpieza completa. b	Aseo de baños públicos y del personal del Hospital. c	Retiro de la basura y todo tipo de residuos a través de vehículo del proveedor, para entregarlos al personal del terminal de  transferencia.  El vehículo que transite por el interior del Hospital, debe conservar las medidas de higiene necesarias para esta tarea. d	Mantención de aseo de acuerdo a los puntos indicados anteriormente, para el buen funcionamiento del Hospital. e	Las demás actividades que se establezcan en las Bases Técnicas.   En caso de que la oferta no contemple cualquiera de las exigencias establecidas anteriormente, el Servicio la declarará inadmisible. En el aspecto técnico se evaluarán las ofertas de acuerdo a lo solicitado en las bases técnicas. En el aspecto económico, factor que también será evaluado, se espera recibir ofertas ventajosas dentro de los precios de mercado.";2025-02-04T17:27:34.04;2025-03-07T16:00:00;2025-04-04T16:05:12.5;;"CLP";0;0
1137689-2-LP25;"Servicio de Courier Internacional para documentos material promocional y otros en modalidad de suministro para ProChile.";"DIRECCION GENERAL DE PROMOCION DE EXPORTACIONES";"62.000.680-7";"ME PROCHILE";"Teatinos N°180";"Santiago Centro";"Región Metropolitana de Santiago";"LP";"Desierta (o art. 3 ó 9 Ley 19.886)";"PROCHILE invita a participar en el proceso de contratación de los Servicio de Courier Internacional para documentos, material promocional y otros para ProChile, por un periodo de 36 meses.  “E1O2RT9”.";2025-02-26T12:36:00;2025-03-19T12:00:00;2025-04-04T15:42:04.543;108000;"USD";0;0
2184-7-LP25;"Servicio monitoreo alarma Jurisdicción CAPJ ZSM";"CORP ADMINISTRATIVA DEL PODER JUDICIAL";"60.301.001-9";"Corp. Adm. del Poder Judicial - San Miguel";"Ureta Cox 855, Piso 2";"San Miguel";"Región Metropolitana de Santiago";"LP";"Desierta (o art. 3 ó 9 Ley 19.886)";"Servicio de monitoreo de alarma de Intrusión e Incendio con cámara de video para verificación de la Jurisdicción San Miguel";2025-03-11T17:05:19.077;2025-03-26T16:00:00;2025-04-04T17:00:00;;"CLF";0;0
4284-39-L125;"Servicio de movilización para traslado de usuarios representantes sector rio blanco para asistencia de mesa de coordinación de la unidad operativa Prodesal cordón Huichahue";"I MUNICIPALIDAD DE CUNCO";"69.191.000-8";"Municipalidad de Cunco";"Pedro Aguirre Cerda Nº 600";"Cunco";"Región de la Araucanía ";"L1";"Desierta (o art. 3 ó 9 Ley 19.886)";"Servicio de movilización para traslado de usuarios representantes sector rio blanco para asistencia de mesa de coordinación de la unidad operativa Prodesal cordón Huichahue, según bases adjuntas numeral 1.2 detalle de bien a licitar";2025-03-19T16:07:02.093;2025-03-25T16:00:00;2025-04-04T16:30:00;150000;"CLP";0;0
1057491-45-LE25;"SERVICIOS MANTENCIÓN ESTERILIZADORES E INCUBADORA";"SERVICIO DE SALUD ORIENTE HOSPITAL LUIS CALVO MACKENNA";"61.608.408-9";"Bienes y Servicios";"ANTONIO VARAS 360 (CENTRO DE DISTRIBUCIÓN)";"Providencia";"Región Metropolitana de Santiago";"LE";"Desierta (o art. 3 ó 9 Ley 19.886)";"CONTRATACION DEL SERVICIO DE MANTENCIÓN PREVENTIVA Y CORRECTIVA DE ESTERILIZADORES DE ÓXIDO DE ETILENO ETO E INCUBADORA BACTERIOLÓGICA, PARA EL HOSPITAL DOCTOR LUIS CALVO MACKENNA.";2025-03-18T20:23:58.357;2025-03-28T15:00:00;2025-04-04T16:17:27.207;41000000;"CLP";0;0
3997-26-LE25;"ADQUISICIÓN DE 02 CAMIONETAS DIRECCIÓN DE SEGURIDA";"I MUNICIPALIDAD DE COLTAUCO";"69.080.700-9";"Administración Municipal";"Avda. República de Chile Nº451 Coltauco";"Coltauco";"Región del Libertador General Bernardo O´Higgins";"LE";"Desierta (o art. 3 ó 9 Ley 19.886)";"La Municipalidad de Coltauco llama a Licitación Pública para comprar 02 camionetas,  para la Dirección de Seguridad Pública, cuyas características están definidas en las presentes Bases Administrativas y Técnicas,  formularios y declaración jurada de requisitos para ofertar.";2025-02-28T23:16:00;2025-03-20T15:00:00;2025-04-04T13:52:56.28;;"CLP";0;0
3553-9-LE25;"Suministro de pasajes aéreos internacionales";"MINISTERIO DE BIENES NACIONALES";"61.402.000-8";"MINISTERIO DE BIENES NACIONALES";"Av.Lib.Bdo. O´Higgins Nº720";"Santiago Centro";"Región Metropolitana de Santiago";"LE";"Desierta (o art. 3 ó 9 Ley 19.886)";"Con el objetivo de que los y las funcionarias que deban cumplir con comisiones de servicios al exterior en funciones propias de representación de esta Secretaría en instancias relacionadas a temáticas geoespaciales u otras a las que sean convocados, se requiere contratar el “Suministro de Pasajes Aéreos Internacionales para la Secretaría Ejecutiva del SNIT – IDE Chile durante el año 2025”.";2025-03-14T07:23:37.163;2025-03-24T15:00:00;2025-04-04T15:34:17.617;;"CLP";0;0
1305552-2-LE24;"SOFTWARE EQUIPOS COMP MÁQUINAS OFICINA";"SERVICIO LOCAL DE EDUCACIÓN PÚBLICA TAMARUGAL";"61.981.030-9";"COMPRAS Y LICITACIONES";"Tamarugal N° 180, Pozo Almonte";"Pozo Almonte";"Región de Tarapacá  ";"LE";"Desierta (o art. 3 ó 9 Ley 19.886)";"En el marco de las funciones que la Ley entrega al Servicio Local de Educación Pública del Tamarugal, es dable indicar que éste, requiere la adquisición de  PROGRAMAS COMPUTACIONALES, EQUIPOS COMPUTACIONALES Y PERIFÉRICOS,  MÁQUINAS Y EQUIPOS DE OFICINA, para el servicio pertenecientes al Programa 01, en temáticas y materias propias de sus funciones, con el fin de  entregar herramientas tecnológicas que fortalezcan el óptimo funcionamiento de las labores que realizan las funcionarias y los funcionarios del Slep del Tamarugal";2024-11-28T12:59:29.91;2024-12-10T12:00:00;2025-04-04T12:16:25.187;;"CLP";0;0
3196-3-L125;" ADQUISICIÓN E INSTALACIÓN ESTANQUE DE COMBUSTIBLE PARA LA GOBERNACIÓN MARÍTIMA DE VALDIVIA";"DIRECCION DE ABASTECIMIENTO DE LA ARMADA";"61.102.047-3";"GOBERNACION MARITIMA DE VALDIVIA";"ARTURO PRAT #588";"Valdivia";"Región de Los Ríos";"L1";"Desierta (o art. 3 ó 9 Ley 19.886)";"SERVICIO DE ADQUISICIÓN E INSTALACIÓN DE ESTANQUE DE COMBUSTIBLE DE CALDERA DE LA GOBERNACIÓN MARÍTIMA DE VALDIVIA.";2025-03-26T13:01:47.483;2025-04-03T10:00:00;2025-04-04T15:00:00;3623303;"CLP";0;0
1138297-3-LE25;"Servicios de asesoría comunicacional para apoyar las comunicaciones estratégicas para la difusión de las herramientas y servicios de ProChile en la Región de Arica y Parinacota.  ";"DIRECCION GENERAL DE PROMOCION DE EXPORTACIONES";"62.000.680-7";"MN FONDO DE TERCEROS";"Teatinos N°180";"Santiago";"Región de Arica y Parinacota";"LE";"Desierta (o art. 3 ó 9 Ley 19.886)";"ProChile invita a participar en el proceso de contratación de un servicio de asesoría comunicacional, gestión de prensa y manejo de redes sociales para apoyar las comunicaciones estratégicas, por un periodo de 12 meses, para la difusión de las herramientas y servicios que ofrece ProChile a las empresas exportadoras y con potencial exportador en la Región de Arica y Parinacota.  “E1O2RT9”.";2025-02-03T13:15:00.427;2025-02-13T15:00:00;2025-04-04T12:19:26.247;15000000;"CLP";0;0
1057474-42-LR24;"REPOSICIÓN CENTRO DE SALUD JUAN PETRINOVIC BRIONES";"SERVICIO DE SALUD METROPOLITANO NORTE";"61.608.000-8";"Bienes y Servicios";"Maruri 272";"Independencia";"Región Metropolitana de Santiago";"LR";"Desierta (o art. 3 ó 9 Ley 19.886)";"CESFAM Juan Petrinovic Briones, ubicado en Juan Colipi N° 670 en la comuna de Recoleta.";2024-12-12T15:09:00;2025-02-20T18:00:00;2025-04-07T18:00:00;;"CLP";0;0
1075963-381-LR24;"SERVICIO MOVILES EXTERNO CON CONDUCTOR INCLUIDO PARA FUNCIONARIOS DEL HOSPITAL ARICA ";"SERVICIO DE SALUD ARICA HOSP DR JUAN NOE CREVANI";"61.606.001-5";"Hospital Juan Noé";"18 DE SEPTIEMBRE #1000, ARICA.";"Santiago";"Región de Arica y Parinacota";"LR";"Desierta (o art. 3 ó 9 Ley 19.886)";"SERVICIO MOVILES EXTERNO CON CONDUCTOR INCLUIDO PARA FUNCIONARIOS DEL HOSPITAL ARICA SE DEBEN ADJUNTAR TODOS LOS ANEXOS CON SUS RESPECTIVAS FIRMAS DEL REPRESENTANTE LEGAL. SEGÚN LO INDICADO EN BASES ADMINISTRATIVA ART N°13: DE LA PRESENTACIÓN DE LA PROPUESTA. ADEMÁS, ADJUNTA COPIA DE LA BOLETA DE SERIEDAD DE LA OFERTA EN LOS ARCHIVO ADJUNTO Y LA ESCRITURA DE CONSTITUCIÓN DE LA SOCIEDAD ACTUALIZADA EN LA CUAL ESTÁN LOS REPRESENTANTE LEGALES";2025-01-17T17:15:54.897;2025-02-17T17:30:00;2025-04-04T10:18:34.83;;"CLP";0;0
1048-11-LP25;"Conv. Suministro y Mantencion del Parque Vehicular";"I MUNICIPALIDAD DE EL TABO";"69.073.700-0";"I MUNICIPALIDAD DE EL TABO";"Av. Las Cruces Norte 401, El Tabo";"El Tabo";"Región de Valparaíso ";"LP";"Desierta (o art. 3 ó 9 Ley 19.886)";"Convenio de Suministro y Mantencion del Parque Vehicular Municipal año 2025. destinado a cubrir las necesidades de la Municipalidad de El Tabo para el año 2025.";2025-02-25T11:42:48.84;2025-03-17T15:00:00;2025-04-04T11:58:47.187;90000000;"CLP";0;0
1000-1-LE25;"MATERIAL PÉTREO CONVENIO ZONA SUR";"MINISTERIO DE OBRAS PUBLICAS DIREC CION GRAL DE OO PP DCYF";"61.202.000-0";"Dirección de Vialidad - VIII Región - Provincia Bio Bio";"Avda. Ricardo Vicuña Nº 243, Los Angeles";"Los Angeles";"Región del Biobío ";"LE";"Desierta (o art. 3 ó 9 Ley 19.886)";"Necesario para dar cumplimiento a labores de Conservación por Administración Directa de la Red Vial de la Provincia de Biobío.";2025-03-05T13:17:05.037;2025-03-17T15:01:00;2025-04-07T17:53:49.24;;"CLP";0;0
1026727-10-LE25;"PROYECTO CIERROS DEFINITIVOS DE DESLINDES CFT";"CENTRO DE FORMACION TECNICA DE LA REGION DE TARAPACA";"65.154.398-3";"CENTRO DE FORMACIÓN TÉCNICA DE LA REGIÓN DE TARAPA";"Calle Sotomayor Nº575 Of. 409";"Iquique";"Región de Tarapacá  ";"LE";"Desierta (o art. 3 ó 9 Ley 19.886)";"El oferente deberá presentar la propuesta por la ejecución del proyecto CONSTRUCCION DE CIERROS DEFINITIVOS DE DESLINDES MONTE LOS OLIVOS DEL CENTRO DE FORMACION TECNICA DE LA REGION DE TARAPACA”, ID N° 1026727-10-LE25, individualizado, en las presentes bases, en concordancia con las Bases Administrativas Generales, Bases Técnicas y Especificaciones Técnicas, Bases de Prevención de Riesgos, Planos de proyecto, planos de detalles, anexos y aclaraciones que pudieran formularse, el cual se ejecutará en terreno ubicado en Monte Los Olivos sin número de la comuna de Alto Hospicio. El contrato que se celebre será a suma alzada.";2025-03-12T10:20:43.783;2025-04-01T17:00:00;2025-04-07T17:20:00;;"CLP";0;0
3668-5-LQ25;"MEJORAMIENTO PLAZA BARRIAL VALLE DE TANGO-LOS TILOS COMUNA CALERA DE TANGO CÓDIGO BIP 40063953-0";"I MUNICIPALIDAD DE CALERA DE TANGO";"69.072.800-1";"Secretaria De Planificacion";"Av. Calera de Tango 345";"Calera De Tango";"Región Metropolitana de Santiago";"LQ";"Desierta (o art. 3 ó 9 Ley 19.886)";"La I. Municipalidad de Calera de Tango, llama a Propuesta Pública para contratar, mediante la modalidad de suma alzada, la licitación denominada MEJORAMIENTO PLAZA BARRIAL VALLE DE TANGO-LOS TILOS, COMUNA CALERA DE TANGO, CÓDIGO BIP 40063953-0.";2025-02-05T10:48:34;2025-03-14T09:30:00;2025-04-07T16:08:51.453;193000000;"CLP";0;0
1057491-28-LE25;"ADQUISICIÓN POR SISTEMA DE SUMINISTRO DE KITS DE";"SERVICIO DE SALUD ORIENTE HOSPITAL LUIS CALVO MACKENNA";"61.608.408-9";"Bienes y Servicios";"ANTONIO VARAS 360 (CENTRO DE DISTRIBUCIÓN)";"Providencia";"Región Metropolitana de Santiago";"LE";"Desierta (o art. 3 ó 9 Ley 19.886)";"LA ADQUISICIÓN, POR SISTEMA DE SUMINISTRO DE KITS DE JERINGA PARA EQUIPO MEDRAD DE UNIDAD DE IMAGENOLOGÍA DEL HOSPITAL DOCTOR LUIS CALVO MACKENNA.";2025-02-10T12:46:13.277;2025-02-21T15:00:00;2025-04-07T15:42:54.34;30000000;"CLP";0;0
697-7-LE25;"Licenciamiento para el cluster de dispositivos Wat";"INSTITUTO ANTARTICO CHILENO";"60.605.000-3";"INSTITUTO ANTARTICO CHILENO";"Plaza Muñoz Gamero 1055";"Punta Arenas";"Región de Magallanes y de la Antártica";"LE";"Desierta (o art. 3 ó 9 Ley 19.886)";"INACH requiere adquirir el licenciamiento para el clúster de dispositivos Watchguard M370 para la seguridad perimetral de la red institucional";2025-02-24T12:18:48.53;2025-03-05T17:00:00;2025-04-07T17:00:00;21000;"USD";0;0
2147-19-LE25;"CONTRATACIÓN DE PRESTACIÓN SERVICIOS DE ENDOSCOPÍA";"SERVICIO DE SALUD COQUIMBO HOSPITAL COMB";"61.606.406-1";"Hospital Combarbalá";"Comercio 800";"Combarbalá";"Región de Coquimbo ";"LE";"Desierta (o art. 3 ó 9 Ley 19.886)";"El Hospital San Juan de Dios de Combarbalá, a través de la Subdirección Gestión de Apoyo Clínico Terapéutico llama a licitación pública a través del Portal Mercado Público para “CONTRATACIÓN DE PRESTACIÓN SERVICIOS DE ENDOSCOPÍA”.";2025-03-17T09:27:24.603;2025-03-26T10:00:00;2025-04-07T16:00:00;;"CLP";0;0
1080089-107-LR24;"REGISTRO CLÍNICO ELECTRONICO PARA LA RED SSM";"SERVICIO DE SALUD MAGALLANES";"61.607.900-k";"Bienes y servicios - DSSM";"Lautaro Navarro N° 829";"Punta Arenas";"Región de Magallanes y de la Antártica";"LR";"Desierta (o art. 3 ó 9 Ley 19.886)";"El Servicio de Salud Magallanes requiere la adquisición, en modalidad de arriendo, de una cantidad de 1.400 licencias de software de Registro Clínico Electrónico, en adelante denominado como RCE, licencias que puedan ser activadas en cualquier momento de la operación, según sea requerido por la red asistencial y sus Servicios Complementarios de configuración, entrenamiento, instalación, mantención, soporte, Data Center, entre otros, para la red completa de establecimientos de Atención Primaria de Salud y Hospitales Comunitarios del Servicio de Salud Magallanes, por un periodo de 36 meses, de acuerdo a lo establecido en las presentes Bases Administrativas y Técnicas, en las circunstancias que este servicio no es provisto en catálogo electrónico del Convenio Marco.";2025-02-11T15:28:00;2025-03-13T17:00:00;2025-04-07T16:14:29.503;;"CLP";0;0
1696-8-LE25;"Adquisición de insumos computacionales Arica";"CORP ADMINISTRATIVA DEL PODER JUDICIAL";"60.301.001-9";"Corp. Adm. del Poder Judicial - Arica";"JUAN NOÉ N° 711, 5° PISO, OF. 39, ARICA";"Arica";"Región de Arica y Parinacota";"LE";"Desierta (o art. 3 ó 9 Ley 19.886)";"Adquisición de insumos computacionales para stock de bodega de la Administración Zonal de Arica";2025-03-11T15:25:56.67;2025-03-21T17:00:00;2025-04-07T14:30:53.98;;"CLP";0;0
1077908-5-LQ25;"SERV. DE HOSPEDAJE Y ALIMENTACION PARA PACIENTES";"CENTRO ONCOLOGICO DEL NORTE";"62.000.380-8";"Bienes y Servicios";"Los Pumas # 10255 Chimba Alto";"Antofagasta";"Región de Antofagasta ";"LQ";"Desierta (o art. 3 ó 9 Ley 19.886)";"SERVICIO DE HOSPEDAJE Y ALIMENTACION PARA PACIENTES QUE DEBEN  RECIBIR TRATAMIENTO DE RADIOTERAPIA EN LA CIUDAD E SANTIAGO Compra del servicio de hospedaje y alimentación en la ciudad de Santiago para 150 pacientes aproximadamente, que se realizarán tratamientos de radioterapia.";2025-02-17T16:11:18.233;2025-02-28T15:00:00;2025-04-07T12:45:44.08;195000000;"CLP";0;0
1172953-10-LP24;"DRM - Material ferroso para literas CET Colina I";"DIRECCION GENERAL DE GENDARMERIA DE CHIL";"61.939.400-3";"CET Cerrado CCP Colina 1";"CARRETERA GENERAL SAN MARTIN 665, COLINA";"Colina";"Región Metropolitana de Santiago";"LP";"Desierta (o art. 3 ó 9 Ley 19.886)";"Licitación por la aquisición de material ferroso para literas del CET COlina I, Res.N 4.173 del 17-09-24.";2024-09-17T11:42:16.843;2024-10-11T15:30:00;2025-04-07T12:48:20.297;;"CLP";0;0
85-54-LR24;"SERVICIO SE IMPRESIÓN INSITU Y CENTRALIZADO";"JUNTA NACIONAL DE AUXILIO ESCOLAR Y BECA";"60.908.000-0";"JUNTA NACIONAL DE AUXILIO ESCOLAR Y BECA";"MONJITAS 565 - PISO 6 - SANTIAGO CENTRO";"Santiago Centro";"Región Metropolitana de Santiago";"LR";"Desierta (o art. 3 ó 9 Ley 19.886)";"Contratar el servicio de impresión in situ y centralizada que permita dar continuidad al proceso de reposición que realizan las oficinas de atención, módulos atención TNE y mediante Oficina Virtual TNE a lo largo de país, por 20 meses para el periodo 2025 y 2026. Para este caso, la contratación del servicio contempla la implementación de impresoras para responder a las necesidades de reposición en modalidad in situ y centralizado, la distribución de tarjetas impresas mediante el sistema centralizado, la implementación de un sistema web (aplicación), recursos tecnológicos, capacitaciones, soporte y mantención. E1O2RT9";2025-02-04T15:02:11.22;2025-03-07T15:00:00;2025-04-07T11:23:28.207;;"CLP";0;0
2296-21-LE25;"ADQUISICION DE INSUMOS VETERINARIOS PARA PROGRAMA PRESTACIONES VETERINARIAS PARA MASCOTAS CONCHALINAS 2025";"I MUNICIPALIDAD DE CONCHALI";"69.070.200-2";"Depto. Adquisiciones";"Independencia 3499";"Conchalí";"Región Metropolitana de Santiago";"LE";"Desierta (o art. 3 ó 9 Ley 19.886)";"ADQUISICION DE INSUMOS VETERINARIOS PARA PROGRAMA PRESTACIONES VETERINARIAS PARA MASCOTAS CONCHALINAS 2025, SEGUN ESPECIFICACIONES TECNICAS ADJUNTAS";2025-03-20T13:39:00;2025-04-02T15:00:00;2025-04-07T12:38:35.67;15000000;"CLP";0;0
2413-18-LE25;"SERVICIO DE ARRIENDO DE IMPRESORAS";"I MUNICIPALIDAD DE LO PRADO";"69.254.100-6";"SECRETARIA PLANIFICACION COMUNAL";"AVENIDA SAN PABLO 5959";"Lo Prado";"Región Metropolitana de Santiago";"LE";"Desierta (o art. 3 ó 9 Ley 19.886)";"El objeto de la licitación comprende el servicio de arriendo de 3 impresoras multifuncionales (láser color) por un período de 36 meses para cubrir la necesidad constante de imprimir, fotocopiar, escanear documentos, formularios e informes para el cumplimiento las actividades que desarrollan las diferentes Unidades Municipales.";2025-03-21T17:09:01.637;2025-03-27T10:00:00;2025-04-07T10:47:13.68;32400000;"CLP";0;0
588809-4-LE25;"EVALUACIONES MÉDICAS PIE 2025";"CORPORACION MUNIC DE EDUC SALUD ATENCION";"69.071.801-4";"Corporación Municipal de Educación de Talagante";"Balmaceda 1356";"Talagante";"Región Metropolitana de Santiago";"LE";"Desierta (o art. 3 ó 9 Ley 19.886)";"Disponer de un Servicio de “Evaluaciones Médicas PIE 2025” en el contexto del  ingreso al Programa de Integración Escolar PIE, el cual requiere identificar de manera formal y profesional a aquellos estudiantes que presentan necesidades educativas especiales de carácter transitorio y permanente, con el propósito de brindar los apoyos y recursos necesarios a dichos estudiantes.";2025-03-18T11:59:59.253;2025-03-28T12:00:00;2025-04-07T12:26:55.4;31033365;"CLP";0;0
359-18-LE25;"SERVICIOS DE MANTENIMIENTO PREVENTIVO Y CORRECTIVO PARA ARCO C ";"Instituto Nacional del Cancer";"61.608.404-6";"Inst Nacional del Cancer Adquisiciones";"Av. Profesor Zañartu 1010, Independencia";"Independencia";"Región Metropolitana de Santiago";"LE";"Desierta (o art. 3 ó 9 Ley 19.886)";"El Instituto Nacional del Cáncer, en adelante e indistintamente el “Instituto”, llama a licitación pública para la contratación SERVICIOS DE MANTENIMIENTO PREVENTIVO Y CORRECTIVO PARA ARCO C MARCA PHILIPS DE LA UNIDAD DE PABELLONES QUIRURGICOS para pacientes del instituto nacional del cáncer, la cual se regulará por las presentes Bases. Los plazos señalados en la presente licitación se entenderán en día corridos, salvo que se señale lo contrario. El mandante de esta licitación es el Instituto Nacional del Cáncer, cuyo domicilio para todos los efectos legales de esta convocatoria es Avenida Profesor Zañartu Nº1010, comuna de Independencia, Santiago de Chile, representado por su Directora.";2025-02-03T14:46:16.593;2025-02-14T16:00:00;2025-04-07T12:01:02.33;;"CLP";0;0
2424-124-L124;"SERVICIO DE CONSULTORA - (S.R.R.) - 2530";"I MUNICIPALIDAD DE VINA DEL MAR";"69.061.000-0";"I MUNICIPALIDAD DE VINA DEL MAR";"5 ORIENTE 891";"Viña del Mar";"Región de Valparaíso ";"L1";"Desierta (o art. 3 ó 9 Ley 19.886)";"Ped. N°83 - 2530 Secretaría Comunal de Planificación - Barrio Esperanza Las Palmas Forestal Alto Fase III (s.r.r.)";2024-05-24T17:02:00;2024-06-04T15:30:00;2025-04-07T10:58:04.593;5180000;"CLP";0;0
3693-286-LE24;"ADQUISICIÓN DE VEHÍCULO";"I MUNICIPALIDAD DE EL QUISCO";"69.061.700-5";"Departamento SECPLA";"Avenida Francia 011";"El Quisco";"Región de Valparaíso ";"LE";"Desierta (o art. 3 ó 9 Ley 19.886)";"ADQUISICIÓN DE VEHÍCULO PARA LA MUNICIPALIDAD DE EL QUISCO";2024-12-20T09:45:22.723;2024-12-30T15:01:00;2025-04-07T10:29:06.457;;"CLP";0;0
5520-47-LQ24;"ADQUISICIÓN DE CAMIÓN PLUMA CON ESTÁNDAR MINERO";"UNIVERSIDAD DE CHILE";"60.910.000-1";"FCFM IDIEM";"Plaza Ercilla 883";"Santiago";"Región Metropolitana de Santiago";"LQ";"Desierta (o art. 3 ó 9 Ley 19.886)";"IDIEM licita la adquisición de camión pluma con estándar minero, según las características que se han definido en las presentes bases administrativas, bases técnicas y anexos.";2024-12-09T16:57:06.853;2025-01-02T19:00:00;2025-04-07T09:53:41.92;321000;"USD";0;0
2659-56-L125;"PTR N°150 - SERVICIO DE REFUGIO PARA GATOS SIN DUEÑO";"I MUNICIPALIDAD DE VITACURA";"69.255.600-3";"ADQUISICIONES";"Av. Bicentenario Nº 3.800, Vitacura.";"Vitacura";"Región Metropolitana de Santiago";"L1";"Desierta (o art. 3 ó 9 Ley 19.886)";"SERVICIO DE REFUGIO PARA GATOS SIN DUEÑO, FUERA DE LA COMUNA DE VITACURA QUE PROMUEVA SU ADOPCION, VER MAS DETALLE DE LO REQUERIDO Y SOLICITADO EN BASES DE LICITACION EN ARCHIVO ADJUNTO.";2025-03-04T09:44:06.84;2025-03-10T15:02:00;2025-03-31T20:00:00;;"CLP";0;0
619133-39-LP25;"ADQUISICION DE PROCEDIMIENTO DE ENDOSCOPIA Y COLONOSCOPIA";"SERVICIO SALUD SAN FELIPE LOS ANDES HOSP";"61.602.038-2";"Hospital San Camilo de San Felipe";"AVENIDA MIRAFLORES 2085";"San Felipe";"Región de Valparaíso ";"LP";"Desierta (o art. 3 ó 9 Ley 19.886)";"Las presentes Bases Administrativas rigen el llamado a licitación pública “COMPRA PROCEDIMIENTOS DE ENDOSCOPIA Y COLONOSCOPIA EN HOSPITAL SAN CAMILO”, ubicado en Av. Miraflores 2085 San Felipe, Quinta región, aplicando los procedimientos establecidos en la Ley de Compras N° 19.886 de la Administración Pública.";2025-02-14T10:34:59.993;2025-03-06T19:56:00;2025-03-31T19:57:00;;"CLP";0;0
1058087-10-LE25;"SUMINISTRO DE MEDICAMENTO ETANERCEPT";"SERVICIO DE SALUD ORIENTE HOSPITAL LUIS CALVO MACKENNA";"61.608.408-9";"Fármarcos";"ANTONIO VARAS 360 (CENTRO DE DISTRIBUCIÓN)";"Alhué";"Región Metropolitana de Santiago";"LE";"Desierta (o art. 3 ó 9 Ley 19.886)";"ADQUISICIÓN, POR SISTEMA DE SUMINISTRO DE MEDICAMENTO ENBREL SOLUCIÓN INYECTABLE 50 MG1 ML ETANERCEPT, PARA EL HOSPITAL DOCTOR LUIS CALVO MACKENNA.";2025-02-19T09:50:17.717;2025-03-03T15:00:00;2025-03-31T20:00:00;58000000;"CLP";0;0
4483-5-LE25;"ILUMINACION PARQUE PHELPS DODGE TIERRA AMARILLA";"I MUNICIPALIDAD DE TIERRA AMARILLA";"69.030.400-7";"Secretaria Comunal de Planificación";"LORENZO JOFRE SN, DEPTO SALUD - EDIFICIO VERDE";"Tierra Amarilla";"Región de Atacama ";"LE";"Desierta (o art. 3 ó 9 Ley 19.886)";"EL PROYECTO CONTEMPLA ILUMINAR EL SENDERO DEL PARQUE PHELPS DODGE UBICADO EN LA POBLACION LUIS URIBE DE LA COMUNA DE TIERRA AMARILLA.";2025-02-13T17:53:08.25;2025-02-24T15:30:00;2025-03-31T19:58:00;;"CLP";0;0
1057055-11-LQ25;"GSP SUMINISTRO DE MEDICAMENTO ESTRADIOL 2 MG";"SERV SALUD METROPOLITANO CENTRAL HOSPITAL CLINICO SAN BORJA ARRIARAN";"61.608.604-9";"Fármacos";"Avenida Santa Rosa N° 1234";"Santiago Centro";"Región Metropolitana de Santiago";"LQ";"Desierta (o art. 3 ó 9 Ley 19.886)";"El objetivo de la Propuesta es el SUMINISTRO DE MEDICAMENTO ESTRADIOL 2 MG para el Hospital Clínico San Borja Arriarán, solicitados en las especificaciones técnicas, en concordancia con las Bases Administrativas, Técnicas, Formularios, aclaraciones y otros documentos que pudieran formularse en el transcurso de la licitación. Se entenderá que todo proveedor conoce y acepta irrevocablemente el contenido de estas Bases, por el solo hecho de presentar ofertas en este proceso de licitación.";2025-02-05T18:21:09.37;2025-02-17T15:30:00;2025-03-31T20:00:00;180000000;"CLP";0;0
2667-145-LE24;"MANTENCIÓN ESTACIONAMIENTOS CENTRO CÍVICO VITACURA";"I MUNICIPALIDAD DE VITACURA";"69.255.600-3";"SECPLA";"AVDA. BICENTENARIO N° 3800.";"Vitacura";"Región Metropolitana de Santiago";"LE";"Desierta (o art. 3 ó 9 Ley 19.886)";"El objeto de la presente licitación pública es la contratación de una persona natural o jurídica, para que preste los “Servicios de Mantención para los Sistemas de Control de Estacionamiento Subterráneo y Lateral Norte del Centro Cívico de Vitacura” por 12 meses de duración, en respuesta a la necesidad de mantener el estado operativo de ambos sistemas y sus componentes mediante servicios de mantención preventiva y correctiva. Estos servicios deben incluir todas las rutinas de mano de obra especializada, elementos y accesorios de repuesto consumibles necesarios, para garantizar un funcionamiento continuo del equipamiento de control de estacionamientos y sistemas de pago automático por uso. Esto incluye las siguientes instalaciones: •	Barreras de acceso y salida, un cajero de pago automático, ubicados en el costado lateral norte del edificio Centro Cívico de Vitacura, Av. Bicentenario N° 3800, comuna de Vitacura. LÍNEA DE OFERTA N°1 •	Barreras de acceso y salida, dos cajeros de pago automático y un tótem de información sobre disponibilidad de estacionamientos, ubicados en el primer nivel y en el nivel subterráneo del edificio Centro Cívico de Vitacura, Av. Bicentenario N° 3800, comuna de Vitacura. LÍNEA DE OFERTA N°2";2025-01-24T11:07:00;2025-03-03T15:00:00;2025-03-31T21:00:00;;"UTM";0;0
1343-7-LP25;"ABASTECIMIENTO AGUA POTABLE SEGUNDO TRIMESTRE 2025";"DELEGACIÓN PRESIDENCIAL PROVINCIAL DE LIMARÍ";"60.511.042-8";"Gobernación Provincial de Limarí";"Socos 154";"Ovalle";"Región de Coquimbo ";"LP";"Desierta (o art. 3 ó 9 Ley 19.886)";"ABASTECIMIENTO AGUA POTABLE SEGUNDO TRIMESTRE 2025 PARA 38 RUTAS DE LA PROVINCIA DE LIMARI";2025-03-20T15:07:13.65;2025-03-31T15:01:00;2025-03-31T20:30:00;;"CLP";0;0
2659-58-L125;"PTR N°177 - ADQUISICION DE CONTENEDORES DE COLILLAS DE CIGARRO Y GESTION COMPLETA DE COLILLAS";"I MUNICIPALIDAD DE VITACURA";"69.255.600-3";"ADQUISICIONES";"Avenida Bicentenario Nº 3.800.Giro: Servicio Público.";"Vitacura";"Región Metropolitana de Santiago";"L1";"Desierta (o art. 3 ó 9 Ley 19.886)";"ADQUISICION DE CONTENEDORES DE COLILLAS DE CIGARRO Y GESTION COMPLETA DE COLILLAS. VER MAS DETALLE DE LO REQUERIDO EN BASES DE LICITACION EN ARCHIVO ADJUNTO.";2025-03-04T11:14:51.8;2025-03-11T11:00:00;2025-03-31T20:00:00;;"CLP";0;0
2817-20-LE25;"MATERIALES MANT.Y REP. NMUEBLES DEPTO.CULTURA";"I MUNICIPALIDAD DE SAN FERNANDO";"69.090.100-5";"I MUNICIPALIDAD DE SAN FERNANDO";"Carampangue 865";"San Fernando";"Región del Libertador General Bernardo O´Higgins";"LE";"Desierta (o art. 3 ó 9 Ley 19.886)";"MATERIALES DE FERRETERIA Y DE ASEO, PARA MANTENCIÓN Y REPARACIÓN DE INMUEBLES DEPTO. DE CULTA,  CUENTA:Certif. Disponib. Presup.N°611 de fecha 23 de enero de 2025 a la siguiente cuenta: 215-22-04-012-000-000 “OTROS MATERIALES, REPUESTOS Y ÚTILES Área de Gestión: Programas Culturales 6, Centro de Costo: 239, 38, 20, Cuenta: 215-22-04-999-000-000  “OTROS” Area de Gestión: 6,  Centro de Costo: 38, 20, del Presupuesto Municipal vigente año 2025.";2025-02-14T12:59:58.943;2025-02-24T15:01:00;2025-03-31T20:00:00;;"CLP";0;0
2659-60-L125;"PTR N°166 - CONTRATACION DE SERVICIO DE ZONAS SEGURAS PARA 3 INSTALACION DE LA MUNICIPALIDAD DE VITACURA POR UN PERIODO DE 12 MESES";"I MUNICIPALIDAD DE VITACURA";"69.255.600-3";"ADQUISICIONES";"Av. Bicentenario Nº 3.800, Vitacura.";"Vitacura";"Región Metropolitana de Santiago";"L1";"Desierta (o art. 3 ó 9 Ley 19.886)";"CONTRATACION DE SERVICIO DE ZONAS SEGURAS PARA 3 INSTALACION DE LA MUNICIPALIDAD DE VITACURA POR UN PERIODO DE 12 MESES. VER MAS DETALLE DE LO REQUERIDO Y SOLICITADO EN BASES DE LICITACION EN ARCHIVO ADJUNTO.";2025-03-05T12:27:33.69;2025-03-12T11:00:00;2025-03-31T20:00:00;;"CLP";0;0
2997-6-LE25;"Proyecto PTAS Villa El Progreso Carén.";"I MUNICIPALIDAD DE MONTEPATRIA";"69.040.800-7";"Secpla";"DIAGUITAS N°31";"Monte Patria";"Región de Coquimbo ";"LE";"Desierta (o art. 3 ó 9 Ley 19.886)";"La Ilustre Municipalidad de Monte Patria, interesada por mejorar la calidad de vida de los vecinos y las vecinas de su comuna, busca dar solución al problema de saneamiento existente en el actual sistema de alcantarillado de la Villa El Progreso de la localidad de Caren, el cual funciona a través de un sistema de tratamiento primario en base a fosa séptica y pozos absorbentes. El proyecto cuenta con financiamiento del Fondo del Programa de Equidad Territorial FET.";2025-02-12T16:18:10.853;2025-02-25T09:00:00;2025-03-31T19:58:00;;"CLP";0;0
3983-9-LE25;"SERVICIOS PROFESIONALES TURNOS MÉDICOS PARA SERVICIO DE URGENCIA RURAL";"I MUNICIPALIDAD DE PAREDONES";"69.090.900-6";"Salud";"Avda. Dr. Moore 15";"Paredones";"Región del Libertador General Bernardo O´Higgins";"LE";"Desierta (o art. 3 ó 9 Ley 19.886)";"LA NECESIDAD DE ADQUIRIR SERVICIOS PROFESIONALES TURNOS MÉDICOS PARA SERVICIO DE URGENCIA RURAL";2025-03-14T15:29:14.047;2025-03-20T10:00:00;2025-03-31T20:00:00;;"CLP";0;0
761391-43-LE25;"EE21EDUCVOADQ. DE LIBROS DE INGLES TÉCNICO ";"FUERZA AEREA DE CHILE COMANDO LOGISTICO";"61.103.032-0";"Base Aérea El Bosque";"Gran Av. José Miguel Carrera Nº 10.525 Par. 32 1/2, El Bosque, Región Metropolitana de Santiago";"El Bosque";"Región Metropolitana de Santiago";"LE";"Desierta (o art. 3 ó 9 Ley 19.886)";"EE/21/EDU/CVO/ADQ. DE LIBROS DE INGLES TÉCNICO PARA ALUMNOS DE LA ESCUELA DE ESPECIALIDADES, DE ACUERDO A BASES ADM., BASES TÉCNICAS Y ANEXOS ADJUNTOS.-";2025-03-03T11:54:34.07;2025-03-10T15:00:00;2025-03-31T20:00:00;8051861;"CLP";0;0
1509-29-LE25;"SERVICIO DE ASEO Y ORNATO HOSPITAL COM. TIL TIL";"SERVICIO DE SALUD METROPOLITANO NORTE HOSPITAL DE TIL TIL";"61.608.006-7";"Hospital Til - Til";"Daniel Moya  100";"Til Til";"Región Metropolitana de Santiago";"LE";"Desierta (o art. 3 ó 9 Ley 19.886)";"SERVICIO DE ASEO Y ORNATO HOSPITAL COMUNITARIO DE TIL TIL 1.- La solicitud de compra autorizada y enviada a la Unidad de Abastecimiento a través de las Providencia N°237 de fecha 30 de enero de 2025 donde autoriza la contratación de servicio de aseo y ornato según Memorándum N°18 enviado por la Encargada de Unidad de Logística S del Hospital Comunitario de Til Til.";2025-02-21T16:53:30.823;2025-02-28T10:00:00;2025-03-31T19:49:00;;"CLP";0;0
2914-4-LE25;"SUMINISTRO DE COMBUSTIBLE DSM PERIODO 2025 SOL 67";"ILUSTRE MUNICIPALIDAD DE DIEGO DE ALMAGRO";"69.250.500-k";"Salud";"Juan Martínez de Rosa 1403, I. MUNICIPALIDAD DE DIEGO DE ALMAGRO";"Diego De Almagro";"Región de Atacama ";"LE";"Desierta (o art. 3 ó 9 Ley 19.886)";"ADQUIRIR EL SERVICIO DE SUMINISTRO DE COMBUSTIBLE DIESEL PARA LOS VEHÍCULOS DE LA DIRECCIÓN DE SALUD MUNICIPAL PERIODO AÑO 2025.";2025-03-05T16:48:24.527;2025-03-17T18:40:00;2025-03-31T18:41:00;18487395;"CLP";0;0
1260688-9-LE25;"MATERIALES DIDACTICOS Y FUNGIBLES E.E. RURALES";"CORP MUNICIPAL DE DESARROLLO SOCIAL DE POZO ALMONTE";"71.497.400-9";"ADQUISICIONES EDUCACION";"CALA CALA # 112";"Pozo Almonte";"Región de Tarapacá  ";"LE";"Desierta (o art. 3 ó 9 Ley 19.886)";"CORMUDESPA llama a los proveedores interesados a presentar sus ofertas a la presente Licitación Pública “Adquisición de material didáctico y fungible para Escuela Básica Fuerte Baquedano, Escuela Básica La Tirana, Escuela Básica La Huayca, Escuela Básica Mamiña, Escuela Básica Oasis en el Desierto, Escuela Básica San Santiago de Macaya, de la Comuna de Pozo Almonte”, a través del Sistema de Compras y Contratación Pública, en adelante Portal Mercado Público www.mercadopublico.cl, con el fin de proceder a la De acuerdo a las características entregadas en las presentes Bases Administrativas y Técnicas Adjuntas.";2025-02-21T18:10:36.437;2025-02-27T15:09:00;2025-03-31T19:40:48.693;;"CLP";0;0
2760-21-LE25;"SUMINISTRO SERVICIOS FUNERARIOS";"I MUNICIPALIDAD DE CORONEL";"69.151.200-2";"SECRETARIA COMUNAL DE PLANIFICACION";"BANNEN 70, CORONEL";"Coronel";"Región del Biobío ";"LE";"Desierta (o art. 3 ó 9 Ley 19.886)";"CONTRATO DE SUMINISTRO SERVICIOS FUNERARIOS, DESTINADOS A LA ATENCION DE CASOS SOCIALES DE FAMILIA EN SITUACION DE VULNERABILIDAD";2025-02-07T12:31:03.757;2025-02-17T15:00:00;2025-03-31T19:00:00;;"CLP";0;0
1660-25-L125;"COMPRA DE SERVICIOS DE MATRON/A POR 440 PRESTACIONES EJECUTADAS DESDE MARZO A MAYO 2025 PARA HOSPITAL DE SALAMANCA";"SERVICIO SALUD COQUIMBO HOSP DE SALAMANC";"61.606.408-8";"SERVICIO SALUD COQUIMBO HOSP DE SALAMANC";"AVDA. INFANTE N891";"Salamanca";"Región de Coquimbo ";"L1";"Desierta (o art. 3 ó 9 Ley 19.886)";"COMPRA DE SERVICIOS DE MATRON/A POR 440 PRESTACIONES EJECUTADAS DESDE MARZO A MAYO 2025 PARA HOSPITAL DE SALAMANCA";2025-02-28T14:52:28.147;2025-03-07T18:31:00;2025-03-31T18:31:00;3520000;"CLP";0;0
3561-11-LP25;"SERVICIO DE VIGILANCIA Y SEGURIDAD";"I MUNICIPALIDAD DE LA CALERA";"69.060.300-4";"Departamento de Salud Municipal";"San Diego Nº 147";"La Calera";"Región de Valparaíso ";"LP";"Desierta (o art. 3 ó 9 Ley 19.886)";"SERVICIO DE VIGILANCIA Y SEGURIDAD PARA CUATRO CENTROS DE SALUD";2025-02-20T09:33:43.143;2025-03-04T15:15:00;2025-03-31T18:49:00;83000000;"CLP";0;0
1469-34-L125;"SERVICIO DE INSTALACIÓN DE PUNTOS DE RED DE DATOS PARA EL DEPARTAMENTO DE INFRAESTRUCTURA, UNIVERSIDAD DE TALCA, CAMPUS TALCA";"UNIVERSIDAD DE TALCA";"70.885.500-6";"Universidad de Talca";"Edificio Lircay de la Universidad de Talca, Calle 19 Norte, 1665";"Talca";"Región del Maule ";"L1";"Desierta (o art. 3 ó 9 Ley 19.886)";"La Universidad de Talca requiere el servicio de instalación de puntos de red en dependencias del Departamento de Desarrollo de Infraestructura de la Universidad de Talca, ubicado en Avenida Lircay s/n, Talca.";2025-03-17T18:34:58.723;2025-03-27T11:00:00;2025-03-31T18:00:00;;"CLP";0;0
619133-44-LE25;"ADQUISICION DE CONSULTAS NUEVAS SERVICIO DE GINECOLOGIA";"SERVICIO SALUD SAN FELIPE LOS ANDES HOSP";"61.602.038-2";"Hospital San Camilo de San Felipe";"AVENIDA MIRAFLORES 2085";"San Felipe";"Región de Valparaíso ";"LE";"Desierta (o art. 3 ó 9 Ley 19.886)";"Las presentes Bases Administrativas rigen el llamado a licitación pública ADQUISICION DE CONSULTAS DE GINECOLOGIA EN HOSPITAL SAN CAMILO”, ubicado en Av. Miraflores 2085 San Felipe, Quinta región, aplicando los procedimientos establecidos en la Ley de Compras N° 19.886 de la Administración Pública.";2025-02-14T13:46:50.733;2025-02-24T18:40:00;2025-03-31T18:41:00;;"CLP";0;0
1660-24-L125;"COMPRA DE SERVICIOS DE PSICÓLOGO/A POR 440 PRESTACIONES EJECUTADAS DESDE MARZO A NOVIEMBRE 2025 PARA HOSPITAL DE SALAMANCA";"SERVICIO SALUD COQUIMBO HOSP DE SALAMANC";"61.606.408-8";"SERVICIO SALUD COQUIMBO HOSP DE SALAMANC";"AVDA. INFANTE N891";"Salamanca";"Región de Coquimbo ";"L1";"Desierta (o art. 3 ó 9 Ley 19.886)";"COMPRA DE SERVICIOS DE PSICÓLOGO/A POR 440 PRESTACIONES EJECUTADAS DESDE MARZO A NOVIEMBRE 2025 PARA HOSPITAL DE SALAMANCA";2025-02-28T14:50:37.04;2025-03-07T18:15:00;2025-03-31T18:15:00;3520000;"CLP";0;0
2760-18-LE25;"EVACUACION DE AGUAS LLUVIAS SECTOR VILLA ESCUADRON";"I MUNICIPALIDAD DE CORONEL";"69.151.200-2";"SECRETARIA COMUNAL DE PLANIFICACION";"BANNEN 70, CORONEL";"Coronel";"Región del Biobío ";"LE";"Desierta (o art. 3 ó 9 Ley 19.886)";"EVACUACION DE AGUAS LLUVIAS DE CALLE FEDERICO SCHWAGER, SECTOR VILLA ESCUADRON";2025-02-07T11:41:00;2025-02-20T15:00:00;2025-03-31T19:00:00;;"CLP";0;0
1057489-629-LE24;"CONVENIO DE SUMINISTRO DE FLEXOR DE TENDÓN POR 36 MESES PARA EL HOSPITAL DEL SALVADOR ";"SERVICIO DE SALUD ORIENTE HOSPITAL DEL SALVADOR";"61.608.406-2";"Bienes y Servicios";"AV SALVADOR 364";"Providencia";"Región Metropolitana de Santiago";"LE";"Desierta (o art. 3 ó 9 Ley 19.886)";"Que, el Hospital del Salvador necesita contar con un CONVENIO DE SUMINISTRO DE FLEXOR DE TENDÓN POR 36 MESES PARA EL HOSPITAL DEL SALVADOR con la finalidad de satisfacer de manera adecuada y eficiente la labor asistencial;  Que, por la cuantía determinada, la presente licitación se ubica en el tramo para aquellas contrataciones iguales o superiores a 100 UTM e inferiores a 1.000 UTM, en conformidad al Artículo 19º bis del Reglamento de la Ley Nº19.886; Que, hechas las consultas respectivas, la provisión de CONVENIO DE SUMINISTRO DE FLEXOR DE TENDÓN POR 36 MESES PARA EL HOSPITAL DEL SALVADOR no se encuentra disponible por Convenio Marco ofrecidos en el Sistema de Información de la Dirección de Compras, www.mercadopublico.cl;";2024-12-05T09:28:00.09;2024-12-16T16:00:00;2025-03-31T18:36:00;48361600;"CLP";0;0
4132-2-LE25;"ADQUISICIÓN DE FRUTAS VERDURAS FRESCAS Y OTROS";"DIRECCION DE LOGISTICA DE CARABINEROS";"61.979.300-5";"Escuela de Formación Carabineros Grupo Ancud";"Portales 440";"Ancud";"Región de los Lagos ";"LE";"Desierta (o art. 3 ó 9 Ley 19.886)";"La presente compra tiene como finalidad el proveer de la alimentación necesario y propicia para los Carabineros Alumnos de la Esfocar Grupo Ancud, quienes desarrollan su proceso de formación inicial.  La presente licitación corresponde al proceso de adquisicion de frutas, verduras y otros.";2025-03-12T09:21:44.313;2025-03-18T12:00:00;2025-03-31T18:19:38.96;67361571;"CLP";0;0
2933-13-LE25;"Adq. Agua potable oficina de emergencias 2025";"I MUNICIPALIDAD DE ALHUE";"69.073.200-9";"DPTO. MUNICIPALIDAD";"Pintor Onofre Jarpa  N°55";"Alhué";"Región Metropolitana de Santiago";"LE";"Desierta (o art. 3 ó 9 Ley 19.886)";"La I. Municipalidad de Alhué, llama a Licitación Pública por el suministro de agua potable para el abastecimiento de los habitantes de la comuna que será detallado en cuanto a tipo y cantidad en el punto 19 de las presentes bases, dicho suministro tendrá vigencia desde el momento de la adjudicación hasta el 31 de diciembre de 2025 o hasta agotar el presupuesto disponible";2025-03-12T16:11:11.24;2025-03-19T09:00:00;2025-03-31T18:38:00;;"CLP";0;0
2785-253-LR24;"CONSTRUCCIÓN GIMNASIO TALLER VILLA EL ROSARIO SAN PEDRO DE LA PAZ-OBRAS CIVILES";"I MUNICIPALIDAD DE SAN PEDRO DE LA PAZ";"69.264.800-5";"I MUNICIPALIDAD DE SAN PEDRO DE LA PAZ";"LOS ACACIOS  43";"San Pedro de La Paz";"Región del Biobío ";"LR";"Desierta (o art. 3 ó 9 Ley 19.886)";"El proyecto a licitar consiste en la “CONSTRUCCIÓN GIMNASIO TALLER VILLA EL ROSARIO, SAN PEDRO DE LA PAZ”. El proyecto se ubica en terreno correspondiente a Equipamiento Municipal, en sector Pie de Monte, Villa El Rosario por Calle Benjamín Subercaseaux entre Pasaje Luis Durand y Lautaro Yankas. La obra considera las siguientes partidas: •	Obra gruesa, construcción Gimnasio Taller. •	Terminaciones. •	Instalaciones domiciliarias. 	Proyecto eléctrico. 	Proyecto fotovoltaico. 	Proyecto sanitario (Agua potable y alcantarillado) 	Proyecto A.LL. •	Obras exteriores, pavimentos y ruta accesible según normativa vigente.";2024-11-12T17:04:00;2024-12-18T14:00:00;2025-03-31T18:00:00;;"CLP";0;0
1300-3-LE25;"SERVICIO DE ARREGLOS PARA VEHÍCULO CR RANCAGUA.";"SERVICIO NACIONAL DEL ADULTO MAYOR";"61.961.000-8";"Servicio Nacional del Adulto Mayor";"Catedral N°1575, Oficina 21, Santiago";"Santiago";"Región Metropolitana de Santiago";"LE";"Desierta (o art. 3 ó 9 Ley 19.886)";"El Servicio Nacional del Adulto Mayor, requiere “SERVICIO DE ARREGLOS VEHÍCULO COORDINACION REGIONAL SENAMA REGION DE O’HIGGINS”, ubicado en Calle Astorga N° 668, comuna de Rancagua, región del Libertador General Bernardo O’Higgins. La totalidad de los materiales productos se entienden de primera calidad, debiendo ajustarse estrictamente a las normas vigentes en lo relacionado a su provisión, colocación o montaje, así como las indicaciones específicas de los fabricantes de los productos. Cualquier material u obra que no haya sido indicado expresamente en estas Bases Técnicas y que sean necesarias para la correcta ejecución del trabajo, debe ser considerado por el adjudicatario en su oferta y no dará derecho a reclamo ni pago adicional por este concepto.";2025-02-14T16:31:50.007;2025-02-28T15:30:00;2025-03-31T18:00:00;;"CLP";0;0
2322-44-L125;"Insumos de coffe break para cursos y jornadas de sensibilización Programa Mujeres Derechos Sexuales y Reproductivos";"I MUNICIPALIDAD DE VALLENAR";"69.030.500-3";"I MUNICIPALIDAD DE VALLENAR";"Vista hermosa #1675  villa juan López torres";"Vallenar";"Región de Atacama ";"L1";"Desierta (o art. 3 ó 9 Ley 19.886)";"Insumos de coffe break para cursos y jornadas de sensibilización Programa Mujeres Derechos Sexuales y Reproductivos";2025-03-20T15:23:18.52;2025-03-26T09:00:00;2025-03-31T18:00:00;420000;"CLP";0;0
3935-21-LE25;"CONTRATACION DE SERVICIO DE ACERCAMIENTO PARA ALUMNOS LICEO JUAN SCHLEYER SEGUNDO LLAMADO";"I MUNICIPALIDAD DE FREIRE";"69.190.900-K";"Secretaria de Planificación";"Pedro Camalez Nº85";"Freire";"Región de la Araucanía ";"LE";"Desierta (o art. 3 ó 9 Ley 19.886)";"CONTRATACION DE SERVICIO DE ACERCAMIENTO PARA ALUMNOS LICEO JUAN SCHLEYER, SEGUNDO LLAMADO.";2025-03-03T17:23:00.497;2025-03-10T15:01:00;2025-03-31T17:47:00;;"CLP";0;0
2914-3-L125;"SUMINISTRO DE OXIGENO - IMDA AÑO 2025";"ILUSTRE MUNICIPALIDAD DE DIEGO DE ALMAGRO";"69.250.500-k";"Salud";"Juan Martínez de Rosa 1403, I. MUNICIPALIDAD DE DIEGO DE ALMAGRO";"Diego De Almagro";"Región de Atacama ";"L1";"Desierta (o art. 3 ó 9 Ley 19.886)";"La adquisición del Servicio de provisión de oxígeno medicinal para humanos  según necesidad del servicio por cada establecimiento del departamento de salud municipal de la comuna de Diego de Almagro, incluyendo; retiro, transporte y despacho de nuestros cilindros de oxígeno para su recarga, reparaciones yo mantenciones.";2025-03-06T12:28:00;2025-03-24T15:31:00;2025-03-31T18:00:00;5042016.8;"CLP";0;0
4733-10-LE25;"SERVICIO SUMINISTRO DE COMBUSTIBLE";"I MUNICIPALIDAD DE LAS GUAITECAS";"69.253.300-3";"I MUNICIPALIDAD DE LAS GUAITECAS";"Avda. Aeropuerto S/N";"Las Guaitecas";"Región Aysén del General Carlos Ibáñez del Campo";"LE";"Desierta (o art. 3 ó 9 Ley 19.886)";"Las presentes Bases reglamentan Licitación Pública para la contratación de Servicio Suministro de Combustible en modalidad a granel para vehículos y maquinarias de la Ilustre Municipalidad de Guaitecas.  La entrega deberá efectuarse en una estación de servicio que cuente con las condiciones de seguridad y normativas vigentes para el almacenamiento y distribución de combustibles.";2025-03-13T11:50:03.49;2025-03-24T15:01:00;2025-03-31T17:45:00;;"CLP";0;0
619133-42-LE25;"AADQUISICION DE CONSULTAS NUEVAS ESPECIALIDAD DE PATOLOGIA MAMARIA";"SERVICIO SALUD SAN FELIPE LOS ANDES HOSP";"61.602.038-2";"Hospital San Camilo de San Felipe";"AVENIDA MIRAFLORES 2085";"San Felipe";"Región de Valparaíso ";"LE";"Desierta (o art. 3 ó 9 Ley 19.886)";"Las presentes Bases Administrativas rigen el llamado a licitación pública “ADQUISICION DE CONSULTAS DE PATOLOGIA MAMARIA DE HOSPITAL SAN CAMILO”, ubicado en Av. Miraflores 2085 San Felipe, Quinta región, aplicando los procedimientos establecidos en la Ley de Compras N° 19.886 de la Administración Pública.";2025-02-14T11:49:00;2025-02-24T17:34:00;2025-03-31T17:35:00;;"CLP";0;0
2709-23-LE25;"ADQUISICION DE LICENCIAS CENTRAL TELEFONICA ILUSTRE MUNICIPALIDAD DE OVALLE";"MUNICIPALIDAD DE OVALLE";"69.040.700-0";"Municipalidad de Ovalle - Secplan";"Vicuña Mackenna  441";"Ovalle";"Región de Coquimbo ";"LE";"Desierta (o art. 3 ó 9 Ley 19.886)";"ADQUISICION DE LICENCIAS CENTRAL TELEFONICA ILUSTRE MUNICIPALIDAD DE OVALLE";2025-03-04T11:32:00.703;2025-03-10T15:00:00;2025-03-31T17:35:00;9354073;"CLP";0;0
2741-29-LR25;"DISPOSICION FINAL RESIDUOS SOLIDOS DOMICILIARIOS";"I MUNICIPALIDAD DE SAN FELIPE";"69.050.600-9";"SECPLA - MUNISANFE";"SALINAS  1211";"San Felipe";"Región de Valparaíso ";"LR";"Desierta (o art. 3 ó 9 Ley 19.886)";"DISPOSICION FINAL RESIDUOS SOLIDOS DOMICILIARIOS Y ASIMILABLES, PARA LA COMUNA DE SAN FELIPE";2025-02-13T16:02:00;2025-03-17T16:00:00;2025-03-31T17:35:00;370000000;"CLP";0;0
1057509-53-LP25;"CONVENIO COMPRA DE SERVICIOS PROFESIONALES MÉDICOS PARA TURNOS DE URGENCIA MEDICINA INTERNA 5TO MÉDICO fzv";"HOSPITAL CLINICO HERMINDA MARTIN";"61.607.001-0";"Bienes y Servicios";"Francisco Ramirez Nº10";"Chillán";"Región del Ñuble";"LP";"Desierta (o art. 3 ó 9 Ley 19.886)";"El Hospital Clínico Herminda Martín de Chillán llama a Licitación Pública a través del Portal Mercado Público, para suscribir “Convenio Compra de Servicios Profesionales Médicos para Turnos de Urgencia Medicina Interna 5to Médico”, para cubrir turnos por ausentismo, tales como licencias médicas, feriados legales u otros permisos, que la institución no puede resolver con los recursos humanos disponibles, dar continuidad a las atenciones a pacientes beneficiarios del sistema público de salud de acuerdo a requerimientos especificados en Bases Administrativas y Técnicas de la presente licitación. Se pretende obtener la mejor calidad y oportunidad en la prestación de los servicios a un precio conveniente.";2025-02-26T16:59:09.597;2025-03-10T15:01:00;2025-03-31T17:30:00;;"CLP";0;0
619133-41-LE25;"ADQUISICION DE CONSULTAS NUEVAS ESPECIALIDAD DE CIRUGIA GENERAL";"SERVICIO SALUD SAN FELIPE LOS ANDES HOSP";"61.602.038-2";"Hospital San Camilo de San Felipe";"AVENIDA MIRAFLORES 2085";"San Felipe";"Región de Valparaíso ";"LE";"Desierta (o art. 3 ó 9 Ley 19.886)";"Las presentes Bases Administrativas rigen el llamado a licitación pública “ADQUISICION DE CONSULTAS NUEVAS ESPECIALIDAD DE CIRUGIA GENERAL DEL HOSPITAL SAN CAMILO”, ubicado en Av. Miraflores 2085 San Felipe, Quinta región, aplicando los procedimientos establecidos en la Ley de Compras N° 19.886 de la Administración Pública.";2025-02-14T11:19:12.153;2025-02-24T17:31:00;2025-03-31T17:32:00;;"CLP";0;0
1247197-2-LE25;"SERVICIO DE MANTENIMIENTO PREVENTIVO Y CORRECTIVO";"CORP MUNICIPAL DE CONCHALI DE EDUCACION SALUD Y ATENCION DE MENORES";"70.878.100-2";"Planificación";"Juan Muñoz 4645";"Conchalí";"Región Metropolitana de Santiago";"LE";"Desierta (o art. 3 ó 9 Ley 19.886)";"La Corporación de Educación, Salud y Atención de Menores de Conchalí CORESAM llama a licitación pública para la provisión del servicio de mantención y reparación de equipamiento que se encuentran en los centros de salud de la comuna de Conchalí. Res. Aprueba Base 20-2025.  Memorandúm 1766-2024.";2025-01-24T15:58:00;2025-02-06T12:00:00;2025-03-31T17:30:00;21024184;"CLP";0;0
619133-40-LP25;"ADQUISICIÓN DE PROCEDIMIENTO DE ECOCARDIOGRAMA";"SERVICIO SALUD SAN FELIPE LOS ANDES HOSP";"61.602.038-2";"Hospital San Camilo de San Felipe";"AVENIDA MIRAFLORES 2085";"San Felipe";"Región de Valparaíso ";"LP";"Desierta (o art. 3 ó 9 Ley 19.886)";"Las presentes Bases Administrativas rigen el llamado a licitación pública “COMPRA EXAMENES DE ECOCARDIOGRAMA EN HOSPITAL SAN CAMILO”, ubicado en Av. Miraflores 2085 San Felipe, Quinta región, aplicando los procedimientos establecidos en la Ley de Compras N° 19.886 de la Administración Pública.";2025-02-18T10:16:00;2025-03-10T17:29:00;2025-03-31T17:30:00;;"CLP";0;0
5056-25-CO25;"Profesional Médico para Hematología-Oncología";"SERVICIO DE SALUD DEL MAULE HOSPITAL DE TALCA";"61.606.901-2";"Servicios";"1 Norte Nº 1990";"Talca";"Región del Maule ";"CO";"Desierta (o art. 3 ó 9 Ley 19.886)";"El objetivo de la presente licitación, es invitar a través de www.mercadopublico.cl a todos los proveedores del rubro a participar del convenio por la contratación de servicios médicos para la unidad de hematología-oncología del Hospital Regional de Talca, con la finalidad de apoyar de manera temporal la labor asistencial encomendada a este establecimiento mediante una dotación de profesionales para cubrir suplencias y reemplazos, de acuerdo a los criterios de evaluación, satisfaciendo así la demanda de los usuarios.";2025-03-05T15:13:33.653;2025-03-11T16:00:00;2025-03-31T17:30:00;;"CLP";0;0
1057509-71-LP25;"“CONVENIO COMPRA SERVICIOS PROFESIONALES MÉDICOS PARA TURNOS DE URGENCIA CON EXPERIENCIA EN CIRUGÍA INFANTIL”  brd";"HOSPITAL CLINICO HERMINDA MARTIN";"61.607.001-0";"Bienes y Servicios";"Francisco Ramirez Nº10";"Chillán";"Región del Ñuble";"LP";"Desierta (o art. 3 ó 9 Ley 19.886)";"El Hospital Clínico Herminda Martín de Chillán llama a Licitación Pública a través del Portal Mercado Público, para la compra de servicios profesionales médicos para turnos de urgencia, con Experiencia en Cirugía Infantil, para cubrir turnos por ausentismo, tales como licencias médicas, feriados legales u otros permisos, que la institución no puede resolver con los recursos humanos disponibles, dar continuidad a las atenciones a pacientes beneficiarios del sistema público de salud de acuerdo a requerimientos especificados en Bases Administrativas y Técnicas de la presente licitación. Se pretende obtener la mejor calidad y oportunidad en la prestación de los servicios a un precio conveniente.";2025-03-04T14:09:54.59;2025-03-14T15:00:00;2025-03-31T17:30:00;;"CLP";0;0
1057650-1-LE25;"SERVICIO DE CUIDADOR RECINTO DE VERANEO VILCHES ALTO";"SERVICIO DE SALUD DEL MAULE";"61.606.900-4";"Bienestar";"Bienes y Servicios";"Talca";"Región del Maule ";"LE";"Desierta (o art. 3 ó 9 Ley 19.886)";"objeto contar con un cuidador permanente en el recinto de veraneo de Vilches Alto, administrado por la Unidad de Gestión Social del Servicio de Salud Maule.";2025-03-11T16:20:50.807;2025-03-19T09:00:00;2025-03-31T17:30:00;;"CLP";0;0
5056-27-LE25;"Servicio radiología intervencional y neuroradiologia de urgencia";"SERVICIO DE SALUD DEL MAULE HOSPITAL DE TALCA";"61.606.901-2";"Servicios";"1 Norte Nº 1990";"Talca";"Región del Maule ";"LE";"Desierta (o art. 3 ó 9 Ley 19.886)";"El objetivo de la presente licitación, es invitar a través de www.mercadopublico.cl a todos los proveedores del rubro a participar del convenio por la contratación de servicios para la resolución de procedimientos de Radiología Intervencionista y de Neuroradiología de urgencia del Hospital Regional de Talca, con la finalidad de apoyar la labor asistencial encomendada a este establecimiento, de acuerdo a los criterios de evaluación, satisfaciendo así la demanda de los usuarios.";2025-03-07T16:32:00;2025-03-13T18:00:00;2025-03-31T17:30:00;;"CLP";0;0
2111-53-LP25;"SUMINISTRO PACK ROPA ANGIOGRAFIA";"HOSPITAL DE URGENCIA ASISTENCIA PUBLICA DR ALEJANDRO DEL RIO";"61.608.602-2";"Hospital de Urgencia Asistencia Pública";"Curico N°345 Bodega Central";"Santiago";"Región Metropolitana de Santiago";"LP";"Desierta (o art. 3 ó 9 Ley 19.886)";"La adquisición del suministro Pack Ropa Angiografía para el Hospital de Urgencia Asistencia Pública por un periodo de 36 meses.";2025-03-12T10:59:04.507;2025-03-24T15:00:00;2025-03-31T17:05:53.96;;"CLP";0;0
2743-13-LE25;"	PAVIMENTACION PARCIAL CALLE Y VEREDA URSULA SUAREZ COMUNA DE ANGOL";"I MUNICIPALIDAD DE ANGOL";"69.180.100-4";"SECPLA";"Pedro Aguirre Cerda Nº 509";"Angol";"Región de la Araucanía ";"LE";"Desierta (o art. 3 ó 9 Ley 19.886)";"La Municipalidad de Angol, invita a las empresas del rubro de la construcción en general, para realizar la ejecución de la obra “PAVIMENTACION PARCIAL CALLE Y VEREDA URSULA SUAREZ, COMUNA DE ANGOL”, Conforme a las exigencias de las presentes bases, aclaraciones o modificaciones a las mismas, especificaciones técnicas y cumpliendo además con la reglamentación vigente respecto de las compras Públicas y el Uso del Portal www.mercadopublico.cl";2025-03-06T17:37:09.203;2025-03-21T12:00:00;2025-03-31T17:15:19.143;;"CLP";0;0
1057509-70-LP25;"“CONVENIO COMPRA SERVICIOS PROFESIONALES MÉDICOS PARA TURNOS DE URGENCIA EN SERVICIO DE MEDICINA”  brd";"HOSPITAL CLINICO HERMINDA MARTIN";"61.607.001-0";"Bienes y Servicios";"Francisco Ramirez Nº10";"Chillán";"Región del Ñuble";"LP";"Desierta (o art. 3 ó 9 Ley 19.886)";"El Hospital Clínico Herminda Martín de Chillán llama a Licitación Pública a través del Portal Mercado Público para suscribir “Convenio Compra Servicios Profesionales Médicos para Turnos de Urgencia en Servicio de Medicina”, con el fin de asegurar la continuidad en atención de los pacientes que requieran de este servicio, contando con los profesionales necesarios para dichas atenciones, por cuanto no es posible dar cobertura a la demanda real de prestaciones con el recurso humano institucional, siendo necesario licitar estos servicios y así otorgar una atención oportuna y de calidad a pacientes dando cabal cumplimiento a protocolo clínico de la unidad licitante del Hospital Clínico Herminda Martín. Se pretende obtener la mejor calidad y oportunidad en la prestación de los servicios a un precio conveniente.";2025-03-04T12:28:14.023;2025-03-14T15:00:00;2025-03-31T17:30:00;;"CLP";0;0
5056-36-CO25;"Servicio radiología intervencional y neuroradiologia de urgencia";"SERVICIO DE SALUD DEL MAULE HOSPITAL DE TALCA";"61.606.901-2";"Servicios";"1 Norte Nº 1990";"Talca";"Región del Maule ";"CO";"Desierta (o art. 3 ó 9 Ley 19.886)";"El objetivo de la presente licitación, es invitar a través de www.mercadopublico.cl a todos los proveedores del rubro a participar del convenio por la contratación de servicios para la resolución de procedimientos de Radiología Intervencionista y de Neuroradiología de urgencia del Hospital Regional de Talca, con la finalidad de apoyar la labor asistencial encomendada a este establecimiento, de acuerdo a los criterios de evaluación, satisfaciendo así la demanda de los usuarios.";2025-03-14T16:35:29.823;2025-03-20T17:00:00;2025-03-31T17:30:00;;"CLP";0;0
5261-41-O124;"CBC El Chingay - Las Paclas";"MINISTERIO DE OBRAS PUBLICAS DIREC CION GRAL DE OO PP DCYF";"61.202.000-0";"Dirección de Vialidad - IV Región - Licitación de Obras";"CIRUJANO VIDELA Nº 200, 1º PISO";"La Serena";"Región de Coquimbo ";"O1";"Desierta (o art. 3 ó 9 Ley 19.886)";"Sello tripo cape seal con Polímero; obras de arte para drenaje; colocación de barreras metálicas, señalización vertical, demarcación y colocación de tachas";2024-12-23T11:28:55.983;2025-01-21T14:30:00;2025-03-31T17:00:00;;"CLP";0;0
846-5-L125;"RRFF, SC 57138, CONTRATO COURIER ATACAMA";"JUNTA NACIONAL DE JARDINES         INFANTILES";"70.072.600-2";"Junji - III Región";"Panamericana Acceso Sur 425 Local B3, Comuna de Copiapó";"Copiapó";"Región de Atacama ";"L1";"Desierta (o art. 3 ó 9 Ley 19.886)";"El detalle y especificaciones técnicas del Servicio requerido se encuentra descrito en las Bases Técnicas para la Contratación de “SUMINISTRO DE ENTREGA DE CORRESPONDENCIA, SOBRES Y ENCOMIENDAS PARA LA CIUDAD DE COPIAPÓ Y A NIVEL NACIONAL DE LA OFICINA DE PARTES DE LA DIRECCIÓN REGIONAL, DE LA JUNTA NACIONAL DE JARDINES INFANTILES DE ATACAMA”";2025-03-13T15:55:47.097;2025-03-25T16:00:00;2025-03-31T17:00:00;6500000;"CLP";0;0
1337-13-LE25;"SUMINISTRO MATERIAL PETREO RUTA -W-737 CTA. EL MANZANO-RIO TIUQUES-PALIHUE PALIHUE";"MINISTERIO DE OBRAS PUBLICAS DIREC CION GRAL DE OO PP DCYF";"61.202.000-0";"Dirección de Vialidad - X Región - Provincia de Palena";"Camino a Pargua s/n km 4";"Puerto Montt";"Región de los Lagos ";"LE";"Desierta (o art. 3 ó 9 Ley 19.886)";"Se requiere Suministros de Material Pétreo para uso en faenas de Recebo de Carpetas Granulares,  y  Confección de Terraplen, destinado a la Ruta W-737, Caleta El Manzano – Rio Tiuques – Palihue, Comuna de Hualaihue, Provincia de Palena , Región de Los Lagos";2025-03-04T12:27:28.03;2025-03-14T09:00:00;2025-03-31T17:00:00;;"CLP";0;0
4433-4-LE25;"IMAGENES DIAGNOSTICAS 2025";"I MUNICIPALIDAD PAIHUANO";"69.040.600-4";"Finanzas Depto. de Salud";"Balmaceda S/N";"Paihuano";"Región de Coquimbo ";"LE";"Desierta (o art. 3 ó 9 Ley 19.886)";"Se requiere contratar servicios especializados para realizar exámenes de imagines diagnosticas para pacientes de la comuna de Paihuano.";2025-03-18T15:17:32.77;2025-03-24T17:00:00;2025-03-31T17:00:00;;"CLP";0;0
1111432-14-CO25;"CONTRATACION DE PROFESIONAL PSICOSOCIAL PRAPS ESPACIOS AMIGABLES";"CONSULTORIO GENERAL URBANO SAN FELIPE";"69.287.560-5";"BIENES Y SERVICIOS";"Cajales Nº1900";"San Felipe";"Región de Valparaíso ";"CO";"Desierta (o art. 3 ó 9 Ley 19.886)";"SE REQUIERE LA CONTRATACION DE PROFESIONAL PSICOSOCIAL PRAPS ESPACIOS AMIGABLES CESFAM SAN FELIPE EL REAL";2025-03-07T09:29:31.107;2025-03-17T15:02:00;2025-03-31T17:00:00;;"CLP";0;0
3650-9-LE25;"CONTRATO SERVICIO DE ALIMENTACION Y CATERING 2025";"I MUNICIPALIDAD DE QUILLECO";"69.170.401-7";"Daem   Quilleco";"J. M. CARRERA N° 460";"Quilleco";"Región del Biobío ";"LE";"Desierta (o art. 3 ó 9 Ley 19.886)";"CONTRATO SUMINISTRO SERVICIO DE ALIMENTACION Y CATERING PARA D.A.E.M., COLEGIOS Y SALAS CUNA DE LA COMUNA AÑO 2025. FONDOS SEP, JUNJI, FAEP Y SUBVENCION GENERAL. SOLICITUD N 10.";2025-02-24T16:59:17.513;2025-03-06T10:02:00;2025-03-31T16:50:14.417;8000000;"CLP";0;0
2403-148-L124;"Regalos corporativos reconocimiento a funcionarios";"I MUNICIPALIDAD DE PENALOLEN";"69.254.000-k";"I.MUNICIPALIDAD DE PEÑALOLEN";"Avenida Grecia   Nº 8735  Región Metropolitana.";"Peñalolén";"Región Metropolitana de Santiago";"L1";"Desierta (o art. 3 ó 9 Ley 19.886)";"En el marco de  las funciones que realiza la Dirección de Gestión y Desarrollo de Personas de la I Municipalidad de Peñalolén, se requiere la adquisición de regalos corporativos para reconocimiento de funcionarios municipales, buscando la combinación mas ventajosa en términos técnicos como económicos de las especificaciones descritas en las Bases de Licitación contenidas en el D.A 1600-2821";2024-10-15T11:15:34.413;2024-10-23T16:45:00;2025-03-31T16:46:49.89;5000000;"CLP";0;0
4284-26-LE25;"Contrato de suministro servicio reparación de vehículos menores para Municipalidad de Cuncosegún bases adjuntas numeral 2 detalle de bien a licitar";"I MUNICIPALIDAD DE CUNCO";"69.191.000-8";"Municipalidad de Cunco";"Pedro Aguirre Cerda Nº 600";"Cunco";"Región de la Araucanía ";"LE";"Desierta (o art. 3 ó 9 Ley 19.886)";"Contrato de suministro servicio reparación de vehículos menores para Municipalidad de Cunco, según bases adjuntas numeral 2 detalle de bien a licitar";2025-03-11T16:51:36.073;2025-03-21T14:26:00;2025-03-31T16:58:09.837;9000000;"CLP";0;0
4379-7-LE25;"Adquisicion servicio de internet";"I MUNICIPALIDAD DE SAN ROSENDO";"69.151.101-4";"Departamento de Educación";"Balmaceda  55";"San Rosendo";"Región del Biobío ";"LE";"Desierta (o art. 3 ó 9 Ley 19.886)";"Adquisicion servicio de internet";2025-03-03T11:22:51.44;2025-03-11T16:37:00;2025-03-31T16:38:00;;"CLP";0;0
704093-139-LP24;"LP 153-2024";"SERVICIO DE VIVIENDA Y URBANIZACION V REGION";"61.817.000-4";"OFICINA DE PROPUESTAS";"Bellavista 168 Piso 7";"Valparaíso";"Región de Valparaíso ";"LP";"Desierta (o art. 3 ó 9 Ley 19.886)";"LP 153-2024 ASESORÍA DE INSPECCIÓN TÉCNICA PARA LAS OBRAS DE “MEJORAMIENTO PASEO LOS HEROES Y VEREDAS ADYACENTES”, COMUNA DE VILLA ALEMANA";2025-01-24T10:52:00;2025-02-21T09:00:00;2025-03-31T16:27:36.937;;"CLP";0;0
619133-46-LE25;"ADQUISICION DE CONSULTAS DE NEUROLOGIA ADULTO  ";"SERVICIO SALUD SAN FELIPE LOS ANDES HOSP";"61.602.038-2";"Hospital San Camilo de San Felipe";"AVENIDA MIRAFLORES 2085";"San Felipe";"Región de Valparaíso ";"LE";"Desierta (o art. 3 ó 9 Ley 19.886)";"Las presentes Bases Administrativas rigen el llamado a licitación pública ADQUISICION CONSULTAS DE NEUROLOGIA ADULTO  EN HOSPITAL SAN CAMILO”, ubicado en Av. Miraflores 2085 San Felipe, Quinta región, aplicando los procedimientos establecidos en la Ley de Compras N° 19.886 de la Administración Pública.";2025-02-17T17:38:50.84;2025-02-28T16:39:00;2025-03-31T16:40:00;;"CLP";0;0
425-95-LR24;"Desarrollo y mantención sistemas informáticos";"CORP ADMINISTRATIVA DEL PODER JUDICIAL";"60.301.001-9";"Servicios";"Mario Alvo (Ex Hurtado de Mendoza) N°1460, Piso 1";"Santiago Centro";"Región Metropolitana de Santiago";"LR";"Desierta (o art. 3 ó 9 Ley 19.886)";"UR(1804)  Equipo de profesionales que prestarán servicios de desarrollo y mantención de los sistemas informáticos de tramitación del Poder Judicial CV-NS";2024-10-21T17:16:03.737;2024-11-25T15:00:00;2025-03-31T16:36:18.11;;"CLF";0;0
1057509-90-LE25;"“ADQUISICIÓN DE CATRES CLINICOS ELÉCTRICOS” fgh";"HOSPITAL CLINICO HERMINDA MARTIN";"61.607.001-0";"Bienes y Servicios";"Francisco Ramirez N°10";"Chillán";"Región del Ñuble";"LE";"Desierta (o art. 3 ó 9 Ley 19.886)";"El Hospital Clínico Herminda Martín de Chillán llama a Licitación Pública a través del Portal Mercado Público, para suscribir “ADQUISICION DE CATRES CLINICOS ELECTRICOS”, con el objetivo de adquirir estos productos  debido a la insuficiencia y el mal estado de los catres que hoy se encuentran en la unidad del paciente critico adulto, esto ayudara a optimizar los procesos de atención medica y así garantizar una atención adecuada a beneficiarios y funcionarios del hospital clínico Herminda Martín, proporcionando comodidad, seguridad y eficiencia para así resguardar una atención de calidad y oportunidad, a un precio conveniente.";2025-03-17T15:17:07.793;2025-03-24T15:30:00;2025-03-31T16:40:02.847;9000000;"CLP";0;0
1113159-9-LE25;"Compra Insumos Esterilización";"SERVICIO DE SALUD ANTOFAGASTA HOSPITAL M";"61.606.203-4";"Insumos Médicos";"Calle Santa Rosa S/N°";"Tocopilla";"Región de Antofagasta ";"LE";"Desierta (o art. 3 ó 9 Ley 19.886)";"Compra Insumos Esterilización.";2025-03-03T15:06:00;2025-03-10T15:00:00;2025-03-31T16:37:20.857;;"CLP";0;0
5195-3-LE25;"LP_SERVICIO DE MANTENIMIENTO Y REPARACIÓN PELOTÓN DE TELECOMUNICACIONES";"COMANDO DE APOYO A LA FUERZA";"65.743.680-1";"Brigada de Operaciones Especiales - BOE";"Autopista Los Libertadores KM 28,6";"Colina";"Región Metropolitana de Santiago";"LE";"Desierta (o art. 3 ó 9 Ley 19.886)";"Ley de presupuestos 22.06.001 Servicio de mantenimiento y reparación del pelotón de telecomunicaciones perteneciente a la Brigada de Operaciones Especiales  Lautaro";2025-02-21T18:31:21.56;2025-03-03T16:30:00;2025-03-31T16:17:00;65000000;"CLP";0;0
1057492-24-LQ25;"SERVICIO DE MANTENCIÓN DE EQUIPOS ELECTROBISTURÍES";"HOSPITAL ORIENTE DR LUIS TISNE BROUSSE";"61.959.800-8";"HOSPITAL ORIENTE DR LUIS TISNE BROUSSE";"";"";"Región Metropolitana de Santiago";"LQ";"Desierta (o art. 3 ó 9 Ley 19.886)";"SERVICIO DE MANTENCIÓN DE EQUIPOS ELECTROBISTURÍES";2025-02-20T14:48:44.93;2025-03-12T15:00:00;2025-03-31T16:22:01.937;;"CLP";0;0
229-45-LE25;"SUMINISTRO DE COCINA A GAS Y OTROS";"I MUNICIPALIDAD DE COIHUECO";"69.141.100-1";"Departamento de Administración y Finanzas";"Avda Arturo Prat 1675";"Coihueco";"Región del Ñuble";"LE";"Desierta (o art. 3 ó 9 Ley 19.886)";"SUMINISTRO DE COCINA A GAS Y OTROS, SEGÚN LO INDICADO EN BASES ADMINISTRATIVAS Y TÉCNICAS.";2025-03-11T16:31:00;2025-03-24T15:06:00;2025-03-31T16:24:07.693;;"CLP";0;0
1057489-645-LE24;"SERVICIO DE ARRIENDO DE MÁQUINAS PARA PAGOS ELECTRÓNICOS POR TRANSACCIONES CON TARJETAS BANCARIAS DE CRÉDITO DÉBITO Y PREPAGO PARA EL HOSPITAL DEL SALVADOR.";"SERVICIO DE SALUD ORIENTE HOSPITAL DEL SALVADOR";"61.608.406-2";"Bienes y Servicios";"AV SALVADOR 364";"Providencia";"Región Metropolitana de Santiago";"LE";"Desierta (o art. 3 ó 9 Ley 19.886)";"Que, el Hospital del Salvador necesita contar con la Servicio de arriendo de máquinas para pagos electrónicos por transacciones con tarjetas bancarias de crédito, débito y prepago para el Hospital del Salvador; Que, por la cuantía determinada, la presente licitación se ubica en el tramo para contrataciones iguales o superiores a 100 UTM e inferiores a 1.000 UTM, en conformidad al Artículo 19º bis del Reglamento de la Ley Nº19.886; Que hechas las consultas respectivas, la provisión de estos bienes o servicios no se encuentra disponible por Convenios Marcos ofrecidos en el Sistema de Información de la Dirección de Compras, www.mercadopublico.cl;";2024-12-20T17:12:25.56;2025-01-02T15:30:00;2025-03-31T16:23:00;6800000;"CLP";0;0
1057489-422-LQ24;"Convenio de Suministro de Mallas Omnipore para Unidad de Trauma Ocular por 36 meses para Hospital del Salvador ";"SERVICIO DE SALUD ORIENTE HOSPITAL DEL SALVADOR";"61.608.406-2";"Bienes y Servicios";"AV SALVADOR 364";"Providencia";"Región Metropolitana de Santiago";"LQ";"Desierta (o art. 3 ó 9 Ley 19.886)";"Que, el Hospital del Salvador necesita contar con un Convenio de Suministro de Mallas Omnipore para Unidad de Trauma Ocular por 36 meses para Hospital del Salvador con la finalidad de satisfacer de manera adecuada y eficiente la labor asistencial; Que, por la cuantía determinada, la presente licitación se ubica en el tramo para contrataciones iguales o superiores a 1.000 UTM e inferiores a 5.000 UTM, de conformidad al Artículo 19º bis del Reglamento de la Ley Nº19.886; en conformidad al Artículo 19º bis del Reglamento de la Ley Nº19.886; Que, hechas las consultas respectivas, la provisión de Convenio de Suministro de Mallas Omnipore para Unidad de Trauma Ocular por 36 meses para Hospital del Salvador no se encuentra disponible por Convenio Marco ofrecidos en el Sistema de Información de la Dirección de Compras, www.mercadopublico.cl";2024-07-29T09:53:31.14;2024-08-19T15:00:00;2025-03-31T16:16:33.93;;"CLP";0;0
1057384-21-LE25;"COMPRA DE SERVICIO DOSIMETROS Y LECTURA";"SERVICIO DE SALUD ANTOFAGASTA HOSPITAL M";"61.606.203-4";"Bienes y Servicios";"Calle Santa Rosa S/N°";"Tocopilla";"Región de Antofagasta ";"LE";"Desierta (o art. 3 ó 9 Ley 19.886)";"COMPRA DE SERVICIO DOSIMETROS Y LECTURA";2025-03-14T11:18:13.973;2025-03-21T16:14:00;2025-03-31T16:15:00;;"CLP";0;0
1108338-22-CO25;"SERVICIOS PARA GARANTIZAR LA CONTINUIDAD DE LA ATE";"CONSULTORIO GENERAL N°2 DE LOS ANDES";"69.287.570-2";"Centro de Salud Cordillera Andina";"EX CALLE PAPUDO NORTE 151";"Los Andes";"Región de Valparaíso ";"CO";"Desierta (o art. 3 ó 9 Ley 19.886)";"SERVICIOS PARA GARANTIZAR LA CONTINUIDAD DE LA ATENCION EN EXTENSION HORARIA";2025-03-13T10:37:13.033;2025-03-18T16:14:00;2025-03-31T16:15:00;;"CLP";0;0
1057384-19-LE25;"COMPRA DE SERVICIO ADM APOYO BODEGA FARMACIA";"SERVICIO DE SALUD ANTOFAGASTA HOSPITAL M";"61.606.203-4";"Bienes y Servicios";"Calle Santa Rosa S/N°";"Tocopilla";"Región de Antofagasta ";"LE";"Desierta (o art. 3 ó 9 Ley 19.886)";"COMPRA DE SERVICIO ADM APOYO BODEGA FARMACIA";2025-03-12T09:28:40.193;2025-03-18T16:14:00;2025-03-31T16:15:00;;"CLP";0;0
2467-346-LE24;"CONTRATO DE SUMINISTRO DE TELEFONIA E INTERNET MOV";"I MUNICIPALIDAD DE CHILLAN";"69.140.900-7";"IMUNI_CHILLAN ADQUISICIONES";"18 de Septiembre 510";"Chillán";"Región del Ñuble";"LE";"Desierta (o art. 3 ó 9 Ley 19.886)";"La presente licitación pública tiene por objeto la contratación por 24 meses de servicios de comunicación y conexión móvil necesarios para la intercomunicación del personal que desempeña funciones de inspección y patrullaje preventivo en terreno dependientes de la Dirección de Seguridad Publica e Inspección Municipal.";2024-10-08T13:08:00;2024-10-18T15:34:00;2025-03-31T16:13:31.61;16000000;"CLP";0;0
707429-2-LQ25;"ADQUISICIÓN INSUMOS DE ASEO FUNDACIÓN INTEGRA RMNP";"FUNDACION EDUCACIONAL PARA EL DESAROLLO INTEGRAL DE LA NIÑEZ";"70.574.900-0";"Regional Nor-Poniente";"Dieciocho Nº 229, 4º piso";"Santiago Centro";"Región Metropolitana de Santiago";"LQ";"Desierta (o art. 3 ó 9 Ley 19.886)";"Fundación Integra requiere la adquisición de insumos de aseo para jardines infantiles, salas cuna y oficina regional de Fundación Integra de la Región Metropolitana Norponiente, de conformidad a lo señalado en las presentes bases administrativas y a las especificaciones indicadas en las bases técnicas respectivas.";2025-03-03T16:27:28.49;2025-03-24T15:00:00;2025-03-31T16:08:44.16;315000000;"CLP";0;0
5556-4-LE25;"SERVICIO DE BODEGAJE - INSTITUTO DE SEGURIDAD LABORAL REGIÓN DEL MAULE";"INSTITUTO DE SEGURIDAD LABORAL";"61.533.000-0";"ISL Región del Maule";"Teatinos N° 726, Santiago";"Santiago Centro";"Región del Maule ";"LE";"Desierta (o art. 3 ó 9 Ley 19.886)";"E1O2RT9_Contratar un Servicio de Bodegaje en la Región del Maule, de acuerdo a Especificaciones y documentación adjunta.";2025-02-27T15:11:26.773;2025-03-10T16:00:00;2025-03-31T16:00:00;;"CLP";0;0
2403-158-L124;"Adquisición de hidrolavadora y accesorios";"I MUNICIPALIDAD DE PENALOLEN";"69.254.000-k";"I.MUNICIPALIDAD DE PEÑALOLEN";"Avenida Grecia   Nº 8735  Región Metropolitana.";"Peñalolén";"Región Metropolitana de Santiago";"L1";"Desierta (o art. 3 ó 9 Ley 19.886)";"-	1 Hidrolavadora Autónoma 4.200 Psi 13 Litros, la cual deberá contar con una garantía de un mínimo de 12 meses sobre la garantía legal requisito excluyente. -	1 Kit de Cintura para lanza telescópica, cinturón de Nylon, arnés para hombros y clips de bloqueo plástico, correas y cinturón ajustables, de medida estándar.  -	1 Lanza Alta Presión Telescópica de entre 5 y 6 Mts de largo, material fibra de vidrio, aluminio, temperatura máxima 90°C, entre 4000 y 4200 PSI 275 Bar. -	1 Kit de Hidro Arenado TS33, Máximo PSI: 250 bar 25 MPA 3625 psi.";2024-11-15T16:57:38.54;2024-11-21T16:30:00;2025-03-31T16:03:36.407;;"CLP";0;0
1057544-32-LE25;"Suministro de Insumos Diversos";"SERVICIO DE SALUD DE TALCAHUANO HOSPITAL";"61.607.202-1";"Bienes y Servicios";"Avenida Alto Horno, 777 Las Higueras";"Talcahuano";"Región del Biobío ";"LE";"Desierta (o art. 3 ó 9 Ley 19.886)";"El establecimiento requiere la compra por suministro de insumos varios, requeridos para Áreas, Servicios y Unidades Clínicas y No Clínicas del Hospital Las Higueras.";2025-02-17T11:50:42.057;2025-02-27T15:00:00;2025-03-31T16:00:00;8000000;"CLP";0;0
3020-45-LR24;"MEJORAMIENTO ESTADIO FISCAL LOTA";"I MUNICIPALIDAD DE LOTA";"69.151.300-9";"Departamento SECPLAN";"Pedro Aguirre Cerda 302";"Lota";"Región del Biobío ";"LR";"Desierta (o art. 3 ó 9 Ley 19.886)";"Para el mejoramiento del Estadio de Lota, se consideran las siguientes partidas a ejecutar: A)	Construcción Graderías y Remodelación Sector Andes Construcción Graderías Sector Andes B)	Ampliación Graderías Sector Pacífico, Construcción Acceso Estadio y Reparación Camarines. Reparación Graderías Sector Pacífico. Ampliación Graderías Sector Pacífico, Construcción Baños y Acceso Estadio. C)	Pista Atlética y Aguas Lluvias Pista Atlética y Cabezales Construcción Obras Canalización Aguas Lluvias D)	Construcción Obras de Estacionamientos y Pavimentación E)	Reposición Pasto Sintético Pasto Sintético F)	Equipamiento Deportivo Implementos Deportivos Implementos de Mantención. Lo anterior, conforme a las Bases Técnicas recomendadas por los organismo competentes y establecidos en Sistema Nacional de Inversiones.";2024-10-17T18:17:00;2024-12-17T11:45:00;2025-03-31T16:00:00;4462481000;"CLP";0;0
4561-6-LE25;"SERVICIO DE TRANSPORTE ESCOLAR";"I MUNICIPALIDAD DE CABILDO";"69.050.200-3";"I.Municipalidad de Cabildo Adquisiciones-Educación";"Avda. Humeres 499";"Cabildo";"Región de Valparaíso ";"LE";"Desierta (o art. 3 ó 9 Ley 19.886)";"SERVICIO DE TRANSPORTE ESCOLAR PARA ALUMNOS DE ESTABLECIMIENTOS EDUCACIONALES RURALES DE LA COMUNA DE CABILDO";2025-03-17T11:36:00.643;2025-03-24T17:00:00;2025-03-31T16:00:00;;"CLP";0;0
633-2-LR25;"SERVICIO DE INTERNET SATELITAL SITIO FIJO Y  MOVILIDAD TERRESTRE PARA CONAF ";"CORP NACIONAL FORESTAL";"61.313.000-4";"Conaf - Oficina Central - Abastecimiento";"Av. Bulnes 285, Oficina 801.";"Santiago";"Región Metropolitana de Santiago";"LR";"Desierta (o art. 3 ó 9 Ley 19.886)";"E1O2RT9 - La Corporación Nacional Forestal, en adelante “CONAF” o “Corporación”, indistintamente, invita a los oferentes inscritos en el portal de compras del Estado www.mercadopublico.cl a participar en la licitación pública denominada “SERVICIO DE INTERNET SATELITAL SITIO FIJO Y MOVILIDAD TERRESTRE PARA CONAF”, de acuerdo a las especificaciones incluidas en las Bases de Licitación y sus respectivos Anexos.";2025-02-03T15:12:00;2025-03-05T16:00:00;2025-03-31T15:54:19.753;;"CLF";0;0
4160-2-LR25;"SERV DISPOSICIÓN RESIDUOS SÓLIDOS DOMICIlIARIOS";"MUNICIPALIDAD DE HUALPEN";"69.264.400-k";"Secplan";"PATRIA NUEVA 1035";"Hualpén";"Región del Biobío ";"LR";"Desierta (o art. 3 ó 9 Ley 19.886)";"La Municipalidad de Hualpén, llama a propuesta pública a suma alzada con el fin de contratar el “SERVICIO DE DISPOSICION FINAL RESIDUOS SOLIDOS DOMICILIARIOS Y OTROS, COMUNA DE HUALPÉN”, por un monto máximo por tonelada de $28.000.- (veintiocho mil pesos) IVA incluido, con un volumen mensual estimando de 3.400 toneladas, por un plazo de 90 meses. con un monto máximo mensual de 28.000.- por tonelada veintiocho mil pesos por tonelada, IVA incluido, sin intereses, pagados en la forma que se indica más adelante para la ejecución del SERVICIO DISPOSICIÓN FINAL RESIDUOS SÓLIDOS DOMICILIARIOS Y OTROS, COMUNA DE HUALPÉN, financiado con fondos municipales.";2025-01-29T13:51:57.28;2025-03-03T15:00:00;2025-03-31T15:57:25.22;;"CLP";0;0
1019-14-LE25;"ADQ DE ESCÁNER DE ALTA PRODUCCIÓN DE DOCUMENTOS";"MINISTERIO DE OBRAS PUBLICAS DIREC CION GRAL DE OO PP DCYF";"61.202.000-0";"MINISTERIO DE OBRAS PUBLICAS DIREC CION GRAL DE OO";"Morandé 59, piso 8";"Santiago";"Región Metropolitana de Santiago";"LE";"Desierta (o art. 3 ó 9 Ley 19.886)";"ADQUISICIÓN DE ESCÁNER DE ALTA PRODUCCIÓN DE DOCUMENTOS DE MEDIANA Y GRAN ESCALA PARA LA D.G.A. Adquirir dos 2 escáneres de alta producción para la digitalización de documentación, uno de mediana escala y otro de gran escala, con el fin de facilitar el cumplimiento de las normativas de transformación digital, mejorar la eficiencia en el acceso a los documentos institucionales y fortalecer la preservación del patrimonio documental del Servicio. Esta adquisición permitirá optimizar los procesos de gestión documental de la D.G.A. y asegurar la conservación, accesibilidad y trazabilidad de la información.";2025-03-06T10:50:24.773;2025-03-19T16:00:00;2025-03-31T15:49:38.73;28000000;"CLP";0;0
2405-10-LE25;"ADQUISICION EQUIPAMIENTO TACTICO INSPECTORES IMI ";"I MUNICIPALIDAD DE IQUIQUE";"69.010.300-1";"SECRETARIA COMUNAL DE PLANIFICACION";"Serrano #134";"Iquique";"Región de Tarapacá  ";"LE";"Desierta (o art. 3 ó 9 Ley 19.886)";"La Ilustre Municipalidad de Iquique requiere realizar la adquisición elementos tácticos para equipar a sus funcionarios de la Dirección de Prevención y Seguridad Pública, con elementos de la más alta tecnología en la seguridad en los sucesos y/o situaciones en las que el funcionario debe intervenir.";2025-02-10T16:43:00;2025-02-20T15:00:00;2025-03-31T15:58:42.167;;"CLP";0;0
3880-6-LP25;"OBRA DE CONFIANZA CONSTRUCCION DE SEÑALETICA";"I MUNICIPALIDAD DE MAULE";"69.110.900-3";"Municipalidad de Maule";"Balmaceda 350";"Maule";"Región del Maule ";"LP";"Desierta (o art. 3 ó 9 Ley 19.886)";"OBRA DE CONFIANZA CONSTRUCCION DE SEÑALETICA BARRIO VILLA CARLOS GONZALEZ COMUNA DE MAULE, SECPLAN SEGUN BASES Y ARCHIVOS ADJUNTOS";2025-01-15T12:36:00;2025-01-28T15:00:00;2025-03-31T15:54:51.54;82800000;"CLP";0;0
4906-4-LE25;"SERVICIOS ADMINISTRATIVOS UD. SOME CESFAM RNH.";"SERVICIO SALUD DEL RELONCAVI";"61.980.740-5";"Consultorio Rio Negro Hornopiren";"Calle Nueva S/N° Hornopirén, Región de Los Lagos";"Hualaihué";"Región de los Lagos ";"LE";"Desierta (o art. 3 ó 9 Ley 19.886)";"Se necesita adquirir servicios administrativos para Unidad de Sección de Admisión al Usuario (SOME) del Cesfam Rio Negro Hornopirén.";2025-03-11T16:31:03.71;2025-03-21T11:36:00;2025-03-31T15:45:44.29;10440000;"CLP";0;0
585893-12-LE25;"Mejoram sist. fotovoltaicos-cubierta estante Huara";"INSTITUTO DE DESARROLLO AGROPECUARIO";"61.307.000-1";"INDAP - Region de Tarapaca";"AGUSTINAS 1465";"Santiago";"Región de Tarapacá  ";"LE";"Desierta (o art. 3 ó 9 Ley 19.886)";"Se requiere de la contratación de un oferente del ramo que provea los servicios de mejoramiento de sistemas fotovoltaicos, con el motivo de regular las instalaciones bajo normativa SEC. También s e solicita la cubierta de estanques de regadío, ubicados en la localidad de Pachica, comuna de Huara. Región de Tarapacá.";2025-03-13T12:40:11.32;2025-03-21T15:30:00;2025-03-31T15:46:42.36;48200000;"CLP";0;0
5240-193-LP24;"ADQ. REPUESTOS Y ACCESORIOS COMPUTACIONALES E IMPR";"DIRECCION DE LOGISTICA DE CARABINEROS";"61.938.500-4";"Direccion de Compras Publicas de Carabineros";"Av. Lib. Bernardo OHiggins N° 1449,torre 7,PISO 11";"Santiago Centro";"Región Metropolitana de Santiago";"LP";"Desierta (o art. 3 ó 9 Ley 19.886)";"MATERIALIZAR LA ADQUISICION DE REPUESTOS Y ACCESORIOS COMPUTACIONALES E IMPRESION Y ARTICULOS ELECTRICOS PARA TALLET T.I.C.";2024-12-02T17:24:02.307;2024-12-13T15:30:00;2025-03-31T15:50:38.853;;"CLP";0;0
836-3-LP25;"Servicio Aseo Dependencias GORE Valparaíso";"GOBIERNO REGIONAL V REGION";"72.235.100-2";"Gobierno Regional de Valparaiso - V Región";"Melgarejo 669 P. 7, Edificio Intendencia";"Valparaíso";"Región de Valparaíso ";"LP";"Desierta (o art. 3 ó 9 Ley 19.886)";"La presente licitación tiene por objetivo contratar el servicio de aseo y limpieza en horario diurno y vespertino, por un periodo de (24) veinticuatro meses, para las dependencias del Gobierno Regional, ubicadas en la ciudad de Valparaíso (E1O2RT9).";2025-02-27T16:34:00;2025-03-19T17:30:00;2025-03-31T15:38:52.18;264000000;"CLP";0;0
3825-10-L125;"Suministro de Premios, Trofeos, Copas y Reconocimientos (DIDECO) ";"I MUNICIPALIDAD DE PADRE HURTADO";"69.261.400-3";"Direccion De Administracion Y Finanzas";"Por correo electrónico";"Las Condes";"Región Metropolitana de Santiago";"L1";"Desierta (o art. 3 ó 9 Ley 19.886)";"Suministro de Premios, Trofeos, Copas y Reconocimientos, para ser entregados en actividades municipales, Se trata de una licitación pública en una etapa, con oferta bajo la forma de “Precio Unitario”, es decir todo el servicio será adquirido de un solo oferente, según ficha tecnica adjunta  y base digital adjunta";2025-03-17T13:46:39.767;2025-03-24T15:00:00;2025-03-31T15:38:07.303;6000000;"CLP";0;0
3730-25-L125;"ADQUISICION Y CONFECCION DE INDUMENTARIA ";"I MUNICIPALIDAD DE CHIMBARONGO";"69.090.300-8";"Adquisiciones  Obras";"JAVIERA CARRERA S/N BODEGA, RECINTO ESTADIO MUNICIPAL";"Chimbarongo";"Región del Libertador General Bernardo O´Higgins";"L1";"Desierta (o art. 3 ó 9 Ley 19.886)";"SE REQUIERE LA ADQUISICION Y CONFECCION DE INDUMENTARIA PARA EL PROGRAMA HABITABILIDAD FAMILIA, SEGUN ESPECIFICACIONES TECNICAS ADJUNTAS A REVISAR Y CUMPLIR, CON DESPACHO A BODEGA MUNICIPAL";2025-03-06T17:38:06.663;2025-03-13T15:01:00;2025-03-31T15:22:50.34;500000;"CLP";0;0
2366-93-LE24;"REAC. MEDIOS PARA EXÁMENES MICROBIOLÓGICOS MEMO 96";"I MUNICIPALIDAD DE ARICA";"69.010.100-9";"SERVICIO MUNICIPAL DE SALUD";"Patricio Lynch N° 236";"Arica";"Región de Arica y Parinacota";"LE";"Desierta (o art. 3 ó 9 Ley 19.886)";"REACTIVOS MEDIOS DE CULTIVO EN PLACAS PARA EXAMEN MICROBIOLOGICOS";2024-09-25T15:30:35.12;2024-10-04T16:30:00;2025-03-31T15:30:00;;"CLP";0;0
1493-15-LE25;"POR MÁS SEGURIDAD PARA PUENTE ÑUBLE";"I MUNICIPALIDAD DE SAN NICOLAS";"69.140.800-0";"I MUNICIPALIDAD DE SAN NICOLAS";"Arturo Prat 202 - San Nicolás";"San Nicolás";"Región del Ñuble";"LE";"Desierta (o art. 3 ó 9 Ley 19.886)";"El Proyecto contempla la Instalación de 5 puntos de Cámaras  Cada uno dotados de 1Cámara PTZ de alta Resolución (4K) Junto a 2 cámaras IP Bullet 4MP Fijas, con parlantes, configurando un total de 15 cámaras en total  conectados con a la Central de monitoreo equipada con 6 Monitor 43” FHD,  2 Soporte de Video Transmisor Autdoor 5G (AP), Controladores Joystick + USB, UPS line interactive, Disco Duro DW – 4TB. Además de contar con el monitoreo 24/7 por  funcionarios especializado contratados por la Municipalidad de San Nicolás.  El tráfico de datos serán por antena ubiquitis instaladas en los postes, realizando el tráfico a la central de monitoreo vía internet proporcionada por la Municipalidad de San Nicolás, cada una con todo el sistema de comunicación, monitorización y autonomía energética, estas constan de poste galvanizado de 12 metros con sistema de para rayo y dos cajas estructurales metálicas la primera, cuenta con baterías de litio de ciclo profundo, estabilizador de voltaje inversor de carga, las segunda con los periféricos de redes necesarios y comprometidos para la adecuada llegada de por antenas ubiquitis lo que permitirá que la cámara PTZ robotizada con un giro 360 grados de 40 megapíxeles en visión 4k, pueda brindar una alta definición de imagen gracias a su lente inteligente starlight, la que permite un enfoque profundo incluso en oscuridad extrema, estos materiales tecnológicos unificados permiten que la cámara de tele vigilancia cuente con un sistema de grabación de 10 días y 6 horas de autonomía energética aproximadamente en caso de cortes de luz.";2025-03-07T15:50:00;2025-03-19T13:00:00;2025-03-31T15:22:04.867;;"CLP";0;0
1627-6-LQ25;"PRESTACIÓN DE SERVICIOS EXTERNOS DE INFORMES DE TELE-RADIOLOGÍA PARA TOMOGRAFÍA AXIAL COMPUTARIZADA TAC Y DE MAMOGRAFÍA PARA EL SERVICIO DE IMAGENOLOGIA DEL HOSPITAL DE SAN FERNANDO.";"SERVICIO DE SALUD HOSPITAL DE SAN FERNANDO";"61.602.145-1";"Hospital de San Fernando Abastecimiento";"Negrete 1401";"San Fernando";"Región del Libertador General Bernardo O´Higgins";"LQ";"Desierta (o art. 3 ó 9 Ley 19.886)";"PRESTACIÓN DE SERVICIOS EXTERNOS DE INFORMES DE TELE-RADIOLOGÍA PARA TOMOGRAFÍA AXIAL COMPUTARIZADA (TAC) Y DE MAMOGRAFÍA, PARA EL SERVICIO DE IMAGENOLOGIA, DEL HOSPITAL DE SAN FERNANDO.";2025-02-07T11:24:51.49;2025-02-27T11:10:00;2025-03-31T15:26:59.66;;"CLP";0;0
898-32-LE25;"SERVICIO DE CONSULTA Y FUNCIONES DE PSIQUIATRÍA ADULTOS PSIQUIATRÍA ADULTOS PARA PROGRAMA DE ADICCIONES PSIQUIATRÍA INFANTO ADOLESCENTE Y TELE CONSULTA INFANTO ADOLESCENTE PARA ATENCIÓN DE PACIENTES DEL NHCV";"SERVICIO DE SALUD VALPARAISO SAN ANTONIO";"61.602.126-5";"HOSPITAL CLAUDIO VICUNA";"Carmen Guerrero N° 945";"San Antonio";"Región de Valparaíso ";"LE";"Desierta (o art. 3 ó 9 Ley 19.886)";"Las presentes Bases Técnicas forman parte para licitación de “SERVICIO DE CONSULTA Y FUNCIONES DE PSIQUIATRÍA ADULTOS, PSIQUIATRÍA ADULTOS PARA PROGRAMA DE ADICCIONES, PSIQUIATRÍA INFANTO ADOLESCENTE Y TELE CONSULTA INFANTO ADOLESCENTE PARA ATENCIÓN DE PACIENTES DEL HOSPITAL CLAUDIO VICUÑA” para los fines precedentes, el proveedor con que se contrate deberá asegurar y será responsable de cumplir estricta y cabalmente con los requerimientos y especificaciones consagrados en este documento. Permitiendo dar continuidad operacional al Hospital Claudio Vicuña de San Antonio";2025-03-04T12:35:42.42;2025-03-14T18:00:00;2025-03-31T15:33:00;;"CLP";0;0
1343-4-LE25;"SERVICIO DE VIGILANCIA PARA DPP DE LIMARI 2025";"DELEGACIÓN PRESIDENCIAL PROVINCIAL DE LIMARÍ";"60.511.042-8";"Gobernación Provincial de Limarí";"Socos 154";"Ovalle";"Región de Coquimbo ";"LE";"Desierta (o art. 3 ó 9 Ley 19.886)";"contratar Servicios de Vigilancia para las dependencias de la Delegación Presidencial Provincial de Limarí, durante el período 01 de abril al 31 de diciembre de 2025, ubicada en calle socos 154, comuna de Ovalle.";2025-03-14T20:14:38.897;2025-03-24T15:10:00;2025-03-31T15:30:48.84;36580760;"CLP";0;0
3907-3-L125;"Servicio de Traslado y Alimentación actividad veraniega de Adultos Mayores Renaico 2025";"I MUNICIPALIDAD DE RENAICO";"69.180.400-3";"Desarrollo Comunitario";"Comercio 206";"Renaico";"Región de la Araucanía ";"L1";"Desierta (o art. 3 ó 9 Ley 19.886)";"La Municipalidad de Renaico requiere realizar una actividad veraniega dirigida a 270 adultos mayores de Renaico, para lo cual se requiere los servicios de traslados y alimentación en lugar fuera de la comuna, Caleta Lenga, en la Octava Región. Presupuesto Municipal año 2025.";2025-03-17T17:58:04.627;2025-03-24T15:00:00;2025-03-31T15:21:31.6;;"CLP";0;0
1660-21-LE25;"MANTENCIÓN PREVENTIVA Y CORRECTIVA REFRIGERADORES";"SERVICIO SALUD COQUIMBO HOSP DE SALAMANC";"61.606.408-8";"SERVICIO SALUD COQUIMBO HOSP DE SALAMANC";"AVENIDA INFANTE N°891";"Salamanca";"Región de Coquimbo ";"LE";"Desierta (o art. 3 ó 9 Ley 19.886)";"SE NECESITA REALIZAR: MANTENCIÓN PREVENTIVA Y CORRECTIVA A REFRIGERADORES DE VACUNATORIO,FARMACIA Y LABORATORIO. SE ADJUNTAN BASES ADMINISTRATIVAS Y TECNICAS. SE ADJUNTAN FORMULARIOS EDITABLES. REQUIRENTE:JEFE DE MANTENCIÓN";2025-02-26T12:48:59.97;2025-03-10T15:32:00;2025-03-31T15:33:00;;"CLP";0;0
3264-1-LE25;"MANTENIMIENTO Y LIMPIEZA DE PLANTAS DE TRATAMIENTO FOSAS SÉPTICAS Y CIRCUITO DE ALCANTARILLADO";"DIRECCION DE ABASTECIMIENTO DE LA ARMADA";"61.102.036-8";"DEPTO. DE OBRAS Y CONSTRUCCIONES DE LA IIIa Z.N.";"AVDA. MANUEL BULNES Nº 05376";"Punta Arenas";"Región de Magallanes y de la Antártica";"LE";"Desierta (o art. 3 ó 9 Ley 19.886)";"MANTENIMIENTO Y LIMPIEZA  DE PLANTAS DE TRATAMIENTO, FOSAS SÉPTICAS Y CIRCUITO DE ALCANTARILLADO IIIra ZONA NAVAL, PUNTA ARENAS";2025-03-03T16:39:15.713;2025-03-13T17:00:00;2025-03-31T15:19:52.787;54459162;"CLP";0;0
619133-45-LE25;"ADQUISICION DE CONSULTAS NUEVAS SERVICIO DE OTORRINOLARINGOLOGIA";"SERVICIO SALUD SAN FELIPE LOS ANDES HOSP";"61.602.038-2";"Hospital San Camilo de San Felipe";"AVENIDA MIRAFLORES 2085";"San Felipe";"Región de Valparaíso ";"LE";"Desierta (o art. 3 ó 9 Ley 19.886)";"Las presentes Bases Administrativas rigen el llamado a licitación pública CONSULTAS DE OTORRINOLARINGOLOGIA EN HOSPITAL SAN CAMILO”, ubicado en Av. Miraflores 2085 San Felipe, Quinta región, aplicando los procedimientos establecidos en la Ley de Compras N° 19.886 de la Administración Pública.";2025-02-14T14:27:10.34;2025-02-24T15:03:00;2025-03-31T15:04:00;;"CLP";0;0
2663-15-L125;"Contrato de ejecución en el tiempo recargas de cilindros de gas";"ILUSTRE MUNICIPALIDAD DE NATALES";"69.250.100-4";"DEPARTAMENTO ADMINISTRACION Y FINANZAS";"Por correo electrónico";"Las Condes";"Región Metropolitana de Santiago";"L1";"Desierta (o art. 3 ó 9 Ley 19.886)";"Contrato de ejecución en el tiempo recargas de cilindros de gas";2025-03-03T16:41:15.217;2025-03-10T17:00:00;2025-03-31T15:19:34.667;2000000;"CLP";0;0
2147-15-LE25;"SERVICIO PROFESIONAL DE PSICÓLOGO PARA PSM";"SERVICIO DE SALUD COQUIMBO HOSPITAL COMB";"61.606.406-1";"Hospital Combarbalá";"Comercio 800";"Combarbalá";"Región de Coquimbo ";"LE";"Desierta (o art. 3 ó 9 Ley 19.886)";"El Hospital San Juan de Dios de Combarbalá, a través Programa de Salud Mental, llama a licitación pública a través del Portal Mercado Público para “SERVICIO PROFESIONAL DE PSICÓLOGO PARA PROGRAMA SALUD MENTAL”.";2025-03-13T13:13:52.21;2025-03-24T15:00:00;2025-03-31T15:19:41.977;;"CLP";0;0
2546-18-LE25;"PROPUESTA PUBLICA 24 SERV. TELEVIGILANCIA GUARDIA VIRTUAL";"I MUNICIPALIDAD DE PADRE LAS CASAS";"61.955.000-5";"MUNICIPALIDAD DE PADRE LAS CASAS";"Maquehue #1441";"Padre Las Casas";"Región de la Araucanía ";"LE";"Desierta (o art. 3 ó 9 Ley 19.886)";"CONTRATACIÓN DE SERVICIO DE TELEVIGILANCIA GUARDIA VIRTUAL MUNICIPALIDAD DE PADRE LAS CASAS, SEGÚN BASES ADJUNTAS";2025-02-12T12:46:47.017;2025-02-26T10:00:00;2025-03-31T15:10:00;;"CLP";0;0
3902-23-LE25;"SERV. TRASLADO USUARIOS U.R.C TELETÓN BULNES ";"I MUNICIPALIDAD DE BULNES";"69.141.200-8";"I MUNICIPALIDAD DE BULNES";"Carlos Palacios  418";"Bulnes";"Región del Ñuble";"LE";"Desierta (o art. 3 ó 9 Ley 19.886)";"La Ilustre Municipalidad de Bulnes, a través de la Dirección de Desarrollo Comunitario requiere contratar Servicio de Transporte para el traslado de Usuarios de Sectores rurales y urbano de la Comuna de Bulnes, hacia la Comuna de Concepción Centro Teletón u otro centro de salud de Concepción y Chillán, de acuerdo a las presentes bases administrativas especiales, términos de referencia y demás antecedentes.";2025-02-07T17:14:18.197;2025-02-14T10:00:00;2025-03-31T15:02:00;;"CLP";0;0
1020-4-LE25;"RENOVACION SOPORTE LICENCIAS ORACLE DEL MOP";"MINISTERIO DE OBRAS PUBLICAS DIREC CION GRAL DE OO PP DCYF";"61.202.000-0";"MOP Subsecretaría";"";"";"Región Metropolitana de Santiago";"LE";"Desierta (o art. 3 ó 9 Ley 19.886)";"La Subsecretaría de Obras Públicas en adelante, SOP, requiere Renovación Soporte Licencias Oracle del MOP, para el periodo 2025 al 2026.";2025-01-09T08:36:00;2025-01-28T15:00:00;2025-03-31T15:00:00;26800;"USD";0;0
5602-2-LE25;"SERVICIO DE SALA CUNA PARA FUNCIONARIAS DE LA SERE";"SUBSECRETARIA DE SALUD PUBLICA";"61.601.000-K";"Seremi de Salud Arica y Parinacota";"Maipú Nº410";"Arica";"Región de Arica y Parinacota";"LE";"Desierta (o art. 3 ó 9 Ley 19.886)";"SERVICIO DE SALA CUNA PARA FUNCIONARIAS/OS DE LA SEREMI DE SALUD DE ARICA Y PARINACOTA";2025-01-20T11:07:20.773;2025-01-31T15:00:00;2025-03-31T13:20:00;;"CLP";0;0
2669-49-L125;"PTR S - 8 SERVICIO DE ECOGRAFIAS";"I MUNICIPALIDAD DE VITACURA";"69.255.600-3";"SALUD";"Puerto Rico 7847";"Vitacura";"Región Metropolitana de Santiago";"L1";"Desierta (o art. 3 ó 9 Ley 19.886)";"SERVICIO DE 90 ECOGRAFIAS PARA EL CONTROL DE EMBARAZO, ESPECIFICAMENTE SCREENING 11 SEMANAS A 13+6 SEMANAS QUE INCLUYA DOPPLER MATERNO/FETAL PARA USUARIAS DEL CESFAM VITACURA";2025-02-05T12:09:34.373;2025-02-11T13:41:00;2025-03-31T13:42:00;;"CLP";0;0
779247-2-L125;"Adquisición petróleo para Juzgado Garantía de Ancud";"CORP ADMINISTRATIVA DEL PODER JUDICIAL";"60.301.001-9";"Jdo de Garantía de Ancud";"Calle Almirante Latorre N°964";"Ancud";"Región de los Lagos ";"L1";"Desierta (o art. 3 ó 9 Ley 19.886)";"Adquisición de 2000 litros de petróleo, para sistema de calefacción central del Juzgado de Garantía de Ancud.";2025-03-14T16:42:16.053;2025-03-27T12:00:00;2025-03-31T12:00:00;;"CLP";0;0
619133-51-LE25;"ADQUISICION CONSULTAS MEDICINA INTERNA HOSCA";"SERVICIO SALUD SAN FELIPE LOS ANDES HOSP";"61.602.038-2";"Hospital San Camilo de San Felipe";"AVENIDA MIRAFLORES 2085";"San Felipe";"Región de Valparaíso ";"LE";"Desierta (o art. 3 ó 9 Ley 19.886)";"Las presentes Bases Administrativas rigen el llamado a licitación “ADQUISICION CONSULTAS DE MEDICINA INTERNA EN HOSPITAL SAN CAMILO”, ubicado en Av. Miraflores 2085 San Felipe, Quinta región, aplicando los procedimientos establecidos en la Ley de Compras N° 19.886 de la Administración Pública.";2025-02-18T08:41:00;2025-02-28T12:16:00;2025-03-31T12:17:00;;"CLP";0;0
1057390-86-LP24;"ARRIENDO DE VEHÍCULOS AÑO 2025";"SERVICIO DE SALUD ARAUCANIA NORTE";"61.955.100-1";"Bienes y Servicios";"";"";"Región de la Araucanía ";"LP";"Desierta (o art. 3 ó 9 Ley 19.886)";"La presente licitación tiene como objetivo la contratación del servicio de arriendo de vehículos para el Servicio de Salud Araucanía Norte, según especificaciones técnicas (Anexo N°4 ).";2024-12-04T10:42:51.003;2024-12-16T15:30:00;2025-03-31T11:41:04.197;132000000;"CLP";0;0
619133-43-LE25;"ADQUISICION DE CONSULTAS NUEVAS ESPECIALIDAD DE NEUROCIRUGIA";"SERVICIO SALUD SAN FELIPE LOS ANDES HOSP";"61.602.038-2";"Hospital San Camilo de San Felipe";"AVENIDA MIRAFLORES 2085";"San Felipe";"Región de Valparaíso ";"LE";"Desierta (o art. 3 ó 9 Ley 19.886)";"Las presentes Bases Administrativas rigen el llamado a licitación pública “ADQUISICION DE CONSULTAS DE NEUROCIRUGIA EN HOSPITAL SAN CAMILO”, ubicado en Av. Miraflores 2085 San Felipe, Quinta región, aplicando los procedimientos establecidos en la Ley de Compras N° 19.886 de la Administración Pública.";2025-02-17T16:23:36.223;2025-02-28T11:11:00;2025-03-31T11:12:00;;"CLP";0;0
3699-16-LE25;"Contrato Suministro Combustible Para Vehiculos ";"I MUNICIPALIDAD DE PUMANQUE";"69.090.800-K";"I MUNICIPALIDAD DE PUMANQUE";"Luis Antonio Baraona #120";"Pumanque";"Región del Libertador General Bernardo O´Higgins";"LE";"Desierta (o art. 3 ó 9 Ley 19.886)";"Se requiere contratar el Servicio de Suministro de Combustible para los Vehiculos dependientes de la Municipalidad Area Gestion Municipal";2025-03-18T16:20:51.647;2025-03-28T11:07:00;2025-03-31T11:08:00;;"CLP";0;0
1057384-14-LE25;"SUMINISTRO DE PAN FRESCO PARA PACIENTES";"SERVICIO DE SALUD ANTOFAGASTA HOSPITAL M";"61.606.203-4";"Bienes y Servicios";"Calle Santa Rosa S/N°";"Tocopilla";"Región de Antofagasta ";"LE";"Desierta (o art. 3 ó 9 Ley 19.886)";"El Hospital Marcos Macuada de Tocopilla, requiere contar con contrato de suministro para satisfacer la necesidad de los pacientes hospitalizados y las diferentes actividades de proyectos a realizar como de capacitación y proyectos en salud del establecimiento. Por tal motivo la presente tiene como finalidad licitar y celebrar Contrato de “Suministro de Pan Fresco para Pacientes del Hospital de Tocopilla”. en conformidad a las presentes Bases Administrativas y Técnicas del llamado a propuesta, utilizando el procedimiento establecido en la Ley Nº 19.886, Ley Base sobre Contratos Administrativos de Suministros y Prestaciones de Servicios.";2025-02-25T16:22:00;2025-03-07T11:08:00;2025-03-31T11:09:00;;"CLP";0;0
3553-7-CO25;"Identificación y estudio de títulos de dominio";"MINISTERIO DE BIENES NACIONALES";"61.402.000-8";"MINISTERIO DE BIENES NACIONALES";"Av.Lib.Bdo. O´Higgins Nº720";"Santiago Centro";"Región Metropolitana de Santiago";"CO";"Desierta (o art. 3 ó 9 Ley 19.886)";"Identificación y Estudio de Títulos de Dominio Fiscal y Particular: Sector Apeche Alto, Comuna de Queilen, Provincia de Chiloé, Región de Los Lagos";2025-03-10T17:51:26.79;2025-03-20T15:00:00;2025-04-01T20:00:00;19968000;"CLP";0;0
5350-7-LE25;"IMPLEMENTACION DE CENTRAL TELEFONICA IP";"I MUNICIPALIDAD DE VALLENAR";"69.030.500-3";"DEPTO DE SALUD MUNICIPAL";"Calle Merced Esquina Talca N°1455 - Ex Hospital";"Vallenar";"Región de Atacama ";"LE";"Desierta (o art. 3 ó 9 Ley 19.886)";"El sistema de telefonía IP tiene como objetivos principales: - Proveer comunicación efectiva entre las distintas oficinas del Departamento de Salud. - Facilitar la entrada y salida de llamadas externas a través de líneas IP o conexiones analógicas según requerimientos. - Garantizar la escalabilidad del sistema para incluir más anexos en el futuro. - Asegurar la confiabilidad y disponibilidad del sistema.";2025-03-20T13:12:00;2025-03-31T19:46:00;2025-04-01T19:47:00;3000000;"CLP";0;0
2794-30-LQ24;"Consecion Servicio Aparcadero Municipal Los Andes";"MUNICIPALIDAD DE LOS ANDES";"69.051.100-2";"Secretaria Comunal de Planificación";"Esmeralda 536";"Los Andes";"Región de Valparaíso ";"LQ";"Desierta (o art. 3 ó 9 Ley 19.886)";"“Concesión del Servicio Aparcadero Municipal de la Comuna de Los Andes”.";2024-06-17T10:21:30.11;2024-07-09T14:00:00;2025-03-31T09:59:33.493;;"CLP";0;0
702988-78-L124;"REPUESTOS EXCAVADORA  JCB";"COMANDO DE APOYO A LA FUERZA";"61.101.091-5";"Cuerpo Milit Subjefatura Zonal Punta Arenas (IGTF)";"Calle Jorge Montt N° 098, CMT  Punta Arenas";"Punta Arenas";"Región de Magallanes y de la Antártica";"L1";"Desierta (o art. 3 ó 9 Ley 19.886)";"ADQUIRIR REPUESTOS PARA EXCAVADORA JCB, EMPLEADA EN LAS OBRAS DE CONECTIVIDAD NACIONAL QUE EJECUTA ÉSTA UNIDAD MILITAR, EN EL EXTREMO SUR DE LA ISLA GRANDE DE TIERRA DEL FUEGO, PROVINCIAS DE TIERRA DEL FUEGO Y ANTÁRTICA CHILENA.. LAS OFERTAS DEBEN SER EXENTA DE IMPUESTOS, CONFORME A LAS FRANQUICIAS TRIBUTARIAS OTORGADOS POR LEY Nº18.392 NAVARINO, YA QUE SE CUENTA CON RESIDENCIA EN LA CITADA ZONA, REQUISITO EXCLUYENTE .LAS OFERTAS QUE SUPEREN EL PRESUPUESTO DISPONIBLE, SERÁN DECLARADAS INADMISIBL";2024-11-28T12:05:56.593;2024-12-05T15:00:00;2025-03-31T09:55:55.54;4350000;"CLP";0;0
1057532-20-L125;"Adquisición de medicamentos por faltante de stock en CENABAST para COSAM ORENTE.";"SERVICIO DE SALUD OSORNO";"61.607.600-0";"Bienes y Servicios";"Ruta Puerto Octay U-55 (Calle de Servicio)";"Osorno";"Región de los Lagos ";"L1";"Desierta (o art. 3 ó 9 Ley 19.886)";"Se requiere medicamento para tratamiento pacientes y producto suspendido de canasta CENABAST enero 25-junio 25 Convenio de suministro caducado.";2025-02-28T15:20:00;2025-03-11T16:00:00;2025-04-01T18:00:00;;"CLP";0;0
2018-4-L125;"Adquisición de Adaptadores PTT";"DIRECCION GENERAL DE AERONAUTICA CIVIL";"61.104.000-8";"UNIDAD DE COMPRA DASA";"Camino a mejillones sin numero, Aeropuerto Andrés Sabella, Antofagasta";"Antofagasta";"Región de Antofagasta ";"L1";"Desierta (o art. 3 ó 9 Ley 19.886)";"Adquisición de Adaptadores PTT, de acuerdo a Bases Técnicas.";2025-03-03T10:31:20.217;2025-03-18T15:01:00;2025-04-01T17:00:00;4200000;"CLP";0;0
1059082-10-LE25;"SERVICIO DE TRANSPORTE ESCOLAR JI CRECER JUGANDO";"JUNTA NACIONAL DE JARDINES         INFANTILES";"70.072.600-2";"Junji - Región Ñuble";"";"";"Región del Ñuble";"LE";"Desierta (o art. 3 ó 9 Ley 19.886)";"CONTRATACIÓN DEL SERVICIO DE TRANSPORTE ESCOLAR PARA EL JARDIN INFANTIL CRECER JUGANDO, COMUNA DE BULNES, CODIGO 16102010 DE JUNJI REGIÓN DE ÑUBLE";2025-03-06T17:18:49.24;2025-03-17T15:00:00;2025-04-01T17:00:00;;"CLP";0;0
1263-3-O124;"DISEÑO CONSTR PASEO BORDE COSTERO PRIMERAS PIEDRAS";"MINISTERIO DE OBRAS PUBLICAS DIREC CION GRAL DE OO PP DCYF";"61.202.000-0";"Dirección de Obras Portuarias - Iquique";"Tarapacá 130";"Iquique";"Región de Tarapacá  ";"O1";"Desierta (o art. 3 ó 9 Ley 19.886)";"DISEÑO CONSTRUCCION PASEO BORDE COSTERO SECTOR PRIMERAS PIEDRA";2024-12-20T17:55:00;2025-02-17T15:00:00;2025-04-01T17:00:00;;"CLP";0;0
648752-7-LP25;"INSUMOS MÉDICOS PARA SOLDADOS ";"COMANDO DE APOYO A LA FUERZA";"61.980.130-k";"Jefatura de Sanidad Militar - JESAM";"Av. GUANACO N° 2650";"Conchalí";"Región Metropolitana de Santiago";"LP";"Desierta (o art. 3 ó 9 Ley 19.886)";"Llama a Licitación Pública, aprueba bases administrativas, técnicas y sus anexos, para la adquisición de “Insumos Médicos”, para soldados conscriptos año 2025 1er Semestre y designa Comisión Evaluadora y Sujetos Pasivos.";2025-02-21T10:33:13.54;2025-03-03T17:00:00;2025-04-01T17:00:00;68907563;"CLP";0;0
1198-1-LE25;"IMPLEMENTACIÓN DEPORTIVA CEM - CENTROS TEMPORERAS";"INSTITUTO NACIONAL DE DEPORTES DE CHILE";"61.107.000-4";"I.N.D. REGION V";"BLANCO 937, PISO 5, EDIF. TECNOPACIFICO";"Valparaíso";"Región de Valparaíso ";"LE";"Desierta (o art. 3 ó 9 Ley 19.886)";"Que, el IND Región de Valparaíso requiere efectuar la adquisición de Implementación Deportiva  para el Componente Encuentros Formativos Deportivos,  Centros para Niños principales Cuidadores  Temporeras , del Programa Crecer en Movimiento año 2025.";2025-01-29T15:58:16.273;2025-02-10T15:01:00;2025-04-01T16:51:16.89;10000000;"CLP";0;0
886954-77-LE25;"CONVENIO SUMINISTRO KIT GASTROSTOMIA  2025";"HOSPITAL GUILLERMO GRANT BENAVENTE DE CO";"61.602.189-3";"Abastecimiento Insumos";"San Martin 1436";"Concepción";"Región del Biobío ";"LE";"Desierta (o art. 3 ó 9 Ley 19.886)";"La necesidad de abastecer del insumo para la atención oportuna del paciente.";2025-02-10T09:28:00;2025-02-17T15:30:00;2025-04-01T15:41:12.18;;"CLP";0;0
1019-17-LE25;"ADQUISICIÓN DE IMÁGENES SATELITALES ESTÉREO Y MDT PARA LA DIVISIÓN DE HIDROLOGÍA DE LA DIRECCIÓN GENERAL DE AGUAS";"MINISTERIO DE OBRAS PUBLICAS DIREC CION GRAL DE OO PP DCYF";"61.202.000-0";"MINISTERIO DE OBRAS PUBLICAS DIREC CION GRAL DE OO";"Morandé 59, piso 8";"Santiago";"Región Metropolitana de Santiago";"LE";"Desierta (o art. 3 ó 9 Ley 19.886)";"El objetivo general de esta licitación pública es la adquisición de productos satelitales de programación, para el fin del año hidrológico 2024-2025 (desde el 1 al 30 de abril de 2025) de zonas cubiertas por glaciares de interés para el Servicio, con el propósito de usarlas como insumos para realizar balances de masa geodésicos, de acuerdo con las disposiciones que se especifican en las presentes Bases. Por tratarse de la adquisición de bienes de simple y objetiva especificación, según consta de las presentes Bases Técnicas, la contratación se formalizará mediante la emisión de la orden de compra y su aceptación por parte del proveedor, conforme a lo establecido en las presentes Bases (Bases Administrativas, en sus numerales X y XVII), en relación con lo dispuesto en el artículo 117 del Decreto Supremo N° 661, de 2024, del Ministerio de Hacienda.";2025-03-14T11:32:33.197;2025-03-25T15:29:00;2025-04-01T16:16:26.347;;"CLP";0;0
1057379-8-LE25;"CONTRATACION DE APOYO TECNICO SOPORTE TIC HSAP";"SERVICIO DE SALUD ACONCAGUA HOSPITAL DE PUTAENDO";"61.606.703-6";"Hospital San Antonio de Putaendo";"Av. Alessandri 186, Putaendo, V Región";"Putaendo";"Región de Valparaíso ";"LE";"Desierta (o art. 3 ó 9 Ley 19.886)";"CONTRATACION DE APOYO TECNICO SOPORTE TIC HSAP";2025-03-19T09:10:07.943;2025-03-31T16:00:00;2025-04-01T16:29:00.887;;"CLP";0;0
3938-6-LP25;"Mejoramiento Sistemas Sanitarios Escuelas y Postas";"ILUSTRE MUNICIPALIDAD DE CURARREHUE";"69.252.400-4";"Adquisiciones";"AVDA. ESTADIO N°550";"Curarrehue";"Región de la Araucanía ";"LP";"Desierta (o art. 3 ó 9 Ley 19.886)";"El proyecto consiste en el mejoramiento de los sistemas sanitarios de escuelas y postas rurales de la comuna de Curarrehue.";2025-02-24T12:59:00;2025-03-12T09:00:00;2025-04-01T15:45:42.893;71345000;"CLP";0;0
4491-9-LP25;"CONVENIO SUMINISTRO SERVICIO TRANSPORTE ESTUDIANTE";"I MUNICIPALIDAD DE PENCO";"69.150.501-4";"Ilustre Municipalidad de Penco";"Freire 260";"Penco";"Región del Biobío ";"LP";"Desierta (o art. 3 ó 9 Ley 19.886)";"La I. Municipalidad de Penco, a través del Departamento de Educación, según lo establece la Ley 19.886 de Compras Públicas y su Reglamento, procede a realizar Licitación Pública para la contratación de Convenio de Suministro: “SERVICIO DE TRANSPORTE DE ESTUDIANTES PARA SALIDAS PEDAGÓGICAS – ESTABLECIMIENTOS DE EDUCACIÓN MUNICIPAL DE LA COMUNA DE PENCO” lo que permitirá suministrar a los Establecimientos Educacionales de la comuna de los servicios señalados, mejorando y agilizando el proceso de compras. Las presentes Bases Administrativas, Técnicas y documentación anexada al Portal Mercado Público, tiene por objeto regular los procesos de: Licitación Pública, Apertura, Evaluación, Adjudicación, Ejecución y Puesta en Marcha del convenio de suministros.   El Departamento de Educación de la Ilustre Municipalidad de Penco, busca adjudicar un Convenio de suministro:  servicio de transporte de estudiantes para salidas pedagógicas – establecimientos de educación municipal de la comuna de Penco, desde marzo a diciembre 2025, de acuerdo a especificaciones señaladas en las presentes bases.";2025-03-18T17:22:32.687;2025-03-28T17:30:00;2025-04-01T15:36:48.113;;"CLP";0;0
2686-36-LE25;"ADQUISICION DE MATERIALES DE FERRETERIA";"I MUNICIPALIDAD DE COLINA";"69.071.500-7";"SECPLAN";"AVENIDA COLINA Nº. 700.";"Colina";"Región Metropolitana de Santiago";"LE";"Desierta (o art. 3 ó 9 Ley 19.886)";"“ADQUISICIÓN DE MATERIALES DE FERRETERIA PARA LA DIRECCIÓN DE ASEO Y ORNATO” El objetivo es la adquisición de diversos materiales, destinados a la mantención de las juntas de vecinos, establecimientos educaciones yo vecinos de nuestra comuna.";2025-03-10T12:37:02.91;2025-03-19T15:10:00;2025-04-01T16:35:42.22;;"CLP";0;0
527481-13-LE25;"MEJORAMIENTO PROPIEDAD MUNICIPAL";"ILUSTRE MINICIPALIDAD DE COMBARBALA";"69.041.100-8";"OFICINA SECPLAC";"Arturo Prat  350";"La Serena";"Región de Coquimbo ";"LE";"Desierta (o art. 3 ó 9 Ley 19.886)";"se requiere obras de mejoramiento en propiedad municipal ubicada en calle Juan Ignacio Flores N° 330,   Com-barbalá.";2025-02-14T17:13:07.493;2025-02-21T10:00:00;2025-04-01T16:50:30.227;;"CLP";0;0
3495-2-LP25;"TRASLADO PACIENTES DIALISIS DSM VILCÚN";"I MUNICIPALIDAD DE VILCUN";"69.190.800-3";"Departamento Salud";"PRAT N°481";"Vilcún";"Región de la Araucanía ";"LP";"Desierta (o art. 3 ó 9 Ley 19.886)";"El Departamento de Salud Municipal de la Comuna de Vilcún, llama a licitación pública con el objetivo de contratar el servicio de móviles con conductor para el traslado de pacientes dializados por un periodo de 12 meses, desde Abril 2025  a Abril 2026. se adjuntan requerimientos técnicos.";2025-02-28T16:37:00.013;2025-03-14T17:00:00;2025-04-01T15:36:34.137;87000000;"CLP";0;0
2920-1-LP25;"Construcción Huella calles JF y Doctor Johw";"I MUNICIPALIDAD DE JUAN FERNANDEZ";"69.252.300-8";"I MUNICIPALIDAD DE JUAN FERNANDEZ";"Vicente González 210, Juan Fernández";"Juan Fernández";"Región de Valparaíso ";"LP";"Desierta (o art. 3 ó 9 Ley 19.886)";"Construcción huella de hormigón, calles Juan Fernandez y Doctor Johow, Juan Fernandez";2025-01-28T10:26:31.14;2025-02-18T13:00:00;2025-04-01T15:30:00;;"CLP";0;0
1376-9-LE25;"SERVICIO DE MANTECIÓN Y REPARACIÓN  DE VEHÍCULOS DE GENDARMERÍA REGIÓN DE ATACAMA";"DIRECCION GENERAL DE GENDARMERIA DE CHIL";"61.004.010-1";"Región de Atacama";"Rancagua #499, 3 piso, edificio MOP-MINJU";"Copiapó";"Región de Atacama ";"LE";"Desierta (o art. 3 ó 9 Ley 19.886)";"SERVICIO DE MANTECIÓN Y REPARACIÓN DE VEHÍCULOS DE GENDARMERÍA REGIÓN DE ATACAMA FACTURAR A: DIRECCIÓN REGIONAL GENDARMERÍA DE CHILE COPIAPÓ; RUT: 61.004.010-1; DIRECCIÓN: RANCAGUA #499, 3 PISO, EDIFICIO MINJU, COPIAPÓ. CONDICIONES DE PAGO: CRÉDITO 30 DIAS Recepción de facturación al correo dipresrecepcion@custodium.com, se solicita despachar con Guía de Despacho y Facturar previa recepción conforme, registrar N° orden de compra en campo 801 del XML.";2025-03-11T16:47:36.037;2025-03-21T09:57:00;2025-04-01T14:38:08.883;;"CLP";0;0
707419-4-L125;"Mantención Cámaras Desgrasadoras 6 Establecimientos Integra Valparaíso 2do Llamado";"FUNDACION EDUCACIONAL PARA EL DESAROLLO INTEGRAL DE LA NIÑEZ";"70.574.900-0";"Regional Valparaiso";"JOSÉ INFANTE 550 MIRAFLORES ALTO";"Viña del Mar";"Región de Valparaíso ";"L1";"Desierta (o art. 3 ó 9 Ley 19.886)";"Se requiere contratar: 1)Dos Mantención de Cámaras Desgrasadoras según EETT  por Establecimiento 2)Informe técnico, según EETT. Además, en caso de haber observaciones se debe detallar en el informe para subsanar dichos hallazgos con un técnico autorizado";2025-03-21T22:57:41.303;2025-04-01T10:00:00;2025-04-01T15:00:00;6803000;"CLP";0;0
2320-5-LE25;"CONVENIO SUMINISTRO SEGURO VEHICULOS INMUEBLES ";"I MUNICIPALIDAD DE SAN JAVIER";"69.130.100-1";"ADQUISICIONES SALUD MUNICIPAL";"Arturo Prat  N° 2490";"San Javier";"Región del Maule ";"LE";"Desierta (o art. 3 ó 9 Ley 19.886)";"Convenio suministro seguro vehículos, inmuebles y contenidos, según detalle en bases y anexos licitación que se adjuntan.";2025-03-07T15:38:00;2025-03-19T09:00:00;2025-04-01T14:17:04.093;;"CLP";0;0
1124-4-CO25;"Servicio seguridad preventiva oficinas del AGRO";"INSTITUTO DE DESARROLLO AGROPECUARIO";"61.307.000-1";"Unidad de Compra – Región de Coquimbo";"Pedro Pablo Muñoz 200";"La Serena";"Región de Coquimbo ";"CO";"Desierta (o art. 3 ó 9 Ley 19.886)";"El objetivo de la licitación pública es la contratación de un oferente que preste el servicio de vigilancia y seguridad preventiva, de las oficinas de los organismos de AGRO, ubicados en calle Pedro Pablo Muñoz Nro.200 La Serena.";2025-03-13T12:29:00;2025-03-27T15:30:00;2025-04-01T13:09:33.597;;"CLP";0;0
3997-35-LE25;"TRANSP RGUA-COLTAUCO EST. NOCTURNOS ED SUPERIOR";"I MUNICIPALIDAD DE COLTAUCO";"69.080.700-9";"Administración Municipal";"Avda. República de Chile Nº451 Coltauco";"Coltauco";"Región del Libertador General Bernardo O´Higgins";"LE";"Desierta (o art. 3 ó 9 Ley 19.886)";"La Municipalidad de Coltauco llama a Licitación Pública para contratar servicios de transporte para trasladar a estudiantes de educación superior que residen en Coltauco y estudian de forma vespertina yo nocturna en la Ciudad de Rancagua.";2025-03-17T13:48:00.1;2025-03-24T15:00:00;2025-04-01T13:50:14.303;;"CLP";0;0
607-3-O125;"CONSERVACIÓN DE BAÑOS PÚBLICOS ZOOLÓGICO, PARQUEME";"PARQUE METROPOLITANO DE SANTIAGO";"61.809.000-0";"Adquisiciones";"PIO NONO N°450 RECOLETA";"Recoleta";"Región Metropolitana de Santiago";"O1";"Desierta (o art. 3 ó 9 Ley 19.886)";"CONSERVACIÓN DE BAÑOS PÚBLICOS ZOOLÓGICO, PARQUEMET";2025-02-13T14:22:43.16;2025-03-13T20:00:00;2025-04-01T13:48:03.61;;"CLP";0;0
324-10-L125;"Servicio de Verificación yo evaluador de Documento";"I MUNICIPALIDAD DE CERRILLOS";"69.255.000-5";"Administración y Finanzas - Abastecimiento";"Piloto Lazo Nº120";"Cerrillos";"Región Metropolitana de Santiago";"L1";"Desierta (o art. 3 ó 9 Ley 19.886)";"La licitación tiene por objetivo contratar el servicio de verificadores de cheques (dispositivo y servicio de verificación), por la municipalidad de cerrillos, según requerimientos establecidos en los términos de referencias, por la unidad requirente.";2025-02-28T10:19:03.777;2025-03-06T15:30:00;2025-04-01T13:15:30.967;;"CLP";0;0
2780-4-LE25;"SERVICIO DE MANTENCION Y REPARACION DE VEHIUCULOS";"I MUNICIPALIDAD DE LA LIGUA";"69.050.100-7";"DEPARTAMENTO DE SALUD MUNICIPAL";"CALLE PORTALES 555, LA LIGUA";"La Ligua";"Región de Valparaíso ";"LE";"Desierta (o art. 3 ó 9 Ley 19.886)";"“MANTENCION Y REPARACION, CAMBIO DE PIEZAS E INSUMOS PARA LOS VEHICULOS PERTENECIENTES AL DEPARTAMENTO DE SALUD MUNICIPAL DE LA LIGUA, PARA LOS MESES DE FEBRERO A DICIEMBRE DEL 2025”";2025-02-12T09:42:48.54;2025-02-20T19:54:00;2025-04-01T14:53:44.73;;"CLP";0;0
3706-105-LE24;"A.I.T.O REPOSICIÓN HOGAR DE ANCIANOS";"I MUNICIPALIDAD DE SAN IGNACIO";"69.141.300-4";"Adquisiciones";"MANUEL JESUS ORTIZ 599";"San Ignacio";"Región del Ñuble";"LE";"Desierta (o art. 3 ó 9 Ley 19.886)";"“ASESORIA A LA INSPECCION TÉCNICA DE OBRAS A.I.T.O REPOSICIÓN HOGAR DE ANCIANOS COMUNA SAN IGNACIO” El objetivo del contrato, es la supervisión de las obras del proyecto “Reposición hogar de ancianos comuna San Ignacio” mediante la contratación de Asesoría a la Inspección Técnica de Obras A.I.T.O. a través de un profesional competente al tenor de la normativa vigente persona natural o jurídica cuya actividad primordial será la supervisión del cumplimiento del contrato por parte de la empresa contratista que ejecute la obra, tal cual lo indica las especificaciones técnicas adjuntas a esta licitación.";2024-12-10T17:41:15.837;2024-12-23T15:00:00;2025-04-01T13:05:01.3;;"CLP";0;0
4858-18-LE25;"SUMINISTRO DE ALIMENTOS E INSUMOS DE SUPERMERCADOS";"I MUNICIPALIDAD DE TIRUA";"69.160.700-3";"Finanzas";"Avenida Costanera 080, Tirua";"Tirúa";"Región del Biobío ";"LE";"Desierta (o art. 3 ó 9 Ley 19.886)";"La Municipalidad de TIRUA, invita a los proveedores de Mercado Publico a la presentación de ofertas para el suministro de “ALIMENTOS E INSUMOS DE SUPERMERCADO, AÑO 2025” destinados a cubrir las necesidades de Municipio, en sus diferentes Departamentos, Unidades y Convenios. Conforme a las exigencias de las presentes Bases, aclaraciones.";2025-03-05T16:49:44.393;2025-03-17T15:00:00;2025-04-01T12:29:43.823;;"CLP";0;0
741-11-LE25;"SERVICIO ASESORIA TECNICA PDTI U.O QUEFQUEHUENO";"INSTITUTO DE DESARROLLO AGROPECUARIO";"61.307.000-1";"Unidad de Compra – Región de la Araucanía";"Bilbao 931";"Temuco";"Región de la Araucanía ";"LE";"Desierta (o art. 3 ó 9 Ley 19.886)";"Se requiere de la contratación de un oferente del ramo que provea los servicios de Entidad Ejecutora del Programa PDTI-CONADI.";2025-03-03T12:24:39.883;2025-03-13T15:30:00;2025-04-01T12:13:14.677;48319226;"CLP";0;0
2760-9-LE25;"TRABAJO DE MAESTRANZA EN VEHICULOS MUNICIPALES";"I MUNICIPALIDAD DE CORONEL";"69.151.200-2";"SECRETARIA COMUNAL DE PLANIFICACION";"BANNEN 70, CORONEL";"Coronel";"Región del Biobío ";"LE";"Desierta (o art. 3 ó 9 Ley 19.886)";"CONVENIO SUMINISTRO PARA TRABAJOS DE MAESTRANZA EN VEHICULOS LIVIANOS Y PESADOS";2025-01-27T17:44:37.377;2025-02-06T15:00:00;2025-04-01T12:09:27.19;;"CLP";0;0
1300-6-LE25;"2do Llamado SERVICIO DE ARREGLOS PARA VEHÍCULO CR RANCAGUA";"SERVICIO NACIONAL DEL ADULTO MAYOR";"61.961.000-8";"Servicio Nacional del Adulto Mayor";"Catedral N°1575, Oficina 21, Santiago";"Santiago";"Región Metropolitana de Santiago";"LE";"Desierta (o art. 3 ó 9 Ley 19.886)";"El Servicio Nacional del Adulto Mayor, requiere “SERVICIO DE ARREGLOS VEHÍCULO COORDINACION REGIONAL SENAMA REGION DE O’HIGGINS”, ubicado en Calle Astorga N° 668, comuna de Rancagua, región del Libertador General Bernardo O’Higgins.";2025-03-10T16:58:06.647;2025-03-24T15:30:00;2025-04-01T11:58:38.783;;"CLP";0;0
2018-6-LE25;"ADQUISICION DE CARTUCHOS MULTIPLE CALIBRE 12";"DIRECCION GENERAL DE AERONAUTICA CIVIL";"61.104.000-8";"UNIDAD DE COMPRA DASA";"San Pablo 8381";"Pudahuel";"Región Metropolitana de Santiago";"LE";"Desierta (o art. 3 ó 9 Ley 19.886)";"“ADQUISICION DE CARTUCHOS MÚLTIPLE CALIBRE 12 PARA CONTROL DE FAUNA SILVESTRE EN LOS AEROPUERTOS Y AERODROMOS DE LA DE LA DGAC”.";2025-03-03T16:20:49.437;2025-03-17T15:01:00;2025-04-01T11:55:39.053;36591000;"CLP";0;0
2775-1-LE25;"POR SP 1605 DIG. LA ILUSTRE MUNICIPALIDAD DE RENGO LLAMA A LICITACIÓN PÚBLICA PARA ADQUISICIÓN DE 01 BRAZO TELESCÓPICO REMOLCABLE SEGUN BASES ADMINISTRATIVAS FORMATOS ANEXOS SP. 1605 Y TERMINOS TECNICOS DE REFERENCIAS ADJUNTOS.  ";"I MUNICIPALIDAD DE RENGO";"69.081.200-2";"SECPLAC";"";"";"Región del Libertador General Bernardo O´Higgins";"LE";"Desierta (o art. 3 ó 9 Ley 19.886)";"POR SP 1605 DIG. LA ILUSTRE MUNICIPALIDAD DE RENGO LLAMA A LICITACIÓN PÚBLICA PARA ADQUISICIÓN DE 01 BRAZO TELESCÓPICO REMOLCABLE, SEGUN BASES ADMINISTRATIVAS, FORMATOS ANEXOS, SP. 1605 Y TERMINOS TECNICOS DE REFERENCIAS, ADJUNTOS.";2025-01-07T12:28:18.24;2025-01-21T15:00:00;2025-04-01T11:48:39.163;47000000;"CLP";0;0
967490-4-LE25;"EXAMENES DE LABORATORIO CANINO";"DIRECCION DE LOGISTICA DE CARABINEROS";"60.505.000-K";"Escuela Nacional de Especialidades Carabineros";"Cuadro Verde N° 350-B  Stgo. Centro";"";"Región Metropolitana de Santiago";"LE";"Desierta (o art. 3 ó 9 Ley 19.886)";"ADQUISICIÓN SERVICIO DE SUMINISTRO DE EXÁMENES DE LABORATORIO SÓLO PROCESAMIENTO DE MUESTRAS PARA EJEMPLARES CANINOS DEL GRUPO DE ADIESTRAMIENTO CANINO DE CARABINEROS DE CHILE, DEPENDIENTE DE LA ESCUELA DE ESPECIALIDADES “GENERAL OSCAR CRISTI GALLO”.";2025-03-13T18:26:00.89;2025-03-24T20:00:00;2025-04-01T11:40:07.12;;"CLP";0;0
1152-21-O124;"CONST. CENTRO ONCOLÓGICO FUNDACIÓN NUESTROS HIJOS";"MINISTERIO DE OBRAS PUBLICAS DIREC CION GRAL DE OO PP DCYF";"61.202.000-0";"Dirección de Arquitectura - Región Metropolitana";"Bombero Salas 1351, piso 4to piso.";"Santiago";"Región Metropolitana de Santiago";"O1";"Desierta (o art. 3 ó 9 Ley 19.886)";"CONSTRUCCIÓN CENTRO ONCOLÓGICO FUNDACIÓN NUESTROS HIJOS, COMUNA DE SAN MIGUEL";2024-12-03T15:41:00;2025-01-29T11:00:00;2025-04-01T11:04:13.567;;"CLP";0;0
2184-6-LE25;"Convenio precios mantención y reparación vehículos";"CORP ADMINISTRATIVA DEL PODER JUDICIAL";"60.301.001-9";"Corp. Adm. del Poder Judicial - San Miguel";"Ureta Cox 855, Piso 2";"San Miguel";"Región Metropolitana de Santiago";"LE";"Desierta (o art. 3 ó 9 Ley 19.886)";"Convenio de precios para mantención y reparación de vehículos de la Corporación Administrativa del Poder Judicial - Administración Zonal de San Miguel";2025-03-10T12:13:12.283;2025-03-18T18:00:00;2025-04-01T10:47:44.53;;"CLF";0;0
5558-7-LE25;"CURSO AGRESIONES Y VIOLENCIA RURAL";"INSTITUTO DE SEGURIDAD LABORAL";"61.533.000-0";"ISL Región de la Araucanía";"Andrés Bello N° 190 Temuco";"Temuco";"Región de la Araucanía ";"LE";"Desierta (o art. 3 ó 9 Ley 19.886)";"Apoyar a los funcionarios y trabajadores que están expuestos a diferentes tipos de agresiones o maltrato durante su jornada laboral ya sea en el establecimiento o en el traslado a actividades propias en los sectores rurales de la jurisdicción de la zona de cautín / costera.EL Instituto de Seguridad Laboral requiere contratar el Servicio de Capacitación de Prevención en Agresiones y Ataque. E1O2RT9";2025-03-03T11:23:29.97;2025-03-13T16:00:00;2025-04-01T10:45:08.85;;"CLP";0;0
2427-13-LE25;"SUMINISTRO DE PONCHAS DEPARTAMENTO DE ASEO.";"I MUNICIPALIDAD DE VALPARAISO";"69.060.900-2";"ABASTECIMIENTO";"AVDA.ARGENTINA 864 DEPARTAMENTO CONTABILIDAD.";"Valparaíso";"Región de Valparaíso ";"LE";"Desierta (o art. 3 ó 9 Ley 19.886)";"PEDIDO N°36, DEPARTAMENTO DE ASEO.";2025-02-17T15:35:39.923;2025-02-27T13:00:00;2025-04-01T10:59:19.43;18500000;"CLP";0;0
1546-1-LE25;"LE3014 - MANTENCIÓN Y REPARACIÓN DE CORTINAS";"SERVICIO DE IMPUESTOS INTERNOS DIRECCION";"60.803.000-k";"SII DR14 Dirección Regional Santiago Poniente";"Romero 3226";"Santiago";"Región Metropolitana de Santiago";"LE";"Desierta (o art. 3 ó 9 Ley 19.886)";"El objeto de la presente licitación es la contratación de los servicios de mantenimiento preventivo y correctivo de cortinas metálicas para la Dirección Regional Metropolitana Stgo. Poniente del SII.  El presupuesto disponible para la contratación asciende a 30.000.000, IVA incluido. Este monto contempla el mantenimiento preventivo, el mantenimiento correctivo y cualquier trabajo adicional necesario durante todo el período del contrato.";2025-01-23T10:51:45.133;2025-02-03T16:00:00;2025-04-01T10:29:27.417;;"CLP";0;0
2424-318-R125;"KIT COCINA/CILINDRO Y REGULADOR DE GAS - 5259 - (K.G.)";"I MUNICIPALIDAD DE VINA DEL MAR";"69.061.000-0";"I MUNICIPALIDAD DE VINA DEL MAR";"2 ORIENTE Nº 1021, ESQUINA 11 NORTE";"Viña del Mar";"Región de Valparaíso ";"L1";"Desierta (o art. 3 ó 9 Ley 19.886)";"Ped. N° 29 - 5259 Departamento de Desarrollo Social (k.g.)";2024-11-04T18:11:45.12;2024-11-11T15:30:00;2025-04-01T10:32:16.79;;"CLP";0;0
2424-333-R125;"COMPROBADOR MULTIFUNCION - 5339 - (K.G.)";"I MUNICIPALIDAD DE VINA DEL MAR";"69.061.000-0";"I MUNICIPALIDAD DE VINA DEL MAR";"2 ORIENTE Nº 1021, ESQUINA 11 NORTE";"Viña del Mar";"Región de Valparaíso ";"L1";"Desierta (o art. 3 ó 9 Ley 19.886)";"Ped. N° 52 - 5339 Departamento Infraestructura  de Utilidad Pública (k.g.)";2024-11-07T12:27:51.237;2024-11-13T15:30:00;2025-04-01T10:13:02.56;;"CLP";0;0
2424-334-R125;"SUMINISTRO, LIMPIEZA E INSTALACION DE GRAFICA PARA VEHICULO - 5252 - (C.R.V.)";"I MUNICIPALIDAD DE VINA DEL MAR";"69.061.000-0";"I MUNICIPALIDAD DE VINA DEL MAR";"2 ORIENTE Nº 1021, ESQUINA 11 NORTE";"Viña del Mar";"Región de Valparaíso ";"L1";"Desierta (o art. 3 ó 9 Ley 19.886)";"Ped. N° 101 - 5252 Departamento Gestión e Imagen Corporativa (c.r.v.)";2024-11-04T18:11:59.347;2024-11-11T15:30:00;2025-04-01T10:22:48.97;;"CLP";0;0
2123-9-LP25;"Traslado de Pasajeros";"SUBSECRETARIA DE SALUD PUBLICA";"61.601.000-K";"Seremi de Salud V Región";"Melgarejo 669, piso 6";"Valparaíso";"Región de Valparaíso ";"LP";"Desierta (o art. 3 ó 9 Ley 19.886)";"Se requiere la adquisición del “SUMINISTRO DEL SERVICIO DE TRASLADO DE PASAJEROS PARA EL PERSONAL DE LOS DEPARTAMENTOS Y UNIDADES DE LA SECRETARIA REGIONAL MINISTERIAL DE SALUD DE LA REGION DE VALPARAISO”, con el objeto de dotar de medios de transporte a sus funcionarios para la realización de distintas actividades institucionales de esta Secretaría Regional Ministerial de Salud";2025-02-18T11:11:47.283;2025-03-11T10:00:00;2025-04-01T10:20:20.577;;"CLP";0;0
1405-10-LE25;"Convenio de suministro de electrodomésticos y otros";"DELEGACIÓN PRESIDENCIAL PROVINCIAL DE CAPITÁN PRAT";"60.511.113-0";"DELEGACIÓN PRESIDENCIAL PROVINCIAL DE CAPITÁN PRAT";"";"";"Región Aysén del General Carlos Ibáñez del Campo";"LE";"Desierta (o art. 3 ó 9 Ley 19.886)";"Con el objeto de contar con un proveedor estable para hacer entrega electrodomésticos y menajes de diversa índole, estufas a combustión lenta y accesorios correspondientes y telas diversas y otros productos afines y similares a los rubros indicados, durante el año 2025 a los beneficiarios de los distintos programas sociales de esta unidad del Gobierno del Interior, tales como ORASMI, Gobierno en Terreno, entre otros, como asimismo para Pasos Fronterizos y para necesidades propias del servicio, la Delegación Presidencial Provincial de Capitán Prat invita a los proveedores inscritos  en el portal Mercado  Público a participar de la presente licitación.";2025-03-17T16:23:08.203;2025-03-25T15:01:00;2025-04-01T09:53:18.76;;"CLP";0;0
618-1-LQ25;"Mantención equipos aire y extracción Corfo Stgo.";"CORPORACION DE FOMENTO DE LA PRODUCCION";"60.706.000-2";"Subgerencia de Administración";"Moneda 921, Oficina 720";"Santiago Centro";"Región Metropolitana de Santiago";"LQ";"Desierta (o art. 3 ó 9 Ley 19.886)";"Servicio de mantención y reparación de equipos de aire  acondicionado y extracción, para el edificio de Corfo central y sus dependencias anexas.";2025-01-27T17:25:28.947;2025-02-17T15:00:00;2025-04-01T09:47:48.297;208000000;"CLP";0;0
1057536-8-LQ25;"SERVICIO DE HOSPITAL DE DIA INFANTO ADOLESCENTE";"SERVICIO SALUD DEL RELONCAVI";"61.607.700-7";"Servicio de Salud del Reloncaví";"ESMERALDA 269, PISO 5 POBL. ESMERALDA";"Puerto Montt";"Región de los Lagos ";"LQ";"Desierta (o art. 3 ó 9 Ley 19.886)";"SERVICIO DE HOSPITAL DE DIA INFANTO ADOLESCENTE •	14 CUPOS MENSUALES 3.360 día cama diurno •	8 CUPOS TRATAMIENTO MENSUAL Plan ambulatorio intensivo para tratamiento de alcohol y drogas población infanto adolescente.";2025-02-14T10:57:00;2025-03-07T16:00:00;2025-04-01T09:28:21.033;168892944;"CLP";0;0
1079967-9-LE25;"ESTANQUE DE COMBUSTIBLES PARA LA ZONA TARAPACÁ";"DIRECCION DE LOGISTICA DE CARABINEROS";"60.505.102-2";"SECCIÓN COMPRAS ZONA DE CARABINEROS TARAPACA";"THOMPSON N° 191, CIUDAD IQUIQUE  IRA. REG. TARAPAC";"Iquique";"Región de Tarapacá  ";"LE";"Desierta (o art. 3 ó 9 Ley 19.886)";"2DO PROCESO DE LICITACION PARA LA ADQUISICIÓN DE ESTANQUE DE COMBUSTIBLES PARA LA ZONA TARAPACÁ POR FORA     LOS BIENES O SERVICIOS A REQUERIR ES UNA COMPRA CON RECURSOS F.O.R.A. EL PROVEEDOR ADJUDICADO DEBERÁ EXTENDER LA FACTURA A NOMBRE DE DIRECCIÓN DE LOGÍSTICA, RUT 61.938.500-4, LA QUE DEBE VENIR EXENTA DE IVA, DIRECCIÓN DE FACTURACIÓN AV. LIBERTADOR BERNARDO O HIGGINS NRO. 1196, PISO 9, SANTIAGO";2025-03-21T16:07:05.2;2025-03-27T18:35:00;2025-04-01T08:50:36.153;;"CLP";0;0
425-54-LR24;"SERVICIO DE CONSTRUCCIÓN CENTRO JUDICIAL DE VALLENAR";"CORP ADMINISTRATIVA DEL PODER JUDICIAL";"60.301.001-9";"Servicios";"Mario Alvo (Ex Hurtado de Mendoza) N°1460, Piso 1";"Santiago Centro";"Región Metropolitana de Santiago";"LR";"Desierta (o art. 3 ó 9 Ley 19.886)";"BIP(30116442)SERVICIO DE CONSTRUCCIÓN CENTRO JUDICIAL DE VALLENAR";2024-08-09T14:45:00;2025-03-05T15:00:00;2025-04-02T20:00:00;;"CLP";0;0
4029-25-LE25;"SERVICIO ACERCAMIENTO TRASLADO ALUMNOS SECTOR BAJO";"ILUSTRE MUNICIPALIDAD DE CAMINA";"69.251.100-K";"Depto. De  Educación";"Arturo Prat S/N";"Camiña";"Región de Tarapacá  ";"LE";"Desierta (o art. 3 ó 9 Ley 19.886)";"Se requiere el servicio de acercamiento de traslado de alumnos del sector bajo de la comuna, a las escuelas de Francia, Moquella, Quistagama, jardines de Francia y jardín de Moquella";2025-03-25T17:20:34.75;2025-04-01T19:54:00;2025-04-02T19:55:00;10200000;"CLP";0;0
2175-6-L125;"CONVENIO DE PRECIOS DE COCTELERÍA PARA LA JURISDICCIÓN DE COPIAPÓ";"CORP ADMINISTRATIVA DEL PODER JUDICIAL";"60.301.001-9";"Corp. Adm. del Poder Judicial - Copiapó";"AVDA. 14 DE JULIO S/N";"Vallenar";"Región de Atacama ";"L1";"Desierta (o art. 3 ó 9 Ley 19.886)";"CONVENIO DE PRECIOS DE COCTELERÍA PARA LA JURISDICCIÓN DE COPIAPÓ";2025-03-03T17:45:41.553;2025-03-14T20:00:00;2025-04-02T19:50:00;;"CLF";0;0
1462-5-LE25;"MANTENCION PREVENTIVA Y CORRECTIVA VEHICULOS HOSPITAL HUALAÑE";"SERVICIO DE SALUD DEL MAULE HOSPITAL DE HUALANE";"61.606.906-3";"Hospital Hualañé";"Av Libertad N° 402";"Hualañé";"Región del Maule ";"LE";"Desierta (o art. 3 ó 9 Ley 19.886)";"Las presentes Bases de Licitación tienen por finalidad establecer los antecedentes, requerimientos y condiciones de contratación para la adquisición de ADQUISICION SERVICIO DE MANTENCIÓN PREVENTIVA Y CORRECTIVA DE VEHICULOS DE HOSPITAL HUALAÑE.";2025-03-11T16:27:00;2025-03-26T18:00:00;2025-04-02T18:00:00;;"CLP";0;0
1576-53-LR24;"CONTRATACIÓN DEL SERVICIO DE NORMALIZACIÓN DE SALA CUNA Y JARDÍN INFANTIL AYELÉN CONCEPCIÓN";"JUNTA NACIONAL DE JARDINES         INFANTILES";"70.072.600-2";"Junji - VIII Región";"O'HIGGINS PONIENTE Nº 77";"Concepción";"Región del Biobío ";"LR";"Desierta (o art. 3 ó 9 Ley 19.886)";"CONTRATACIÓN DEL SERVICIO DE NORMALIZACIÓN DE SALA CUNA Y JARDÍN INFANTIL AYELÉN, CONCEPCIÓN";2025-01-09T16:47:00;2025-02-17T15:30:00;2025-04-02T17:25:00;;"CLP";0;0
1909-5-LE25;"Adq transp y desc de 40 barreras hormigón";"MINISTERIO DE OBRAS PUBLICAS DIREC CION GRAL DE OO PP DCYF";"61.202.000-0";"Dirección de Vialidad - RM - Provincia de Cordillera";"Eyzaguirre 5335";"Puente Alto";"Región Metropolitana de Santiago";"LE";"Desierta (o art. 3 ó 9 Ley 19.886)";"Adquisición, transporte y descarga de 40 barreras de hormigón prefabricadas Camellón, para ser utilizadas en faenas de conservación en los distintos caminos de la Provincia de Cordillera, Región Metropolitana.";2025-03-19T11:32:56.84;2025-03-26T16:30:00;2025-04-02T17:51:59.853;;"CLP";0;0
2455-116-LQ24;"PUNTO LIMPIO ALBERTO LOSECO QUINTA NORMAL";"ILUSTRE MUNICIPALIDAD DE QUINTA NORMAL";"69.071.000-5";"SECRETARIA COMUNAL DE PLANIFICACIÓN";"Av. Carrascal 4447, Quinta Normal";"Quinta Normal";"Región Metropolitana de Santiago";"LQ";"Desierta (o art. 3 ó 9 Ley 19.886)";"El presente certamen licitatorio tiene por finalidad convocar a los interesados, para que presenten sus ofertas para el proyecto “PUNTO LIMPIO ALBERTO LOSECO, QUINTA NORMAL”. La obra y los servicios requeridos se encuentran descritos en las Especificaciones Técnicas de la presente propuesta.";2024-12-02T13:47:22.053;2024-12-27T09:00:00;2025-04-02T17:28:58.4;265467657;"CLP";0;0
1896-90-O124;"ASESORIA A IF, TERM. CGM QUINCHAO CURACO DE VELEZ ";"MINISTERIO DE OBRAS PUBLICAS DIREC CION GRAL DE OO PP DCYF";"61.202.000-0";"Dirección de Vialidad - X Región - Licitación de Obras";"Avda. Ohiggins 451, 4º Piso";"Puerto Montt";"Región de los Lagos ";"O1";"Desierta (o art. 3 ó 9 Ley 19.886)";"Este proyecto considera la contratación de los servicios de asesoría técnica y administrativa, para la inspección Fiscal, para llevar un mejor control de las Obras";2024-10-30T08:19:00;2025-02-24T15:00:00;2025-04-02T17:43:00;;"CLP";0;0
1623-2-LE25;"SUMINISTRO DE EXAMENES DE GASOMETRIA CON COMODATO";"SERVICIO DE SALUD HOSPITAL DE PEUMO";"61.602.142-7";"Hospital de Peumo";"San Juan de Dios 20";"Peumo";"Región del Libertador General Bernardo O´Higgins";"LE";"Desierta (o art. 3 ó 9 Ley 19.886)";"ADQUIRIR SUMINISTRO DE EXAMENES DE GASOMETRIA CON COMODATO DE EQUIPO";2025-03-14T13:07:49.373;2025-03-24T16:14:00;2025-04-02T17:23:52.973;;"CLP";0;0
1057438-5-LE25;"KINESIÓLOGO Y ENFEREMERA PARA PROGRAMA DE SALUD CARDIOVASCULAR";"SERVICIO DE SALUD COQUIMBO HOSPITAL VICUNA";"61.606.401-0";"Bienes y Servicios";"Prat N°591";"Vicuña";"Región de Coquimbo ";"LE";"Desierta (o art. 3 ó 9 Ley 19.886)";"El Hospital de Vicuña llama a Licitación Pública  para dar  cumplimiento al “Kinesiólogo y Enfermeras para Programa de Salud Cardiovascular”, para lo cual se requiere contratar prestadores de servicios profesionales de las áreas de Kinesiología y Enfermería.";2025-03-24T15:57:26.13;2025-04-01T15:00:00;2025-04-02T17:05:41.773;;"CLP";0;0
707415-1-LP25;"ADQUISICIÓN DE INSUMOS DE ASEO HIGIENE Y OTROS";"FUNDACION EDUCACIONAL PARA EL DESAROLLO INTEGRAL DE LA NIÑEZ";"70.574.900-0";"Regional Antofagasta";"Washington 2470";"Antofagasta";"Región de Antofagasta ";"LP";"Desierta (o art. 3 ó 9 Ley 19.886)";"Fundación Integra requiere la adquisición de insumos de aseo, higiene y elementos de protección para jardines infantiles de Fundación Integra de la Región de Antofagasta año 2025, de conformidad a lo señalado en las presentes bases administrativas y a las especificaciones indicadas en las bases técnicas respectivas.";2025-02-26T16:04:00;2025-03-10T15:01:00;2025-04-02T17:12:17.647;115000000;"CLP";0;0
4857-55-LE25;"Contrato Suministro Mat.Limpieza e Higie DAEM 2025";"I MUNICIPALIDAD DE TIRUA";"69.160.700-3";"Educación";"Avenida Costanera 080";"Tirúa";"Región del Biobío ";"LE";"Desierta (o art. 3 ó 9 Ley 19.886)";"Licitación Pública para Adquirir Contrato de Suministro de Material de Limpieza e Higiene para Establecimientos del DAEM Tirúa año 2025.  Postular de acuerdo a bases administrativas más todos sus anexos.";2025-03-04T13:35:00;2025-03-14T14:05:00;2025-04-02T17:04:24.623;;"CLP";0;0
1191380-27-LQ22;"PP. 481-2021 SERVICIO SALAS CUNA.";"I MUNICIPALIDAD VALDIVIA";"69.200.100-1";"SECPLAN-DAEM";"AVDA SIMPSON 563";"Valdivia";"Región de Los Ríos";"LQ";"Desierta (o art. 3 ó 9 Ley 19.886)";"PP. 481-2021, ADMINISTRACIÓN DEL SERVICIO PARA LA CONTRATACIÓN DE SALA CUNA PARA HIJOS E HIJAS DE FUNCIONARIAS DEL DEPARTAMENTO DE EDUCACION DE VALDIVIA";2022-03-11T16:44:00;2022-03-24T09:30:00;2025-04-02T17:00:00;230000000;"CLP";0;0
3604-18-LE25;"SERVICIO DE TRANSPORTE SALAS CUNA URBANAS";"I MUNICIPALIDAD DE MULCHEN";"69.170.501-3";"EDUCACION";"Villalón N° 555";"Mulchén";"Región del Biobío ";"LE";"Desierta (o art. 3 ó 9 Ley 19.886)";"SERVICIO DE TRANSPORTE ESCOLAR PARA SALA CUNA Y JARDIN INFANTIL: VILLA LA GRANJA, MI DESPERTAR, MI PEQUEÑO MUNDO Y VILLA REHUEN";2025-03-20T11:24:44.183;2025-03-26T13:05:00;2025-04-02T16:58:20.66;17000000;"CLP";0;0
3588-7-LE25;"CONVENIO DE SUMINISTROS CAMAS Y ROPA DE CAMAS";"I MUNICIPALIDAD DE YUNGAY";"69.141.500-7";"Direccion Administración y Finanzas";"ESMERALDA N°380";"Yungay";"Región del Ñuble";"LE";"Desierta (o art. 3 ó 9 Ley 19.886)";"CONVENIO DE SUMINISTROS CAMAS Y ROPA DE CAMAS";2025-02-18T09:38:14.46;2025-02-28T18:49:00;2025-04-02T16:13:35.25;;"CLP";0;0
548868-1-LE25;"Servicio de arriendo lancha motorizada";"INSTITUTO DE PREVISION SOCIAL";"61.979.440-0";"IPS Region de Los Lagos";"Almirante Riveros Nº 538";"Chaitén";"Región de los Lagos ";"LE";"Desierta (o art. 3 ó 9 Ley 19.886)";"Se requiere contratar el servicio de arriendo lancha motorizada para traslado de funcionarios a las distintas localidades de pago móviles del IPS de la provincia de Chiloé y Palena, región de Los Lagos.";2025-02-17T16:07:33.34;2025-03-03T15:30:00;2025-04-02T16:04:59.05;;"CLP";0;0
681563-39-LE24;"Servicio de medición y análisis de aceite ";"EMPRESA DE TRANSPORTE DE PASAJEROS METRO S A";"61.219.000-3";"Gerencia Abastecimiento y Contratos";"Avda. Libertador Bernardo O´Higgins 1414";"Santiago Centro";"Región Metropolitana de Santiago";"LE";"Desierta (o art. 3 ó 9 Ley 19.886)";"Servicio de medición y análisis de aceite dieléctrico de 2 transformadores de 40MVA; 11020KV y 2 interruptores 110KV";2024-12-02T10:43:00;2024-12-16T15:00:00;2025-04-02T15:53:20.76;;"CLF";0;0
2583-62-L125;"SP N° 88/Adquis. de herramientas /Transito y t/ptg";"I MUNICIPALIDAD DE MAIPU";"69.070.900-7";"I. MUNI  MAIPU  DEPARTAMENTO DE ADQUISICIONES";"CALLE EMILIANO LLONA N° 1874";"Maipú";"Región Metropolitana de Santiago";"L1";"Desierta (o art. 3 ó 9 Ley 19.886)";"Adquisición de herramientas para renovar y permitir realizar los trabajos de la unidad operativa entorno a la seguridad vial de la comuna.";2025-03-24T18:03:39.49;2025-03-31T15:13:00;2025-04-02T15:51:43.25;6000000;"CLP";0;0
3166-8-LE25;"ARTÍCULOS DE ESCRITORIO PLAN CONSUMO 2025";"DIRECCION DE ABASTECIMIENTO DE LA ARMADA";"61.102.027-9";"CENTRO DE ABASTECIMIENTO (M) (ADQ)";"AVENIDA MANUEL BULNES 5376";"Punta Arenas";"Región de Magallanes y de la Antártica";"LE";"Desierta (o art. 3 ó 9 Ley 19.886)";"Adquirir artículos de escritorio para relleno de existencias Almacén de consumos del Centro Abastecimiento (M.), objeto satisfacer requerimientos de unidades y reparticiones de la Tercera Zona Naval.";2025-03-18T10:37:14.84;2025-03-25T15:00:00;2025-04-02T15:49:49.92;25976500;"CLP";0;0
5268-35-O124;"CONSERVACIÓN CAMINO A CARRIEL NORTE, TALCAHUANO.";"MINISTERIO DE OBRAS PUBLICAS DIREC CION GRAL DE OO PP DCYF";"61.202.000-0";"Dirección de Vialidad - VIII Región - Licitación de Obras";"Arturo Prat Nº 501 5º Piso";"Concepción";"Región del Biobío ";"O1";"Desierta (o art. 3 ó 9 Ley 19.886)";"CONSERVACIÓN CAMINO A CARRIEL NORTE, TALCAHUANO.";2024-07-01T12:12:05.34;2024-07-23T09:00:00;2025-04-02T15:27:05.787;;"CLP";0;0
2920-2-LE25;"Mejoramiento Cementerio Comunal JF";"I MUNICIPALIDAD DE JUAN FERNANDEZ";"69.252.300-8";"I MUNICIPALIDAD DE JUAN FERNANDEZ";"Vicente González 210, Juan Fernández";"Juan Fernández";"Región de Valparaíso ";"LE";"Desierta (o art. 3 ó 9 Ley 19.886)";"Mejoramiento Cementerio Comunal , Poblado San Juan Bautista.";2025-01-29T10:23:05.633;2025-02-18T13:00:00;2025-04-02T15:00:00;;"CLP";0;0
744835-29-L125;"PETRÓLEO DIESEL  A GRANEL";"I MUNICIPALIDAD DE LO ESPEJO";"69.255.100-1";"Departamento de Adquisiciones";"Av. Cardenal Raúl Silva Henríquez N° 8321";"Lo Espejo";"Región Metropolitana de Santiago";"L1";"Desierta (o art. 3 ó 9 Ley 19.886)";"Solicitud de Materiales Nº 1100/45/018/018/2025 Dirección de Servicios Generales  Departamento de Servicios";2025-03-03T11:41:42.117;2025-03-10T15:16:00;2025-04-02T15:14:00;;"CLP";0;0
1697-2-LE25;"MANTENCIÓN PREVENTIVA Y CORRECTIVA DE IMPULSIÓN";"CORP ADMINISTRATIVA DEL PODER JUDICIAL";"60.301.001-9";"Corp. Adm. del Poder Judicial - Antofagasta";"Uribe 636 piso 14, Edificio Centro de Negocios Uribe";"Antofagasta";"Región de Antofagasta ";"LE";"Desierta (o art. 3 ó 9 Ley 19.886)";"PAC2693-8-PC25";2025-02-28T18:55:23.31;2025-03-12T16:00:00;2025-04-02T15:22:29.717;;"CLF";0;0
3983-11-L125;"SERVICIOS PROFESIONALES MÉDICOS CIRUJANOS PARA CONVENIO SAPU VERANO AÑO 2025";"I MUNICIPALIDAD DE PAREDONES";"69.090.900-6";"Salud";"Avda. Dr. Moore 15";"Paredones";"Región del Libertador General Bernardo O´Higgins";"L1";"Desierta (o art. 3 ó 9 Ley 19.886)";"SERVICIOS PROFESIONALES MÉDICOS CIRUJANOS PARA CONVENIO SAPU VERANO AÑO 2025";2025-03-14T15:26:35.96;2025-03-20T09:00:00;2025-04-02T15:16:50.603;;"CLP";0;0
1576-5-CO25;"SUMINISTRO DE SERVICIOS DE FLETES PARA TRASLADO DE MATERIALES Y MOBILIARIO DE LA JUNTA NACIONAL DE JARDINES INFANTILES REGION DEL BIOBIO";"JUNTA NACIONAL DE JARDINES         INFANTILES";"70.072.600-2";"Junji - VIII Región";"OHIGGINS PONIENTE 77, CONCEPCION";"Alto Bio Bio";"Región del Biobío ";"CO";"Desierta (o art. 3 ó 9 Ley 19.886)";"SUMINISTRO DE SERVICIOS DE FLETES PARA TRASLADO DE MATERIALES Y MOBILIARIO DE LA JUNTA NACIONAL DE JARDINES INFANTILES REGION DEL BIOBIO";2025-02-12T12:01:00;2025-02-26T15:30:00;2025-04-02T14:28:00;;"CLP";0;0
3983-10-LE25;"SERVICIOS PROFESIONALES MÉDICOS PARA EXTENSIÓN HORARIA CESFAM PAREDONES";"I MUNICIPALIDAD DE PAREDONES";"69.090.900-6";"Salud";"Avda. Dr. Moore 15";"Paredones";"Región del Libertador General Bernardo O´Higgins";"LE";"Desierta (o art. 3 ó 9 Ley 19.886)";"LA NECESIDAD DE ADQUIRIR SERVICIOS PROFESIONALES MÉDICOS PARA EXTENSIÓN HORARIA CESFAM PAREDONES";2025-03-14T15:30:16.2;2025-03-20T15:00:00;2025-04-02T15:15:02.81;;"CLP";0;0
3730-24-L125;"SERVICIOS DE ALARMA DEPENDENCIAS MUNICIPALES";"I MUNICIPALIDAD DE CHIMBARONGO";"69.090.300-8";"Adquisiciones  Obras";"JAVIERA CARRERA S/N BODEGA, RECINTO ESTADIO MUNICIPAL";"Chimbarongo";"Región del Libertador General Bernardo O´Higgins";"L1";"Desierta (o art. 3 ó 9 Ley 19.886)";"Se requiere Instalación, monitoreo de sistema de alarmas para nueve dependencias de la Municipalidad de Chimbarongo por el periodo de 36 meses, solicitado por Direccion Seguridad Publica.";2025-03-07T09:57:43.143;2025-03-12T14:03:00;2025-04-02T14:03:00;5900000;"CLP";0;0
3958-35-L125;"MONITORA DE FÚTBOL (MUJERES) PARA LICEO PABLO NERUDA";"I MUNICIPALIDAD DE NAVIDAD";"69.073.800-7";"Unidad de Educacion";"Juan Montes #693 Liceo Pablo Neruda";"Navidad";"Región del Libertador General Bernardo O´Higgins";"L1";"Desierta (o art. 3 ó 9 Ley 19.886)";"DAEM de la Ilustre Municipalidad de Navidad, requiere adquirir el servicio de Monitora de fútbol (mujeres) para taller en Liceo Pablo Neruda. Esta adquisición se encuentra en el Plan de Compras 2025 de la entidad. Para mayor detalle, ver documento  Licitación Simplificada .";2025-03-26T12:05:15.007;2025-03-31T15:00:00;2025-04-02T13:50:00;3000000;"CLP";0;0
2026-18-LE25;"Adquisicion Instrumental Odonto Examen Diagnostico HPMM";"SERVICIO SALUD VINA DEL MAR QUILLOTA";"61.606.600-5";"Servicio de Salud Viña del Mar - Quillota";"Calle Limache N° 1621 Viña del Mar";"Viña del Mar";"Región de Valparaíso ";"LE";"Desierta (o art. 3 ó 9 Ley 19.886)";"Adquisición mediante Gestión de Licitación de “Instrumental Odonto, Examen Diagnostico, Proyecto Cosntruccion Hospital Provincial Marga Marga”. debido a la necesidad de contratar las obras correspondientes al Proyecto del Servicio de Salud Viña del Mar-Quillota";2025-02-13T11:52:23.567;2025-03-05T17:00:00;2025-04-02T13:36:02.153;17800000;"CLP";0;0
948806-163-LQ24;"ADQUISICIÓN DE KIT DE PRÓTESIS DE CADERA HÍBRIDA EN MODALIDAD DE CONSIGNACIÓN DEFINITIVA POR SISTEMA DE SUMINISTRO PARA EL HOSPITAL DIPRECA ";"FONDO HOSPITAL DE LA DIRECCION DE PREVISION DE CARABINEROS DE CHILE";"61.513.003-6";"Unidad de Compra Insumos en Consignación";"";"";"Región Metropolitana de Santiago";"LQ";"Desierta (o art. 3 ó 9 Ley 19.886)";"El Hospital de la Dirección de Previsión de Carabineros de Chile, ubicado en Vital Apoquindo N°1.200, Comuna de las Condes, Región Metropolitana, en adelante “EL HOSPITAL”, llama a Licitación Pública para la Adquisición de Kit de Prótesis de Cadera Híbrida en Modalidad de Consignación Definitiva, por Sistema de Suministro, en adelante “LOS INSUMOS”, para un periodo de 36 meses o hasta que se consuma la totalidad del monto contratado, según lo que primero ocurra, para el referido Centro Asistencial, cuyas características y requisitos técnicos constan en las bases administrativas y técnicas de esta licitación con sus respectivos anexos.";2024-12-13T15:28:59.597;2024-12-23T16:00:00;2025-04-02T13:24:48.253;165000000;"CLP";0;0
1306643-1-L125;"Sala Cuna - beneficio funcionarias";"I.MUNICIPALIDAD DE CERRO NAVIA";"69.254.200-2";"SERVICIOS TRASPASADOS DEPARTAMENTO DE SALUD";"Del Consistorial , #6600";"Cerro Navia";"Región Metropolitana de Santiago";"L1";"Desierta (o art. 3 ó 9 Ley 19.886)";"la Ilustre Municipalidad de Cerro Navia necesita contratar el servicio de  Sala Cuna  para menores de 2 años, como parte del beneficio entregado a sus funcionario/as.";2025-02-25T09:56:02.67;2025-03-03T17:00:00;2025-04-02T13:21:00;3610000;"CLP";0;0
2059-2-L125;"Convenio Suministro Agua HPO ";"SERVICIO NACIONAL DE SALUD HOSPITAL DE PUERTO OCTAY";"61.602.261-k";"HOSPITAL DE PUERTO OCTAY";"Guillermo Buhler 1765";"Osorno";"Región de los Lagos ";"L1";"Desierta (o art. 3 ó 9 Ley 19.886)";"Convenio de suministro de botellones de agua 20 litros con comodato de dispensadores.";2025-03-26T17:30:54.203;2025-03-31T15:00:00;2025-04-02T13:21:00;5000000;"CLP";0;0
1245440-5-LE25;"SERVICIOS DE ASEO UE Y JARDINES VTF CMDS";"CORP MUNICIPAL DE DESARROLLO SOCIAL DE A";"71.102.600-2";"SERVICIOS GENERALES - DIRECC ADMIN Y FINANZAS";"AVENIDA ARGENTINA 1595 – II PISO";"Antofagasta";"Región de Antofagasta ";"LE";"Desierta (o art. 3 ó 9 Ley 19.886)";"La Corporación Municipal de Desarrollo Social de Antofagasta requiere contratar un servicio de aseo y limpieza en las unidades educativas y Jardines VTF con motivo del retorno a clases periodo 2025. El adjudicado debe considerar todos los recursos necesarios para ejecutar los servicios propios de este contrato como Personal, Herramientas y Útiles de aseo. Detalle: Servicios de Aseos en las unidades educativas y jardines VTF pertenecientes a CMDS Antofagasta, para sus instalaciones ubicadas que se indican a continuación en el ANEXO 6";2025-02-20T11:20:00;2025-02-27T13:00:00;2025-04-02T12:49:52.887;45000000;"CLP";0;0
1509-30-LE25;"ADQ. MAMOGRAFIAS ECOTOMOGRAFIAS Y PROYECCIONES";"SERVICIO DE SALUD METROPOLITANO NORTE HOSPITAL DE TIL TIL";"61.608.006-7";"Hospital Til - Til";"Daniel Moya  100";"Til Til";"Región Metropolitana de Santiago";"LE";"Desierta (o art. 3 ó 9 Ley 19.886)";"“ADQUISICION DE MAMOGRAFIAS, ECOTOMOGRAFIAS Y PROYECCIONES AÑO 2025-2026 PARA HOSPITAL DE TIL TIL";2025-02-25T12:43:07.48;2025-03-05T10:00:00;2025-04-02T12:39:35.23;;"CLP";0;0
948354-14-LP25;"ADQUISICIÓN DE LICENCIA DE CIBERSEGURIDAD CON ADMINISTRACIÓN Y SOPORTE PARA EL HOSPITAL DIPRECA ";"FONDO HOSPITAL DE LA DIRECCION DE PREVISION DE CARABINEROS DE CHILE";"61.513.003-6";"Unidad de Compra de Bienes y Servicios";"Avenida Vital Apoquindo N° 1200";"Las Condes";"Región Metropolitana de Santiago";"LP";"Desierta (o art. 3 ó 9 Ley 19.886)";"El Hospital de la Dirección de Previsión de Carabineros de Chile, ubicado en Vital Apoquindo N°1.200, Comuna de Las Condes, Región Metropolitana, en adelante “EL HOSPITAL”, llama a licitación pública para la Adquisición de Licencia de Ciberseguridad con Administración y Soporte, en adelante “EL BIEN” para el referido Centro Asistencial, cuyas características y requisitos técnicos constan en las Bases Administrativas y Técnicas de esta Licitación con sus respectivos anexos.";2025-02-18T17:07:00;2025-03-03T16:00:00;2025-04-02T12:37:29.85;116000000;"CLP";0;0
1803-3-LE25;"SERVICIO DE ATENCIÓN MÉDICA EN EL ÁREA DE TRAUMATOLOGIA PARA EL PROGRAMA DE SERVICIOS MÉDICOS AÑO 2025-2026 PARA LA REGIÓN DE LOS LAGOS";"JUNTA NACIONAL DE AUXILIO ESCOLAR Y BECA";"60.908.000-0";"Junaeb Región de Los Lagos";"Baquedano 281";"Puerto Montt";"Región de los Lagos ";"LE";"Desierta (o art. 3 ó 9 Ley 19.886)";"Contratar el Servicio de Atención Médica en el área de Traumatología, a realizarse en las comunas urbanas y rurales a nivel regional para los beneficiarios del Programa de Servicios Médicos de la Junta Nacional de Auxilio Escolar y Becas, para el año 2025-2026. Los servicios deberán prestarse por los profesionales que se indican en el subtítulo N°6.5 “Perfil de los profesionales”, los días, horas y lugares señalados en título N°7 “Lugares y horarios de atención”, los que deberán reunir las condiciones mínimas indicadas en el titulo N°6 “Características técnicas del servicio” de las bases técnicas. Las exigencias establecidas en las presentes bases son complementadas por las Normas Técnicas de las diferentes especialidades, las cuales se indican en el título 1 de estas bases técnicas las que deberán ser conocidas y aplicadas por los adjudicatarios en las atenciones a los beneficiarios del Programa de Servicios Médicos de JUNAEB.";2025-03-12T15:45:00;2025-03-26T15:00:00;2025-04-02T12:33:34.867;16200000;"CLP";0;0
5942-4-LQ25;"Suministro de insumos para laboratorio FARMAVET";"UNIVERSIDAD DE CHILE";"60.910.000-1";"FAC.CS.VETERINARIAS Lab. Farmacología Veterinaria";"Avda. Santa Rosa 11735";"La Pintana";"Región Metropolitana de Santiago";"LQ";"Desierta (o art. 3 ó 9 Ley 19.886)";"El Laboratorio de Farmacología de la Facultad de Ciencias Veterinarias y Pecuarias de la Universidad de Chile en adelante, FARMAVET, licita la contratación del suministro de insumos para laboratorio por un periodo de 12 meses o hasta el agotamiento de los recursos asignados, lo que primero ocurra, según las características que se han definido en las presentes bases administrativas, bases técnicas y anexos.";2025-02-14T12:39:34.86;2025-03-10T15:00:00;2025-04-02T12:24:57.37;250000000;"CLP";0;0
3335-30-LE25;"“CONVENIO SUMINISTRO FUMIGACIÓN Y DESRATIZACIÓN PARA ESTABLECIMIENTOS EDUCACIONALES D.A.E.M. JARDINES INFANTILES V.T.F. Y DEPARTAMENTO ADMINISTRATIVO DE EDUCACIÓN MUNICIPAL LA UNIÓN – AÑO 2025”.";"I MUNICIPALIDAD DE LA UNION";"69.200.800-6";"Departamento de Educación";"ARTURO PRAT N° 369";"La Unión";"Región de Los Ríos";"LE";"Desierta (o art. 3 ó 9 Ley 19.886)";"“CONVENIO SUMINISTRO FUMIGACIÓN Y DESRATIZACIÓN PARA ESTABLECIMIENTOS EDUCACIONALES D.A.E.M., JARDINES INFANTILES V.T.F. Y DEPARTAMENTO ADMINISTRATIVO DE EDUCACIÓN MUNICIPAL LA UNIÓN – AÑO 2025”.";2025-02-19T11:31:44.547;2025-02-27T10:52:00;2025-04-02T12:15:43.04;15000000;"CLP";0;0
1426038-3-LE25;"Adq. de artículos de oficina para Centros Salud";"Corporación Municipal de Desarrollo Social de Colina";"70.941.900-5";"CORPCOLINA SALUD";"Alpatacal N°0540";"Colina";"Región Metropolitana de Santiago";"LE";"Desierta (o art. 3 ó 9 Ley 19.886)";"Entregar a los distintos Establecimientos de Salud, un constante flujo de productos de oficina mensual que permitan un correcto funcionamiento de las distintas actividades que realiza la corporación a sus usuarios y comunidad en general.";2025-02-18T18:45:01.95;2025-02-28T19:00:00;2025-04-02T12:00:00;;"CLP";0;0
3958-30-L125;"Ruta 10D transporte escolar DAEM (abril, mayo y junio 2025)";"I MUNICIPALIDAD DE NAVIDAD";"69.073.800-7";"Unidad de Educacion";"Juan Montes #693 Liceo Pablo Neruda";"Navidad";"Región del Libertador General Bernardo O´Higgins";"L1";"Desierta (o art. 3 ó 9 Ley 19.886)";"Ruta 10D transporte escolar DAEM (abril, mayo y junio 2025) Para mayor detalle, ver documento  Licitación Simplificada";2025-03-24T19:54:12.82;2025-03-31T15:00:00;2025-04-02T10:27:00;1492260;"CLP";0;0
2924-6-LE25;"MEJORAMIENTO ESPACIO PUBLICO CALLE CHUNGUNGUITO CHAÑARAL ";"I MUNICIPALIDAD DE CHANARAL";"69.030.100-8";"SECPLAC";"Atacama 640";"Chañaral";"Región de Atacama ";"LE";"Desierta (o art. 3 ó 9 Ley 19.886)";"SE REQUIERE CONTRATAR LA EJECUCION DEL PROYECTO MEJORAMIENTO ESPACIO PUBLICO CALLE CHUNGUNGUITO, CHAÑARAL, SEGÚN ESPECIFICACIONES TECNICAS Y PLANIMETRIA ADJUNTA.";2025-02-06T13:05:29.91;2025-02-18T16:00:00;2025-04-02T10:53:54;56797196;"CLP";0;0
3015-1-LR25;"ADQUISICIÓN TAXIBUSES PARA TRASLADO DE ESTUDIANTES";"I MUNICIPALIDAD DE LA CRUZ";"69.060.200-8";"SECPLAC";"";"";"Región de Valparaíso ";"LR";"Desierta (o art. 3 ó 9 Ley 19.886)";"La presente Licitación tiene por objeto la adquisición de 3 taxibuses para el traslado de estudiantes de la comuna.";2025-01-07T10:50:01.37;2025-02-06T16:00:00;2025-04-02T11:39:33.897;644339000;"CLP";0;0
1057491-32-LP24;"SUMINISTRO DE APLICADORES Y CORCHETERAS DE PIEL";"SERVICIO DE SALUD ORIENTE HOSPITAL LUIS CALVO MACKENNA";"61.608.408-9";"Bienes y Servicios";"ANTONIO VARAS 360 (CENTRO DE DISTRIBUCIÓN)";"Providencia";"Región Metropolitana de Santiago";"LP";"Desierta (o art. 3 ó 9 Ley 19.886)";"LA ADQUISICIÓN, POR SISTEMA DE SUMINISTRO DE APLICADORES Y CORCHETERAS DE PIEL PARA PABELLONES QUIRURGICOS DEL HOSPITAL LUIS CALVO MACKENNA.";2024-03-06T20:31:00.17;2024-03-26T15:00:00;2025-04-02T10:50:36.93;108000000;"CLP";0;0
1057532-116-LP24;"“SERVICIO DE ALIMENTACIÓN PARA USUARIOS CDR ADULTO MAYOR KÜMELEN 2025";"SERVICIO DE SALUD OSORNO";"61.607.600-0";"Bienes y Servicios";"Av. Juan Mackenna N°825, Edificio Plaza Sur";"Osorno";"Región de los Lagos ";"LP";"Desierta (o art. 3 ó 9 Ley 19.886)";"El Objetivo de la adquisición de este Convenio del Servicio de Alimentación es para cubrir el año 2025 los días de lunes a viernes, el cual debe consistir en un Desayuno de mañana para 20 usuarios y un almuerzo para cada usuario distribuidos en 2 grupos para 20 beneficiarios (cantidad estimada) en diferentes horarios y el día viernes 20 desayunos durante la mañana y 20 almuerzos para cada semana, el cual consiste en la elaboración, entrega y servicio de alimentación para desayunos y almuerzos para adultos mayores con demencia.";2025-02-13T18:16:40.22;2025-03-05T15:00:00;2025-04-02T10:51:49.613;;"CLP";0;0
1690-1-LQ25;"LP-3040 SERVICIO DE ASEO PARA LAS OFICINAS SII SS";"SERVICIO DE IMPUESTOS INTERNOS DIRECCION";"60.803.000-k";"SII DR16 Dirección Regional Santiago Sur";"Ramón Subercaseaux 1273";"Santiago";"Región Metropolitana de Santiago";"LQ";"Desierta (o art. 3 ó 9 Ley 19.886)";"El objetivo de esta licitación es la contratación de los servicios de aseo general para las dependencias de la DIRECCIÓN REGIONAL METROPOLITANA SANTIAGO SUR DEL SERVICIO DE IMPUESTOS INTERNOS, la cual se compone de su sede regional y sus unidades de San Bernardo, Buin, La Florida, Control Carretero, por un periodo de 24 meses. Además de la eventual contratación de servicios adicionales y extraordinarios de aseo en otras oficinas dependientes de dicha Dirección, de acuerdo a las especificaciones que se indican en las Bases Técnicas.";2025-01-09T16:58:18.233;2025-01-29T16:00:00;2025-04-02T10:34:55.053;7585.2;"CLF";0;0
3958-28-L125;"Ruta 10B transporte escolar DAEM (abril, mayo y junio 2025)";"I MUNICIPALIDAD DE NAVIDAD";"69.073.800-7";"Unidad de Educacion";"Juan Montes #693 Liceo Pablo Neruda";"Navidad";"Región del Libertador General Bernardo O´Higgins";"L1";"Desierta (o art. 3 ó 9 Ley 19.886)";"Ruta 10B transporte escolar DAEM (abril, mayo y junio 2025). Más detalles de la ruta en documento  Licitación Simplificada";2025-03-24T19:53:54.787;2025-03-31T15:00:00;2025-04-02T10:05:00;1865325;"CLP";0;0
2793-1-CO25;"SERVICIOS DE TELEFONÍA MÓVIL E INTERNET MÓVIL";"Municipalidad de Huechuraba";"69.255.400-0";"Municipalidad de Huechuraba";"Premio Nóbel   5555";"Huechuraba";"Región Metropolitana de Santiago";"CO";"Desierta (o art. 3 ó 9 Ley 19.886)";"La Municipalidad de Huechuraba, requiere contratar los servicios de telefonía móvil e internet móvil para las áreas Municipal, Educación y Salud. Por lo cual se ha considerado mejorar los actuales servicios, permitiendo contar con servicios acordes a las necesidades de una administración moderna y así facilitar los diversos requerimientos de la comunidad en forma ágil y dinámica. El mejoramiento a considerar, implica a los servicios de telefonía móvil, internet móvil y banda ancha de internet móvil BAM.";2025-01-16T15:34:19.653;2025-01-28T11:00:00;2025-04-02T09:58:50.803;;"CLP";0;0
4429-10-L125;"SIST. AGENDAMIENTO Y REGISTRO CLINICO POR 36 MESES";"MUNICIPALIDAD DE HUALPEN";"69.264.400-k";"Dirección de Salud";"Avenida Colon 9878, Hualpen";"Hualpén";"Región del Biobío ";"L1";"Desierta (o art. 3 ó 9 Ley 19.886)";"SERVICIO DE ARRIENDO SISTEMA DE AGENDAMIENTO Y REGISTRO CLINICO, POR UN PERIODO DE 36 MESES.";2025-02-21T08:21:47.75;2025-02-27T15:00:00;2025-04-02T09:45:30.16;3600000;"CLP";0;0
3958-38-L125;"MONITOR/A DE BANDA PARA TALLER DE LICEO PABLO NERUDA";"I MUNICIPALIDAD DE NAVIDAD";"69.073.800-7";"Unidad de Educacion";"Juan Montes #693 Liceo Pablo Neruda";"Navidad";"Región del Libertador General Bernardo O´Higgins";"L1";"Desierta (o art. 3 ó 9 Ley 19.886)";"DAEM de la Ilustre Municipalidad de Navidad, requiere adquirir el servicio de Monitor/a de banda para taller en Liceo Pablo Neruda. Esta adquisición se encuentra en el Plan de Compras 2025 de la entidad.";2025-03-26T12:06:11.743;2025-03-31T15:00:00;2025-04-02T09:32:00;3000000;"CLP";0;0
924-9-H225;"Servicio de guardias y recepcionistas";"SUBSECRETARIA DE SALUD PUBLICA";"61.601.000-K";"Seremi Salud R.M.";"Av. Bulnes 177";"Santiago";"Región Metropolitana de Santiago";"H2";"Desierta (o art. 3 ó 9 Ley 19.886)";"Contratar los servicios de Guardias y Recepcionistas para las dependencias en las que funcionan los edificios institucionales (Seremi de Salud R.M.).";2025-03-06T11:28:33.277;2025-03-17T15:30:00;2025-04-02T09:19:05.263;324000000;"CLP";0;0
3958-37-L125;"MONITOR/A DE VÓLEIBOL PARA LICEO PABLO NERUDA";"I MUNICIPALIDAD DE NAVIDAD";"69.073.800-7";"Unidad de Educacion";"Juan Montes #693 Liceo Pablo Neruda";"Navidad";"Región del Libertador General Bernardo O´Higgins";"L1";"Desierta (o art. 3 ó 9 Ley 19.886)";"El proveedor deberá ejecutar el servicio a partir de abril de 2025, considerando la necesidad de cobertura de 6 horas semanales de taller, que se traduce en 230 horas para el año 2025. Para coordinar el inicio del servicio, escribir a liceonavidadpabloneruda@gmail.com con copia a Christopher.yeomans@muninavidad.cl, monica.olguin@muninavidad.cl y/o llamar al número 443579509, o bien, a los canales de comunicación que defina el municipio.";2025-03-26T12:05:33.403;2025-03-31T15:00:00;2025-04-02T09:07:00;3000000;"CLP";0;0
1643-142-LQ24;"SERVICIO DE AMBULANCIAS BÁSICAS";"SERVICIO NACIONAL DE SALUD HOSPITAL DE T";"61.602.122-2";"Hospital de Talagante";"Balmaceda 1458";"Talagante";"Región Metropolitana de Santiago";"LQ";"Desierta (o art. 3 ó 9 Ley 19.886)";"El Hospital de Talagante requiere la contratación del servicio de ambulancias básicas por un periodo de 12 meses.";2024-12-02T15:26:23.24;2024-12-13T17:00:00;2025-04-02T08:58:14.75;;"CLP";0;0
1398-7-LE25;"REPARACIÓN AMBULANCIA MERCEDES BENZ";"SERVICIO DE SALUD LIBERTADOR BDO OHIGGINS";"61.606.800-8";"Servicio de Salud Ohiggins";"Av. Bombero Villalobos 240.";"Rancagua";"Región del Libertador General Bernardo O´Higgins";"LE";"Desierta (o art. 3 ó 9 Ley 19.886)";"El Servicio de Salud O´Higgins, en adelante “El Servicio”, con la finalidad de contratar servicio de reparación para ambulancia Mercedes Benz Sprinter, es que mediante este acto e instrumento administrativo se viene en llamar a Licitación Pública.";2025-01-28T16:31:36.823;2025-02-07T12:12:00;2025-04-02T08:50:30.467;25000000;"CLP";0;0
1398-196-L124;"CURSO PARA CAPACITACIÓN FUNCIONARIOS PÚBLICOS";"SERVICIO DE SALUD LIBERTADOR BDO OHIGGINS";"61.606.800-8";"Servicio de Salud Ohiggins";"Por correo electrónico";"Las Condes";"Región Metropolitana de Santiago";"L1";"Desierta (o art. 3 ó 9 Ley 19.886)";"Los participantes a partir del estudio del marco jurídico vigente, su jurisprudencia más relevante, y las políticas de nuevo trato y buenas prácticas laborales propias del proceso modernizador del Estado, conozcan y comprendan el régimen de	deberes, derechos y responsabilidades, que el ejercicio de la Función Pública les impone con miras a garantizar el interés general.";2024-11-19T16:38:00;2024-11-25T19:34:00;2025-04-02T08:41:06.513;6000000;"CLP";0;0
2101-29-L125;"VAPORIZADOR PARA ASTROCOPIA";"HOSPITAL INTERCULTURAL KALLVU LLANKA.-";"61.602.213-k";"Hospital Cañete";"RUTA P-60R esquina RUTA P520";"Cañete";"Región del Biobío ";"L1";"Desierta (o art. 3 ó 9 Ley 19.886)";"VAPORIZADOR PARA ASTROCOPIA PARA UNIDAD DE PABELLON";2025-03-13T12:17:53.19;2025-03-18T20:05:00;2025-04-03T20:05:00;;"CLP";0;0
2591-40-LE25;"ADQ. DE UTILES DE ASEO PARA LIMPIEZA DE VEHÍCULOS";"ILUSTRE MUNICIPALIDAD DE POZO ALMONTE";"83.017.500-8";"IMUNI_POZOALMONTE  ADQUISICIONES";"BALMACEDA   276";"Pozo Almonte";"Región de Tarapacá  ";"LE";"Desierta (o art. 3 ó 9 Ley 19.886)";"SOLICITADO POR DIMAO, PAMELA CARRILLO, SEGUN SOLICITUD INTERNA N 291, CODIGO DE INTRANET N 2713, CERTIFICADO DE FACTIBILIDAD N 255, DECRETO DE PUBLICACION N 248-2025";2025-03-07T14:02:24.777;2025-03-17T17:32:00;2025-04-03T18:55:34.04;10000000;"CLP";0;0
4857-56-CO25;"Serv.Transporte escolar Esc.Eloisa Gon año 2025";"I MUNICIPALIDAD DE TIRUA";"69.160.700-3";"Educación";"Avenida Costanera 080";"Tirúa";"Región del Biobío ";"CO";"Desierta (o art. 3 ó 9 Ley 19.886)";"Licitación Pública para Adquirir Servicio de Transporte Escolar para alumnos de Esc.F866 Eloisa Gonzalez de la comuna de Tirúa año 2025.  Postular de acuerdo a bases administrativas más todos sus anexos.";2025-02-26T09:04:00;2025-03-03T15:50:00;2025-04-03T18:51:00;;"CLP";0;0
2591-35-LE25;"ADQ EQUIPAMIENTO DE PROTECCION PERSONAL PARA DIMAO";"ILUSTRE MUNICIPALIDAD DE POZO ALMONTE";"83.017.500-8";"IMUNI_POZOALMONTE  ADQUISICIONES";"BALMACEDA   276";"Pozo Almonte";"Región de Tarapacá  ";"LE";"Desierta (o art. 3 ó 9 Ley 19.886)";"SOLICITADO POR DIMAO, PAMELA CARRILLO, SEGUN SOLICITUD INTERNA N 236, CODIGO INTRANET N 2465, CERTIFICADO DE FACTIBILIDAD N 219, DECRETO DE PUBLICACION N 215 - 2025";2025-02-28T11:13:45.75;2025-03-10T15:00:00;2025-04-03T18:16:28.26;8000000;"CLP";0;0
2392-15-LE25;"CIERRE DE VERANO 2025 COMUNA PEDRO AGUIRRE CERDA";"I MUNICIPALIDAD PEDRO AGUIRRE CERDA";"69.254.900-7";"SECRETARIA DE PLANIFICACIÓN";"";"";"Región Metropolitana de Santiago";"LE";"Desierta (o art. 3 ó 9 Ley 19.886)";"contratar un servicio de producción de eventos para la realización de una actividad que marcará el cierre de la temporada de verano en la comuna.";2025-03-04T18:22:40.793;2025-03-14T14:00:00;2025-04-03T17:40:56.2;33000000;"CLP";0;0
621-148-LQ25;"SODIO BICARBONATO 23M SEMRIGBOL 250ML 1000020815";"CENTRAL DE ABASTECIMIENTO DEL SISTEMA NACIONAL DE SERVICIO DE SALUD";"61.608.700-2";"Compras del Giro 621";"Bodega Proveedor";"Santiago Centro";"Región Metropolitana de Santiago";"LQ";"Desierta (o art. 3 ó 9 Ley 19.886)";"BASES ADMINISTRATIVAS Y TÉCNICAS TIPO, POR LAS QUE SE REGIRÁN LOS PROCESOS DE LICITACIÓN PARA LA ADQUISICIÓN DE PRODUCTOS FARMACÉUTICOS, COSMÉTICOS, VACUNAS, INSUMOS, DISPOSITIVOS, Y/O ALIMENTOS DE USO MÉDICO, DESTINADO AL EJERCICIO DE ACCIONES DE SALUD";2025-02-14T11:55:45.22;2025-03-10T16:00:00;2025-04-03T17:59:37.227;222932210;"CLP";0;0
1001-1-LE25;"SERVICIO REPARACION SALA DE ENSAYE DEL LABORATORIO";"MINISTERIO DE OBRAS PUBLICAS DIREC CION GRAL DE OO PP DCYF";"61.202.000-0";"Dirección de Vialidad - IX Región - Dirección Regional";"Manuel Bulnes Nº 897, Piso 4º, Oficina Nº 404";"Temuco";"Región de la Araucanía ";"LE";"Desierta (o art. 3 ó 9 Ley 19.886)";"El MOP Dirección regional de Vialidad solicita ofertas para la contratación del “Servicio de Reparación sala de Ensayes del Laboratorio Regional, recinto fiscal de la comuna de Temuco, conforme a los requerimientos administrativos y técnicos descritos en las presentes Bases de Licitación.";2025-03-13T14:06:32.933;2025-03-24T15:00:00;2025-04-03T17:48:34.91;33395327;"CLP";0;0
1171166-8-LP25;"SERVICIO SALA CUNA PARA HIJOS DE FUNCIONARIOS DE SERVICIO LOCAL DE EDUCACIÓN PÚBLICA DE ATACAMA";"SERVICIO LOCAL DE EDUCACION PÚBLICA DE ATACAMA";"62.000.810-9";"P02 SLEP ATACAMA";"ESTABLECIMIENTO EDUCACIONAL";"Alto Del Carmen";"Región de Atacama ";"LP";"Desierta (o art. 3 ó 9 Ley 19.886)";"CONTAR CON UN SERVICIO SALA CUNA PARA HIJOS DE FUNCIONARIOS DE SERVICIO LOCAL DE EDUCACIÓN PÚBLICA DE ATACAMA";2025-01-22T15:05:39.93;2025-02-03T15:00:00;2025-04-03T17:48:35.927;;"CLP";0;0
5602-4-LE25;"SERVICIO DE ARRIENDO DE VEHICULOS";"SUBSECRETARIA DE SALUD PUBLICA";"61.601.000-K";"Seremi de Salud Arica y Parinacota";"Maipú Nº410";"Arica";"Región de Arica y Parinacota";"LE";"Desierta (o art. 3 ó 9 Ley 19.886)";"SERVICIO DE ARRIENDO DE VEHICULOS PARA USO EN LA SEREMI DE SALUD ARICA Y PARINACOTA. SOLICITUD N° 2025010056";2025-01-31T09:44:05.163;2025-02-12T15:00:00;2025-04-03T17:41:43.487;;"CLP";0;0
1003473-19-LE25;"CONTRATO DE SUMINISTRO DE TUBOS PARA ANÁLISIS DE COAGULACIÓN CON EQUIPO ASOCIADO PARA LA UNIDAD DE CARDIOLOGÍA DEL HOSPITAL SAN JUAN DE DIOS DE CURICÓ";"SERVICIO DE SALUD DEL MAULE HOSPITAL DE CURICO";"61.606.903-9";"INSUMOS CLINICOS";"CHACABUCO 121 CURICO";"Curicó";"Región del Maule ";"LE";"Desierta (o art. 3 ó 9 Ley 19.886)";"El Hospital San Juan de Dios de Curicó requiere suscribir un “CONTRATO DE SUMINISTRO DE TUBOS PARA ANÁLISIS DE COAGULACIÓN CON EQUIPO ASOCIADO PARA LA UNIDAD DE CARDIOLOGÍA DEL HOSPITAL SAN JUAN DE DIOS DE CURICÓ”, por un periodo de 24 meses o hasta agotar el presupuesto adjudicado, con todo si al término de los 24 meses aún queda presupuesto, se entenderá que el contrato se encuentra vigente hasta su completo consumo; con el objeto de garantizar seguridad en los procedimientos quirúrgicos, reducir el riesgo de complicaciones asociadas y contribuir a las prestaciones/complejidad de la cartera de servicios.";2025-02-14T12:06:37.59;2025-02-20T17:30:00;2025-04-03T18:00:00;15000000;"CLP";0;0
3880-212-L124;"MEJORAMIENTO SISTEMA ELECTRICO TEATRO MUNICIPAL";"I MUNICIPALIDAD DE MAULE";"69.110.900-3";"Municipalidad de Maule";"Balmaceda 350";"Maule";"Región del Maule ";"L1";"Desierta (o art. 3 ó 9 Ley 19.886)";"MEJORAMIENTO SISTEMA ELECTRICO TEATRO MUNICIPAL SEGUN TERMINOS DE REFERENCIAS Y ARCHIVOS ADJUNTOS";2024-12-16T17:45:55.567;2024-12-30T15:00:00;2025-04-03T17:40:10.39;2000000;"CLP";0;0
1057544-54-CO25;"Contratación de Servicios de Transporte en Ambulancia Aérea para el Traslado de Pacientes hacia o desde Hospitales o Clínicas del País";"SERVICIO DE SALUD DE TALCAHUANO HOSPITAL";"61.607.202-1";"Bienes y Servicios";"Alto Horno 777 - Higueras";"Talcahuano";"Región del Biobío ";"CO";"Desierta (o art. 3 ó 9 Ley 19.886)";"Se requiere contratar servicios de transporte en Ambulancia Aérea, para trasladar pacientes, desde Servicios/Unidades Clínicas del Hospital Las Higueras, que por su condición clínica deben ser derivados o rescatados desde otros Hospitales o Clínicas del País en ambulancia aérea. Lo anterior, con todo el equipamiento necesario, de acuerdo a lo señalado en las Especificaciones Técnicas adjuntas a las presentes bases, con las debidas autorizaciones sanitarias acreditadas por la autoridad competente y con el personal de su institución, que deben contar con la preparación técnica y acreditación correspondiente, otorgando seguridad de los servicios solicitados por la Unidad o Servicio clínico requirente de Hospital Las Higueras de Talcahuano, para lo cual se requiere:   	Ambulancia Aérea equipada para Pacientes Neonatología y/o Unidad Paciente Crítico Pediátrico, según Especificaciones Técnicas. 	Ambulancia Aérea equipada para Paciente Adulto, según Especificaciones Técnicas. 	Ambulancia Terrestre Avanzada, en ciudad de origen y destino, según Especificaciones Técnicas. 	Tripulación médica (Médico(s), Enfermera(s), Técnico Paramédico(s)), acreditados por la Superintendencia de Salud.";2025-02-27T10:39:15.08;2025-03-10T15:00:00;2025-04-03T17:30:00;;"CLP";0;0
229-15-LE25;"SUMINISTRO DE SERVICIO DE CAMIÓN ALJIBE PARA COMUNA DE COIHUECO 2025";"I MUNICIPALIDAD DE COIHUECO";"69.141.100-1";"Departamento de Administración y Finanzas";"Avda Arturo Prat 1675";"Coihueco";"Región del Ñuble";"LE";"Desierta (o art. 3 ó 9 Ley 19.886)";"Se requiere contratar un suministro de servicios de camión aljibe para el regado de distintos caminos de la comuna y el suministro de servicios de camión aljibe para apoyo en combate de incendios en la comuna de Coihueco";2025-02-05T16:01:12.283;2025-02-17T15:00:00;2025-04-03T17:26:38.707;12000000;"CLP";0;0
3958-40-L125;"Servicio de mantención de vehículos flota DAEM 2025";"I MUNICIPALIDAD DE NAVIDAD";"69.073.800-7";"Unidad de Educacion";"Juan Montes #693 Liceo Pablo Neruda";"Navidad";"Región del Libertador General Bernardo O´Higgins";"L1";"Desierta (o art. 3 ó 9 Ley 19.886)";"La Ilustre Municipalidad de Navidad (DAEM) requiere adquirir servicio de mantención de vehículos de flota DAEM año 2025. Esta licitación funciona como convenio de suministro, es decir, la utilización del monto disponible para realizar todas las mantenciones posibles durante el año.";2025-03-27T14:20:41.53;2025-04-01T23:23:00;2025-04-03T17:23:00;6000000;"CLP";0;0
2575-1-LE25;"SERVICIO DE ASEO OFICINA PROVINCIAL CONAF BIOBIO";"CORP NACIONAL FORESTAL";"61.313.000-4";"VIII Región - Provincial Bío-Bío";"Jose Manso de Velasco 275";"Los Angeles";"Región del Biobío ";"LE";"Desierta (o art. 3 ó 9 Ley 19.886)";"SERVICIO DE ASEO EN INSTALACIONES DE OFICINA PROVINCIAL CONAF BIOBIO, POR UN PERIODO DE 24 MESES ENTRE EL AÑO 2025-2026.";2025-03-14T19:11:53.583;2025-03-24T15:06:00;2025-04-03T17:22:51.407;20400000;"CLP";0;0
5040-5-LE25;"Implementación Centro Terapéutico Creciendo Juntos";"ILUSTRE MUNICIPALIDAD DE QUILLON";"69.141.400-0";"DIDECO";"18 DE SEPTIEMBRE 250";"Quillón";"Región del Ñuble";"LE";"Desierta (o art. 3 ó 9 Ley 19.886)";"La puesta en marcha del primer centro terapéutico en la comuna de Quillón, implementado oficinas y salas de atención a niños, niñas y adolescentes con diagnóstico confirmado de Trastorno del Espectro Autista.";2025-03-18T22:26:17.833;2025-03-24T15:30:00;2025-04-03T17:21:36.513;18000000;"CLP";0;0
3894-8-LE25;"ADQUISICIÓN DE VESTIMENTA FORESTAL 2025";"I MUNICIPALIDAD DE LAMPA";"69.071.400-0";"Secretaria de Planificación";"Baquedano 964";"Lampa";"Región Metropolitana de Santiago";"LE";"Desierta (o art. 3 ó 9 Ley 19.886)";"Adquisición de vestimenta para protección a funcionarios que están en terreno.";2025-03-10T14:07:20.313;2025-03-20T15:00:00;2025-04-03T17:11:28.583;9200000;"CLP";0;0
2098-20-LP25;"SERVICIOS DE CIRUGIAS TRAUMATOLOGICAS";"SERVICIO NACIONAL DE SALUD HOSPITAL DE C";"61.602.211-3";"Hospital Curanilahue";"";"";"Región del Biobío ";"LP";"Desierta (o art. 3 ó 9 Ley 19.886)";"Conforme a Ley de Compras Públicas Nº19.886, el reglamento, sus modificaciones y su modernización, el Hospital Dr. Rafael Avaria Valenzuela de Curanilahue a través del Departamento de Abastecimiento y Logística, invita a los oferentes, personas naturales o jurídicas y Uniones Temporales de Proveedores, a participar en la licitación pública para contar con una Empresa externa, que provea de bienes o servicios, para el Hospital de Curanilahue y la red del Servicio de Salud, determinado los requisitos administrativos mínimos para participar en la propuesta y garantizar con este mismo instrumento la calidad y entrega del servicio requerido. Las Bases Administrativas, Anexos y todas las contempladas en el ID 2098-20-LP25, establecen las condiciones que regirán la Licitación y el posterior convenio que se celebre para dar cumplimiento a este objeto.";2025-02-19T14:36:00;2025-03-11T15:31:00;2025-04-03T17:00:00;84892500;"CLP";0;0
3888-16-LE25;"CONTRATO SUMINISTRO MATERIAL PETREO";"Ilustre Municipalidad de San Juan de la Costa";"69.251.800-4";"Administración y Finanzas";"Av. Nueva Norte Sur S/N";"San Juan de La Costa";"Región de los Lagos ";"LE";"Desierta (o art. 3 ó 9 Ley 19.886)";"CONTRATO SUMINISTRO MATERIAL PETREO PARA MEJORAMIENTO CAMINOS VECINALES 2025";2025-03-20T16:57:00.37;2025-03-31T15:01:00;2025-04-03T17:00:00;18000000;"CLP";0;0
1233615-32-CO25;"Servicio Traslado materiales dentro de la region";"Servicio Local de Educación Pública Aysén";"61.980.950-5";"Servicio Local de Educación Pública Aysén";"José de Moraleda #437";"Coyhaique";"Región Aysén del General Carlos Ibáñez del Campo";"CO";"Desierta (o art. 3 ó 9 Ley 19.886)";"para servicios de traslado de materiales varios dentro de la region de aysen";2025-03-04T16:47:17.95;2025-03-14T17:00:00;2025-04-03T17:00:00;25339977;"CLP";0;0
1057490-7-LR25;"SS DE ASEO INTEGRAL Y MANT DE AREA VERDES";"Instituto de Neurocirugía";"61.608.407-0";"Bienes y Servicios";"Avda. José Manuel Infante 553";"Providencia";"Región Metropolitana de Santiago";"LR";"Desierta (o art. 3 ó 9 Ley 19.886)";"SS DE ASEO INTEGRAL Y MANT DE AREA VERDES";2025-02-24T11:22:13.62;2025-03-26T16:00:00;2025-04-03T16:57:33.41;;"CLP";0;0
579174-1-LE25;"SERVICIOS PROFESIONALES DE CONSULTORÍA PARA LA ACTUALIZACIÓN Y MEJORAS DE LOS CURSOS QUE SE IMPARTEN EN LAS MODALIDADES PRESENCIAL Y ONLINE";"SERVICIO NACIONAL DE GEOLOGIA Y MINERIA";"61.702.000-9";"Centro de Capacitacion";"Avda. Santa María Nº 0180";"Providencia";"Región Metropolitana de Santiago";"LE";"Desierta (o art. 3 ó 9 Ley 19.886)";"El Centro de Capacitación del SERNAGEOMIN, requiere la contratación de los servicios profesionales de consultoría para la actualización y mejoras de sus cursos, que se imparten en las modalidades presencial y online (sincrónico y asincrónico), respectivamente.";2025-02-27T09:47:05.417;2025-03-18T12:00:00;2025-04-03T16:54:37.483;14000000;"CLP";0;0
1464-45-R125;"COMFECCION PROTESIS DENTALES ACRILICAS Y METALICAS";"SERVICIO DE SALUD DEL MAULE HOSPITAL DE PARRAL";"61.606.918-7";"Hospital Parral";"ANIBAL PINTO 1255, PARRAL, ACCESO ORIENTE PORTON";"Cauquenes";"Región del Maule ";"LE";"Desierta (o art. 3 ó 9 Ley 19.886)";"“SERVICIO DE CONFECCION DE PROTESIS DENTALES REMOVIBLES ACRILICAS PARCIALES O TOTALES Y REMOVIBLES METALICAS AÑOS 2024- 2026 ”, para dar inicio a las prestaciones por Dr encargado de Rehabilitación Oral Removible en el hospital de Parral, por un periodo de 24 meses para el Hospital de Parral.";2024-07-03T16:00:40.043;2024-07-15T15:30:00;2025-04-03T16:43:38.03;;"CLP";0;0
3997-29-LP25;"BACHEO DE CALLES LOCALIDAD LORETO ALAMO COLTAUCO";"I MUNICIPALIDAD DE COLTAUCO";"69.080.700-9";"Administración Municipal";"Avda. República de Chile Nº451 Coltauco";"Coltauco";"Región del Libertador General Bernardo O´Higgins";"LP";"Desierta (o art. 3 ó 9 Ley 19.886)";"Consulta el servicio de reparación de baches en las localidades de Loreto y de la Población El Álamo de la comuna de Coltauco de acuerdo a EETT, Ppto detallado y ubicación en KMZ y planos.";2025-02-27T17:26:58.72;2025-03-21T10:04:00;2025-04-03T16:44:13.73;69271000;"CLP";0;0
5407-192-O124;"MEJORAMIENTO ESP PUBLICO MILLAARY, CONTULMO";"SERVICIO DE VIVIENDA Y URBANIZACION REGIÓN DEL BIO BIO";"61.820.004-3";"Departamento Técnico";"Prat 575 Concepción";"Concepción";"Región del Biobío ";"O1";"Desierta (o art. 3 ó 9 Ley 19.886)";"La presente licitación consiste en la construcción de las obras detalladas en las Especificaciones  Técnicas y Planos correspondientes al proyecto Conservación y mejoramiento Espacio Público  Millaray entre los Notros y Las Araucarias”, Comuna de Contulmo, debiéndose ejecutar de tal manera de minimizar los inconvenientes a los usuarios de las vías y habitantes del sector.";2024-11-20T11:55:09.103;2024-12-20T11:00:00;2025-04-03T16:37:19.363;;"CLP";0;0
895072-1-LE25;"Software Control de Gestión y Planificación";"SUBSECRETARIA DE EDUCACION PARVULARIA";"61.980.540-2";"Unidad de Compras";"Ahumada 48, piso 10";"Santiago";"Región Metropolitana de Santiago";"LE";"Desierta (o art. 3 ó 9 Ley 19.886)";"Se requiere la contratación del Servicio de Arriendo de Software de Control de Gestión y Planificación para la Subsecretaría de Educación Parvularia por un periodo de 24 meses.";2025-03-14T10:58:17.593;2025-03-24T17:00:00;2025-04-03T16:25:27.543;;"CLP";0;0
4057-4-LE25;"ADQUISICIÓN LEÑA PARA ESTABLECIMIENTOS MUNICIPALES DE LA COMUNA DE LONQUIMAY 2025";"I MUNICIPALIDAD DE LONQUIMAY";"69.181.100-k";"4057-Educacion";"Avda.L.B.O'Higgins 1365";"Lonquimay";"Región de la Araucanía ";"LE";"Desierta (o art. 3 ó 9 Ley 19.886)";"El objetivo de la presente licitación busca la adquisición de leña para los establecimientos educacionales dependientes del Departamento de Educación de la comuna de Lonquimay.";2025-03-20T15:49:36.09;2025-03-25T15:50:00;2025-04-03T16:17:00;;"CLP";0;0
1079694-4-LE25;"REPARACIÓN DE VEHICULOS POLICIALES";"DIRECCION DE LOGISTICA DE CARABINEROS";"60.505.523-0";"SECCIÓN COMPRAS ZONA DE CARABINEROS DE LOS RIOS";"BEAUCHEF N° 1025, VALDIVIA XIV";"Valdivia";"Región de Los Ríos";"LE";"Desierta (o art. 3 ó 9 Ley 19.886)";"El objetivo de la presente Licitación es efectuar la contratación de servicio de reparación de vehículos policiales de cargo de unidades y destacamentos dependientes de la Prefectura Valdivia N 23.-";2025-02-19T17:29:04.537;2025-03-03T15:09:00;2025-04-03T16:11:51.097;;"CLP";0;0
3390-7-LE25;"SERVICICIO DE ASEO PARA EL MHAMA";"COMANDO DE APOYO A LA FUERZA";"61.962.500-5";"Brigada Motorizada Nº 4 Rancagua - BRIMOT N 4";"Velasquez   1750";"Arica";"Región de Arica y Parinacota";"LE";"Desierta (o art. 3 ó 9 Ley 19.886)";"Contratar la prestación de los servicios de aseos, limpieza y mantención de las dependencias del Museo Histórico y de Armas del Morro de Arica, ubicado en la cima del Morro de Arica, Región de Arica y Parinacota, de acuerdo con las características y especificaciones técnicas que se detallan en Bases.";2025-02-20T15:56:13.5;2025-03-03T20:00:00;2025-04-03T15:59:05.613;;"CLP";0;0
1275930-8-LE25;"Servicios de suministro de traslados terrestres para actividades de la Corporación Cultural Municipal de Ovalle";"Corporación Cultural Municipal de Ovalle";"65.115.321-2";"Corporación Cultural Municipal de Ovalle";"independencia 479";"Ovalle";"Región de Coquimbo ";"LE";"Desierta (o art. 3 ó 9 Ley 19.886)";"Suministro de servicios de traslados terrestres para actividades culturales de la Corporación Cultural Municipal de Ovalle, según el programa de actividades corporativas.";2025-03-14T16:53:52.903;2025-03-20T15:30:00;2025-04-03T15:53:15.47;;"CLP";0;0
4375-298-LE24;"SUMINISTRO DE TANQUE DE GAS C3F8";"HOSPITAL GUILLERMO GRANT BENAVENTE DE CO";"61.602.189-3";"Abastecimiento General";"San Martín 1436 Concepcion";"Santiago";"Región del Biobío ";"LE";"Desierta (o art. 3 ó 9 Ley 19.886)";"EL HGBB REQUIERE CONTAR CON SUMINISTRO DE GAS C3F8 PARA PABELLON CMA SEGUN PAC ANUAL, POR UN PERIODO DE 24 MESES.";2025-01-23T16:06:46.9;2025-02-03T17:00:00;2025-04-03T15:52:20.6;;"CLP";0;0
923000-4-LP25;"CONTRATO DE SUMINISTRO TRANSPORTE ESCOLAR OLIVAR";"I MUNICIPALIDAD DE OLIVAR";"69.081.400-5";"Departamento de Educación Municipal";"PLAZA ESMERALDA S/N°, OLIVAR ALTO";"Olivar";"Región del Libertador General Bernardo O´Higgins";"LP";"Desierta (o art. 3 ó 9 Ley 19.886)";"De acuerdo a la necesidad de realizar contrato de SUMINISTRO DE TRANSPORTE  ESCOLAR para los alumnos de los Establecimientos educacionales de la Comuna, es que  el Departamento de Educacion de la Ilustre municipalidad de Olivar hace un llamado a los proveedores interesados a presentar sus ofertas a la presente Licitación Pública a través del Sistema de Compras y Contratación Pública, Chile Compra, en adelante Portal Mercado Público o www.mercadopublico.cl, con el propósito de la Licitación pública de “CONTRATO DE SUMINISTRO TRANSPORTE ESCOLAR PARA SALIDAS PEDAGOGICAS, RECREATIVAS Y MOTIVACIONALES AÑO ESCOLAR 2025”.  Con monto máximo proporcionado por el Municipio, y precio proporcionado por el oferente IVA incluido, sin reajustes, ni intereses, financiado con fondos de Ley SEP, pagados en la forma que se indica más adelante.";2025-03-20T12:49:22.41;2025-03-31T15:00:00;2025-04-03T15:47:26.093;68296000;"CLP";0;0
3889-11-L125;"Transporte escolar Lo Moscoso -San Fernando";"I MUNICIPALIDAD DE PLACILLA";"69.090.200-1";"I MUNICIPALIDAD DE PLACILLA";"Oscar Gajardo 2250";"Placilla";"Región del Libertador General Bernardo O´Higgins";"L1";"Desierta (o art. 3 ó 9 Ley 19.886)";"servicio de transporte para el traslado de estudiantes desde el sector Lo Moscoso, comuna de Placilla, hacia la comuna de San Fernando durante el periodo comprendido entre el 01 de abril hasta el 31 de agosto 2025, cubriendo tanto la enseñanza media como la educación superior. El servicio debe cubrir las rutas indicadas en las Bases Técnicas, respetando los horarios establecidos y asegurando la puntualidad en los recorridos.";2025-03-25T17:32:35.173;2025-03-31T18:21:00;2025-04-03T15:40:26.213;;"CLP";0;0
621-31-LR25;"KETAMINA 500 MG10 ML SOL. INY. FAM 1000020611";"CENTRAL DE ABASTECIMIENTO DEL SISTEMA NACIONAL DE SERVICIO DE SALUD";"61.608.700-2";"Compras del Giro 621";"Bodega Proveedor";"Santiago Centro";"Región Metropolitana de Santiago";"LR";"Desierta (o art. 3 ó 9 Ley 19.886)";"BASES ADMINISTRATIVAS Y TÉCNICAS TIPO, POR LAS QUE SE REGIRÁN LOS PROCESOS DE LICITACIÓN PARA LA ADQUISICIÓN DE PRODUCTOS FARMACÉUTICOS, COSMÉTICOS, VACUNAS, INSUMOS, DISPOSITIVOS, Y/O ALIMENTOS DE USO MÉDICO, DESTINADO AL EJERCICIO DE ACCIONES DE SALUD";2025-01-13T10:07:35.417;2025-02-14T16:00:00;2025-04-03T15:34:34.35;400429545;"CLP";0;0
1993-1-LE25;"Curso Mantención de la Competencia Lingüística del idioma inglés";"DIRECCION GENERAL DE AERONAUTICA CIVIL";"61.104.000-8";"UNIDAD DE COMPRA INSTRUCCIÓN";"MIGUEL CLARO 1314";"Alhué";"Región Metropolitana de Santiago";"LE";"Desierta (o art. 3 ó 9 Ley 19.886)";"Curso Mantención de la Competencia Lingüística del idioma inglés para Controladores de Transito Aéreo, año 2025 dirigido para 185 funcionarios de la Dirección General de Aeronautica Civil.";2025-03-11T15:22:00.703;2025-03-21T09:00:00;2025-04-03T15:31:12.06;24800000;"CLP";0;0
1028-6-L125;"Polvo de Roca San Antonio";"MINISTERIO DE OBRAS PUBLICAS DIREC CION GRAL DE OO PP DCYF";"61.202.000-0";"Dirección de Vialidad - V Región - Dirección Regional";"Cochrane 751";"Valparaíso";"Región de Valparaíso ";"L1";"Desierta (o art. 3 ó 9 Ley 19.886)";"Árido Para lechada asfáltica , banda granulométrica B-1 o banda Achupallas II (polvo de roca)";2025-03-13T08:26:03.15;2025-03-20T18:39:00;2025-04-03T15:10:36.973;5000000;"CLP";0;0
1057501-299-LR24;"SERVICIO DE MOVILIZACIÓN CASR";"COMPLEJO ASISTENCIAL DR. SOTERO DEL RIO";"61.608.502-6";"COMPLEJO ASISTENCIAL DR. SOTERO DEL RIO";"Avenida Melchor  Concha y Toro 3459, Puente Alto";"Puente Alto";"Región Metropolitana de Santiago";"LR";"Desierta (o art. 3 ó 9 Ley 19.886)";"El objetivo de este proceso de licitación es contratar los servicios de movilización y traslado para el CASR, considerando el arriendo de vehículos motorizados, con conductor; licencia de conducir clase A2 para Mini Buses Van y B para de automóviles; y todo gasto que origine para el óptimo funcionamiento del servicio Mantención preventiva o correctiva, infracciones de tránsito, peajes, etc.";2024-10-29T13:26:17.447;2024-11-28T17:00:00;2025-04-03T13:55:50.29;;"CLP";0;0
1057548-3-E225;"ARRIENDO DE CONTENEDORES";"SERVICIO DE SALUD VALDIVIA HOSPITAL LA U";"61.607.503-9";"Bienes y Servicios";"Bienes y Servicios";"La Unión";"Región de Los Ríos";"E2";"Desierta (o art. 3 ó 9 Ley 19.886)";"El Hospital de la Unión invita a personas naturales o jurídicas que cumplan con los requisitos establecidos en las presentes Bases a ofertar en su licitación pública “CONTRATACION DE SERVICIOS DE ARRIENDO DE CONTENEDORES DE ALMACENAMIENTO PARA OFICINA, SALA DE REUNIONES Y BAÑOS EN HOSPITAL DE LA UNION” cuyas especificaciones técnicas se detallan en las Bases Técnicas de la presente propuesta pública.";2025-02-17T15:08:40.453;2025-02-27T09:00:00;2025-04-03T14:59:32.823;;"CLP";0;0
2157-248-LE24;"SUMINISTRO PROTESIS TRAPECIO-METACARPIANA";"SERVICIO NAC DE SALUD HOSPITAL TRAUMATOLOGICO";"61.602.295-4";"2157 Licitaciones HTC - ADM PRINCIPAL";"San Martin 1580";"Concepción";"Región del Biobío ";"LE";"Desierta (o art. 3 ó 9 Ley 19.886)";"SE REQUIERE LA COMPRA DE UNA PROTESIS DEL EQUIPO DE EXTREMIDAD SUPERIOR PARA CUBRIR LAS NECESIDADES DE REPARACION DE LOS HUESOS METACARPIANOS";2025-02-20T10:05:34.79;2025-03-03T17:04:00;2025-04-03T13:50:09.62;;"CLP";0;0
621-24-LR25;"LATANOPTIMOLOL 50MCG5MGML FRA25 A5ML 1000020466";"CENTRAL DE ABASTECIMIENTO DEL SISTEMA NACIONAL DE SERVICIO DE SALUD";"61.608.700-2";"Compras del Giro 621";"Bodega Proveedor";"Santiago Centro";"Región Metropolitana de Santiago";"LR";"Desierta (o art. 3 ó 9 Ley 19.886)";"BASES ADMINISTRATIVAS Y TÉCNICAS TIPO, POR LAS QUE SE REGIRÁN LOS PROCESOS DE LICITACIÓN PARA LA ADQUISICIÓN DE PRODUCTOS FARMACÉUTICOS, COSMÉTICOS, VACUNAS, INSUMOS, DISPOSITIVOS, Y/O ALIMENTOS DE USO MÉDICO, DESTINADO AL EJERCICIO DE ACCIONES DE SALUD";2025-01-08T14:38:00.527;2025-02-11T16:00:00;2025-04-03T14:17:21.017;2144649447;"CLP";0;0
2709-9-LE25;"ADQUISICION DE CAJAS DE ALIMENTOS - DPTO SOCIAL";"MUNICIPALIDAD DE OVALLE";"69.040.700-0";"Municipalidad de Ovalle - Secplan";"Vicuña Mackenna  441";"Ovalle";"Región de Coquimbo ";"LE";"Desierta (o art. 3 ó 9 Ley 19.886)";"ADQUISICION DE CAJAS DE ALIMENTOS - DPTO SOCIAL";2025-02-04T10:17:00;2025-02-14T14:00:00;2025-04-03T13:49:28.41;38500000;"CLP";0;0
4164-7-LP25;"“SUMINISTRO DE TRASLADOS TRAMO A Y B 2025”";"I MUNICIPALIDAD DE DONIHUE";"69.080.600-2";"Municipalidad";"Av. Estación N°344 - [Municipalidad de Doñihue]";"Doñihue";"Región del Libertador General Bernardo O´Higgins";"LP";"Desierta (o art. 3 ó 9 Ley 19.886)";"La Municipalidad de Doñihue llama a la presente licitación con el objeto de contar con el “SUMINISTRO DE TRASLADOS TRAMO A Y B 2025”, lo que tiene por objetivo cubrir la necesidad de realizar traslados de pacientes a los distintos puntos de diálisis y controles de Salud.";2025-03-14T13:47:29.36;2025-03-24T15:30:00;2025-04-03T13:31:39.63;;"CLP";0;0
3668-6-LE25;"“MEJORAMIENTO PLATABANDA CESFAM CALERA” CÓDIGO SUBDERE 1-B-2024-358";"I MUNICIPALIDAD DE CALERA DE TANGO";"69.072.800-1";"Secretaria De Planificacion";"Av. Calera de Tango 345";"Calera De Tango";"Región Metropolitana de Santiago";"LE";"Desierta (o art. 3 ó 9 Ley 19.886)";"“MEJORAMIENTO PLATABANDA CESFAM CALERA”, CÓDIGO SUBDERE 1-B-2024-358";2025-02-06T12:42:58.883;2025-03-17T15:30:00;2025-04-03T13:09:53.34;;"CLP";0;0
1287766-1-LE25;"SEGURO COLECTIVO DE SALUD COMPLEMENTARIO";"Corporación Municipal de Deportes de Ñuñoa";"65.199.980-4";"Corporación Municipal de Deportes de Ñuñoa";"Juan Moya Morales 1370";"Ñuñoa";"Región Metropolitana de Santiago";"LE";"Desierta (o art. 3 ó 9 Ley 19.886)";"SEGUN RESOLUCIÓN ADJUNTA";2025-02-21T16:17:51.497;2025-03-11T13:00:00;2025-04-03T13:00:00;26000000;"CLP";0;0
4406-9-LE25;"Sum. Alimentos y otros Programas Municipales";"Ilustre Municipalidad de Lumaco";"69.180.800-9";"Adquisiciones";"Arturo Prat 506";"Lumaco";"Región de la Araucanía ";"LE";"Desierta (o art. 3 ó 9 Ley 19.886)";"Suministro de alimentos, materiales de aseo y otros para programas municipales y extrapresupuestarios de la municipalidad de Lumaco, según bases administrativas y anexos adjuntos, S.C.M. N° 13761.-";2025-03-04T12:37:00;2025-03-14T14:00:00;2025-04-03T12:56:19.203;52183959;"CLP";0;0
5195-6-LE25;"CONTRATO SUMINISTRO PARA REPUESTO DE VEHÍCULOS BOE";"COMANDO DE APOYO A LA FUERZA";"65.743.680-1";"Brigada de Operaciones Especiales - BOE";"Autopista Los Libertadores KM 28,6";"Colina";"Región Metropolitana de Santiago";"LE";"Desierta (o art. 3 ó 9 Ley 19.886)";"CONTRATO DE SUMINISTROS PARA REPUESTOS DE VEHICULOS ADMINISTRATIVOS DE LA BOE";2025-03-13T14:06:14.977;2025-03-24T18:30:00;2025-04-03T12:28:13.513;65000000;"CLP";0;0
4284-44-L125;"Adquisición de señalética de tránsito para trabajos en ruta y acceso al pozo de áridos";"I MUNICIPALIDAD DE CUNCO";"69.191.000-8";"Municipalidad de Cunco";"Pedro Aguirre Cerda Nº 600";"Cunco";"Región de la Araucanía ";"L1";"Desierta (o art. 3 ó 9 Ley 19.886)";"Adquisición de señalética de tránsito para trabajos en ruta y acceso al pozo de áridos, según bases adjuntas numeral 1.2 detalle de bien a licitar";2025-03-20T12:29:00;2025-03-26T16:00:00;2025-04-03T11:53:05.567;2300000;"CLP";0;0
2080-35-LE25;"SERV. DE MANTENIMIENTO DE EXTINTORES PARA EL HDFRZ";"SERVICIO DE SALUD DEL LIBERTADOR B O'HIGGINS HOSPITAL REG RANCAGUA";"61.602.138-9";"Hospital Regional Rancagua - HRR";"Avenida Salvador Allende Nº 350";"Rancagua";"Región del Libertador General Bernardo O´Higgins";"LE";"Desierta (o art. 3 ó 9 Ley 19.886)";"Con el objeto de cumplir con su fin asistencial el Hospital, Establecimiento Autogestionado en Red, y acorde a la naturaleza de las prestaciones otorgadas por este a sus beneficiarios, se requiere una oportuna e inmediata resolución de las atenciones, que no pueden ser diferidas en el tiempo, lo que nos compromete a disponer de los servicios necesarios para responder adecuadamente a la demanda asistencial.";2025-02-14T18:14:32.993;2025-02-25T09:00:00;2025-04-03T11:40:14.53;;"CLP";0;0
1126920-10-LE25;"Software Conciliación Bancaria SLEP Colchagua";"SERVICIO LOCAL DE EDUCACION PUBLICA DE COLCHAGUA";"62.000.790-0";"UNIDAD DE ADQUISICIONES";"Casa Central SLEP - Chillán N°894, San Fernando";"San Fernando";"Región del Libertador General Bernardo O´Higgins";"LE";"Desierta (o art. 3 ó 9 Ley 19.886)";"ADQUISICIÓN DE SISTEMA DE CONCILIACIONES BANCARIAS PARA EL SERVICIO LOCAL DE EDUCACIÓN PÚBLICA DE COLCHAGUA";2025-01-23T16:00:49.72;2025-02-07T15:30:00;2025-04-03T11:30:53.633;;"CLP";0;0
4284-37-L125;"Adquisición de insumos informáticos para comunicaciones e informática";"I MUNICIPALIDAD DE CUNCO";"69.191.000-8";"Municipalidad de Cunco";"Pedro Aguirre Cerda Nº 600";"Cunco";"Región de la Araucanía ";"L1";"Desierta (o art. 3 ó 9 Ley 19.886)";"Adquisición de insumos informáticos para comunicaciones e informática, según bases adjuntas numeral 1.2 detalle de bien a licitar";2025-03-19T13:43:10.807;2025-03-25T15:30:00;2025-04-03T11:29:13.563;4100000;"CLP";0;0
3949-6-CO25;"SERVICIO DE MANTENCIÓN PREVENTIVA FULL PARA AUTOCL";"CONSULTORIO GENERAL URBANO DR ALEJANDRO GUTIERREZ";"61.974.500-0";"ID 3949 - CESFAM Dr Alejandro Gutiérrez";"BILBAO ESQUINA MACKENNA SIN NÚMERO";"Coyhaique";"Región Aysén del General Carlos Ibáñez del Campo";"CO";"Desierta (o art. 3 ó 9 Ley 19.886)";"a. Debido a la necesidad de contar con el servicio de mantención preventiva completa del equipo autoclave Matachanna SC500E en el CESFAM Dr. Alejandro Gutiérrez, es fundamental asegurar que dicho equipo esté en óptimas condiciones de funcionamiento. El autoclave es esencial para garantizar la esterilización adecuada de los materiales contaminados, como instrumentos médicos, que pueden haber estado en contacto con sangre yo fluidos corporales, entre otros. Esto es crucial para cumplir con la normativa vigente en el ámbito de la salud, que exige que los equipos utilizados para la esterilización de materiales cumplan con altos estándares de eficacia. La mantención regular y preventiva del autoclave garantiza la remoción total de materia orgánica e inorgánica de los artículos, lo que asegura un entorno seguro y libre de riesgos para los pacientes y el personal del establecimiento, alineándose con las normativas de control de infecciones y buenas prácticas en servicios de salud";2025-02-24T15:54:00.43;2025-03-05T15:01:00;2025-04-03T11:25:19.387;8000000;"CLP";0;0
1057419-16-LE25;"Servicio de mantención equipos de esterilización";"SERVICIO DE SALUD BIO BIO HOSPITAL SANTA BARBARA";"61.607.304-4";"Bienes y Servicios";"Salamanca S/N";"Santa Bárbara";"Región del Biobío ";"LE";"Desierta (o art. 3 ó 9 Ley 19.886)";"Mediante la presente, se pretende proveer el abastecimiento mediante Convenio de suministros del servicio de mantención preventiva y reparativa para los equipos de esterilización del Hospital de la Familia y la comunidad de Santa Bárbara, según Solicitud de Adquisición N° 45.975, emitida por la Unidad de Esterilización, por el periodo de 30 meses.";2025-03-17T10:19:23.007;2025-03-24T15:50:00;2025-04-03T11:24:47.327;;"CLP";0;0
540362-22-LQ24;"HERRAMIENTAS PARA BOMBEROS DE CHILE";"JUNTA NACIONAL DE CUERPOS DE BOMBEROS DE CHILE";"70.073.800-0";"JUNTA NACIONAL DE CUERPOS DE BOMBEROS DE CHILE";"Avenida Bustamante 86";"Providencia";"Región Metropolitana de Santiago";"LQ";"Desierta (o art. 3 ó 9 Ley 19.886)";"SUSCRIPCIÓN DE UN CONTRATO MARCO PARA EL SUMINISTRO DE HERRAMIENTAS PARA BOMBEROS DE CHILE";2024-12-13T17:30:00;2025-03-11T14:00:00;2025-04-03T11:11:00;;"CLP";0;0
1057419-11-LE25;"Prestaciones de apoyo clínico";"SERVICIO DE SALUD BIO BIO HOSPITAL SANTA BARBARA";"61.607.304-4";"Bienes y Servicios";"Salamanca S/N";"Santa Bárbara";"Región del Biobío ";"LE";"Desierta (o art. 3 ó 9 Ley 19.886)";"Mediante la presente, se pretende proveer el abastecimiento de prestaciones de apoyo, para el Hospital de la Familia y la comunidad de Santa Bárbara, según Solicitud de Adquisición N° 45.208, emitida por la Unidad de Enfermería.";2025-03-11T09:35:52.2;2025-03-17T15:44:00;2025-04-03T11:24:38.377;;"CLP";0;0
548874-163-LR24;"SERVICIO DE HABILITADORES DIGITALES 24 MESES";"INSTITUTO DE PREVISION SOCIAL";"61.979.440-0";"IPS Oficina Central de Compras";"Compañía 1339";"Santiago";"Región Metropolitana de Santiago";"LR";"Desierta (o art. 3 ó 9 Ley 19.886)";"E1O2RT9-SERVICIO DE HABILITADORES DIGITALES 24 MESES";2024-11-12T11:05:48.06;2024-12-18T15:30:00;2025-04-03T10:55:48.68;;"CLP";0;0
4629-10-LE25;"ADQUISICIÓN AUDÍFONOS - DAU DT";"DIRECCION DEL TRABAJO";"61.502.000-1";"Nivel Central Santiago";"AGUSTINAS 1253, SANTIAGO, 6°piso DAF";"Santiago";"Región Metropolitana de Santiago";"LE";"Desierta (o art. 3 ó 9 Ley 19.886)";"Adquisición de 35 Audífonos para Asistentes Laborales de la Unidad Canal de Atención Telefónico del Departamento de Atención de Usuarios de la Dirección del Trabajo";2025-02-24T12:24:40.477;2025-03-07T14:00:00;2025-04-03T10:53:49.25;8749999;"CLP";0;0
1160-6-LE24;"8100 Ss de alarma y monitoreo SAG Biobío E1O2RT9";"SERVICIO AGRICOLA Y GANADERO";"61.308.000-7";"SAG - Bio Bio";"Francisco Bilbao 931, 3er piso";"Temuco";"Región del Biobío ";"LE";"Desierta (o art. 3 ó 9 Ley 19.886)";"Instalar y monitorear Sistema de alarmas en oficinas del Servicio Agrícola y Ganadero, detalladas en bases Técnicas.";2025-03-14T15:23:48.82;2025-03-24T15:00:00;2025-04-03T10:25:48.133;7000000;"CLF";0;0
4086-13-LE25;"ADQUISICIÓN PAVIMENTO DE CAUCHO";"I MUNICIPALIDAD DE MAULLIN";"69.220.500-6";"Administracion y Finanzas";"Bernardo O'Higgins  641";"Maullín";"Región de los Lagos ";"LE";"Desierta (o art. 3 ó 9 Ley 19.886)";"ADQUISICIÓN DE 283 M2 DE PAVIMENTO DE CAUCHO SEGÚN ESPECIFICACIÓN TÉCNICA, ANEXOS Y BASES ADJUNTAS. PARA PROYECTO MEJORAMIENTO PLAZA SAN JAVIER.";2025-02-12T11:59:05.35;2025-02-20T09:00:00;2025-04-03T10:21:25.297;30309300;"CLP";0;0
3706-25-LE25;"2DO LLAMADO C.S FERRETERIA";"I MUNICIPALIDAD DE SAN IGNACIO";"69.141.300-4";"Adquisiciones";"MANUEL JESUS ORTIZ 599";"San Ignacio";"Región del Ñuble";"LE";"Desierta (o art. 3 ó 9 Ley 19.886)";"El objetivo de esta licitación pública es la contratación para la adquisición de diversos productos que serán utilizados para las reparaciones de bienes e inmuebles municipales, según requerimientos y necesidades, que se encuentran detallados en el formulario Itemizado adjunto a esta licitación pública.";2025-03-11T15:47:17.967;2025-03-20T16:00:00;2025-04-03T10:06:21.23;;"CLP";0;0
3016-21-LE25;"Servicios Personales Especializados Para el Departamento de Administración y Finanzas del Áreas de Gestión Educación y Salud de la Ilustre Municipalidad De Lolol";"I MUNICIPALIDAD DE LOLOL";"69.090.500-0";"ADQUISICIONES";"LOS AROMOS  85";"Lolol";"Región del Libertador General Bernardo O´Higgins";"LE";"Desierta (o art. 3 ó 9 Ley 19.886)";"Contar con Servicios Personales Especializados Para el Departamento de Administración y Finanzas del Áreas de Gestión, Educación y Salud de la Ilustre Municipalidad De Lolol";2025-03-20T13:47:51.843;2025-03-26T18:01:00;2025-04-03T09:44:43.95;;"CLP";0;0
1743-17-LE25;"ESPACIO RADIAL";"I MUNICIPALIDAD DE LITUECHE";"69.091.100-0";"I MUNICIPALIDAD DE LITUECHE";"Cardenal Caro 796";"Litueche";"Región del Libertador General Bernardo O´Higgins";"LE";"Desierta (o art. 3 ó 9 Ley 19.886)";"Contratación servicio espacio radial Municipalidad de Litueche";2025-03-07T14:53:45.81;2025-03-13T17:28:00;2025-04-03T08:42:05.28;8000000;"CLP";0;0
2659-66-L125;"PTR N°177 - ADQUISICION DE CONTENEDORES DE COLILLAS DE CIGARRO Y GESTION COMPLETA DE COLILLAS";"I MUNICIPALIDAD DE VITACURA";"69.255.600-3";"ADQUISICIONES";"Avenida Bicentenario Nº 3.800.Giro: Servicio Público.";"Vitacura";"Región Metropolitana de Santiago";"L1";"Desierta (o art. 3 ó 9 Ley 19.886)";"ADQUISICION DE CONTENEDORES DE COLILLAS DE CIGARRO Y GESTION COMPLETA DE COLILLAS. VER MAS DETALLE DE LO REQUERIDO EN BASES DE LICITACION EN ARCHIVO ADJUNTO.";2025-03-11T11:21:19.21;2025-03-18T11:00:00;2025-04-04T20:00:00;;"CLP";0;0
1410-11-LE25;"DIRECCION REGIONAL ASESORIA AIFO AÑO 2025";"DIRECCION GENERAL DE GENDARMERIA DE CHIL";"61.004.007-1";"Región de Antofagasta";"Latorre N°1799";"Calama";"Región de Antofagasta ";"LE";"Desierta (o art. 3 ó 9 Ley 19.886)";"Asesoría a la Inspección Fiscal de Obras AIFO, asociado a la ejecución del proyecto denominado “Habilitación CPF Antofagasta ex CCP”, a cargo de la Dirección Regional de Antofagasta de Gendarmería de Chile.";2025-03-12T15:17:28.53;2025-03-28T12:00:00;2025-04-04T19:53:00;;"CLP";0;0
1057501-545-LP24;"SERVICIO ANÁLISIS AGUA POTABLE Y HEMODIÁLISIS";"COMPLEJO ASISTENCIAL DR. SOTERO DEL RIO";"61.608.502-6";"COMPLEJO ASISTENCIAL DR. SOTERO DEL RIO";"Avenida Melchor  Concha y Toro 3459, Puente Alto";"Puente Alto";"Región Metropolitana de Santiago";"LP";"Desierta (o art. 3 ó 9 Ley 19.886)";"Que, el propósito de licitar el servicio de análisis de agua potable y hemodiálisis, radica en que es un proceso que se realiza para determinar la calidad del agua y garantizar que sea segura para el consumo humano. Se trata de una actividad trascendental que impacta directamente en la salud de la población.";2025-01-14T09:53:14.51;2025-02-04T17:00:00;2025-04-04T19:00:00;;"CLP";0;0
2981-35-LE25;"SUMINISTRO DE ENMARCACIÓN DE FOTOGRAFÍAS Y AFICHES";"POLICIA DE INVESTIGACIONES DE CHILE";"60.506.000-5";"DEPARTAMENTO ADMINISTRATIVO";"";"";"Región Metropolitana de Santiago";"LE";"Desierta (o art. 3 ó 9 Ley 19.886)";"RESOLEX N°102, DEL 12.MAR.025, DEL DEPADM";2025-03-12T17:25:35.423;2025-03-24T18:00:00;2025-04-04T18:30:00;9166667;"CLP";0;0
1069417-9-L125;"CONTRATACION SERVICIO DE TRANSPORTE PARA TRASLADO DE NIÑOS BENEFICIARIOS DEL PROGRAMA DE SALUD ODONTOLOGICO 2025 DEPENDIENTES DE LA DIRECCION DE SALUD MUNICIPAL DE CHILLAN ";"I MUNICIPALIDAD DE CHILLAN";"69.270.200-k";"Dirección  de Salud Municipal Chillán";"Herminda Martín 557";"Chillán";"Región del Ñuble";"L1";"Desierta (o art. 3 ó 9 Ley 19.886)";"La necesidad  de contar con un transporte escolar, el objetivo es trasladar a niños beneficiarios del programa de salud odontológico dependiente de la dirección de salud municipal de chillan, desde sus establecimientos educacionales al modulo dental JUNAEB (junta nacional de auxilio escolar y becas), previa autorizacion del apoderado para la atención dental";2025-02-24T16:57:22.037;2025-03-03T18:27:00;2025-04-04T18:28:00;6500000;"CLP";0;0
993-29-LE25;"Servicio de Arriendo Baños Quimicos";"MINISTERIO DE OBRAS PUBLICAS DIREC CION GRAL DE OO PP DCYF";"61.202.000-0";"Dirección de Vialidad - II Región - Dirección Regional";"21 de Mayo, N° 470, 3er piso";"Antofagasta";"Región de Antofagasta ";"LE";"Desierta (o art. 3 ó 9 Ley 19.886)";"Servicio de Arriendo y mantención de 15 baños químicos, según bases administrativas.";2025-03-11T12:45:22.37;2025-03-21T15:00:00;2025-04-04T18:18:00;55000000;"CLP";0;0
1271436-2-LP25;"Servicio de Atención al Público para Funciones";"FUNDACION TEATRO MUNICIPAL DE LAS CONDES";"65.027.349-4";"Fundación Teatro Municipal de Las Condes";"Av. Apoquindo 3300";"Las Condes";"Región Metropolitana de Santiago";"LP";"Desierta (o art. 3 ó 9 Ley 19.886)";"Proveer de personal para la atención directa al público asistente del Teatro Municipal de Las Condes en sus diversas funciones y espectáculos realizados en horarios diurnos y vespertinos, por un periodo de 12 meses, desempeñando tareas que incluyen la validación de entradas, el servicio de acomodación de los asistentes, administración del guardarropa, encuestas de satisfacción, entre otras.";2025-01-31T10:03:12.68;2025-03-28T17:00:00;2025-04-04T18:12:24.52;;"CLP";0;0
2743-15-LE25;"SERVICIO DE MONITOREO E INSTALACIÓN DE ALARMAS DEPENDENCIAS MUNICIPALIDAD DE ANGOL";"I MUNICIPALIDAD DE ANGOL";"69.180.100-4";"SECPLA";"Pedro Aguirre Cerda Nº 509";"Angol";"Región de la Araucanía ";"LE";"Desierta (o art. 3 ó 9 Ley 19.886)";"La Municipalidad de Angol, invita a las empresas del rubro, para el servicio de monitoreo, instalación de alarmas y seguridad en diferentes dependencias de la Municipalidad de Angol, conforme a las exigencias de las Bases Administrativas, Especificaciones Técnicas, aclaraciones, y cumpliendo además con la reglamentación vigente respecto de las Compras Públicas y el uso del Portal www.mercadopublico.cl.";2025-03-10T09:30:51.183;2025-03-20T15:00:00;2025-04-04T18:00:00;;"CLP";0;0
4459-5-LE25;"“CONSTRUCCIÓN ÁREA VERDE VILLA ARAUCO COMUNA DE PICHILEMU”";"ILUSTRE MUNICIPALIDAD DE PICHILEMU";"69.091.200-7";"Departamento de Proyectos";"Ángel Gaete N°365";"Pichilemu";"Región del Libertador General Bernardo O´Higgins";"LE";"Desierta (o art. 3 ó 9 Ley 19.886)";"El presente proyecto tiene como objetivo la construcción de un área verde que incluye la instalación de pavimento de adoquín, palmetas de goma y capa vegetal, mobiliario urbano, especies arbóreas, juegos infantiles e iluminación, de acuerdo a Especificaciones Técnicas del Proyecto.";2025-03-13T17:15:01.21;2025-03-26T15:00:00;2025-04-04T18:00:00;52362446;"CLP";0;0
2322-46-LE25;"SISTEMA BIOELECTRÓNICO PARA FIRMA DE DOCUMENTOS";"I MUNICIPALIDAD DE VALLENAR";"69.030.500-3";"I MUNICIPALIDAD DE VALLENAR";"LOS CARRERA N°645";"Copiapó";"Región de Atacama ";"LE";"Desierta (o art. 3 ó 9 Ley 19.886)";"SISTEMA BIOELECTRÓNICO PARA FIRMA DE DOCUMENTOS";2025-03-24T15:15:32.803;2025-04-03T12:00:00;2025-04-04T18:00:00;;"CLP";0;0
3384-6-LE25;"Arriendo de dos plotters un RIP y un servidor";"COMANDO DE APOYO A LA FUERZA";"81.448.600-1";"Instituto Geográfico Militar -IGM";"Avenida Santa Isabel 1651";"Santiago Centro";"Región Metropolitana de Santiago";"LE";"Desierta (o art. 3 ó 9 Ley 19.886)";"Servicio de arriendo de dos plotters, un flujo de trabajo Raster Image Processor RIP y un servidor para el IGM, el que se encuentra ubicado en Avenida Santa Isabel 1651, comuna y ciudad de Santiago, Región Metropolitana.";2025-02-18T14:56:39.58;2025-03-06T10:00:00;2025-04-04T18:00:00;40078000;"CLP";0;0
3656-49-LE25;"REPARACION BACHES CALZADA CALLE MARIO ORTEGA LOS LIRIOS";"I MUNICIPALIDAD DE REQUINOA";"69.081.300-9";"Ilustre Municipalidad de Requínoa";"Comercio 121 Municipalidad de Requínoa";"Requinoa";"Región del Libertador General Bernardo O´Higgins";"LE";"Desierta (o art. 3 ó 9 Ley 19.886)";"REPARACION BACHES CALZADA CALLE MARIO ORTEGA, LOS LIRIOS";2025-02-24T16:35:59.343;2025-03-06T15:01:00;2025-04-04T18:00:00;;"CLP";0;0
2423-86-LP24;"ILUMINACIÓN ORNAMENTAL PLAZA MANUEL RODRIGUEZ";"I MUNICIPALIDAD DE PUENTE ALTO";"69.072.100-7";"SECPLAC";"Concha y Toro 1820";"Puente Alto";"Región Metropolitana de Santiago";"LP";"Desierta (o art. 3 ó 9 Ley 19.886)";"ILUMINACIÓN ORNAMENTAL PLAZA MANUEL RODRIGUEZ, SECTOR CENTRO DE PUENTE ALTO";2024-11-19T17:46:36.26;2024-12-16T15:00:00;2025-04-04T17:54:21.523;100000000;"CLP";0;0
2686-19-LR25;"SERVICIO DE ARRIENDO DE BUSES PARA LA DIRECCIÓN";"I MUNICIPALIDAD DE COLINA";"69.071.500-7";"SECPLAN";"AVENIDA COLINA Nº. 700.";"Colina";"Región Metropolitana de Santiago";"LR";"Desierta (o art. 3 ó 9 Ley 19.886)";"“SERVICIO DE ARRIENDO DE BUSES PARA LA DIRECCIÓN DE SEGURIDAD PUBLICA, MUNICIPALIDAD DE COLINA” El objeto de la presente licitación es contratar el servicio de arriendo de buses que sirvan como apoyo y ayuda social a los vecinos as de la comuna.";2025-02-10T17:59:00;2025-03-13T15:10:00;2025-04-04T17:23:12.383;;"CLP";0;0
1216088-3-LE25;"SERVICIO DE TRANSPORTE DE PERSONAL";"CORPORACION MUNICIPAL DE DEPORTES DE PUENTE ALTO";"65.065.121-9";"Administración y Finanzas";"Santo Domingo 465";"Puente Alto";"Región Metropolitana de Santiago";"LE";"Desierta (o art. 3 ó 9 Ley 19.886)";"Dar cumplimiento a distintos servicios, la licitación busca disponer de la dotación que permita conformar una FLOTA PERMANENTE mensual, continua y para esto el oferente deberá acreditar que es el propietario del vehículo.";2025-03-14T16:52:55.857;2025-03-25T17:32:00;2025-04-04T17:01:42.067;60000000;"CLP";0;0
4375-10-LE25;"Servicio de Hospedaje y Alimentación Usuarios Programa Pacto";"HOSPITAL GUILLERMO GRANT BENAVENTE DE CO";"61.602.189-3";"Abastecimiento General";"San Martín 1436 Concepcion";"Santiago";"Región del Biobío ";"LE";"Desierta (o art. 3 ó 9 Ley 19.886)";"El HGGB requiere efectuar licitación pública de Hospedaje y Alimentación Usuarios Programa Pacto con la finalidad de entregar una solución de alojamiento y alimentación para pacientes del Servicio de Oftalmología provenientes de regiones, y sus acompañantes, cuando asistan a controles en el Hospital Guillermo Grant Benavente, por un periodo de 24 meses.";2025-01-23T17:59:50.12;2025-02-03T16:00:00;2025-04-04T17:00:00;10000000;"CLP";0;0
1057370-9-L125;" SERVICIO DE CONCESIÓN DE MAQUINA EXPENDEDORA DE ALIMENTO, BEBIDAS Y CAFE  ";"HOSPITAL PSIQUIATRICO DR. PHILIPPE PINEL PUTAENDO";"61.602.040-4";"Bienes y Servicios";"AVDA.  ANTONIO VARAS 2500";"Ñuñoa";"Región Metropolitana de Santiago";"L1";"Desierta (o art. 3 ó 9 Ley 19.886)";"SERVICIO DE CONCESIÓN DE MAQUINA EXPENDEDORA DE ALIMENTO, BEBIDAS Y CAFE Esta contratación comprende la intención del Hospital Psiquiátrico Dr. Philippe Pinel de Putaendo para proveer del servicio otorgado producto de la instalación de máquinas expendedoras bajo la modalidad de concesión, por un periodo de 3 años.";2025-03-12T16:29:42.647;2025-03-21T15:00:00;2025-04-04T17:00:00;;"CLP";0;0
1057385-5-LE25;"MANTENCION PREVENTIVA Y CORREC DE FLOTA VEHICULOS";"SERVICIO DE SALUD ANTOFAGASTA HOSPITAL 21 DE MAYO TALTAL";"61.606.204-2";"Bienes y Servicios";"OHIGGINS Nº450 TALTAL, 2DA REGION";"Taltal";"Región de Antofagasta ";"LE";"Desierta (o art. 3 ó 9 Ley 19.886)";"La presente propuesta tiene como objeto adquirir la contratación de Convenio  de Mantención Preventiva y Correctiva de la Flota vehicular, el que se efectuará de acuerdo con las especificaciones señaladas en las presentes bases administrativas y técnica que se Adjuntan. Sol. Compra N°38  de Raúl Acuña";2025-03-10T15:57:00;2025-03-21T15:51:00;2025-04-04T17:00:00;35000000;"CLP";0;0
1627-9-LP25;"SUMINISTRO DE LENTES OPTICOS PARA EL SERVICIO DE OFTALMOLOGIA DEL HOSPITAL DE SAN FERNANDO";"SERVICIO DE SALUD HOSPITAL DE SAN FERNANDO";"61.602.145-1";"Hospital de San Fernando Abastecimiento";"Negrete 1401";"San Fernando";"Región del Libertador General Bernardo O´Higgins";"LP";"Desierta (o art. 3 ó 9 Ley 19.886)";"SUMINISTRO DE LENTES OPTICOS PARA EL SERVICIO DE OFTALMOLOGIA DEL HOSPITAL DE SAN FERNANDO";2025-02-12T17:59:25.74;2025-03-04T11:09:00;2025-04-04T16:55:35.503;;"CLP";0;0
633-13-LR25;"CONVENIO DE SUMINISTRO SERVICIO ARRIENDO DE VEHICULOS PARA GERENCIA DE PROTECCIÓN CONTRA INCENDIOS FORESTALES";"CORP NACIONAL FORESTAL";"61.313.000-4";"Conaf - Oficina Central - Abastecimiento";"Av. Bulnes 285, Oficina 801.";"Santiago";"Región Metropolitana de Santiago";"LR";"Desierta (o art. 3 ó 9 Ley 19.886)";"E1O2RT9 -La Corporación Nacional Forestal, en adelante “CONAF” o la “Corporación”, indistintamente, invita a los oferentes inscritos en el portal de compras del Estado www.mercadopublico.cl, a participar en la licitación pública ID 633-13-LR25, para la contratación del “CONVENIO DE SUMINISTRO SERVICIO ARRIENDO DE VEHICULOS PARA GERENCIA DE PROTECCIÓN CONTRA INCENDIOS FORESTALES”.";2025-02-21T09:59:40.527;2025-03-24T16:00:00;2025-04-04T16:42:11.387;400000000;"CLP";0;0
4110-4-LR25;"CONSERVACIÓN DE INFRAESTRUCTURA PARA EL ESTABLECIMIENTO EDUCACIONAL ESCUELA BÁSICA MARÍA ISABEL DE BROWN RBD: 1.247 CALLE LARGA 2DO LLAMADO";"I MUNICIPALIDAD DE CALLE LARGA";"69.051.200-9";"SECPLAC";"CALLE LARGA  2088";"Calle Larga";"Región de Valparaíso ";"LR";"Desierta (o art. 3 ó 9 Ley 19.886)";"El proyecto tiene por objeto realizar la “CONSERVACIÓN DE INFRAESTRUCTURA PARA EL ESTABLECIMIENTO EDUCACIONAL ESCUELA BÁSICA MARÍA ISABEL DE BROWN, RBD: 1.247, CALLE LARGA, ubicado en calle LOS AROMOS N°104, POBLACION JUAN XXIII, comuna de Calle Larga. Se consideran intervenciones correspondiente a obras de revestimientos térmicos de fachadas, mejoramiento de aleros,  Reposición de piso cerámico en salas, pintura general exterior, conservación de baños y camarines, mejoramiento sala PIE, mejoramiento sala multiuso, Mejoramiento patio central y multi cancha, mejoramiento patio prebásica, cambio de ventanas pabellón b, obras de cierro, accesibilidad universal y de manera integral se proyecta un nuevo sistema eléctrico con su respectivo empalme, considerando estándares Normativos vigentes y la adquisición de nuevo equipamiento general y deportivo.";2025-01-31T09:18:10.75;2025-03-03T15:30:00;2025-04-04T16:27:54.473;439896800;"CLP";0;0
528208-7-LE25;"COMPRA DE BAÑOS QUÍMICOS";"I.MUNICIPALIDAD DE CERRO NAVIA";"69.254.200-2";"SECPLAC 2";"Del Consistorial 6645";"Cerro Navia";"Región Metropolitana de Santiago";"LE";"Desierta (o art. 3 ó 9 Ley 19.886)";"Las presentes Bases Técnicas refieren la compra de 25 baños químicos para la Municipalidad de Cerro Navia, para ser utilizados en ferias, persas y otros eventos masivos de la comuna.";2025-01-22T16:46:45.303;2025-01-29T09:00:00;2025-04-04T16:25:46.51;;"CLP";0;0
2405-16-LE25;"ADQUISICIÓN DE DRONES Y ACCESORIOS OPERATIVOS";"I MUNICIPALIDAD DE IQUIQUE";"69.010.300-1";"SECRETARIA COMUNAL DE PLANIFICACION";"Serrano #134";"Iquique";"Región de Tarapacá  ";"LE";"Desierta (o art. 3 ó 9 Ley 19.886)";"PROPUESTA PÚBLICA Nº1632024 DENOMINADA “ADQUISICIÓN DE DRONES Y ACCESORIOS OPERATIVOS Y DE SEGURIDAD”";2025-02-13T17:57:11.153;2025-02-24T15:00:00;2025-04-04T16:18:47.74;11000000;"CLP";0;0
5558-3-LE25;"SERVICIOS DE BODEGAJE EXTERNO PARA ALMACENAMIENTO";"INSTITUTO DE SEGURIDAD LABORAL";"61.533.000-0";"ISL Región de la Araucanía";"Andrés Bello N° 190 Temuco";"Temuco";"Región de la Araucanía ";"LE";"Desierta (o art. 3 ó 9 Ley 19.886)";"SERVICIOS DE BODEGAJE EXTERNO PARA ALMACENAMIENTO DE BIENES, INSUMOS  Y DOCUMENTACIÓN DE LA DIRECCIÓN REGIONAL DEL INSTITUTO DE SEGURIDAD LABORAL REGIÓN DE LA ARAUCANIA. E1O2RT9.";2025-02-25T14:58:58.073;2025-03-07T15:00:00;2025-04-04T16:18:00;;"CLP";0;0
4882-15-LE25;"SERVICIO DE PRODUCCION INTEGRAL PARA LA IMPLEMENTA";"SUBSECRETARÍA DE LAS CULTURAS Y LAS ARTES";"61.978.790-0";"Consejo Regional de la Cultura y las ArtesCoquimbo";"Regidor Muñoz N° 362, Comuna de La Serena";"La Serena";"Región de Coquimbo ";"LE";"Desierta (o art. 3 ó 9 Ley 19.886)";"SERVICIO DE PRODUCCION INTEGRAL PARA LA IMPLEMENTACION DEL PLAN DE TRABAJO DE LAS MESAS CON ENCARGADOS DE CULTURA Y CONCEJALES DE CULTURA, ACTIVIDADES PARTE DEL PROGRAMA RED CULTURA, DEL MINISTERIO DE LAS CULTURAS, LAS ARTES Y EL PATRIMONIO DE LA REGIÓN DE COQUIMBO AÑO 2025";2025-03-18T11:28:22.033;2025-03-27T16:40:00;2025-04-04T16:08:16.96;6000000;"CLP";0;0
4085-8-LE25;"REPARACION PTAS ESCUELA LA TERCERA";"I MUNICIPALIDAD DE LONGAVI";"69.130.600-3";"Depto. de Secplan";"1 oriente #224";"Longaví";"Región del Maule ";"LE";"Desierta (o art. 3 ó 9 Ley 19.886)";"CONTRATACIÓN DE OBRAS PARA LA REPARACIÓN DE LA PLANTA DE TRATAMIENTO DE LA ESCUELA CARDENAL JOSÉ MARIA CARO DEL SECTOR DE LA TERCERA";2025-02-21T13:55:00;2025-03-04T17:00:00;2025-04-04T16:00:00;;"CLP";0;0
2703-59-L125;"SC 11224 Servicio de mantención y reparación equipo mamógrafo por año 2025.";"I MUNICIPALIDAD DE TALAGANTE";"69.071.800-6";"Dirección de Salud";"Av. Bernardo O Higgins N°2386";"Talagante";"Región Metropolitana de Santiago";"L1";"Desierta (o art. 3 ó 9 Ley 19.886)";"SC 11224 Servicio de mantención y reparación equipo mamógrafo por año 2025.";2025-02-28T15:47:32.92;2025-03-07T13:00:00;2025-04-04T16:00:00;3000000;"CLP";0;0
2981-30-LE25;"SUMINISTRO 2025 MANTENCIÓN DE AIRE ACONDICIONADO";"POLICIA DE INVESTIGACIONES DE CHILE";"60.506.000-5";"DEPARTAMENTO ADMINISTRATIVO";"GENERAL MACKENNA 1370";"Santiago Centro";"Región Metropolitana de Santiago";"LE";"Desierta (o art. 3 ó 9 Ley 19.886)";"CONTRATO DE SUMINISTRO AÑO 2025 MANTENCIÓN PREVENTIVA Y CORRECTIVA DE EQUIPOS DE AIRE ACONDICIONADO CHILLERS Y FANCOILS PARA LA PDI";2025-03-10T12:31:01.233;2025-03-20T12:00:00;2025-04-04T15:53:49.993;15000000;"CLP";0;0
6-4-LQ25;"DISEÑO PROY. INTEGRAL LOTEO CAMPAMENTO CARAMUCHO";"SERVICIO DE VIVIENDA Y URBANIZACION I REGION";"61.838.000-9";"SERVIU I Región";"Patricio Lynch Nº 50";"Iquique";"Región de Tarapacá  ";"LQ";"Desierta (o art. 3 ó 9 Ley 19.886)";"OBJETIVO: Generar intervenciones de carácter integral en campamentos con estrategia de radicación, mediante el desarrollo del diseño del Plan Maestro y Proyecto Integral de Loteo en Campamento Caramucho. Para así consolidar el barrio y la comunidad, mejorando las condiciones de vida de sus habitantes; reduciendo sus niveles de vulnerabilidad; acelerando los procesos de urbanización; promoviendo el mejoramiento de sus viviendas y facilitando la convivencia e integración de los habitantes y sus barrios. Lo anterior, sobre la base de una Planificación Centrada en las Personas PCP, mediante la implementación de procesos de co-diseño, propiciando la coordinación, colaboración y corresponsabilidad de las instituciones y organismos participantes, para la creación de una cartera de inversión plurianual e intersectorial.";2025-02-12T13:21:00;2025-03-25T10:00:00;2025-04-04T15:51:00.92;200000000;"CLP";0;0
1057429-1-LP25;"CONVENIO SUMINISTRO PESCADOS Y MARISCOS";"SERVICIO NACIONAL DE SALUD HOSPITAL DE CORONEL";"61.602.201-6";"Bienes y Servicios";"AV. LAUTARO N° 600";"Coronel";"Región del Biobío ";"LP";"Desierta (o art. 3 ó 9 Ley 19.886)";"Hospital San José de Coronel, requiere suministrar pescados y mariscos para alimentación de funcionarios y pacientes del Hospital.";2025-02-18T13:02:26.94;2025-03-10T19:56:00;2025-04-04T15:44:22.583;;"CLP";0;0
1663-67-LE25;"MANTENIMIENTO DEL SISTEMA DE ILUMINACION NHQ - 2DO LLAMADO";"SERVICIO DE SALUD CHILOE";"61.602.276-8";"Hospital de Quellón";"";"";"Región de los Lagos ";"LE";"Desierta (o art. 3 ó 9 Ley 19.886)";"EL HOSPITAL DE QUELLON REQUIERE CONTRATAR EL SUMINISTRO PARA LA MANTENCION DEL SISTEMA DE ILUMINACION DEL NUEVO HOSPITAL DE QUELLON";2025-03-03T14:36:19.51;2025-03-13T17:00:00;2025-04-04T15:36:57.96;;"CLP";0;0
4301-134-LE24;"Adquisición de vestuario táctico para seguridad";"I MUNICIPALIDAD DE ZAPALLAR";"69.050.400-6";"IMUNI_ ZAPALLAR";"DIEGO SUTIL 285";"Zapallar";"Región de Valparaíso ";"LE";"Desierta (o art. 3 ó 9 Ley 19.886)";"Adquisición de vestuario táctico para el personal de la dirección de Seguridad Publica";2024-12-18T10:19:53.973;2024-12-24T11:59:00;2025-04-04T15:36:00.99;;"CLP";0;0
966131-14-LQ25;"CONSTRUCCIÓN NICHOS CEMENTERIO MUNICIPAL ETAPA 5";"I MUNICIPALIDAD DE CASTRO";"69.230.400-4";"SECPLAN";"Blanco Encalada 273";"Castro";"Región de los Lagos ";"LQ";"Desierta (o art. 3 ó 9 Ley 19.886)";"La necesidad de ampliar la cobertura del Cementerio Municipal de la comuna de Castro";2025-03-11T16:07:58.183;2025-03-31T15:01:00;2025-04-04T15:28:20.937;140000000;"CLP";0;0
1057491-211-LQ24;"SUMINISTRO DE OXIGENADORES";"SERVICIO DE SALUD ORIENTE HOSPITAL LUIS CALVO MACKENNA";"61.608.408-9";"Bienes y Servicios";"ANTONIO VARAS 360 (CENTRO DE DISTRIBUCIÓN)";"Providencia";"Región Metropolitana de Santiago";"LQ";"Desierta (o art. 3 ó 9 Ley 19.886)";"ADQUISICIÓN, POR SISTEMA DE SUMINISTRO DE OXIGENADORES, PARA EL HOSPITAL DOCTOR LUIS CALVO MACKENNA.";2024-12-13T21:17:10.587;2025-01-02T15:01:00;2025-04-04T15:15:54.707;285000000;"CLP";0;0
619568-1-CO25;"SERVICIO MANTENCION Y REPARACION DE VEHICULOS";"I MUNICIPALIDAD DE SAN FELIPE";"69.050.600-9";"Direccion De Salud";"NAVARRO 1411";"San Felipe";"Región de Valparaíso ";"CO";"Desierta (o art. 3 ó 9 Ley 19.886)";"SERVICIO DE MANTENCION Y REPARACION DE VEHICULOS DE LA RED DE SALUD MUNICIPAL DE SAN FELIPE, SEGUN BASES TECNICAS Y ADMINISTRATIVAS ADJUNTAS";2025-01-30T11:10:16.85;2025-02-06T15:09:00;2025-04-04T15:11:06.1;;"CLP";0;0
2101-12-LE25;"COMPRA DE CONSULTAS ESPECIALIDAD DERMATOLOGIA";"HOSPITAL INTERCULTURAL KALLVU LLANKA.-";"61.602.213-k";"Hospital Cañete";"Ruta P60R esquina Ruta P520";"Cañete";"Región del Biobío ";"LE";"Desierta (o art. 3 ó 9 Ley 19.886)";"El Hospital Intercultural Kallvu Llanka requiere suscribir convenio para la adquisición de “COMPRA DE SERVICIO CONSULTAS NUEVAS Y CONTROLES DE DERMATOLOGIA” para suplir las necesidades pendientes de nuestros usuarios pertenecientes a la provincia de Arauco que se encuentran en lista de espera de prestaciones de salud ambulatorias de la especialidad";2025-02-21T08:40:40.487;2025-03-05T15:00:00;2025-04-04T15:05:00;;"CLP";0;0
407-4-LP25;"LIMPIEZA EXTERIOR DE VIDRIOS Y CANALETAS";"HOSPITAL GUILLERMO GRANT BENAVENTE DE CO";"61.602.189-3";"Hospital HGGB Operaciones";"San Martín 1436 Concepcion";"Santiago";"Región del Biobío ";"LP";"Desierta (o art. 3 ó 9 Ley 19.886)";"EL HGGB necesita contar con la contratación de servicios limpieza exterior de vidrios y canaletas, para edificios Monoblock, CAA, TPC y Servicio Psiquiatría. Por un periodo de 24 meses. Solicitado por Profesional Servicios Generales en requerimiento S-COM 14351";2025-02-17T17:37:59.817;2025-03-10T15:00:00;2025-04-04T15:04:48.39;;"CLP";0;0
1077499-14-LE24;"LI SERVICIO TRASLADO EQUIPO GORE FR 2024-1515";"SERVICIO DE SALUD IQUIQUE";"61.606.100-3";"ADMINISTRACION DE FONDOS";"NACIONES UNIDAS 3080 ALTO HOSPICIO.";"Alto Hospicio";"Región de Tarapacá  ";"LE";"Desierta (o art. 3 ó 9 Ley 19.886)";"La contratación incluye vehículos adecuados y personal capacitado para realizar traslados tanto para visitas domiciliarias en las comunas de Iquique y Alto Hospicio, como para operativos médicos en Pozo Almonte, Huara y Pica. Este servicio garantizará que los equipos lleguen de manera segura y eficiente a los destinos establecidos, fortaleciendo así la capacidad operativa del proyecto y contribuyendo significativamente a la reducción de las listas de espera médicas.";2024-12-23T10:14:18.543;2025-01-03T15:00:00;2025-04-04T15:00:00;;"CLP";0;0
548872-1-LE25;"SALA CUNA Y JARDÍN INFANTIL TALAGANTE E102RT9";"INSTITUTO DE PREVISION SOCIAL";"61.979.440-0";"IPS Region Area Metropolitana";"Teatinos N°10";"Santiago Centro";"Región Metropolitana de Santiago";"LE";"Desierta (o art. 3 ó 9 Ley 19.886)";"El objetivo de esta licitación es otorgar un beneficio de carácter legal para el caso de sala cuna y facultativo respecto de jardín infantil hasta que el o la menor cuente con 4 años y 11 meses cumplidos al 31 de marzo del año en que se hace entrega dicho beneficio pudiendo extenderse la autorización correspondiente hasta el mes de diciembre del mismo año, para las madres, padres y personas funcionarias beneficiadas, según corresponda, con la finalidad de mejorar la calidad de vida del funcionariado y su grupo familiar, orientado a compatibilizar tanto el rol laboral como el parental, liberándolos de preocupaciones de naturaleza familiar y doméstica.";2025-02-14T17:14:09.34;2025-02-26T15:00:00;2025-04-04T15:00:00;4200000;"CLP";0;0
1638-16-LE25;"Servicio de arriendo impresoras para administracion municipal sm 06907";"ILUSTRE MUNICIPALIDAD DE DIEGO DE ALMAGRO";"69.250.500-k";"Municipio";"Calle Juan Martínez nº 1403";"Diego De Almagro";"Región de Atacama ";"LE";"Desierta (o art. 3 ó 9 Ley 19.886)";"Servicio de arriendo impresoras para administracion municipal";2025-03-03T16:10:47.39;2025-03-11T12:00:00;2025-04-04T14:35:53.553;;"CLP";0;0
1057370-5-LQ25;"CONVENIO PRESTACION DE SERVICIO PARA LA ATENCION DE PERSONAS CON DISCAPACIDAD DE ORIGEN MENTAL USUARIOS DE LA RED SALUD MENTAL DEL SERVICIO SALUD ACONCAGUA EN MODADLIDAD DE HOGAR PROTEGIDO";"HOSPITAL PSIQUIATRICO DR. PHILIPPE PINEL PUTAENDO";"61.602.040-4";"Bienes y Servicios";"José Antonio Salinas Nº 2.500";"Putaendo";"Región de Valparaíso ";"LQ";"Desierta (o art. 3 ó 9 Ley 19.886)";"1.	La necesidad del Hospital Psiquiátrico Dr. Philippe Pinel de realizar un CONVENIO DE PRESTACIÓN DE SERVICIO PARA LA ATENCION DE PERSONAS CON DISCAPACIDAD PSIQUICA Y/O INTELECTUAL, USUARIOS DE LA RED DE SALUD MENTAL DEL SERVICIO DE SALUD ACONCAGUA EN MODALIDAD DE HOGAR PROTEGIDO. 2.	Para lograr la reinserción social de usuarios de mejor repertorio conductual, en cumplimiento de las orientaciones del Plan Nacional de Psiquiatría y Salud Mental.";2025-02-07T14:14:06.103;2025-02-27T19:00:00;2025-04-04T14:32:43.547;;"CLP";0;0
3838-210-LQ24;"MEJ. SIST. ELEC. E ILUM. Y HABIL. PANTALLA ESTADIO";"I MUNICIPALIDAD DE SANTA CRUZ";"69.090.600-7";"I MUNICIPALIDAD DE SANTA CRUZ";"Plaza de Armas Nº 242";"Santa Cruz";"Región del Libertador General Bernardo O´Higgins";"LQ";"Desierta (o art. 3 ó 9 Ley 19.886)";"SEGÚN BASES ADMINISTRATIVAS";2024-12-10T12:45:44.093;2025-01-03T10:00:00;2025-04-04T14:21:21.67;;"CLP";0;0
2904-7-LE25;"ADQUISICIÓN REPUESTO PARA EXCAVADORA - MUNICIPALIDAD DE HUALAIHUÉ";"I MUNICIPALIDAD DE HUALAIHUE";"69.252.200-1";"DEPARTAMENTO DE ADMINISTRACION";"21 DE SEPTIEMBRE   450";"Hualaihué";"Región de los Lagos ";"LE";"Desierta (o art. 3 ó 9 Ley 19.886)";"Adquirir repuesto (Nuevo Sin Uso) compatible a maquinaria Excavadora Caterpillar Modelo 323D2L Año 2018.";2025-03-27T18:13:37.483;2025-04-02T13:00:00;2025-04-04T14:03:19.457;11307000;"CLP";0;0
5184-22-LP25;"CONVENIO DE MANTENIMIENTO PREVENTIVO Y CORRECTIVO PARA EQUIPO SCANNER MARCA CANON MODELO AQUILION LIGHTNING";"SERVICIO DE SALUD DEL MAULE HOSPITAL DE LINARES";"61.606.917-9";"CONTRATOS-SUMINISTRO";"Brasil Nº 753";"Linares";"Región del Maule ";"LP";"Desierta (o art. 3 ó 9 Ley 19.886)";"CONVENIO DE MANTENIMIENTO PREVENTIVO Y CORRECTIVO PARA EQUIPO SCANNER MARCA CANON MODELO AQUILION LIGHTNING";2025-02-10T17:46:34.84;2025-03-03T15:30:00;2025-04-04T13:44:50.073;235000000;"CLP";0;0
3447-40-LE25;"Suministro de Emblemas Nacionales y Otros";"MUNICIPALIDAD DE ALTO HOSPICIO";"69.265.100-6";"Direccion de Administracion y Finanzas";"Av. Ramón Pérez Opazo N° 3125 Alto Hospicio";"Alto Hospicio";"Región de Tarapacá  ";"LE";"Desierta (o art. 3 ó 9 Ley 19.886)";"La MAHO en su calidad de administradora de la comuna de Alto Hospicio, llama a Licitación Pública a los proveedores del rubro para celebrar contrato de “SUMINISTRO DE EMBLEMAS NACIONALES Y OTROS PARA LA MUNICIPALIDAD DE ALTO HOSPICIO”, con el fin de tener estos elementos visibles que representan de forma simbólica al país, comuna e identidad de los habitantes de la Comuna de Alto Hospicio. Lo anterior, de acuerdo con las características entregadas en las presentes bases administrativas y técnicas adjuntas, en virtud de una mejor y eficiente gestión municipal.";2025-02-17T17:34:30.677;2025-02-28T10:30:00;2025-04-04T13:25:31.74;;"CLP";0;0
643-7-LE25;"SERVICIO MENORES JARDÍN INFANTIL";"SERVICIO DE VIVIENDA Y URBANIZACION V REGION";"61.817.000-4";"SERVIU V Región";"Edificio Centenario Bellavista Nº168 Primer Piso";"Valparaíso";"Región de Valparaíso ";"LE";"Desierta (o art. 3 ó 9 Ley 19.886)";"SERVIU por razones de necesidad institucional, requiere contratar una empresa para el servicio de traslado de personas, para trasladar a los hijos de funcionarios de SERVIU y SEREMI de la ciudad de Valparaíso que asisten al jardín infantil de esta Institución. Estos servicios deberán ser acorde a las especificaciones técnicas que a continuación se detallan";2025-03-20T11:41:30.58;2025-03-31T15:01:00;2025-04-04T13:21:12.627;;"CLP";0;0
3202-5-LE25;"ADQUISICIÓN DE PETRÓLEO PARA SISTEMA DE CALEFACCIÓ";"DIRECCION DE ABASTECIMIENTO DE LA ARMADA";"61.102.120-8";"GOBERNACION MARITIMA DE CASTRO";"CALLE PEDRO MONTT Nº 85";"Castro";"Región de los Lagos ";"LE";"Desierta (o art. 3 ó 9 Ley 19.886)";"ADQUIRIR COMBUSTIBLE DIESEL PARA LA OPERACIÓN DE LA CALDERA DE LA GOBERNACIÓN MARÍTIMA DE CASTRO, EN BASE A PRESUPUESTO DISPONIBLE";2025-03-25T11:18:49.587;2025-04-01T08:30:00;2025-04-04T13:03:52.097;20000000;"CLP";0;0
4301-138-L124;"insumos médicos de botiquines e implementos de emergencias";"I MUNICIPALIDAD DE ZAPALLAR";"69.050.400-6";"IMUNI_ ZAPALLAR";"DIEGO SUTIL 285";"Zapallar";"Región de Valparaíso ";"L1";"Desierta (o art. 3 ó 9 Ley 19.886)";"“adquisición de insumos médicos de botiquines e implementos de emergencias para playas de la comuna, temporada estival 2024-2025";2024-12-27T14:51:04.12;2025-01-02T15:01:00;2025-04-04T12:49:30.453;;"CLP";0;0
3603-20-LE25;"Adquisición de 1.000 m3 de base estabilizada.";"I MUNICIPALIDAD DE MULCHEN";"69.170.500-5";"DIRECCION DE ADMINISTRACION Y FINANZAS";"ANIBAL PINTO 495";"Mulchén";"Región del Biobío ";"LE";"Desierta (o art. 3 ó 9 Ley 19.886)";"Solicitud de Pedido N°45 ADMINISTRACIÓN MUNICIPAL, que solicita la Adquisición de 1.000 m3 de base estabilizada de 1.5 a 2  para mejora de caminos vecinales de la comuna de Mulchén.";2025-03-18T09:08:20.477;2025-03-28T10:08:00;2025-04-04T12:34:10.543;;"CLP";0;0
3303-6-LQ25;"CONSTRUCCION SEMAFOROS HUEPIL";"I MUNICIPALIDAD DE TUCAPEL";"69.141.800-6";"Secretaria Comunal de Planificación";"Diego Portales N°258, Huepil";"Tucapel";"Región del Biobío ";"LQ";"Desierta (o art. 3 ó 9 Ley 19.886)";"Se requiere contratar  un proveedor del rubro que ejecute el proyecto de construcción de semáforos en intersecciones de calles de Huépil, en tres puntos. De acuerdo a especificaciones técnicas y administrativas previamente aprobadas por D.A. Nº716   de fecha 14.02.2025";2025-03-11T11:50:22.767;2025-04-02T14:00:00;2025-04-04T12:30:12.19;164784000;"CLP";0;0
2107-32-LP25;"SUMINISTRO DE INSUMOS PARA CIRUGIA DE CATARATAS";"SERVICIO DE SALUD HOSPITAL DE SANTA CRUZ";"61.602.148-6";"Hospital de Santa Cruz";"";"";"Región del Libertador General Bernardo O´Higgins";"LP";"Desierta (o art. 3 ó 9 Ley 19.886)";"El Hospital Santa Cruz, como establecimiento de salud, requiere adquirir un convenio de suministro de insumos para cirugías de cataratas para pacientes ges, que permita mantener un suministro constante de insumos, procurando resguardar su disponibilidad en todo momento.";2025-02-27T12:57:59.33;2025-03-19T15:00:00;2025-04-04T12:00:00;;"CLP";0;0
1126920-18-LE25;"SERVICIO DE ATENCION MEDICA ESPECIALIZADA PARA PIE";"SERVICIO LOCAL DE EDUCACION PUBLICA DE COLCHAGUA";"62.000.790-0";"UNIDAD DE ADQUISICIONES";"Casa Central SLEP - Chillán N°894, San Fernando";"San Fernando";"Región del Libertador General Bernardo O´Higgins";"LE";"Desierta (o art. 3 ó 9 Ley 19.886)";"SERVICIO DE ATENCION MEDICA ESPECIALIZADA PARA EL PROGRAMA PIE DE LOS ALUMNOS DE LAS COMUNAS DE SAN FERNANDO, CHIMBARNGO, PLACILLA Y NANCAGUA, SEGUN ARCHIVO ADJUNTO";2025-03-17T16:36:26.527;2025-03-27T09:00:00;2025-04-04T11:43:25.177;52000000;"CLP";0;0
728-2-L125;"Calibración  de Flujómetro y temporizador.";"INSTITUTO NACIONAL DE HIDRAULICA";"61.211.000-k";"Instituto Nacional de Hidráulicas - INH";"Av. Concordia 0620";"Peñaflor";"Región Metropolitana de Santiago";"L1";"Desierta (o art. 3 ó 9 Ley 19.886)";"Calibración  de Flujómetro y temporizador.";2025-03-19T15:23:05.133;2025-03-27T15:00:00;2025-04-04T10:50:51.757;4694550;"CLP";0;0
3881-10-LE25;"ADQUISICION DE TINTAS Y TONER";"I MUNICIPALIDAD DE PINTO";"69.141.000-5";"Administración y Finanzas";"Ernesto Riquelme  269";"Pinto";"Región del Ñuble";"LE";"Desierta (o art. 3 ó 9 Ley 19.886)";"ADQUISICION DE TINTAS Y TÓNER QUE REQUIERE LA I. MUNICIPALIDAD DE PINTO, SEGUN LAS BAE.";2025-03-20T16:19:49.723;2025-03-31T15:07:00;2025-04-04T10:38:46.893;15000000;"CLP";0;0
2910-5-LE25;"SERVICIO DE IMAGENES DIAGNOSTICAS AÑO 2025";"I MUNICIPALIDAD DE FUTRONO";"69.200.700-k";"Departamento de Salud";"GERMÁN RIESCO 305.";"Futrono";"Región de Los Ríos";"LE";"Desierta (o art. 3 ó 9 Ley 19.886)";"El Departamento de Salud Municipal de Futrono–en adelante también “DESAM” o “Depto de Salud”- llama a presentar ofertas para contratar Servicio de imágenes diagnósticas, a contar de la fecha de adjudicación y hasta 31 de diciembre del año 2025.";2025-02-12T15:23:06.977;2025-02-24T17:27:00;2025-04-04T09:40:30.7;;"CLP";0;0
2827-16-LE25;"C. SERVICIO COLECTORES AGUAS SERVIDAS Y LLUVIA";"I MUNICIPALIDAD DE CONSTITUCION";"69.120.100-7";"MUNICIPAL";"BODEGA MUNICIPAL: AV. SANTA MARIA S/N AL LLEGAR AV.MAC-IVER";"Constitución";"Región del Maule ";"LE";"Desierta (o art. 3 ó 9 Ley 19.886)";"CONTAR CON UN SERVICIO PARA LA LIMPIEZA DE COLECTORES AGUAS LLUVIAS DE LA COMUNA.";2025-02-05T12:31:43.117;2025-02-18T10:00:00;2025-04-04T08:33:09.05;;"CLP";0;0
1953-10-LE25;"510 CONTRATACIÓN SERVICIO TRANSPORTE PCJ";"DIRECCION GENERAL DE GENDARMERIA DE CHIL";"61.004.024-1";"Región de Valparaíso";"Republica N°907";"Limache";"Región de Valparaíso ";"LE";"Desierta (o art. 3 ó 9 Ley 19.886)";"Servicio de transporte convencional, aquel destinado para el traslado de usuarias embarazadas yo con hijos lactantes , cuyos fines respondan a atenciones de salud programadas, audiencias en tribunales de justicia, contingencias y urgencias, generadas tanto a nivel local, regional y fuera de la región según corresponda";2025-03-19T17:06:00;2025-03-25T15:05:00;2025-04-05T18:00:00;;"CLP";0;0
732907-1-L125;"Servicio de entrega de dispensadores de agua purificada en comodato para el Juzgado De Letras Del Trabajo De San Miguel";"CORP ADMINISTRATIVA DEL PODER JUDICIAL";"60.301.001-9";"Jdo de Letras del Trabajo de San Miguel";"Ureta Cox 855";"San Miguel";"Región Metropolitana de Santiago";"L1";"Desierta (o art. 3 ó 9 Ley 19.886)";"Servicio de entrega de dispensadores de agua purificada en comodato para el Juzgado De Letras Del Trabajo De San Miguel.";2025-03-14T16:28:16.403;2025-03-27T16:00:00;2025-04-05T17:00:00;1;"CLF";0;0
4885-3-LE25;"SERVICIO SISTEMATIZACIÓN Y ACOMPAÑAMIENTO PNDAE";"SUBSECRETARÍA DE LAS CULTURAS Y LAS ARTES";"61.976.200-2";"Consejo Regional de la Cultura y las Artes del Maule";"3 Oriente 1072  Talca";"Talca";"Región del Maule ";"LE";"Desierta (o art. 3 ó 9 Ley 19.886)";"El Programa Nacional de Desarrollo Artístico en la Educación tiene como propósito, aumentar la oferta de procesos formativos de calidad de instituciones educativas y culturales que desarrollan programas de educación artística en el ámbito formal y no formal, para NNJ en edad escolar.";2025-03-06T16:19:17.427;2025-03-17T15:01:00;2025-04-07T19:55:00;9020570;"CLP";0;0
1242028-3-L125;"Contratación de servicio de arriendo mensual de estacionamiento para la Corporación SEMCO";"CORPORACION SOCIAL Y CULTURA DE CONCEPCION - SEMCO";"70.942.400-9";"CORPORACION SOCIAL Y CULTURA DE CONCEPCION - SEMCO";"INDEPENDENCIA 127, VALLE NONGUÉN, CONCEPCIÓN";"Concepción";"Región del Biobío ";"L1";"Desierta (o art. 3 ó 9 Ley 19.886)";"La Corporación SEMCO hace un llamado a los oferentes presenten ofertas para la contratación de servicio de arriendo mensual de estacionamiento para  la Corporación SEMCO, en el Centro de Concepción, en un radio lo más cercano posible a la oficina de la Administración Central ubicada en Tucapel N°366.";2025-03-25T16:30:41.887;2025-04-02T15:00:00;2025-04-07T18:00:00;1200000;"CLP";0;0
1562-9-L125;"CALIBRACIÓN DE TERMÓMETROS, ESTUFA, MUFLAS Y SET DE MASAS";"SERVICIO NACIONAL DE GEOLOGIA Y MINERIA";"61.702.000-9";"Servicio Nacional de Geología y Minería";"ESTACION DE SERVICIO DEL PROVEEDOR";"Providencia";"Región Metropolitana de Santiago";"L1";"Desierta (o art. 3 ó 9 Ley 19.886)";"El Departamento. Laboratorios de SERNAGEOMIN, específicamente la Unidad de Química, requiere realizar estas calibraciones de los termómetros, estufa, muflas y conjunto de masas que son utilizadas para la realización de los análisis en este laboratorio, para dar cumplimiento al Sistema de Gestión de Calidad NCh ISO 17.025:2017. Sistema de Acreditación Ensayos Químicos de Aguas.";2025-02-24T16:39:05.913;2025-03-05T15:00:00;2025-04-07T18:05:27.923;4860000;"CLP";0;0
699-1-L125;"CONTRATO DE SUMINISTRO POR EL SERVICIO DE MANTENCION PREVENTIVA Y CORRECTIVA DEL VEHICULO FISCAL DEL INE DIRECCION REGIONAL DE TARAPACA POR UN PERIODO DE 24 MESES";"INSTITUTO NACIONAL DE ESTADISTICAS";"60.703.000-6";"INE -  I REGION";"Blanco Encalada #908 (Bodega)";"Iquique";"Región de Tarapacá  ";"L1";"Desierta (o art. 3 ó 9 Ley 19.886)";"El presente documento establece los requisitos administrativos y técnicos para la contratación del servicio de mantención preventiva y correctiva del vehículo fiscal del Instituto Nacional de Estadísticas Dirección Regional de Tarapacá, con el objetivo de garantizar su operatividad, prolongar su vida útil y minimizar tiempos de inactividad.";2025-03-14T15:46:27.953;2025-03-24T15:00:00;2025-04-07T18:00:00;5000000;"CLP";0;0
915021-6-L125;"Suministro de Servicios Clínicos y Quirúrgicos Veterinarios";"I MUNICIPALIDAD DE LAS CABRAS";"69.080.800-5";"Operaciones, Medio Ambiente, Aseo y Ornato";"Francisco Encina s/n, Recinto Estadio Las Cabras";"Las Cabras";"Región del Libertador General Bernardo O´Higgins";"L1";"Desierta (o art. 3 ó 9 Ley 19.886)";"La Dirección de Operaciones, Media Ambiente, Aseo y Ornato, mediante su unidad de Medio Ambiente, requiere realizar la contratación de suministro de servicios clínicos y quirúrgicos veterinarios para animales de compañía, caninos comunitarios y ayudas sociales, con la finalidad de asegurar la atención oportuna de los animales en caso de alguna enfermedad o accidentes de estos, según la  facultad municipal estipulada en Ley N° 21.020.";2025-03-12T16:18:52.727;2025-03-19T09:00:00;2025-04-07T18:00:00;;"CLP";0;0
3447-55-LE25;"Edición Cuenta Publica 2024 Alto Hospicio";"MUNICIPALIDAD DE ALTO HOSPICIO";"69.265.100-6";"Direccion de Administracion y Finanzas";"Av. Ramón Pérez Opazo N° 3125 Alto Hospicio";"Alto Hospicio";"Región de Tarapacá  ";"LE";"Desierta (o art. 3 ó 9 Ley 19.886)";"Art. 4º	La Municipalidad de Alto Hospicio, llama a Licitación Pública a los proveedores del rubro para celebrar contrato para ejecución del SERVICIO INTEGRAL DE EDICIÓN, DISEÑO E IMPRESIÓN DEL LIBRO DE LA CUENTA PÚBLICA DEL AÑO 2024. Lo anterior, de acuerdo con las características entregadas en las presentes Bases Administrativas y Técnicas adjuntas, en virtud de una mejor y eficiente Gestión Municipal.";2025-03-19T16:33:53.697;2025-03-28T10:00:00;2025-04-07T17:43:38.357;;"CLP";0;0
5251-22-LE25;"Reactivos material de vidrio e insumos de laborat";"UNIVERSIDAD TECNOLOGICA METROPOLITANA";"70.729.100-1";"DEPARTAMENTO DE ABASTECIMIENTO";"Calle Dieciocho Nª178, Santiago";"Santiago";"Región Metropolitana de Santiago";"LE";"Desierta (o art. 3 ó 9 Ley 19.886)";"El Departamento de Biotecnología de la Universidad Tecnológica Metropolitana requiere la compra de los insumos detallados en los archivos adjuntos, con el fin de contar con los requisitos mínimos necesarios para desarrollar de manera correcta las actividades que se realizan en los laboratorios docentes, Laboratorio Biología, Microbiología y Biotecnología. Laboratorio de Alimentos y Planta Piloto. El material ofertado por cada proveedor debe contar con las especificaciones técnicas necesarias, detalladas para cada uno de los ítems. Lo solicitado es utilizado en las actividades prácticas de laboratorio que se imparten para las carreras de Ingeniería en Alimentos, Ingeniería en Biotecnología, Ingeniería Química y Química Industrial.";2025-01-31T16:56:40.383;2025-02-10T20:00:00;2025-04-07T17:40:42.793;18000000;"CLP";0;0
3335-34-L125;"CONVENIO SUMINISTRO REPARACIONES ELÉCTRICAS PARA VEHÍCULOS DEL DEPARTAMENTO ADMINISTRATIVO DE EDUCACIÓN MUNICIPAL DE LA UNIÓN AÑO 2025";"I MUNICIPALIDAD DE LA UNION";"69.200.800-6";"Departamento de Educación";"";"";"Región de Los Ríos";"L1";"Desierta (o art. 3 ó 9 Ley 19.886)";"CONVENIO SUMINISTRO REPARACIONES ELÉCTRICAS PARA VEHÍCULOS DEL DEPARTAMENTO ADMINISTRATIVO DE EDUCACIÓN MUNICIPAL DE LA UNIÓN AÑO 2025";2025-03-19T16:53:37.643;2025-03-25T16:00:00;2025-04-07T17:30:00;5000000;"CLP";0;0
3387-4-LQ25;"Servicio de concesión cafetería y alimentación ";"COMANDO DE APOYO A LA FUERZA";"61.101.008-7";"Regimiento Logístico del Ejército Nº1 Bellavista - RLE Nº1";"Avenida El Guanaco  #2650";"Conchalí";"Región Metropolitana de Santiago";"LQ";"Desierta (o art. 3 ó 9 Ley 19.886)";"Se requiere la contratacion del Servicio de concesión cafetería y alimentación para el casino de soldados del Regimiento Bellavista";2025-02-28T11:18:41.373;2025-03-10T17:00:00;2025-04-07T17:23:51.217;;"CLP";0;0
778992-16-LE25;"ADQUISICIÓN DE 02 DOS CÁMARAS HIPERBÁRICAS PORTÁTILES";"COMANDO DE APOYO A LA FUERZA";"61.953.000-4";"Brigada Motorizada N° 1  Calama  - BRIMOT N 1";"Av. Chorrillos N° 716";"Calama";"Región de Antofagasta ";"LE";"Desierta (o art. 3 ó 9 Ley 19.886)";"Que, existe la necesidad para la Brigada Motorizada N.°1 “Calama” de “ADQUIRIR 02 (DOS) CÁMARAS HIPERBÁRICAS PORTÁTILES”. Que, los recursos presupuestarios disponibles y autorizados para la presente Licitación son de un monto máximo de por $10.000.000.- (Diez millones de pesos) IVA incluido.";2025-03-18T12:05:47.2;2025-03-27T16:12:00;2025-04-07T17:15:20.42;;"CLP";0;0
1295444-4-LE25;"SERVICIO DE PRODUCCION DE CONTENIDO DIGITAL";"CORPORACION SOCIAL Y CULTURA DE CONCEPCION - SEMCO";"70.942.400-9";"CEMENTERIO GENERAL DE CONCEPCIÓN";"Avda. Rodolfo Briceño 1995, Lorenzo Arenas";"Concepción";"Región del Biobío ";"LE";"Desierta (o art. 3 ó 9 Ley 19.886)";"Se requiere contar con una agencia de marketing digital o similar, que nos provea el desarrollo oportuno del contenido audiovisual requerido por la dirección de Extensión - SEMCO, con el fin de cubrir tanto eventos o actividades, como objetivos de difusión comercial y cultural de la Corporación, además de implementar campañas de difusión en plataformas digitales con alcance entre Talca y Temuco, que se orienten a la promoción de nuestros servicios y a la captación de clientes, principalmente de Cementerio General y Crematorio de Concepción. Junto con esto, se requiere garantizar presencia publicitaria en medios de difusión escrita, digital y radial en la Región del Biobío.";2025-03-20T16:42:19.5;2025-04-01T17:00:00;2025-04-07T17:11:05.613;;"CLP";0;0
3260-9-LE25;"SERVICIOS ODONTOLOGICOS 2025";"I MUNICIPALIDAD DE RIO HURTADO";"69.041.000-1";"Departamento de Salud";"Unica Samo Alto  S/N";"Río Hurtado";"Región de Coquimbo ";"LE";"Desierta (o art. 3 ó 9 Ley 19.886)";"La Ilustre Municipalidad de Río Hurtado, llama a suscribir un contrato de Suministro y Servicio a través de  licitación Pública denominada “Servicios Odontológicos 2025”-.En el marco de salud, cuyos principios orientados apuntan a la Equidad, Participación, Descentralización y Satisfacción de los usuarios, de las prioridades programáticas, emanadas del Ministerio de Salud y la modernización de la Atención Primaria como pilar relevante en los procesos de cambio a un nuevo modelo de atención, el Ministerio de Salud ha decidido impulsar los siguientes programas odontológicos, los causales han sido suscritos entre la Ilustre Municipalidad de Río Hurtado y el Servicio de Salud de Coquimbo, los cuales son:  - Estrategia Sembrando Sonrisas - Estrategia Odontológico Integral  - Estrategia GES Odontológico  - Estrategia Mejoramiento al Acceso Odontológicos";2025-03-21T14:32:46.48;2025-04-03T15:09:00;2025-04-07T17:08:33.147;;"CLP";0;0
848-13-LE25;"RRFF -  RETIRO Y ENVÍO DE CORRESPONDENCIA";"JUNTA NACIONAL DE JARDINES         INFANTILES";"70.072.600-2";"Junji - VII Región";"calle 1 norte # 541  oficina 201";"Talca";"Región del Maule ";"LE";"Desierta (o art. 3 ó 9 Ley 19.886)";"E1O2RT9 SERVICIO DE RETIRO Y ENVÍO DE CORRESPONDENCIA Y ENCOMIENDAS PARA JARDINES INFANTILES Y OFICINAS PERTENECIENTES A LA JUNTA NACIONAL DE JARDINES INFANTILES, REGIÓN DEL MAULE.";2025-03-12T09:30:56.33;2025-03-24T15:00:00;2025-04-07T17:00:00;10500000;"CLP";0;0
1237725-1-LE25;"ADQUISICIÓN DE IMPLEMENTOS DEPORTIVOS DE LA CORPOR";"CORPORACION MUNICIPAL DE DEPORTES Y RECREACION SAN JAVIER DE LONCOMILLA";"65.207.878-8";"CORPORACION MUNICIPAL DE DEPORTES Y RECREACION SAN JAVIER DE LONCOMILLA";"Catedral 1383";"San Javier";"Región del Maule ";"LE";"Desierta (o art. 3 ó 9 Ley 19.886)";"ADQUISICIÓN DE MATERIALES DE IMPLEMENTACIÓN QUE SE DETALLAN EN ANEXO Y BASES TECNICAS";2025-03-20T16:10:34.98;2025-04-01T15:00:00;2025-04-07T16:48:17.063;7518030;"CLP";0;0
2018-5-LE25;"ADQUISICIÓN DE FRANJAS DE PROGRESO DE VUELO";"DIRECCION GENERAL DE AERONAUTICA CIVIL";"61.104.000-8";"UNIDAD DE COMPRA DASA";"San Pablo 8381";"Pudahuel";"Región Metropolitana de Santiago";"LE";"Desierta (o art. 3 ó 9 Ley 19.886)";"a)	Que, existe la necesidad, de la Dirección General de Aeronáutica Civil, de realizar la ADQUISICIÓN DE FRANJAS DE PROGRESO DE VUELO TERMOSENSIBLES Y PREPICADAS";2025-03-18T16:17:23.483;2025-03-28T15:01:00;2025-04-07T16:40:29.277;24999000;"CLP";0;0
1075963-86-LE25;"SEGUNDO LLAMADO: ADQUISICIÓN DE COMPRESOR INDUSTRIAL";"SERVICIO DE SALUD ARICA HOSP DR JUAN NOE CREVANI";"61.606.001-5";"Hospital Juan Noé";"18 septiembre N° 1000";"Arica";"Región de Arica y Parinacota";"LE";"Desierta (o art. 3 ó 9 Ley 19.886)";"SEGUNDO LLAMADO: ADQUISICIÓN DE COMPRESOR INDUSTRIAL";2025-03-19T13:32:07.003;2025-03-25T17:00:00;2025-04-07T16:27:19.347;;"CLP";0;0
4074-15-LE25;"ADQUISICIÓN DE ASTILLAS PARA UNIDADES EDUCATIVAS M";"I MUNICIPALIDAD DE YUMBEL";"69.150.902-8";"Depto. Educacion";"OHIGGINS N° 851 YUMBEL";"Yumbel";"Región del Biobío ";"LE";"Desierta (o art. 3 ó 9 Ley 19.886)";"ADQUISICIÓN DE 42.000 ASTILLAS PARA CALEFACCIÓN EN UNIDADES EDUCATIVAS MUNICIPALES DE LA COMUNA DE YUMBEL, CON CARGO A PRESUPUESTO MUNICIPAL 2025, DE ACUERDO A LO DETALLADO EN CLÁUSULA 15.";2025-03-20T09:26:43.04;2025-03-31T15:30:00;2025-04-07T16:17:10.2;;"CLP";0;0
966131-9-LQ25;"Cancha Cubierta Rene Schneider";"I MUNICIPALIDAD DE CASTRO";"69.230.400-4";"SECPLAN";"Blanco Encalada 273";"Castro";"Región de los Lagos ";"LQ";"Desierta (o art. 3 ó 9 Ley 19.886)";"La necesidad de recuperar, mejorar y dotar de equipamiento comunitario el espacio público correspondiente a la actual cancha perteneciente a la población Rene Schneider de la comuna de Castro.";2025-02-24T12:22:16.163;2025-03-17T15:00:00;2025-04-07T16:16:00;183475000;"CLP";0;0
3447-31-LE25;"Servicio de Vacunación a Trabajadores de la DMAO";"MUNICIPALIDAD DE ALTO HOSPICIO";"69.265.100-6";"Direccion de Administracion y Finanzas";"Av. Ramón Pérez Opazo N° 3125 Alto Hospicio";"Alto Hospicio";"Región de Tarapacá  ";"LE";"Desierta (o art. 3 ó 9 Ley 19.886)";"La Municipalidad de Alto Hospicio, llama a Licitación Pública a los proveedores del rubro para celebrar contrato de SERVICIO DE VACUNACIÓN PARA TRABAJADORES DE RECOLECCIÓN DE BASURA DOMICILIARIA Y VETERINARIOS DE LA DIRECCIÓN DE MEDIO AMBIENTE, ASEO Y ORNATO, esto debido a que se debe cumplir con la normativa vigente establecida en el decreto supremo N°15 del Ministerio de Salud Subsecretaria de Salud Pública y su reglamento sobre vacunación de trabajadores como profilaxis preexposición a la rabia. Lo anterior, de acuerdo a las características entregadas en las presentes Bases Administrativas y Técnicas adjuntas, en virtud de una mejor y eficiente Gestión Municipal.";2025-02-04T17:53:02.84;2025-02-13T10:00:00;2025-04-07T16:15:22.08;;"CLP";0;0
1039043-3-L125;"SERVICIOS DE ASEO AREA QUIRIHUE";"INSTITUTO DE DESARROLLO AGROPECUARIO";"61.307.000-1";"Unidad de Compra – Región de Ñuble";"Ortiz de Rosas 765";"Quirihue";"Región del Ñuble";"L1";"Desierta (o art. 3 ó 9 Ley 19.886)";"Servicios de aseo para las oficinas de Área Quirihue INDAP Región de Ñuble";2025-03-11T16:10:01.813;2025-03-18T15:30:00;2025-04-07T16:14:09.31;5973000;"CLP";0;0
1057541-3-LP25;"CONVENIO SUMINISTRO: INSUMOS DETERM. GLICEMIA";"DIRECCION SERVICIO DE SALUD TALCAHUANO";"61.607.200-5";"DIRECCION SERVICIO DE SALUD TALCAHUANO";"AVENIDA COLON N°3030";"Talcahuano";"Región del Biobío ";"LP";"Desierta (o art. 3 ó 9 Ley 19.886)";"CONVENIO SUMINISTRO: INSUMOS DETERM. GLICEMIA CONSIDERA: 364.500 CINTAS DE GLICEMIA Cintas reactivas para medir glucosa en sangre. Incluye en comodato junto a oferta por 364.500 Cintas:  + 364.500 Lancetas desechables comodato 1:1  + 700 Equipos Lanceteros y 700 Medidor Glicemia en comodato según cantidades de equipos indicados en bases y EE.TT.";2025-01-28T18:18:07.357;2025-02-07T18:25:00;2025-04-07T16:12:25.617;;"CLP";0;0
752651-1-LE25;"Servicio de Aseo TTA Temuco";"UNIDAD ADMINISTRADORA DE LOS TRIBUNALES TRIBUTARIOS Y ADUANEROS";"61.979.490-7";"T.T.A. Region de la Araucania";"Arturo Prat N° 847, oficina 203, Piso 2.";"Temuco";"Región de la Araucanía ";"LE";"Desierta (o art. 3 ó 9 Ley 19.886)";"Servicio de aseo para el inmueble destinado al funcionamiento del Tribunal Tributario y Aduanero de la Región de La Araucanía";2025-03-20T16:05:50.633;2025-04-02T15:30:00;2025-04-07T15:58:40.163;11880000;"CLP";0;0
3833-10-LQ25;"2do llamado: Sis. de Inf. de Gestión Municipal";"I MUNICIPALIDAD DE RIO BUENO";"69.201.000-0";"I MUNICIPALIDAD DE RIO BUENO";"COMERCIO #603 I MUNICIPALIDAD DE RÍO BUENO";"Río Bueno";"Región de Los Ríos";"LQ";"Desierta (o art. 3 ó 9 Ley 19.886)";"2DO LLAMADO: CONTRATO DE SUMINISTRO, MANTENCIÓN, ARRIENDO Y PROVISIÓN DE SISTEMA DE INFORMACIÓN DE GESTIÓN MUNICIPAL";2025-03-20T16:57:45.02;2025-03-31T15:00:00;2025-04-07T15:41:58.043;;"CLF";0;0
3328-8-LR25;"Servicios Médicos y de Apoyo Clínico";"FUERZA AEREA DE CHILE COMANDO LOGISTICO";"61.103.007-K";"Hospital Clinico   General Dr. Raúl Yazigi J.";"Avenida Las Condes Nº 8631";"Las Condes";"Región Metropolitana de Santiago";"LR";"Desierta (o art. 3 ó 9 Ley 19.886)";"Contratar servicios médicos y de apoyo clínico para cubrir la atención de pacientes.";2025-01-30T14:13:30.537;2025-03-03T15:00:00;2025-04-07T15:30:00;500000000;"CLP";0;0
4443-2-LE25;"ADQUISICIÓN DE COMBUSTIBLE MUSEO REGIONAL DE ANCUD";"SERVICIO NACIONAL DEL PATRIMONIO CULTURAL";"60.905.000-4";"Coord. Bibliotecas Públicas Región de Los Lagos";"Quillota N° 113 piso 3";"Puerto Montt";"Región de los Lagos ";"LE";"Desierta (o art. 3 ó 9 Ley 19.886)";"ADQUISICIÓN DE COMBUSTIBLE PARA SISTEMA DE CALEFACCIÓN CENTRAL DEL MUSEO REGIONAL DE ANCUD";2025-03-11T10:19:01.52;2025-03-24T15:34:00;2025-04-07T15:35:00;;"CLP";0;0
744835-26-L125;"SERVICIO DE REPARACIÓN DE MINI RETROEXCAVADORA";"I MUNICIPALIDAD DE LO ESPEJO";"69.255.100-1";"Departamento de Adquisiciones";"Av. Cardenal Raúl Silva Henríquez N° 8321";"Lo Espejo";"Región Metropolitana de Santiago";"L1";"Desierta (o art. 3 ó 9 Ley 19.886)";"DE ACUERDO A SOL. DEMAT. N 1100-39-17-017-2025 DE DIR. DE SERV. GENERALES";2025-02-24T16:29:05.703;2025-03-03T15:30:00;2025-04-07T15:27:25.693;;"CLP";0;0
1049-24-LE25;"ADQUISICION DE PINTURA NAVAL CARENA DEL BUQUE CIENTIFICO ABATE MOLINA AÑO 2025";"INSTITUTO DE FOMENTO PESQUERO";"61.310.000-8";"IFOP";"Blanco 839";"Valparaíso";"Región de Valparaíso ";"LE";"Desierta (o art. 3 ó 9 Ley 19.886)";"VER RESOLUCIÓN N°040: ADQUISICION DE PINTURA NAVAL CARENA DEL BUQUE CIENTIFICO ABATE MOLINA AÑO 2025.";2025-03-14T17:03:00;2025-03-27T15:30:00;2025-04-07T15:15:58.847;;"CLP";0;0
670-3-LE25;"CONTRATAR EL SERVICIO DE AVISAJE";"MINISTERIO DE BIENES NACIONALES";"61.402.016-4";"SEREMI de Valparaíso";"PSJE MELGAREJO Nº 669, PISO 8";"Valparaíso";"Región de Valparaíso ";"LE";"Desierta (o art. 3 ó 9 Ley 19.886)";"CONTRATAR EL SERVICIO DE AVISAJE DE CASOS PARA LA PUBLICACIÓN EN MEDIOS DE PRENSA ESCRITA Y DIGITAL DE MAYOR CIRCULACIÓN REGIONAL";2025-03-13T18:01:40.007;2025-03-24T19:48:00;2025-04-07T15:21:45.427;;"CLP";0;0
1057489-7-LE25;"Convenio de Suministro de Bolsa para Enema Radiológica por 24 meses para Hospital del Salvador";"SERVICIO DE SALUD ORIENTE HOSPITAL DEL SALVADOR";"61.608.406-2";"Bienes y Servicios";"AV SALVADOR 364";"Providencia";"Región Metropolitana de Santiago";"LE";"Desierta (o art. 3 ó 9 Ley 19.886)";"Que, el Hospital del Salvador necesita contar con un Convenio de Suministro de Bolsa para Enema Radiológica por 24 meses para Hospital del Salvador con la finalidad de satisfacer de manera adecuada y eficiente la labor asistencial;  Que, por la cuantía determinada, la presente licitación se ubica en el tramo para aquellas contrataciones iguales o superiores a 100 UTM e inferiores a 1.000 UTM, en conformidad al Artículo 36º del Reglamento de la Ley Nº19.886; Que, hechas las consultas respectivas, la provisión de Convenio de Suministro de Bolsa para Enema Radiológica por 24 meses para Hospital del Salvador no se encuentra disponible por Convenio Marco ofrecidos en el Sistema de Información de la Dirección de Compras, www.mercadopublico.cl;";2025-01-08T17:18:10.443;2025-01-20T15:10:00;2025-04-07T15:13:00;15000000;"CLP";0;0
1723-15-LE25;"Suministro servicio de Banqueteria 2025-2026";"I MUNICIPALIDAD DE LOS LAGOS";"69.200.600-3";"Ilustre Municipalidad de los Lagos";"san martin n° 1 comuna de los lagos ( municipalida";"Los Lagos";"Región de Los Ríos";"LE";"Desierta (o art. 3 ó 9 Ley 19.886)";"Contrato 2025-2026, suministro servicio de banqueteria, según bases especiales administrativas y generales adjuntas.";2025-03-14T10:42:03.073;2025-03-24T15:04:00;2025-04-07T15:05:00;40000000;"CLP";0;0
2296-20-LE25;"CONTRATACIÓN DE SERVICIO TECNICO VETERINARIO PROGRAMA MUNICIPAL ESTERILIZACION GRAUITA 2025";"I MUNICIPALIDAD DE CONCHALI";"69.070.200-2";"Depto. Adquisiciones";"Independencia 3499";"Conchalí";"Región Metropolitana de Santiago";"LE";"Desierta (o art. 3 ó 9 Ley 19.886)";"CONTRATACIÓN DE SERVICIO TECNICO VETERINARIO PARA EJECUCION DE PROGRAMA MUNICIPAL DE ESTERILIZACIÓN GRATUITA DEL DEPARTAMENTO DE ZOONOSIS.";2025-03-20T12:54:00;2025-04-01T09:30:00;2025-04-07T13:29:30.237;;"CLP";0;0
4044-15-LE25;"LP ADQUISICION DE ROLLOS PAPEL WC Y  PAPEL NOVA";"I MUNICIPALIDAD DE ISLA DE PASCUA";"69.061.800-1";"Adquisiciones";"ATAMU TEKENA S/N";"Isla De Pascua";"Región de Valparaíso ";"LE";"Desierta (o art. 3 ó 9 Ley 19.886)";"LP ADQUISICION DE ROLLOS PAPEL WC Y ROLLOS PAPEL NOVA INDUSTRIAL PARA BODEGA DE ABASTECIMIENTO 2025";2025-03-11T14:05:35.033;2025-03-21T16:36:00;2025-04-07T13:05:00.883;;"CLP";0;0
3573-15-LE25;"servicio de reparación cargador frontal municipal";"I MUNICIPALIDAD DE PANGUIPULLI";"69.201.200-3";"Secretaria Comunal de Planificación";"BERNARDO O'HIGGINS 	793";"Panguipulli";"Región de Los Ríos";"LE";"Desierta (o art. 3 ó 9 Ley 19.886)";"servicio de reparación cargador frontal municipal, segun antecedentes adjuntos";2025-03-19T13:57:01.327;2025-03-26T17:00:00;2025-04-07T12:58:50.7;15966387;"CLP";0;0
1660-33-L125;"COMPRA DE SERVICIOS DE PODOLOGÍA PARA EL PROGRAMA DE SALUD CARDIOVASCULAR, POR 480 PRESTACIONES EJECUTADAS AÑO 2025";"SERVICIO SALUD COQUIMBO HOSP DE SALAMANC";"61.606.408-8";"SERVICIO SALUD COQUIMBO HOSP DE SALAMANC";"AVDA. INFANTE N891";"Salamanca";"Región de Coquimbo ";"L1";"Desierta (o art. 3 ó 9 Ley 19.886)";"COMPRA DE SERVICIOS DE PODOLOGÍA PARA EL PROGRAMA DE SALUD CARDIOVASCULAR, POR 480 PRESTACIONES EJECUTADAS AÑO 2025";2025-03-21T09:59:44.85;2025-03-28T12:58:00;2025-04-07T12:58:00;4800000;"CLP";0;0
3156-20-LE25;"MATERIALES PARA CONFECCIÓN DE ROPEROS GTES. ";"DIRECCION DE ABASTECIMIENTO DE LA ARMADA";"61.102.024-4";"ESCUELA DE GRUMETES";"AVENIDA GRUMETE TELLEZ S/N";"Talcahuano";"Región del Biobío ";"LE";"Desierta (o art. 3 ó 9 Ley 19.886)";"ARTÍCULOS SEGÚN ANEXO ENTREPUENTE, PROVEEDOR DEBE OFERTAR LA TOTALIDAD DE LOS ÍTEMES, DEBE COMPLETAR Y SUBIR ANEXO INDICANDO LA TOTALIDAD DE LO REQUERIDO, ADJUNTAR CERTIFICADO DE HABILIDAD CON FECHA DE LA OFERTA, SE REQUIERE DESPACHO CON FLETE INCLUIDO Y ENTREGA EN ISLA QUIRIQUINA TALCAHUANO. SE RECHAZARÁN OFERTAS QUE NO COMPLETEN Y SUBAN ANEXO TIMONEL CON CARACTERÍSTICAS TÉCNICAS, ADEMÁS DEL CERTIFICADO DE HABILIDAD EXIGIDO. NO COMPLETAR ARCHIVO ADJUNTO SERÁ CAUSAL DE RECHAZO.";2025-03-21T12:25:40.817;2025-03-28T15:01:00;2025-04-07T12:34:28.28;;"CLP";0;0
3326-19-LE25;"ADQUISICIÓN DE DOS 2 CAMIONETAS PARA LA SECCIÓN HIGIENE AMBIENTAL ANIMAL Y CONTROL DE VECTORES V.3 DEL DEPARTAMENTO FOMENTO EQUINO L.4 CON CARGO AL FONDO ROTATIVO DE ABASTECIMIENTO F.O.R.A SEGÚN BASES ADMINISTRATIVAS Y TÉCNICAS";"DIRECCION DE LOGISTICA DE CARABINEROS";"61.938.500-4";"Depto.Transportes L.3";"Vivaceta Nro. 2700";"Independencia";"Región Metropolitana de Santiago";"LE";"Desierta (o art. 3 ó 9 Ley 19.886)";"ADQUISICIÓN DE DOS (2) CAMIONETAS PARA LA SECCIÓN HIGIENE AMBIENTAL ANIMAL Y CONTROL DE VECTORES (V.3), DEL DEPARTAMENTO FOMENTO EQUINO L.4, CON CARGO AL FONDO ROTATIVO DE ABASTECIMIENTO (F.O.R.A), SEGÚN BASES ADMINISTRATIVAS Y TÉCNICAS";2025-03-13T16:49:09.333;2025-03-27T15:25:00;2025-04-07T12:31:56.623;51600000;"CLP";0;0
966131-12-LE25;"“Servicio de Publicidad y Difusión Radial de diversas actividades municipales 2025-2026 en radioemisora AM y FM de la comuna de Castro” línea N°3 ";"I MUNICIPALIDAD DE CASTRO";"69.230.400-4";"SECPLAN";"Blanco Encalada 273";"Castro";"Región de los Lagos ";"LE";"Desierta (o art. 3 ó 9 Ley 19.886)";"La presente licitación consiste en la “Servicio de Publicidad y Difusión Radial de diversas actividades municipales 2025-2026, en radioemisora AM y FM de la comuna de Castro”, todo según los antecedentes adjuntos en el portal www.mercadopublico.cl.";2025-03-07T14:39:00;2025-03-18T19:56:00;2025-04-07T12:15:56.877;9996000;"CLP";0;0
1070620-32-LE25;"SOC SERV DE TRANPORTE TERRESTRE DE PASAJEROS";"HOSPITAL DOCTOR ERNESTO TORRES GALDAMES";"62.000.530-4";"Hospital Dr. Ernesto Torres Galdames";"Av. Héroes de la Concepción 502";"Iquique";"Región de Tarapacá  ";"LE";"Desierta (o art. 3 ó 9 Ley 19.886)";"La necesidad u objetivo de la presente contratación se sustenta en la adquisición de Pasajes en bus vía terrestre para pacientes que son derivados a otros centros asistenciales ubicados en la ciudad de Arica y Antofagasta para resolución de sus patologías, con la finalidad de entregar una atención oportuna a pacientes considerando el aumento en atenciones y prestaciones ejecutadas actualmente.";2025-02-13T13:09:31.11;2025-02-24T15:00:00;2025-04-07T12:00:00;;"CLP";0;0
4256-7-LE25;"SERVICIOS DE INTERNET CESFAM SAN FABIAN";"I MUNICIPALIDAD DE SAN FABIAN";"69.140.700-4";"Salud";"21de Mayo s/n";"San Fabián";"Región del Ñuble";"LE";"Desierta (o art. 3 ó 9 Ley 19.886)";"Convenio de Suministro Servicios de Internet, Centro de Salud Familiar San Fabián, para 36 meses.";2025-03-13T09:20:36.427;2025-03-24T18:40:00;2025-04-07T11:59:26.773;9000000;"CLP";0;0
2111-89-LE25;"SUMINISTRO DE EPINEFRINA 1MG 1ML";"HOSPITAL DE URGENCIA ASISTENCIA PUBLICA DR ALEJANDRO DEL RIO";"61.608.602-2";"Hospital de Urgencia Asistencia Pública";"Curico N°345 Bodega Central";"Santiago";"Región Metropolitana de Santiago";"LE";"Desierta (o art. 3 ó 9 Ley 19.886)";"ADQUISICIÓN DEL SUMINISTRO DE EPINEFRINA 1MG 1ML PARA EL HOSPITAL DE URGENCIA ASISTENCIA PUBLICA POR 36 MESES.";2025-03-20T09:33:48.527;2025-03-26T15:01:00;2025-04-07T11:56:59.407;;"CLP";0;0
1247197-3-LQ25;"Servicios de Impresión Copia y Escaneo";"CORP MUNICIPAL DE CONCHALI DE EDUCACION SALUD Y ATENCION DE MENORES";"70.878.100-2";"Planificación";"Juan Muñoz 4645";"Conchalí";"Región Metropolitana de Santiago";"LQ";"Desierta (o art. 3 ó 9 Ley 19.886)";"La Corporación Municipal de Conchalí, requiere contratar un servicio integral de impresión, copia y escaneo, que incluya impresoras nuevas y sin uso, para cubrir las necesidades de la Corporación por un periodo de 24 meses y con un total de 81 dispositivos.  Res. Aprueba Bases 32-2025.  Memorandúm 486-2024 y 2175-2024.";2025-02-06T15:12:00;2025-02-18T13:00:00;2025-04-07T11:29:29.883;173140000;"CLP";0;0
2354-9-LE25;"SERVICIO DE PRODUCCIÓN OBRA “REUNIÓN DE APODERADOS” ";"I MUNICIPALIDAD DE PUNTA ARENAS";"69.250.200-0";"Dirección de Desarrollo Comunitario";"Independencia #830";"Punta Arenas";"Región de Magallanes y de la Antártica";"LE";"Desierta (o art. 3 ó 9 Ley 19.886)";"La Ilustre Municipalidad de Punta Arenas, a través de la Dirección de Desarrollo Comunitario, requiere contratar el SERVICIO DE PRODUCCIÓN DE EVENTOS, PARA LA PRESENTACIÓN DE LA OBRA “REUNIÓN DE APODERADOS” EN EL MARCO DE LA CARTELERA CULTURAL 2025, con la finalidad de brindar a la comunidad un espectáculo cultural y gratuito";2025-03-21T10:09:24.61;2025-04-02T11:00:00;2025-04-07T11:20:34.16;15000000;"CLP";0;0
2159-4-LE25;"SALUD-SUMINISTRO REPUESTOS TALLER MECANICO 2025";"CORP MUNICIPAL DE PANGUIPULLI";"71.016.300-6";"CMP";"Sor Mercedes 136";"Panguipulli";"Región de Los Ríos";"LE";"Desierta (o art. 3 ó 9 Ley 19.886)";"SALUD - CONTRATO SUMINISTRO ACCESORIOS, INSUMOS Y REPUESTOS TALLER MECÁNICO AÑO 2025 PARA LA CORPORACIÓN MUNICIPAL DE PANGUIPULLI";2025-03-21T16:03:52.073;2025-04-03T09:00:00;2025-04-07T10:54:01.387;;"CLP";0;0
2273-14-LE25;"SUMINISTRO DE SERVICIO DE BANQUETERÍA Y ALIMENTACIÓN";"I MUNICIPALIDAD DE LA PINTANA";"69.253.800-5";"DEPARTAMENTO ADQUISICIONES MUNICIPAL";"El Olivar N° 02595 Paradero 47 Sta. Rosa, . RECEPCION DE LUNES A VIERNES DE 8:30 A 13:30 HRS. FONO 223896941-6942-6943-";"La Pintana";"Región Metropolitana de Santiago";"LE";"Desierta (o art. 3 ó 9 Ley 19.886)";"SUMINISTRO DE SERVICIO DE BANQUETERÍA Y ALIMENTACIÓN";2025-03-17T15:46:54.23;2025-03-27T12:00:00;2025-04-07T10:52:04.36;8432000;"CLP";0;0
4593-2-LE25;"Servicio de Aseo Museo Regional de Atacama";"SERVICIO NACIONAL DEL PATRIMONIO CULTURAL";"60.905.000-4";"MUSEO REGIONAL DE ATACAMA";"Atacama N° 98";"Copiapó";"Región de Atacama ";"LE";"Desierta (o art. 3 ó 9 Ley 19.886)";"Servicio de Aseo Museo Regional de Atacama atacama 98";2025-02-27T18:04:12.35;2025-03-07T10:00:00;2025-04-07T10:31:54.793;14100000;"CLP";0;0
4726-3-LE25;"AUDITORÍA INTEGRAL PROCESOS CONTRATACIÓN UMCE";"UNIVERSIDAD METROPOLITANA DE CIENCIAS DE LA EDUCACION";"60.910.047-8";"UNIVERSIDAD METROPOLITANA DE CIENCIAS DE LA EDUCAC";"Av. Jose Pedro Alessandri 774";"Ñuñoa";"Región Metropolitana de Santiago";"LE";"Desierta (o art. 3 ó 9 Ley 19.886)";"La Universidad Metropolitana de Ciencias de la Educación UMCE requiere contratar los servicios de auditoría respecto de sus procesos de contratación pública efectuados durante los períodos 2018 y 2024, verificando el cumplimiento de la normativa vigente entre los períodos de muestra ya indicados.";2025-03-13T17:11:00;2025-03-24T17:00:00;2025-04-07T10:19:15.037;10000000;"CLP";0;0
885-19-LE25;"Soporte y Mantenimiento de Plataforma de Seguridad por un periodo de 12 meses.";"CONTRALORIA GENERAL DE LA REPUBLICA";"60.400.000-9";"Contraloría General de la República";"";"";"Región Metropolitana de Santiago";"LE";"Desierta (o art. 3 ó 9 Ley 19.886)";"La Contraloría General de la República requiere contratar servicios de soporte y mantenimiento para su plataforma de seguridad, que abarcan equipos y licencias de infraestructuras BIG-IP LTM y BIG-IP ASM, para la zona productiva. La prestación de servicios se llevará a cabo en los datacenter de la Contraloría ubicados en las ciudades de Santiago, calle teatinos 56, y Valparaíso, ubicado en calla Edwards 699.";2025-03-06T12:52:00;2025-03-21T16:00:00;2025-04-07T10:08:29.36;16000000;"CLP";0;0
2446-18-LP25;"RECAMBIO MASIVO LUMINARIAS Y MEJO. ILUMINACIÓN PUB";"I MUNICIPALIDAD DE COQUIMBO";"69.040.300-5";"IMUNI_COQUIMBO";"BILBAO 348";"Coquimbo";"Región de Coquimbo ";"LP";"Desierta (o art. 3 ó 9 Ley 19.886)";"El proyecto considera la intervención de dos polígonos del Barrio Las Torres por medio del recambio de las actuales luminarias y la instalación de postes y luminarias en 3 áreas verdes del sector.   El primer proyecto, contempla una intervención del polígono comprendido entre Av. Salvador Allende, Las Ligustrinas, Av. Alessandri, Los copihues y Eugenio Marzal, denominado “Recambio Masivo de Luminarias” el que considera el reemplazo de las actuales luminarias SAP por luminarias LED. El segundo, una intervención en 3 áreas verdes del sector, denominado “Mejoramiento Iluminación Pública” el que considera la instalación de postes y luminarias ornaméntales para aumentar los niveles de luminosidad de los espacios públicos a intervenir.";2025-01-29T16:54:00;2025-02-25T15:30:00;2025-04-07T10:05:32.94;;"CLP";0;0
523059-2-LP25;"SERVICIO DE VIGILANCIA PARA EL OVDAS TEMUCO";"SERVICIO NACIONAL DE GEOLOGIA Y MINERIA";"61.702.000-9";"OVDAS";"Rudecindo Ortega 03850";"Temuco";"Región de la Araucanía ";"LP";"Desierta (o art. 3 ó 9 Ley 19.886)";"El Servicio Nacional de Geología y Minería requiere contar con el servicio de personal especializado en materia de seguridad, respondiendo en forma eficiente en el control de acceso a las distintas dependencias de la Institución, funciones de apoyo que son necesarias para mejorar la calidad y eficiencia de las tareas involucradas en el logro de los objetivos institucionales. Dicho servicio, se requiere para la sede del SERNAGEOMIN de la Región de La Araucanía, ubicada en Avenida Rudecindo Ortega 03850, Temuco.";2025-02-17T11:43:05.193;2025-03-10T15:01:00;2025-04-07T09:07:25.29;;"CLP";0;0
1641-499-LE24;"DGC - SUMINISTRO DE GANCICLOVIR";"SERVICIO DE SALUD OCCIDENTE HOSPITAL SAN JUAN DE DIOS";"61.608.204-3";"SERVICIO DE SALUD OCCIDENTE HOSPITAL SAN JUAN DE D";"Avda Compañía de Jesús 3265";"Santiago";"Región Metropolitana de Santiago";"LE";"Desierta (o art. 3 ó 9 Ley 19.886)";"El objeto de la presente licitación es la adquisición de SUMINISTRO DE GANCICLOVIR según el siguiente detalle: ÍTEM CÓDIGO INTERNO DESCRIPCIÓN UNIDAD DE MEDIDA CANTIDAD ESTIMADA 1 01-001-213-067 GANCICLOVIR 500 MG POLV LIOF FA FRASCO AMPOLLA 1800 Al momento de adjudicar, el hospital podrá aumentar o disminuir hasta en un 30% de las cantidades estimadas en las presentes bases de licitación, conforme a los presupuestos disponibles, y sin alterar el principio de estricta sujeción a las bases de igualdad de los oferentes. (*) Se deja constancia que las cantidades de productos o servicios son de flujo variables, no comprometiendo el Hospital a adquirir cantidades determinadas de manera periódica, por lo que en ningún caso se fijará stock mínimo de compra, ni tampoco totales, por lo que el o los adjudicatarios estarán imposibilitados de señalar cantidades mínimas para su despacho. Asimismo, se hace presente que la adjudicación de este proceso de licitación se realizará por ítem individualizado, por lo cual cada proveedor podrá ofertar por un ítem de los señalados en este punto, por más de uno o por la totalidad de los mismos, correspondiendo cada ítem a una línea de producto o servicio. En aquellos casos en los que se presenten sub ítems, el oferente deberá postular a la totalidad de los sub ítems con respecto al ítem que los contiene. Todos los sub ítems deberán ser adjudicados en conjunto y a un solo proveedor, de lo contrario, la oferta será declarada inadmisible. El proveedor deberá ofertar, incluyendo todos los costos asociados, traslados o fletes, embalaje, seguros, impuestos, etc., hasta su recepción conforme en el Hospital. La oferta a través de la Plataforma Mercado Público deberá efectuarse por el valor neto (Sin IVA).";2024-11-11T16:40:48.437;2024-11-21T16:00:00;2025-04-07T08:26:00.69;;"CLP";0;0
3158-4-L125;"ADQUISICIÓN DE BUZO TÉRMICO GRIS/NEGRO ";"DIRECCION DE ABASTECIMIENTO DE LA ARMADA";"61.102.104-6";"ESTACION NAVAL DE ISLA DAWSON";"Avenidad 16 de junio s/n";"Viña del Mar";"Región de Valparaíso ";"L1";"Desierta (o art. 3 ó 9 Ley 19.886)";"ADQUISICIÓN DE BUZO TÉRMICO GRIS/NEGRO";2025-03-11T15:15:26.007;2025-03-17T15:00:00;2025-04-07T08:07:59.787;1024264;"CLP";0;0
673634-1-LE25;"Servicio aseo y limpieza SENDA ARICA Y PARINACOTA";"SERVICIO NACIONAL PARA LA PREVENCION Y REHABILITACION DEL CONSUMO DE D";"61.980.170-9";"SENDA-DIRECCION REGIONAL ARICA Y PARINACOTA";"Agustinas 1235, piso 9, Santiago";"Santiago Centro";"Región de Arica y Parinacota";"LE";"Desierta (o art. 3 ó 9 Ley 19.886)";"“SENDA” llama a Licitación Pública para la contratación del servicio de aseo, desinfección, sanitización y aromatización para la Dirección Nacional del Servicio Nacional para la Prevención y Rehabilitación del Consumo de Drogas y Alcohol, SENDA, ubicada en Magallanes Nº 1631";2025-02-11T10:26:28.283;2025-02-21T19:00:00;2025-04-08T20:00:00;15000000;"CLP";0;0
4803-10-LQ25;"SERVICIOS DE MANEJO Y GESTION INTEGRAL DE RESIDUOS";"SENADO DE LA REPUBLICA";"60.201.000-7";"Senado de la República de Chile";"MORANDE 441 SENADO SANTIAGO - T.22-5196788";"Santiago Centro";"Región de Valparaíso ";"LQ";"Desierta (o art. 3 ó 9 Ley 19.886)";"LICITACIÓN PÚBLICA PARA CONTRATAR LOS SERVICIOS DE MANEJO Y GESTIÓN INTEGRAL DE RESIDUOS PARA LAS DEPENDENCIAS DEL SENADO EN LOS EDIFICIOS DEL CONGRESO NACIONAL DE VALPARAÍSO Y SANTIAGO.";2025-02-06T22:23:00;2025-03-20T16:00:00;2025-04-08T08:26:07.697;;"CLP";0;0
3325-7-L125;"MANTENCION DE FRENOS PDI COYHAIQUE";"POLICIA DE INVESTIGACIONES DE CHILE";"60.506.000-5";"LOGISTICA COYHAIQUE";"AVENIDA GENERAL BAQUEDANO N° 511, COYHAIQUE";"Coyhaique";"Región Aysén del General Carlos Ibáñez del Campo";"L1";"Desierta (o art. 3 ó 9 Ley 19.886)";"CONTRATO DE SUMINISTRO PARA MANTENCION DEL SISTEMA DE FRENOS DE LOS VEHICULOS POLICIALES DE CARGO DE LA REGIÓN POLICIAL DE AYSÉN";2025-03-17T15:53:12.23;2025-04-01T09:00:00;2025-04-08T08:06:02.12;6800000;"CLP";0;0
5558-10-LE25;"SERVICIO DE ATENCIÓN PARA PARTICIPANTES EN ACTIVIDADES DE CAPACITACIÓN BENEFICIARIOS DE LA LEY 16.744 Y PARTICIÁCIÓN CIUDADANA DEL INSTITUTO DE SEGURIDAD LABORAL EN LA REGIÓN DE LA ARAUCANIA.";"INSTITUTO DE SEGURIDAD LABORAL";"61.533.000-0";"ISL Región de la Araucanía";"Andrés Bello N° 190 Temuco";"Temuco";"Región de la Araucanía ";"LE";"Desierta (o art. 3 ó 9 Ley 19.886)";"Se requiere la contratación de “Servicios de Atención para Participantes en Actividades de Capacitación Beneficiarios de la Ley 16.744 y Participación Ciudadana, del Instituto de Seguridad Laboral, en la Región de La Araucanía.” conforme lo establecido en las presentes Bases Técnicas. Con este programa se pretende crear una cultura preventiva y de autocuidado en cada uno de los trabajadores participantes, pertenecientes al Servicio Públicos y Empresas Privadas, adheridos al Instituto de Seguridad Laboral Organismo administrador de Ley 16.744 de Accidentes del Trabajo y Enfermedades Profesionales. E102R89.";2025-03-21T13:47:10.443;2025-03-31T15:00:00;2025-04-08T09:46:06.457;36500000;"CLP";0;0
1050283-5-L125;"SUMINISTRO DE PAN OFICINA ADULTO MAYOR";"I MUNICIPALIDAD DE SAN VICENTE";"69.081.000-k";"Unidad de Compras Municipal";"Arturo Prat N°921 interior";"San Vicente de Tagua Tagua";"Región del Libertador General Bernardo O´Higgins";"L1";"Desierta (o art. 3 ó 9 Ley 19.886)";"SE SOLICITA CONTRATAR UN SUMINISTRO DE PAN PARA PERSONAS PERTENECIENTES A CENTRO ABIERTO, SEGUN DOCUMENTACION ADJUNTA";2025-03-31T17:58:14.743;2025-04-07T17:46:00;2025-04-08T17:47:00;;"CLP";0;0
2992-18-LE25;"Cables de conexión discos duros y otros";"I MUNICIPALIDAD DE MONTEPATRIA";"69.040.800-7";"I MUNICIPALIDAD DE MONTEPATRIA";"DIAGUITAS N°31";"Monte Patria";"Región de Coquimbo ";"LE";"Desierta (o art. 3 ó 9 Ley 19.886)";"Cables de conexión, discos duros y otros para establecimientos educacionales";2025-03-28T11:37:07.437;2025-04-07T18:36:00;2025-04-08T18:37:00;;"CLP";0;0
966539-7-LE25;"INSTALACION DE LUMINARIAS PUBLICAS COMUNA DE MARCHIGUE";"I MUNICIPALIDAD DE MARCHIGUE";"69.091.300-3";"Secretaría Comunal de Planificación";"Libertad N°490";"Marchigue";"Región del Libertador General Bernardo O´Higgins";"LE";"Desierta (o art. 3 ó 9 Ley 19.886)";"SE REQUIERE CONTRATAR LA EJECUCION DEL PROYECTO  INSTALACION DE LUMINARIAS PUBLICAS, COMUNA DE MARCHIGUE";2025-03-12T16:14:13.503;2025-03-24T15:30:00;2025-04-08T18:00:00;42000000;"CLP";0;0
2296-22-LE25;"CONTRATACION DE SERVICIO MEDICO VETERINARIO PROGRAMA MUNICIPAL ESTERILIZACION GRATUITA 2025.";"I MUNICIPALIDAD DE CONCHALI";"69.070.200-2";"Depto. Adquisiciones";"Independencia 3499";"Conchalí";"Región Metropolitana de Santiago";"LE";"Desierta (o art. 3 ó 9 Ley 19.886)";"CONTRATACION DE SERVICIO MEDICO VETERINARIO PARA EJECUCION DE PROGRAMA MUNICIPAL DE ESTERILIZACION GRATUITA DEL DEPARTAMENTO DE ZOONOSIS.";2025-03-20T13:36:00;2025-04-02T15:00:00;2025-04-08T17:30:00;;"CLP";0;0
1070620-37-LP25;"rfm Ser. Mant. Prev-Correct. Eq. Climatización";"HOSPITAL DOCTOR ERNESTO TORRES GALDAMES";"62.000.530-4";"Hospital Dr. Ernesto Torres Galdames";"Av. Héroes de la Concepción 502";"Iquique";"Región de Tarapacá  ";"LP";"Desierta (o art. 3 ó 9 Ley 19.886)";"rfm Servicio de Mantenimiento Preventivo y Correctivo de Equipos de Climatización CHILLER, UMAS y VEX para el HETG Rex. 349 de 18FEB2025";2025-02-19T14:54:47.157;2025-03-11T15:00:00;2025-04-08T15:00:00;;"CLP";0;0
3979-5-L125;"CONCESIÓN KIOSKOS SALUDABLES ESCUELAS Y LICEO DAEM";"I MUNICIPALIDAD DE PEUMO";"69.080.900-1";"Educación";"Carmen 37";"Peumo";"Región del Libertador General Bernardo O´Higgins";"L1";"Desierta (o art. 3 ó 9 Ley 19.886)";"El Departamento de Administración de Educación Municipal de Peumo, llama a presentar ofertas para adquirir el servicio de CONCESIÓN DE KIOSCOS ESCOLARES SALUDABLES PARA ESCUELA ANTONIO DE ZÚÑIGA, LICEO JEAN BUCHANAN DE LARRAÍN, ESCUELA ALCALDE GUILLERMO BURMESTER Y COLEGIO ROSARIO AÑO ESCOLAR  2025.";2025-03-31T15:17:08.947;2025-04-07T15:01:00;2025-04-08T15:46:00;1;"CLP";0;0
617807-40-CO25;"ADQUISICION DE PRESTACION DE SERVICIOS E ARSENLAEROS Y ANESTESISTAS PARA INTERVENCIONES FUERA DE HORARIO";"SERV NAC SALUD HOSPITAL DE LOS ANDES";"61.602.036-6";"Hospital San Juan de Dios de Los Andes";"Avda. Argentina 315";"Los Andes";"Región de Valparaíso ";"CO";"Desierta (o art. 3 ó 9 Ley 19.886)";"Las presentes Bases Administrativas y Bases Técnicas tienen por objeto la “ADQUISICION DE PRESTACION DE SERVICIOS DE ARSENALEROS Y TENS ANESTESISTAS PARA INTERVENCIONES QUIRURGICAS FUERA DE HORARIO” Para estos efectos, y a partir de las presentes Bases de Licitación, se establecen las disposiciones que regirán este proceso concursal.";2025-03-18T17:04:28.243;2025-03-24T15:15:00;2025-04-08T18:00:00;;"CLP";0;0
4113-14-LQ25;"CONSTRUCCIÓN DE 27 KM DECICLOVIA EN SECTOR URBANO";"ILUSTRE MUNICIPALIDAD MELIPEUCO";"70.766.500-9";"Finanzas";"PEDRO AGUIRRE CERDA	  14";"Melipeuco";"Región de la Araucanía ";"LQ";"Desierta (o art. 3 ó 9 Ley 19.886)";"La presente licitación tiene por objeto la contratación para la ejecución de la obra de construcción descrita en las bases administrativas, especificaciones técnicas, consultas, aclaraciones y demás antecedentes de la misma.";2025-01-31T14:59:24.71;2025-02-20T15:00:00;2025-04-08T09:31:01.627;;"CLP";0;0
1057491-35-LE25;"SERVICIO DE AMBULANCIAS PARA TRASLADO DE PACIENTES";"SERVICIO DE SALUD ORIENTE HOSPITAL LUIS CALVO MACKENNA";"61.608.408-9";"Bienes y Servicios";"ANTONIO VARAS 360 (CENTRO DE DISTRIBUCIÓN)";"Providencia";"Región Metropolitana de Santiago";"LE";"Desierta (o art. 3 ó 9 Ley 19.886)";"CONTRATACIÓN, POR SISTEMA DE SUMINISTRO DEL SERVICIO DE AMBULANCIAS PARA EL TRASLADO DE PACIENTES PEDIÁTRICOS Y NEONATALES, PARA EL HOSPITAL DOCTOR LUIS CALVO MACKENNA";2025-02-24T19:02:00;2025-03-11T15:00:00;2025-04-08T20:00:00;60000000;"CLP";0;0
1962-10-LE25;"E102RT9_SS. de aseo dependencias Región Coquimbo";"DIRECCION GENERAL DE GENDARMERIA DE CHIL";"61.004.012-8";"Región de Coquimbo";"Cienfuegos N°289";"La Serena";"Región de Coquimbo ";"LE";"Desierta (o art. 3 ó 9 Ley 19.886)";"E102RT9_Servicio de aseo dependencias Dirección Regional Coquimbo, USEP Coquimbo, Policlínico del Personal, C.A.I.S, IP-IRC La Serena y CRS Illapel.";2025-03-12T17:33:51.817;2025-03-25T15:00:00;2025-04-08T18:00:00;;"CLP";0;0
997-22-LE25;" 630 m3  Polvo de Roca caminos H-796 y SR H-1830 ";"MINISTERIO DE OBRAS PUBLICAS DIREC CION GRAL DE OO PP DCYF";"61.202.000-0";"Dirección de Vialidad - VI Región - Dirección Regional";"Cuevas N° 530, Edificio Interior Piso 3";"Rancagua";"Región del Libertador General Bernardo O´Higgins";"LE";"Desierta (o art. 3 ó 9 Ley 19.886)";"630 m3 de Polvo de Roca, para caminos H-796 y S/R H-1830, Comuna de Las Cabras, Provincia de Cachapoal";2025-03-04T11:23:51.98;2025-03-14T15:01:00;2025-04-08T08:41:28.647;;"CLP";0;0
4378-5-L125;"Paquete de parto de urgencia";"I MUNICIPALIDAD DE SAN ROSENDO";"69.151.102-2";"Departamento de Salud";"Baquedano 95";"San Rosendo";"Región del Biobío ";"L1";"Desierta (o art. 3 ó 9 Ley 19.886)";"Paquete de parto de urgencia";2025-04-01T15:22:38.257;2025-04-07T16:36:00;2025-04-08T16:37:00;5000000;"CLP";0;0
1155683-2-LQ25;"Servicios Plantación Especies Nativas-Pinus R VCL";"CORP NACIONAL FORESTAL";"61.313.000-4";"XVI - OFICINA REGIONAL DE ÑUBLE";"CLAUDIO ARRAU NRO. 738 2DO. PISO";"Chillán";"Región del Ñuble";"LQ";"Desierta (o art. 3 ó 9 Ley 19.886)";"Se requiere contratar el Servicio de Plantación de Especies Nativas y Pinus Radiata en predios de pequeños(as) y medianos(as) propietarios(as) de la Región de Ñuble, en una superficie total de 113 Hectáreas para Especies Nativas y 92 Hectáreas para Pino. Predios ubicados en las comunas de Portezuelo, Ninhue, Quirihue, Quillón, Ránquil y Coelemu.";2025-03-13T16:26:00;2025-04-02T15:00:00;2025-04-08T09:20:00;282100000;"CLP";0;0
1057390-13-LP25;"CONVENIO DE SERVICIO ASEO SSAN 2025";"SERVICIO DE SALUD ARAUCANIA NORTE";"61.955.100-1";"Bienes y Servicios";"ILABACA 752";"Angol";"Región de la Araucanía ";"LP";"Desierta (o art. 3 ó 9 Ley 19.886)";"La presente licitación tiene como objetivo la contratación del servicio de convenio de servicios de aseo, que entregue respuesta a la limpieza diaria y profunda de las dependencias utilizadas por la Dirección del Servicio de Salud Araucanía Norte, según Anexo N°4 Especificaciones Técnicas.";2025-03-14T16:39:00;2025-04-01T15:30:00;2025-04-08T09:34:42.743;180000000;"CLP";0;0
3172-179-LQ24;"REP. Y MANT.SIST.ELECT. ESCUELA SUBOF. ANTOFAGASTA";"DIRECCION DE LOGISTICA DE CARABINEROS";"61.938.500-4";"Depto.Cuarteles L.1";"Avda. Libertador Bernardo O'higgins";"Santiago Centro";"Región Metropolitana de Santiago";"LQ";"Desierta (o art. 3 ó 9 Ley 19.886)";"PROYECTO DE OBRA MENOR REPARACIÓN Y MANTENCIÓN DEL SISTEMA ELÉCTRICO DE LA ESCUELA DE SUBOFICIALES GRUPO ANTOFAGASTA.";2024-12-26T18:07:00;2025-02-06T11:00:00;2025-04-08T19:00:00;243377757;"CLP";0;0
94-7-CO25;"Servicio de Aseo para Cineteca Nacional";"SERVICIO NACIONAL DEL PATRIMONIO CULTURAL";"60.905.000-4";"Dirección Servicio Nacional del Patrimonio Cultura";"Huerfanos 770";"Santiago";"Región Metropolitana de Santiago";"CO";"Desierta (o art. 3 ó 9 Ley 19.886)";"Se requiere servicio de aseo para Cineteca Nacional que pasa a formar parte del Servicio Nacional del Patrimonio Cultural y que requiere de la contratación del servicio";2025-03-24T09:25:52.447;2025-04-02T18:00:00;2025-04-08T17:00:00;;"CLP";0;0
2424-390-LE24;"KIT EQUIPAMIENTO DE SEGURIDAD - 6442 - N.F.";"I MUNICIPALIDAD DE VINA DEL MAR";"69.061.000-0";"I MUNICIPALIDAD DE VINA DEL MAR";"ARLEGUI 615 VIÑA DEL MAR";"Viña del Mar";"Región de Valparaíso ";"LE";"Desierta (o art. 3 ó 9 Ley 19.886)";"Ped. N° 84 - 6442 Dirección de Seguridad Pública (n.f.)";2024-12-10T19:00:22.097;2024-12-20T13:21:00;2025-04-08T08:59:50.203;;"CLP";0;0
4060-3-LE25;"SEGUNDO LLAMADO ADQ. MÁQUINAS Y EQUIPOS";"I MUNICIPALIDAD DE LAGUNA BLANCA";"69.251.200-6";"I. Municipalidad de Laguna Blanca - Salud";"KM 100 Ruta 9 Norte";"Laguna Blanca";"Región de Magallanes y de la Antártica";"LE";"Desierta (o art. 3 ó 9 Ley 19.886)";"La Ilustre Municipalidad de Laguna Blanca, en adelante e indistintamente “Municipalidad de Laguna Blanca, Municipalidad”, llama a licitación para la “ADQUISICIÓN DE MÁQUINAS Y EQUIPOS, PARA IMPLEMENTACIÓN DE POSTA APS: “FERNANDO AMPUERO CHEUQUEL”, AÑO 2025”, en los términos y condiciones establecidos en el presente instrumento. La presente licitación está destinada a la adquisición de máquinas y equipos para implementación de la Posta de Salud “Fernando Ampuero Cheuquel”";2025-03-18T11:49:00.957;2025-04-01T09:00:00;2025-04-08T16:00:00;9250000;"CLP";0;0
5558-9-CO25;"Servicio de Bodegaje y Almacenamiento Dirección Regional";"INSTITUTO DE SEGURIDAD LABORAL";"61.533.000-0";"ISL Región de la Araucanía";"Andrés Bello N° 190 Temuco";"Temuco";"Región de la Araucanía ";"CO";"Desierta (o art. 3 ó 9 Ley 19.886)";"Almacenamiento documentación, insumos y archivos ISL Araucanía.E102RT9";2025-03-18T15:16:19.29;2025-03-28T15:00:00;2025-04-08T09:52:15.607;16080000;"CLP";0;0
4134-14-L125;"ARRIENDO DE MAQUINA MOTONIVELADORA";"ILUSTRE MUNICIPALIDAD  DE SAGRADA FAMILIA";"69.110.200-9";"ADMINISTRACION Y FINANZAS - ADQUISICIONES";"SAN FRANCISCO N°40, SGDA FAMILIA-.";"Santiago";"Región Metropolitana de Santiago";"L1";"Desierta (o art. 3 ó 9 Ley 19.886)";"ARRIENDO 50 HORAS DE MAQUINA MOTONIVELADORA";2025-03-25T17:26:07.16;2025-03-31T16:00:00;2025-04-08T10:02:54.31;4000000;"CLP";0;0
1079576-2-LE25;"ADQUISICIÓN DE LUBRICANTES Y REFRIGERANTES PARA LOS VEHÍCULOS POLICIALES DE CARGO FISCAL DEL PARQUE VEHICULAR DE LA ZONA CARABINEROS BIOBÍO";"DIRECCION DE LOGISTICA DE CARABINEROS";"61.954.400-5";"SECCIÓN COMPRAS ZONA DE CARABINEROS BIOBIO";"";"";"Región del Biobío ";"LE";"Desierta (o art. 3 ó 9 Ley 19.886)";"ADQUISICIÓN DE LUBRICANTES Y REFRIGERANTES PARA LOS VEHÍCULOS POLICIALES DE CARGO FISCAL DEL PARQUE VEHICULAR DE LA ZONA CARABINEROS BIOBÍO";2025-03-03T09:16:30.9;2025-03-10T19:59:00;2025-04-08T10:13:34.923;;"CLP";0;0
1079576-6-LE25;"CONTRATO DEL SUMINISTRO DE REPUESTOS PARA EL PARQUE VEHICULAR POLICIAL MARCA HYUNDAI DE LA ZONA DE CARABINEROS BIOBÍO";"DIRECCION DE LOGISTICA DE CARABINEROS";"61.954.400-5";"SECCIÓN COMPRAS ZONA DE CARABINEROS BIOBIO";"CASTELLÓN N°393";"Concepción";"Región del Biobío ";"LE";"Desierta (o art. 3 ó 9 Ley 19.886)";"CONTRATO DEL SUMINISTRO DE REPUESTOS PARA EL PARQUE VEHICULAR POLICIAL MARCA HYUNDAI DE LA ZONA DE CARABINEROS BIOBÍO";2025-03-13T09:34:48.86;2025-03-25T15:00:00;2025-04-08T10:13:47.02;33000000;"CLP";0;0
528208-20-LE25;"SERVICIO TRASLADO PASAJEROS";"I.MUNICIPALIDAD DE CERRO NAVIA";"69.254.200-2";"SECPLAC 2";"Del Consistorial 6645";"Cerro Navia";"Región Metropolitana de Santiago";"LE";"Desierta (o art. 3 ó 9 Ley 19.886)";"SERVICIO TRASLADO PASAJEROS.";2025-02-17T16:32:22.75;2025-02-24T15:01:00;2025-04-08T12:13:49.883;;"CLP";0;0
5053-12-LP25;"PROYECTO DE ADECUACIÓN DE SALA DE CALDERA DE CDT";"SERVICIO DE SALUD DEL MAULE HOSPITAL DE TALCA";"61.606.901-2";"Operaciones";"1 Norte Nº 1990";"Talca";"Región del Maule ";"LP";"Desierta (o art. 3 ó 9 Ley 19.886)";"El objetivo de la presente licitación, es invitar a través de www.mercadopublico.cl a todos los proveedores del rubro a participar de la contratación del “PROYECTO DE ADECUACIÓN DE SALA DE CALDERA DE CDT” para el Hospital Regional de Talca, con el fin de mejorar el sistema de climatizacion edificio, para realizar modificaciones de mejora, es necesario pasar de usar combustible liquido a combustible GLP (gas)  y bajo las especificaciones técnicas requeridas por la Institución con el fin de seleccionar la oferta más conveniente de acuerdo a los criterios de evaluación, asegurando el abastecimiento en calidad y oportunidad, satisfaciendo así la demanda de los usuarios.";2025-02-20T14:59:42.27;2025-03-12T15:00:00;2025-04-08T11:17:28.06;;"CLP";0;0
2101-28-LE25;"HORAS DE TÉCNICO DE NIVEL SUPERIOR EN ODONTOLOGÍA";"HOSPITAL INTERCULTURAL KALLVU LLANKA.-";"61.602.213-k";"Hospital Cañete";"Ruta P60R esquina Ruta P520";"Cañete";"Región del Biobío ";"LE";"Desierta (o art. 3 ó 9 Ley 19.886)";"Mediante la presente propuesta pública el Hospital Intercultural Kallvu Llanka a través de la Unidad de Abastecimiento, invita a oferentes, personas naturales o jurídicas, chilenas o extranjeras, Uniones Temporales de Proveedores, UTP, tratándose de Unión Temporal de Proveedores, deberán dar cumplimiento al Artículo 67 bis del Reglamento de Compras, a participar de una licitación pública correspondiente a la suscripción de “HORAS DE TÉCNICO DE NIVEL SUPERIOR EN ODONTOLOGÍA”, del Hospital.";2025-03-07T17:27:33.55;2025-03-17T15:00:00;2025-04-08T10:27:57.347;;"CLP";0;0
4086-21-LE25;"IMPLEMENTACION SISTEMA DE RIEGO Y USO EFICIENTE DE AGUAS";"I MUNICIPALIDAD DE MAULLIN";"69.220.500-6";"Administracion y Finanzas";"Bernardo O'Higgins  641";"Maullín";"Región de los Lagos ";"LE";"Desierta (o art. 3 ó 9 Ley 19.886)";"IMPLEMENTACION SISTEMA DE RIEGO Y USO EFICIENTE DE AGUAS PREDIALES PARA POTENCIAR DESARROLLO PRODUCTIVO Y MEJORAR CALIDAD DE VIDA DE FAMILIAS INDIGENAS DE LA COMUNA DE MAULLIN.";2025-03-03T11:34:03.993;2025-03-12T09:00:00;2025-04-08T11:48:25.133;40144000;"CLP";0;0
3231-64-LE25;"01 ADQUISICION DE SISTEMA DE AUDIO Y VIDEO CONCEJO";"I MUNICIPALIDAD DE PELLUHUE";"69.252.700-3";"Departamento de Administración y Finanzas";"Avenida Padre Samuel Jofré 415";"Pelluhue";"Región del Maule ";"LE";"Desierta (o art. 3 ó 9 Ley 19.886)";"01 ADQUISICION DE SISTEMA DE AUDIO Y VIDEO CONCEJO";2025-03-25T11:46:09.903;2025-03-31T15:01:00;2025-04-08T10:26:36.987;;"CLP";0;0
2101-24-L125;"COMPRA DE SERVICIO DE TERAPEUTA OCUPACIONAL PARA PROGRAMA DE DEMENCIA APS";"HOSPITAL INTERCULTURAL KALLVU LLANKA.-";"61.602.213-k";"Hospital Cañete";"RUTA P-60R esquina RUTA P520";"Cañete";"Región del Biobío ";"L1";"Desierta (o art. 3 ó 9 Ley 19.886)";"El Hospital Intercultural Kallvu Llanka de la comuna de Cañete, requiere la Compra de servicio de TERAPEUTA OCUPACIONAL de programa Alzheimer y otras demencias, para favorecer el normal y adecuado funcionamiento del programa de la atención primaria del Hospital Cañete. Con la finalidad de colaborar en la fase diagnóstica y en el manejo no farmacológico de usuarias/os con sospecha y/o diagnóstico confirmado de Alzheimer u otras demencias, inscritos en el Hospital Intercultural Kallvu Llanka";2025-03-10T16:39:54.173;2025-03-17T15:00:00;2025-04-08T10:28:45.44;;"CLP";0;0
2446-46-LE25;"L.P. 22-2025 SUMINISTRO DE ARREGLOS ORNAMENTALES";"I MUNICIPALIDAD DE COQUIMBO";"69.040.300-5";"IMUNI_COQUIMBO";"BILBAO 348";"Coquimbo";"Región de Coquimbo ";"LE";"Desierta (o art. 3 ó 9 Ley 19.886)";"SUMINISTRO DE ARREGLOS ORNAMENTALES Y PROTOCOLARES PERIODO 2025";2025-03-12T13:06:21.567;2025-03-24T15:01:00;2025-04-08T11:26:09.907;10000000;"CLP";0;0
2794-48-LP24;"Mejoramiento Sector Cuatro Villas Los Andes";"MUNICIPALIDAD DE LOS ANDES";"69.051.100-2";"Secretaria Comunal de Planificación";"Esmeralda 536";"Los Andes";"Región de Valparaíso ";"LP";"Desierta (o art. 3 ó 9 Ley 19.886)";"MEJORAMIENTO ESPACIO PUBLICO SECTOR CUATRO VILLAS, LOS ANDES. CODIGO BIP: 40046506-0.";2024-10-02T12:22:00;2024-10-17T14:00:00;2025-04-08T12:06:12.1;;"CLP";0;0
2467-441-L124;"ADQUISICIÓN DE APILADOR FULL ELECTRICO HOMBRE A BO";"I MUNICIPALIDAD DE CHILLAN";"69.140.900-7";"IMUNI_CHILLAN ADQUISICIONES";"18 de Septiembre 510";"Chillán";"Región del Ñuble";"L1";"Desierta (o art. 3 ó 9 Ley 19.886)";"La I. Municipalidad de Chillán, requiere la adquisición de Apilador Full Eléctrico hombre para la Bodega Municipal de la Ilustre Municipalidad de Chillán, compra asociada a la solicitud de Suministro N° 1763, del Dpto. de Adquisiciones - Administración y Finanzas. El oferente en su oferta deberá considerar todos los gastos directos e indirectos que cause el cumplimiento de la entrega del bien. En general lo necesario para entregar el bien en forma óptima, de acuerdo a las Bases Administrativas, Bases Técnicas y demás antecedentes que acompañan la licitación.";2024-12-02T08:54:38.243;2024-12-09T15:30:00;2025-04-08T12:32:32.9;5000000;"CLP";0;0
2281-11-L125;"SERVICIO DESARROLLO APP EMPLEO MUNICIPAL";"I MUNICIPALIDAD VALDIVIA";"69.200.100-1";"UNIDAD ADQUISICIONES MUNICIPAL VALDIVIA";"CONDELL 212, VALDIVIA";"Valdivia";"Región de Los Ríos";"L1";"Desierta (o art. 3 ó 9 Ley 19.886)";"SERVICIO DESARROLLO APP EMPLEO MUNICIPAL, SECCION EMPLEO DISODE, SOLICITUD N°527625.";2025-03-24T09:51:03.68;2025-03-31T15:00:00;2025-04-08T12:54:15.703;5000000;"CLP";0;0
2408-52-LE25;"CUMBRE EMPODERADAS 2025.";"I MUNICIPALIDAD DE LOS ANGELES";"69.170.100-K";"IMUNI_LOSANGELES ADQUISICIONES";"EDIFICIO CONSISTORIAL,CAUPOLICAN N°399,SEXTO PISO,SECPLAN";"Los Angeles";"Región del Biobío ";"LE";"Desierta (o art. 3 ó 9 Ley 19.886)";"Servicios de producción de eventos para ejecutar el programa “Cumbre Empoderadas 2025” dirigido a la comunidad Angelina.";2025-03-20T13:40:10.333;2025-03-26T09:00:00;2025-04-08T12:54:17.453;32000000;"CLP";0;0
3287-14-LE25;"Materiales de construcción Programa habitabilidad.";"I MUNICIPALIDAD DE LICANTEN";"69.100.500-3";"Departamento de Finanzas";"Juan E. Montero   25";"Licantén";"Región del Maule ";"LE";"Desierta (o art. 3 ó 9 Ley 19.886)";"La municialidad de Licanten requiere adquirir entrega de materiales de construccion para  viviendas usuarios el programa habitabilidad de la Comuna de Lianten.";2025-03-17T10:53:46.213;2025-03-25T15:00:00;2025-04-08T13:54:17.3;26350000;"CLP";0;0
2176-8-LE25;"Obra mejoramiento Cub. techo Jzdo Fam.Valparaiso";"CORP ADMINISTRATIVA DEL PODER JUDICIAL";"60.301.001-9";"Corp. Adm. del Poder Judicial -  Valparaiso";"Prat 779, piso 9";"Valparaíso";"Región de Valparaíso ";"LE";"Desierta (o art. 3 ó 9 Ley 19.886)";"Obra de Mejoramiento de Cubierta de Techo Juzgado de Familia de Valparaiso.";2025-02-28T15:44:00;2025-03-18T16:00:00;2025-04-08T14:14:41.773;;"CLP";0;0
2591-57-CO25;"Servicio fumigación para dependencias municipales";"ILUSTRE MUNICIPALIDAD DE POZO ALMONTE";"83.017.500-8";"IMUNI_POZOALMONTE  ADQUISICIONES";"BALMACEDA   276";"Pozo Almonte";"Región de Tarapacá  ";"CO";"Desierta (o art. 3 ó 9 Ley 19.886)";"SOLICITADO POR DIRECCIÓN MEDIO AMBIENTE ASEO Y ORNATO, POR PAMELA CARRILLO, SEGÚN SOL INTERNA NRO. 219, CÓDIGO DE INTRANET NRO.2496, CERT. FACTIBILIDAD NRO. 197, DECRETO DE PUBLICACIÓN NRO. 270-2025.";2025-03-20T17:05:23.023;2025-03-31T18:40:00;2025-04-08T16:56:16.08;14300000;"CLP";0;0
5067-249-LE24;"Adquisición Equipamiento Laboratorio";"UNIVERSIDAD DE SANTIAGO DE CHILE";"60.911.000-7";"Universidad de Santiago de Chile";"";"";"Región Metropolitana de Santiago";"LE";"Desierta (o art. 3 ó 9 Ley 19.886)";"Adquisición de equipamiento para laboratorios docentes del Departamento de Física de la Universidad de Santiago de Chile. CDP 70548 - CC 052";2024-09-10T13:02:20.29;2024-09-30T15:00:00;2025-04-08T16:45:07.107;30460000;"CLP";0;0
2736-4-LE25;"Estanques y Otros";"I MUNICIPALIDAD DE ANGOL";"69.180.100-4";"MUNICIPAL";"Pedro Aguirre Cerda Nº 509";"Angol";"Región de la Araucanía ";"LE";"Desierta (o art. 3 ó 9 Ley 19.886)";"Estanques para Agua y Plansas Negras varias medidas para el Programa Déficit hídrico. Solicita Sra. Katia Guzmán Geissbühler Directora DIDECO. OC CALM.";2025-03-17T16:31:00;2025-03-27T14:19:00;2025-04-08T16:51:43.13;15000000;"CLP";0;0
1245440-7-LP25;"MANTENCION DE EQUIPOS DE TELEVIGILANCIA PARA CMDS";"CORP MUNICIPAL DE DESARROLLO SOCIAL DE A";"71.102.600-2";"SERVICIOS GENERALES - DIRECC ADMIN Y FINANZAS";"AVENIDA ARGENTINA 1595 – II PISO";"Antofagasta";"Región de Antofagasta ";"LP";"Desierta (o art. 3 ó 9 Ley 19.886)";"Las presentes bases técnicas tienen como objetivo complementar proceso de licitación que sustenta las bases administrativas, estas reglamentan la operatoria mínima necesaria para la correcta ejecución del servicio y además cautelar un estricto cumplimiento del contrato. Es decir, detalla y regula el servicio de mantención, adquisición y reparación de equipos de televigilancia de las unidades educativas, casa central y PIE pertenecientes a CMDS Antofagasta";2025-02-28T14:42:09.777;2025-03-14T15:00:00;2025-04-08T15:19:22.623;;"CLP";0;0
1782-4-LR25;"CONSERVACION COMPLEJO DEPORTIVO LAUTARO AFTA";"GOBIERNO REGIONAL DE ANTOFAGASTA";"72.224.100-2";"GORE ANTOFAGASTA PROGRAMA 02 FNDR";"Arturo Prat 384 Piso 6 - Región de Antofagasta - -";"Antofagasta";"Región de Antofagasta ";"LR";"Desierta (o art. 3 ó 9 Ley 19.886)";"El presenta proyecto contempla la conservación integral del Complejo Deportivo Lautaro de la comuna de Antofagasta. Atendiendo a lo anterior, a grandes rasgos las intervenciones que aborda el proyecto dentro del establecimiento corresponden a: •	Pasto sintético: Cambio de la carpeta de la cancha de futbol de pasto sintético,  con un tratamiento previo de la base. •	Postes metálicos con malla atrapa balones. •	Tratamiento superficial de dos multicanchas con pintura de demarcación. •	Conservación estructura y cubierta del sombreadero graderías. •	Conservación servicios higiénicos. •	Tratamiento superficial graderías y pasillos. •	Conservación cierres perimetrales. •	Equipamientos y equipos deportivos.";2025-02-13T16:08:09.45;2025-03-20T15:00:00;2025-04-08T16:43:31.757;1163260000;"CLP";0;0
634-153-LE24;"E685 - Adquisición de Manuales Sara V3 y RSVP";"DIRECCION GENERAL DE GENDARMERIA DE CHIL";"61.004.000-4";"Dirección Nacional";"COMPAÑÍA Nº1048- piso 10";"Santiago";"Región Metropolitana de Santiago";"LE";"Desierta (o art. 3 ó 9 Ley 19.886)";"Adquisición de Manuales e Instrumentos de violencia, para el departamento de Reinserción Social en el Sistema Abierto. E1O2RT9";2024-09-27T17:08:26.263;2024-10-15T15:25:00;2025-04-08T16:48:46.27;7193550;"CLP";0;0
1049242-9-LE25;"APOYO A LA PRODUCCIÓN DE ACTIVIDADES DEL PNDAE 25";"SUBSECRETARÍA DE LAS CULTURAS Y LAS ARTES";"62.000.430-8";"SEREMÍA DE LAS CULT , ARTES Y PAT REGIÓN DE ÑUBLE";"Arturo Prat 430, tercer piso, Chillán.";"Chillán";"Región del Ñuble";"LE";"Desierta (o art. 3 ó 9 Ley 19.886)";"Apoyar la producción, acompañamiento y sistematización de las acciones y procesos vinculados al Programa Nacional de Desarrollo Artístico en la Educación y al plan de acción de la Política de Educación Artística.";2025-03-17T11:28:14.707;2025-03-27T15:30:00;2025-04-08T16:36:30.277;9020570;"CLP";0;0
5602-14-CO25;"Servicios de Sala Cuna para funcionarias os de la";"SUBSECRETARIA DE SALUD PUBLICA";"61.601.000-K";"Seremi de Salud Arica y Parinacota";"Maipú Nº410";"Arica";"Región de Arica y Parinacota";"CO";"Desierta (o art. 3 ó 9 Ley 19.886)";"Servicios de Sala Cuna, para funcionarias y funcionarios de la Seremi de Salud región de Arica y Parinacota. Res Ex N111";2025-03-14T15:20:40.477;2025-03-28T17:00:00;2025-04-08T16:05:04.713;;"CLP";0;0
411-8-LP25;"SERVICIOS HIGIÉNICOS PLAZA BORDE DE RÍO SAN FÉLIX";"ILUSTRE MUNICIPALIDAD DE ALTO DEL CARMEN";"69.251.900-0";"Departamento Finanzas - D.A.F";"Padre Alonso García s/n  Alto del Carmen";"Alto Del Carmen";"Región de Atacama ";"LP";"Desierta (o art. 3 ó 9 Ley 19.886)";"CONTRATACIÓN PARA LA CONSTRUCCIÓN DE LOS SERVICIOS HIGIÉNICOS PLAZA BORDE RÍO SAN FÉLIX, ALTO DEL CARMEN";2025-01-28T12:13:06.097;2025-02-17T19:47:00;2025-04-08T15:35:26.42;80000000;"CLP";0;0
752656-1-LE25;"Servicio de Aseo TTA Pto Montt";"UNIDAD ADMINISTRADORA DE LOS TRIBUNALES TRIBUTARIOS Y ADUANEROS";"61.979.490-7";"T.T.A. Region de los Lagos";"Av. Juan Soler Manfredini N° 11, of 1401.";"Puerto Montt";"Región de los Lagos ";"LE";"Desierta (o art. 3 ó 9 Ley 19.886)";"Servicio de aseo para el inmueble destinado al funcionamiento del Tribunal Tributario y Aduanero de la Región de Los Lagos";2025-03-21T14:45:42.29;2025-04-03T15:30:00;2025-04-08T16:24:43.81;10080000;"CLP";0;0
1057472-7-LQ25;"Suministro Sensor de Glucosa de Monitoreo Continuo";"HOSPITAL CLINICO METROPOLITANO EL CARMEN DOCTOR LUIS VALENTIN FERRADA";"61.980.320-5";"Bienes y Servicios";"Camino Rinconada N°1201";"Maipú";"Región Metropolitana de Santiago";"LQ";"Desierta (o art. 3 ó 9 Ley 19.886)";"Suministro de Sensor de Glucosa de Monitoreo Continuo para pacientes del Hospital El Carmen";2025-01-21T11:01:56.04;2025-02-03T18:00:00;2025-04-08T14:21:17.34;;"CLP";0;0
4377-34-L125;"MATERIALES DE ASEO PARA BODEGAS MUNICIPALES";"I MUNICIPALIDAD DE SAN ROSENDO";"69.151.100-6";"Ilustre Municipalidad de San Rosendo";"Ibieta 225";"San Rosendo";"Región del Biobío ";"L1";"Desierta (o art. 3 ó 9 Ley 19.886)";"ADQUISICIÓN DE MATERIALES DE ASEO PARA BODEGAS MUNICIPALES";2025-03-26T15:25:26.163;2025-04-01T17:11:00;2025-04-08T14:26:21.883;;"CLP";0;0
635-22-LE25;"CONVENIO DE TRASLADO DE FUNCIONARIOS DEL SERVICIO DE SALUD ARICA Y PARINACOTA AÑOS 2025 - 2026 OT 1792";"SERVICIO DE SALUD DE ARICA Y PARINACOTA";"61.606.000-7";"SERVICIO DE SALUD DE ARICA";"Arturo Prat 305";"Arica";"Región de Arica y Parinacota";"LE";"Desierta (o art. 3 ó 9 Ley 19.886)";"El Servicio de Salud Arica y Parinacota requiere la contratación del “CONVENIO DE TRASLADO DE FUNCIONARIOS DEL  SERVICIO DE SALUD ARICA Y PARINACOTA, AÑOS 2025-2026, OT 1792”,  de acuerdo a las exigencias descritas en las presentes especificaciones técnicas";2025-02-07T14:51:56.943;2025-02-17T15:30:00;2025-04-08T15:19:51.043;;"CLP";0;0
4076-29-LE25;"ADQ. CARRO DE ARRASTRE A109E COYHAIQUE PREF AEREA";"DIRECCION DE LOGISTICA DE CARABINEROS";"60.505.733-0";"Prefectura Aérea";"Avda. Larraín Nro. 7941";"La Reina";"Región Metropolitana de Santiago";"LE";"Desierta (o art. 3 ó 9 Ley 19.886)";"Materializar la adquisición de carro de arrastre para helicóptero Agusta A109E, matrícula C-21, de cargo de la Sección Aérea Coyhaique de la Prefectura Aérea de Carabineros de Chile, de acuerdo a bases de licitación.";2025-03-17T10:53:00;2025-03-27T10:00:00;2025-04-08T15:50:33.533;;"USD";0;0
4076-30-LE25;"ADQ. CARRO DE ARRASTRE A109E VALPARAISO PREF AEREA";"DIRECCION DE LOGISTICA DE CARABINEROS";"60.505.733-0";"Prefectura Aérea";"Avda. Larraín Nro. 7941";"La Reina";"Región Metropolitana de Santiago";"LE";"Desierta (o art. 3 ó 9 Ley 19.886)";"Materializar la adquisición de carro de arrastre para helicóptero Agusta A109E, matrícula C-22, de cargo de la Sección Aérea de Valparaíso, dependiente de la Prefectura Aérea de Carabineros de Chile, conforme a bases de licitación.";2025-03-17T11:31:00;2025-03-27T10:00:00;2025-04-08T16:43:48.87;;"USD";0;0
2018-7-LE25;"SERVICIO DE TRASLADO DE VEHÍCULOS";"DIRECCION GENERAL DE AERONAUTICA CIVIL";"61.104.000-8";"UNIDAD DE COMPRA DASA";"San Pablo # 8381";"Pudahuel";"Región Metropolitana de Santiago";"LE";"Desierta (o art. 3 ó 9 Ley 19.886)";"La Dirección General de Aeronáutica Civil requiere contratar un servicio especializado para el traslado de vehículos, correspondientes a camionetas nuevas de la marca Toyota modelo Hilux 4x4 2.8 MT SR, modelo Hilux DX 4x4 2.4MT y modelo 4 Runner SR5 4x4, a diversas unidades aeroportuarias Aeropuertos y Aeródromos del país, regiones de Chile.";2025-03-11T16:15:39.477;2025-03-24T15:01:00;2025-04-08T15:43:14.96;32250000;"CLP";0;0
3453-18-LE25;"ADQUISICIÓN GORRA DE PARADA MASCULINAS Y FEMENINAS";"DIRECCION DE LOGISTICA DE CARABINEROS";"61.979.960-7";"Escuela de Formación Policial de Carabineros";"AVDA PEDRO AGUIRRE CERDA Nº6655";"Cerrillos";"Región Metropolitana de Santiago";"LE";"Desierta (o art. 3 ó 9 Ley 19.886)";"ADQUISICIÓN DE GORRAS DE PARADA MASCULINAS Y FEMENINAS PARA LOS CARABINEROS ALUMNOS DE LA ESCUELA DE FORMACIÓN DE CARABINEROS";2025-03-21T18:47:50.257;2025-03-31T15:01:00;2025-04-08T17:19:00.243;32500000;"CLP";0;0
2428-10-CO25;"SERVICIO DE ARRIENDO DE OFICINA MOVIL - PCV 2025";"I. MUNICIPALIDAD DE QUILPUE";"69.061.300-K";"I. MUNICIPALIDAD DE QUILPUE";"Augusto Carozzi 841, Quilpué";"Quilpué";"Región de Valparaíso ";"CO";"Desierta (o art. 3 ó 9 Ley 19.886)";"SE REQUIERE CONTRATAR OFICINA MOVIL PARA EL PROCESO DE RENOVACIÓN DE PERMISOS DE CIRCULACIÓN VEHICULAR PARA LA COMUNA DE QUILPUE AÑO 2025";2025-02-21T09:33:00;2025-02-26T10:00:00;2025-04-08T17:10:29.63;21420000;"CLP";0;0
2760-46-LE25;"SERVICIO SALA DE CUNA Y JARDIN INFANTIL 2025";"I MUNICIPALIDAD DE CORONEL";"69.151.200-2";"SECRETARIA COMUNAL DE PLANIFICACION";"BANNEN 70, CORONEL";"Coronel";"Región del Biobío ";"LE";"Desierta (o art. 3 ó 9 Ley 19.886)";"SERVICIO SALA DE CUNA Y JARDIN INFANTIL 2025";2025-03-12T18:19:58.783;2025-03-18T15:00:00;2025-04-08T17:12:59.703;;"CLP";0;0
856-8-LP25;"RRFF SERVICIO TRANSPORTE CARGA";"JUNTA NACIONAL DE JARDINES         INFANTILES";"70.072.600-2";"Junji - Región Metropolitana";"CALLE VALLE LOS REYES S/N . LOTE 2, MAIPU";"Maipú";"Región Metropolitana de Santiago";"LP";"Desierta (o art. 3 ó 9 Ley 19.886)";"Esta licitación tiene por objeto suscribir un contrato de suministro por servicio de transporte de cargas por un periodo de 24 meses, para responder con la debida prontitud y calidad de servicios, las necesidades de apoyo logístico que demandan los jardines infantiles dependientes de la Dirección Regional Metropolitana de JUNJI y oficinas de la Dirección Regional Metropolitana de la Junta Nacional de Jardines Infantiles JUNJI, a fin de brindar una atención continua y adecuada a los párvulos, la comunidad educativa y funcionarios en general.";2025-03-04T12:29:40.277;2025-03-18T17:00:00;2025-04-08T17:12:16.613;140000000;"CLP";0;0
218-7-CO25;"“CONTRATACION SERVICIO DE ASESORÍA TÉCNICA DE OBRAS DEL PROYECTO AMPLIACIÓN QUINTA COMPAÑÍA DE BOMBEROS POBLACIÓN LA LEGUA COMUNA DE SAN JOAQUÍN”";"I MUNICIPALIDAD SAN JOAQUIN";"69.254.600-8";"Ilustre Municipalidad de San Joaquin";"Avenida Santa Rosa Nº 2606";"San Joaquín";"Región Metropolitana de Santiago";"CO";"Desierta (o art. 3 ó 9 Ley 19.886)";"En el marco de la ejecución del proyecto “Ampliación Quinta Compañía De Bomberos Población La Legua, Comuna De San Joaquín”, se requiere la contratación de 1 profesional que se haga cargo de las labores de Asesoría a la Inspección Técnica en Obra (ATO), según lo señalado en el Convenio Mandato de la iniciativa denominada “Ampliación Quinta Compañía De Bomberos Población La Legua, Comuna De San Joaquín”, Código BIP 30485057-0 de fecha 20.03.2024, aprobado con Decreto Alcaldicio N° 970 de fecha 28.03.2024. Los antecedentes de la licitación relacionada, materia de esta asesoría a la inspección técnica, denominada: “Ampliación Quinta Compañía De Bomberos Población La Legua, Comuna De San Joaquín”, se encuentran publicados en el portal www.mercadopublico.cl, ID Nº: 218–113-LR24 y se entienden conocidos por los oferentes. Para lo anterior se requiere de la contratación de un profesional del área de la construcción para apoyar al inspector técnico municipal en labores de inspección técnica de las obras que involucra el proyecto. En dicho contexto todas las acciones de la Asesoría a la Inspección Técnica serán dirigidas y autorizadas por el ITO municipal.";2025-02-26T17:56:36.213;2025-03-07T15:00:00;2025-04-08T18:13:08.167;;"CLP";0;0
1232565-148-LE24;"Adquisición de Equipo de climatización.";"UNIVERSIDAD DE LA SERENA";"70.783.100-6";"DIRECCIÓN DE DESARROLLO ESTRATÉGICO Y CALIDAD";"Benavente 980";"La Serena";"Región de Coquimbo ";"LE";"Desierta (o art. 3 ó 9 Ley 19.886)";"Adquisición de Equipo de climatización. Proyecto ULS 21991, según SC N 45746";2024-12-18T11:26:48.973;2024-12-30T18:35:00;2025-04-09T18:36:00;48000000;"CLP";0;0
894863-23-LE25;"SERVICIO FTO MONTE EVEREST COMUNA DE LOS VILOS ";"SERVICIO DE VIVIENDA Y URBANIZACION IV REGION";"61.816.000-9";"Propuestas y Contratos";"Almagro 372";"La Serena";"Región de Coquimbo ";"LE";"Desierta (o art. 3 ó 9 Ley 19.886)";"el SERVIU Región de Coquimbo requiere contratar el servicio de Fiscalización Técnica De Obras (FTO) Para El Proyecto Modalidad Construcción En Nuevos Terrenos (CNT) “Monte Everest”, (Código 182615) De La Comuna De Los Vilos, del Programa Fondo Solidario de Elección de Vivienda, regulado por el D.S. N° 49, 2011, MINVU, y sus modificaciones, correspondiente a las disposiciones de la Res. Ex. 490, 2023, MINVU, que regula la prestación de servicio de Fiscalización Técnica de Obras de responsabilidad SERVIU.";2025-02-19T10:15:40.753;2025-03-05T10:00:00;2025-04-09T18:00:00;;"CLF";0;0
895-4-LE25;"SERVICIO DE MANTENCIÓN Y REPARACIÓN DE VEHICULOS";"MINISTERIO DE OBRAS PUBLICAS DIREC CION GRAL DE OO PP DCYF";"61.202.000-0";"Dirección General de Aguas - IV Región";"CIRUJANO VIDELA Nº 200 SEGUNDO PISO, LA SERENA";"La Serena";"Región de Coquimbo ";"LE";"Desierta (o art. 3 ó 9 Ley 19.886)";"la Dirección General de Aguas, de la Región de Coquimbo, ha estimado necesario proceder al llamado a Licitación Pública, a fin de que proveedores presten el servicio de manera continua y oportuna, a valores previamente establecidos, de servicios de mantención yo reparación de vehículos, para cubrir las necesidades durante el año 2025-2026.";2025-03-21T11:51:28.777;2025-04-02T15:00:00;2025-04-09T15:40:00;9000000;"CLP";0;0
1704-16-LR25;"SERVICIO DE MANTENIMIENTO PREVENTIVO DE EQUIPOS CHILLER TORRES DE ENFRIAMIENTO Y BOMBAS DE RECIRCULACIÓN";"SERVICIO DE SALUD VINA DEL MAR QUILLOTA";"61.606.608-0";"Hospital San Martín de Quillota";"LA CONCEPCION 1050";"Quillota";"Región de Valparaíso ";"LR";"Desierta (o art. 3 ó 9 Ley 19.886)";"SERVICIO DE MANTENIMIENTO PREVENTIVO DE EQUIPOS CHILLER, TORRES DE ENFRIAMIENTO Y BOMBAS DE RECIRCULACIÓN";2025-02-07T12:16:53.28;2025-03-11T15:00:00;2025-04-09T09:09:56.07;;"CLP";0;0
4192-42-LE25;"“PROGRAMA HABITABILIDAD 2023”";"I MUNICIPALIDAD DE CALDERA";"69.030.300-0";"Secpla";"Cousiño 395";"Caldera";"Región de Atacama ";"LE";"Desierta (o art. 3 ó 9 Ley 19.886)";"Las presentes bases tienen por objetivo determinar y definir las condiciones generales que se deberán tener presente en la licitación para la postulación de la ejecución del “PROGRAMA HABITABILIDAD 2023” de la comuna de Caldera. La presente licitación, los derechos y obligaciones de las partes se regularán por las presentes bases administrativas, las especificaciones técnicas, las aclaraciones, el respectivo contrato, la Ley de Compras Públicas y su Reglamento.";2025-03-14T16:50:57.207;2025-03-24T15:00:00;2025-04-09T08:41:08.717;;"CLP";0;0
621-172-LE25;"BASTON CANADIEN COD FIJA TALLA S M L CAJ1UN 1000020758";"CENTRAL DE ABASTECIMIENTO DEL SISTEMA NACIONAL DE SERVICIO DE SALUD";"61.608.700-2";"Compras del Giro 621";"Bodega Proveedor";"Santiago Centro";"Región Metropolitana de Santiago";"LE";"Desierta (o art. 3 ó 9 Ley 19.886)";"BASES ADMINISTRATIVAS Y TÉCNICAS TIPO, POR LAS QUE SE REGIRÁN LOS PROCESOS DE LICITACIÓN PARA LA ADQUISICIÓN DE PRODUCTOS FARMACÉUTICOS, COSMÉTICOS, VACUNAS, INSUMOS, DISPOSITIVOS, Y/O ALIMENTOS DE USO MÉDICO, DESTINADO AL EJERCICIO DE ACCIONES DE SALUD";2025-02-19T11:47:27.01;2025-03-06T16:00:00;2025-04-09T17:30:00;10186067;"CLP";0;0
1562-16-LE25;"SERVICIO ASEO VIGILANCIA ATENCIÓN PASAJERO";"SERVICIO NACIONAL DE GEOLOGIA Y MINERIA";"61.702.000-9";"Servicio Nacional de Geología y Minería";"Avda. Santa María Nº 0180";"Providencia";"Región de Atacama ";"LE";"Desierta (o art. 3 ó 9 Ley 19.886)";"Que, mediante solicitud de adquisición N°226 de fecha 06 de marzo de 2025, emitida emanada del Departamento de Gestión y Desarrollo de las Personas, del Servicio Nacional de Geología y Minería, se requirió la contratación del servicio de aseo, cuidado, mantención, reparaciones menores y atención al pasajero, de las dependencias del Centro de Veraneo de Bahía Inglesa, las cuales se encuentra ubicadas en calle San Francisco N°389 entre calle Copiapó y san Francisco comuna de Caldera, Región de Atacama, por el período de 12 meses, conforme a lo descrito en la citada solicitud.";2025-03-14T17:27:46.697;2025-03-28T14:00:00;2025-04-09T17:31:00;25000000;"CLP";0;0
1624-3-L125;"Control Dosimetrico personal  del Establecimiento ";"SERVICIO DE SALUD HOSPITAL DE NANCAGUA";"61.602.147-8";"Hospital de Nancagua";"18 de septiembre 464 Nancagua";"Nancagua";"Región del Libertador General Bernardo O´Higgins";"L1";"Desierta (o art. 3 ó 9 Ley 19.886)";"El Hospital de Nancagua, dentro de su cartera de Servicios, cuenta con Unidad de Rayos, equipo operado por personal capacitado en la toma de imágenes. Por esta razón, se requiere la provisión de dosímetros con su respectiva lecturas dosimétricas para medir la cantidad de radiación recibida por el Personal Ocupacionalmente Expuesto (POE) Rax y Rx Dental con la finalidad de mejorar la seguridad de los trabajadores de dicha unidad.";2025-04-01T17:56:14.79;2025-04-07T19:52:00;2025-04-09T19:52:00;;"CLP";0;0
1797-7-LE25;"SERVICIO DE ATENCIÓN MÉDICA EN EL ÁREA DE OFTALMOLOGÍA PARA EL PROGRAMA DE SERVICIOS MÉDICOS AÑO 2025 PARA LA REGIÓN DE COQUIMBO";"JUNTA NACIONAL DE AUXILIO ESCOLAR Y BECA";"60.908.000-0";"Junaeb Región de Coquimbo";"REGIMIENTO COQUIMBO N°989.";"Coquimbo";"Región de Coquimbo ";"LE";"Desierta (o art. 3 ó 9 Ley 19.886)";"Contratar el Servicio de Atención Médica en el área de Oftalmología a realizarse en las comunas urbanas y rurales a nivel regional para los beneficiarios del Programa de Servicios Médicos de la Junta Nacional de Auxilio Escolar y Becas, para el año 2025.";2025-03-06T18:02:00;2025-03-26T15:00:00;2025-04-09T19:00:00;17280000;"CLP";0;0
2655-5-LE25;"SERVICIO DE VIGILANCIA Y SEGURIDAD";"INSTITUTO DE SEGURIDAD LABORAL";"61.533.000-0";"ISL Región Metropolitana";"SAN PABLO 2471 3ER PISO";"Santiago Centro";"Región Metropolitana de Santiago";"LE";"Desierta (o art. 3 ó 9 Ley 19.886)";"SERVICIO DE VIGILANCIA Y SEGURIDAD, INSTALACIÓN Y MONITOREO DE SEÑALES DE ALARMA Y CAMARAS DE VIGILANCIA PARA LA SUCURSAL UBICADA EN CALLE GENERAL MACKENNA N°1305, LOCAL N°106, COMUNA DE SANTIAGO, REGIÓN METROPOLITANA DEL INSTITUTO DE SEGURIDAD LABORAL.";2025-03-03T15:58:10.28;2025-03-14T15:00:00;2025-04-09T16:00:00;36000000;"CLP";0;0
1641-89-LE25;"CCB - MANTENCION PREVENTIVA Y CORRECTIVA DE ARCO C";"SERVICIO DE SALUD OCCIDENTE HOSPITAL SAN JUAN DE DIOS";"61.608.204-3";"SERVICIO DE SALUD OCCIDENTE HOSPITAL SAN JUAN DE D";"Avda Compañía de Jesús 3265";"Santiago";"Región Metropolitana de Santiago";"LE";"Desierta (o art. 3 ó 9 Ley 19.886)";"La contratación de MANTENCION PREVENTIVA Y CORRECTIVA DE ARCO C, tiene por objeto, cumplir de manera continua la labor asistencial que ha sido encomendada a nuestra Institución, estableciendo las condiciones que permitan alcanzar la combinación más ventajosa entre todos los beneficios del bien o servicio a adquirir, y todos sus costos asociados, presentes y futuros Art. 37° del Reglamento";2025-02-26T16:12:31.797;2025-03-10T16:00:00;2025-04-09T16:00:00;;"CLP";0;0
3937-8-LP25;"SERVICIOS MEDICOS DENTALES DSM CURARREHUE";"ILUSTRE MUNICIPALIDAD DE CURARREHUE";"69.252.400-4";"Salud";"AVDA. ESTADIO N°550";"Curarrehue";"Región de la Araucanía ";"LP";"Desierta (o art. 3 ó 9 Ley 19.886)";"ADQUIRIR SERVICIOS MEDICOS DENTALES PARA BENEFICIARIOS DEL DSM CURARREHUE, LO ANTERIOR SEGUN PROGRAMA EXTRAPRESUPUESTARIO AÑO 2025 APROBADO POR RESOLUCION EXENTA  7453 DE FECHA 27.02.2025";2025-03-28T15:19:57.313;2025-04-07T15:35:00;2025-04-09T16:00:00;91489887;"CLP";0;0
3978-58-LR24;"CONSERVACIÓN CAMINO LAS OBRAS Q-641 SANTA BÁRBARA";"I MUNICIPALIDAD DE SANTA BARBARA";"69.170.200-6";"Direccion De Secplan";"";"";"Región del Biobío ";"LR";"Desierta (o art. 3 ó 9 Ley 19.886)";"Consiste en la Conservación del camino Las Obras, con superficie pavimentada mediante tratamiento superficial doble dts. El camino Las Obras tiene tránsito en ambos sentidos. Se conservará y sanearán las obras de arte, obras de drenaje y la señalética para la seguridad vial.";2025-01-31T21:31:00;2025-03-10T15:00:00;2025-04-09T17:30:00;1220712000;"CLP";0;0
5349-8-LP25;"AUDÍFONOS PARA HIPOACUSIA UNILATERAL Y BILATERAL PARA EL HOSPITAL";"HOSPITAL PROVINCIAL   DEL HUASCO MSR FERNANDO ARIZTIA RUIZ";"61.606.303-0";"Adquisiciones No Clinicas";"Avda. Huasco N°392, Acceso Sur a Vallenar";"Vallenar";"Región de Atacama ";"LP";"Desierta (o art. 3 ó 9 Ley 19.886)";"Los Servicios por contratar en la presente licitación, considera audífonos para hipoacusia unilateral y bilateral para pacientes GES y NO GES. Para efectuar este servicio el oferente adjudicado deberá contar con personal suficiente acreditado y suministrar todos los insumos y útiles de trabajo que se demanden, proveer los elementos de seguridad, equipos e implementos necesarios, para el correcto cumplimiento a los productos requeridos, en forma continua y permanente, garantizando el desarrollo oportuno y de calidad Las características particulares de los productos a adquirir se describen en las bases técnicas que se acompañan a las presentes bases administrativas.";2025-02-18T10:36:29.85;2025-03-10T15:01:00;2025-04-09T15:31:00;;"CLP";0;0
1080251-7-L125;"SERVICIOS PROFESIONALES DEL ÁREA FORESTAL .";"CORP NACIONAL FORESTAL";"61.313.000-4";"XIV Region - Oficina Provincial Ranco";"Arturo Prat 1194";"La Unión";"Región de Los Ríos";"L1";"Desierta (o art. 3 ó 9 Ley 19.886)";"SERVICIOS PROFESIONALES DEL ÁREA FORESTAL PARA EL DEPARTAMENTO DE FISCALIZACIÓN Y EVALUACIÓN AMBIENTAL OFICINA PROVINCIAL DEL RANCO.";2025-03-27T10:36:03.263;2025-04-01T20:00:00;2025-04-09T09:20:19.29;3500000;"CLP";0;0
1057415-22-L125;"ADQUISICIÓN DE ZAPATOS DE SEGURIDAD";"SERVICIO SALUD BIO BIO HOSPITAL NACIMIENTO";"61.602.220-2";"Bienes y Servicios";"Avenida Octavio Jara Wolff S/N, Población Lautaro";"Nacimiento";"Región del Biobío ";"L1";"Desierta (o art. 3 ó 9 Ley 19.886)";"El Hospital Familiar y Comunitario de Nacimiento, realiza el presente llamado a Licitación para efectuar la adquisición de zapato de seguridad para el servicio de urgencia, a través de solicitudes de adquisición HFCN 33750 respectivamente.";2025-03-13T09:17:58.97;2025-03-25T16:15:00;2025-04-09T09:21:10.213;1000000;"CLP";0;0
3926-12-L125;"CONTRATO DE SUMINISTRO POR RECARGAS DE AGUA PURIFICADA 2025";"Ilustre Municipalidad de San Juan de la Costa";"69.251.800-4";"Salud Municipal";"Av. Nueva Norte Sur S/N";"San Juan de La Costa";"Región de los Lagos ";"L1";"Desierta (o art. 3 ó 9 Ley 19.886)";"CONTAR CON CONTRATO DE SUMINISTRO DE RECARGA DE AGUA, SEGUN NECESIDAD DEL DPTO. DE SALUD.";2025-03-26T12:26:20.53;2025-04-02T12:00:00;2025-04-09T14:30:00;;"CLP";0;0
2961-16-LE25;"PROVISION E INSTALACION TABIQUERIA Y MAMPARA";"I MUNICIPALIDAD DE LA GRANJA";"69.072.400-6";"Adquisicion Municipal";"AV. AMERICO VESPUCIO 2";"La Granja";"Región Metropolitana de Santiago";"LE";"Desierta (o art. 3 ó 9 Ley 19.886)";"SC 56 SP 170 IDDOC 752190 SERVICIOS GENERALES";2025-03-26T17:38:17.683;2025-04-01T10:00:00;2025-04-09T09:19:06.887;12500000;"CLP";0;0
545774-16-LP25;"ADQUISICIÓN DE IMPLEMENTOS DE SEGURIDAD PERSONAL";"I MUNICIPALIDAD DE SAN MIGUEL";"69.070.800-0";"Municipalidad de San Miguel-SECPLA";"Gran Avenida 3418, San Miguel";"San Miguel";"Región Metropolitana de Santiago";"LP";"Desierta (o art. 3 ó 9 Ley 19.886)";"La Municipalidad de San Miguel, a través de la Dirección de Inspección y Prevención Comunal, invita a participar en la Licitación Pública para contratar la provisión de uniformes e implementos de protección para funcionarios de la dirección de inspección y prevención comunal, que desarrollan labores de seguridad y prevención en la comuna de San Miguel; de acuerdo a lo señalado en las Especificaciones Técnicas";2025-03-14T15:55:44.713;2025-03-25T12:00:00;2025-04-09T09:25:52.507;;"CLP";0;0
3603-21-LE25;"CONVENIO DE SUMINISTRO CANAL TELEVISIVO POR CABLE";"I MUNICIPALIDAD DE MULCHEN";"69.170.500-5";"DIRECCION DE ADMINISTRACION Y FINANZAS";"ANIBAL PINTO 495";"Mulchén";"Región del Biobío ";"LE";"Desierta (o art. 3 ó 9 Ley 19.886)";"SOLICITUD DE PEDIDO N 380 DE LA SECRETARIA MUNICIPAL, QUE SOLICITA LA CONTRATACION DE CONVENIO DE SUMINISTRO A TRAVES DE CANAL TELEVISIVO CON COBERTURA LOCAL Y PROVINCIAL";2025-03-17T11:10:20.22;2025-03-27T10:45:00;2025-04-09T09:11:08.62;;"CLP";0;0
1499-56-LE25;"Test de Esfuerzo Cardiopulmonar";"INSTITUTO NACIONAL DEL TORAX";"61.608.402-k";"INSTITUTO NACIONAL DEL TORAX";"José Manuel Infante  717";"Providencia";"Región Metropolitana de Santiago";"LE";"Desierta (o art. 3 ó 9 Ley 19.886)";"Las presentes Bases de Licitación tienen por objeto la contratación de exámenes, de conformidad con lo señalado en las presentes bases, para así poder cumplir de manera continua la labor asistencial que ha sido encomendada a esta institución de salud, respondiendo oportunamente a los requerimientos que establece el régimen de garantías explícitas en salud.";2025-02-20T17:02:45.643;2025-03-03T18:00:00;2025-04-09T18:00:00;14994000;"CLP";0;0
761391-38-L125;"DE/41/GUB/LFM/DIPLOMADO EN DIRECCIÓN ESTRATÉGICA DE PROYECTOS EDUCATIVOS";"FUERZA AEREA DE CHILE COMANDO LOGISTICO";"61.103.032-0";"Base Aérea El Bosque";"GRAN AVENIDA 11087, PARADERO 37";"El Bosque";"Región Metropolitana de Santiago";"L1";"Desierta (o art. 3 ó 9 Ley 19.886)";"DE/41/GUB/LFM/DIPLOMADO EN DIRECCIÓN ESTRATÉGICA DE PROYECTOS EDUCATIVOS SE ADJUNTA BASES TÉCNICAS, Y ANEXOS EDITABLES";2025-02-19T11:34:36.997;2025-02-26T15:00:00;2025-04-09T20:00:00;4810625;"CLP";0;0
548874-19-LP25;"SERV DE NORMALIZACIÓN INSTALACIONES SANITARIAS";"INSTITUTO DE PREVISION SOCIAL";"61.979.440-0";"IPS Oficina Central de Compras";"Compañía 1339";"Santiago";"Región Metropolitana de Santiago";"LP";"Desierta (o art. 3 ó 9 Ley 19.886)";"E102RT9 - SERVICIO DE NORMALIZACIÓN INSTALACIONES SANITARIAS, ALCANTARILLADO Y RED SECA EDIFICIO IPS SANTO DOMINGO";2025-02-24T16:33:06.913;2025-03-20T15:30:00;2025-04-09T08:44:04.88;99008000;"CLP";0;0
2775-9-LE25;" CONTRATACION DE SERVICIOS PERSONALES ESPECIALIZADOS PARA LA ILUSTRE MUNICIPALIDAD DE RENGO: ARQUITECTO LICENCIADO EN ARQUITECTURA";"I MUNICIPALIDAD DE RENGO";"69.081.200-2";"SECPLAC";"";"";"Región del Libertador General Bernardo O´Higgins";"LE";"Desierta (o art. 3 ó 9 Ley 19.886)";"CONTRATACION DE SERVICIOS PERSONALES ESPECIALIZADOS PARA LA ILUSTRE MUNICIPALIDAD DE RENGO: ARQUITECTO, LICENCIADO EN ARQUITECTURA";2025-02-26T12:46:00;2025-03-10T15:00:00;2025-04-09T09:05:20.343;;"CLP";0;0
2595-26-LE25;"IMPRESIONES MUNICIPALES 2025";"I MUNICIPALIDAD DE PARRAL";"69.130.700-K";"I MUNICIPALIDAD DE PARRAL";"Dieciocho Nº 720";"Parral";"Región del Maule ";"LE";"Desierta (o art. 3 ó 9 Ley 19.886)";"SERVICIOS DE IMPRESIÓN PARA ATENDER LAS DIVERSAS SOLICITUDES GRÁFICAS DE LOS DISTINTOS DEPARTAMENTOS Y UNIDADES MUNICIPALES. SEGÚN ESPECIFICACIONES TÉCNICAS Y DEMÁS ANTECEDENTES ADJUNTOS, APROBADO POR DECRETO EXENTO NUMERO 1460-2025 DE FECHA 26 DE MARZO DE 2025.";2025-03-27T09:26:48.737;2025-04-04T15:30:00;2025-04-09T08:18:12.873;;"CLP";0;0
812030-8-LQ24;"BIFONAZOL Y OTROS MEDICAMENTOS";"HOSPITAL CLINICO METROPOLITANO DE LA FLORIDA DOCTORA ELOISA DIAZ";"65.075.485-9";"medicamentos, oxigeno y trauma";"FROILAN ROA 6542";"La Florida";"Región Metropolitana de Santiago";"LQ";"Desierta (o art. 3 ó 9 Ley 19.886)";"Las presentes bases de licitación son formuladas para establecer la regulación del proceso de adquisición de BIFONAZOL Y OTROS MEDICAMENTOS PARA EL HOSPITAL LA FLORIDA, y reglamentan entre otros aspectos las condiciones que deben cumplir las ofertas, las etapas del proceso licitatorio, su forma de evaluación y adjudicación, las condiciones de los contratos, y todos los aspectos necesarios para el correcto proceso de adquisición.";2024-01-26T10:58:31.653;2024-02-15T16:00:00;2025-04-09T09:49:52.067;;"CLP";0;0
4882-16-LE25;"SERVICIO DE PRODUCCIÓN PARA LA REALIZACIÓN DE LAS";"SUBSECRETARÍA DE LAS CULTURAS Y LAS ARTES";"61.978.790-0";"Consejo Regional de la Cultura y las ArtesCoquimbo";"Regidor Muñoz N° 362, Comuna de La Serena";"La Serena";"Región de Coquimbo ";"LE";"Desierta (o art. 3 ó 9 Ley 19.886)";"SERVICIO DE PRODUCCIÓN PARA LA REALIZACIÓN DE LAS ACTIVIDADES DEL PLAN DE LECTURA EN EL CENTRO DE CREACIÓN DE LA SERENA-COQUIMBO CECREA.";2025-03-18T16:49:22.053;2025-03-27T19:56:00;2025-04-09T10:39:08.653;3000000;"CLP";0;0
3333-11-CO25;"SERV. MONITOREO CALIDAD DEL EFLUENTE PTAS OLMUÉ";"I MUNICIPALIDAD DE OLMUE";"69.061.200-3";"Departamento Finanzas-Adquisiones";"Arturo Prat 12";"Olmué";"Región de Valparaíso ";"CO";"Desierta (o art. 3 ó 9 Ley 19.886)";"SERVICIO DE MONITOREO PROVISIONAL DE LA CALIDAD DEL EFLUENTE GENERADO POR LA PLANTA DE TRATAMIENTO DE AGUAS SERVIDAS, OLMUÉ AÑO 2025";2025-03-18T11:52:53.83;2025-03-24T15:01:00;2025-04-09T10:24:09.723;;"CLP";0;0
5240-3-LR25;"CONTRATACIÓN DEL SERVICIO DE UPGRADE PARA EL ERP";"DIRECCION DE LOGISTICA DE CARABINEROS";"61.938.500-4";"Direccion de Compras Publicas de Carabineros";"Av. Lib. Bernardo OHiggins N° 1449,torre 7,PISO 11";"Santiago Centro";"Región Metropolitana de Santiago";"LR";"Desierta (o art. 3 ó 9 Ley 19.886)";"CONTRATACIÓN DEL SERVICIO DE UPGRADE PARA EL ERP SAP S4A HANA";2025-01-23T15:54:56.34;2025-02-24T15:30:00;2025-04-09T10:26:35.56;470000000;"CLP";0;0
