codigo;nombre;institucion_nombre;institucion_rut;unidad;direccion;comuna;region;tipo;estado;descripcion;fecha_inicio;fecha_final;fecha_adjudicacion;monto_estimado;unidad_monetaria;proveedores_participantes;adjudicados
1214102-18-LP25;MEDICAMENTOS FARMACIAS POPULARES;CORP MUNICIPAL DE DESARROLLO SOCIAL DE PUDAHUEL;70.835.200-4;Adquisiciones;los ediles N 717;Estación Central;Región Metropolitana de Santiago;LP;Publicada;La presente licitación pública contempla el suministro de medicamentos para la venta de los usuarios y vecinos de las farmacias populares de la comuna de Pudahuel. El objetivo de la contratación es mejorar el acceso de medicamentos a la comunidad logrando acceder a precio bajos comparados con otras cadenas de farmacias.;2025-04-09T21:58:46.497;2025-04-21T15:01:00;2025-06-20T16:38:00;113000000;CLP;0;0
5251-64-CO25;Equipamiento Laboratorio de área estructuras de la carrera de ingeniería civil en obras civiles;UNIVERSIDAD TECNOLOGICA METROPOLITANA;70.729.100-1;DEPARTAMENTO DE ABASTECIMIENTO;Calle Dieciocho N178, Santiago;Santiago;Región Metropolitana de Santiago;CO;Publicada;Se requiere adquirir Equipamiento Laboratorio de área estructuras de la carrera de ingeniería civil en obras civiles la compra del equipamiento es para el nuevo Laboratorio de área de estructuras de la carrera de ingeniería civil en obras civiles que beneficiará el aprendizaje en las asignaturas.;2025-04-09T18:48:23.73;2025-04-15T20:00:00;2025-05-16T16:30:00;15100000;CLP;0;0
4768-21-LQ25;Construcción 03 Viviendas Industrializadas TWH;I MUNICIPALIDAD DE LA ESTRELLA;69.091.400-K;D.A.F;Diego portales 619;La Estrella;Región del Libertador General Bernardo OHiggins;LQ;Publicada;Construcción 03 Viviendas Industrializadas TWH, en sitio residente, Subsidio Habitacional del Programa Habitabilidad Rural DS 10.;2025-04-09T18:34:29.703;2025-04-25T11:09:00;2025-05-06T11:10:00;3708;CLF;0;0
1426037-9-LE25;ADQUISICION DE UNIFORMES ESCOLARES CORP MUN COLINA;Corporación Municipal de Desarrollo Social de Colina;70.941.900-5;CORPCOLINA EDUCACION;Parque Brisas Norte con Trasversal Colina Lote N3;Colina;Región Metropolitana de Santiago;LE;Publicada;Con el propósito de garantizar una educación de calidad, la Corporación de Desarrollo Social de Colina, en su rol de sostenedor, requiere la adquisición de Vestuario Escolar. Esta inversión busca asegurar el bienestar y la identificación de pertenecía con los centros educativos, favoreciendo el adecuado desarrollo y cuidado de los niños en etapa escolar.;2025-04-09T19:14:33.527;2025-04-24T15:01:00;2025-05-14T15:01:00;;CLP;0;0
2591-65-LQ25;SS. DE TRANSPORTE Y DISPOSICION FINAL DE RSD;ILUSTRE MUNICIPALIDAD DE POZO ALMONTE;83.017.500-8;IMUNI_POZOALMONTE ADQUISICIONES;BALMACEDA 276;Pozo Almonte;Región de Tarapacá;LQ;Publicada;SOLICITADO POR DIMAO, CAROLINA CAYO, SEGUN SOLICITUD INTERNA N 331, CODIGO INTRANET N 3035, CERTIFICADO DE FACTIBILIDAD N 298, DECRETO DE PUBLICACION N346-2025;2025-04-09T18:48:55.75;2025-04-21T15:30:00;2025-04-30T17:42:00;224222201;CLP;0;0
2309-70-LE25;Reposición veredas Avda.Luis Cruz Martínez y otros;ILUSTRE MUNICIPALIDAD DE MOLINA;69.110.100-2;Secretaria Comunal de Planificacion;MAIPU 1846;Molina;Región del Maule;LE;Publicada;Reposición veredas avenida Luis Cruz Martínez, calle Yerbas Buenas, Libertad y otros, comuna de Molina;2025-04-09T18:27:00;2025-04-23T09:00:00;2025-04-30T12:15:00;58177560;CLP;0;0
188-22-LE25;MEJORAMIENTO CIERRE PERIMETRAL SAR LOS QUILLAYES.;CORP MUNICIPAL DE EDUC SALUD CULTURA Y RECREACION DE LA FLORIDA;70.933.700-9;Corporación Municipal de la Florida;Serafín Zamora N 6600, La Florida;La Florida;Región Metropolitana de Santiago;LE;Publicada;Las presentes obras se enfocan en mejorar la seguridad del SAR Los Quillayes, ubicado en calle Julio Cesar N11400, La Florida, específicamente por el sector de la calle Don Raúl, bajo el proyecto MEJORAMIENTO CIERRE PERIMETRAL POR CALLE DON RAÚL SAR LOS QUILLAYES, LA FLORIDA para ello, las obras se centran en la instalación de un Cierre Perimetral como complemento a los sistemas existentes, buscando elevar su altura y así contribuir a mejorar la seguridad en dicho sector. Lo anterior se llevará a cabo mediante la construcción e instalación de un sistema de módulos de acero, soportados por pilares, en los cuales se instalarán placas de Acero Microperforado. Además, se instalarán placas sobre la reja existente para proteger el box de atención ubicado en el sector a intervenir;2025-04-09T18:24:14.96;2025-04-21T15:01:00;2025-06-22T17:00:00;;CLP;0;0
1075963-147-LE25;CONVENIO DE SUMINISTRO: FILTROS PARA MANTENIMIENTO PREVENTIVO VIN Y UMA HJNC;SERVICIO DE SALUD ARICA HOSP DR JUAN NOE CREVANI;61.606.001-5;Hospital Juan Noé;18 DE SEPTIEMBRE #1000, ARICA.;Santiago;Región de Arica y Parinacota;LE;Publicada;CONVENIO DE SUMINISTRO: FILTROS PARA MANTENIMIENTO PREVENTIVO VIN Y UMA, HJNC;2025-04-09T18:25:52.403;2025-04-21T17:32:00;2025-04-22T17:33:00;64000000;CLP;0;0
4447-7-LQ25;Servicios profesionales de apoyo para actividades;SERVICIO NACIONAL DEL PATRIMONIO CULTURAL;60.905.000-4;SUBDIRECCIÓN BIBLIOTECA NACIONAL;Alameda N 651;Santiago Centro;Región Metropolitana de Santiago;LQ;Publicada;Servicios profesionales de apoyo para actividades de Extensión y Biblioteca Nacional Digital, según lo requerido en bases técnicas.;2025-04-09T17:56:11.073;2025-04-29T16:00:00;2025-05-24T19:18:00;145000000;CLP;0;0
1202333-35-LE25;CONTRATO DE SUMINISTRO EXTRACCION DE AGUA;I MUNICIPALIDAD DE QUINTERO;69.060.700-K;LICITACIONES;NORMANDIE 1916 QUINTERO;Quintero;Región de Valparaíso;LE;Publicada;CONTRATO DE SUMINISTRO PARA EL SERVICIO DE EXTRACCION DE AGUA LLUVIA DESDE DIFERENTES AREAS AFECTADAS POR UNUNDACIONES EN LA COMUNA DE QUINTERO 2025;2025-04-09T18:04:00;2025-04-15T15:00:00;2025-04-16T19:52:00;;CLP;0;0
3453-22-LE25;ADQUISICION GORRAS DE PARADA MASCULINAS Y FEMENINA;DIRECCION DE LOGISTICA DE CARABINEROS;61.979.960-7;Escuela de Formación Policial de Carabineros;AVDA PEDRO AGUIRRE CERDA N6655;Cerrillos;Región Metropolitana de Santiago;LE;Publicada;ADQUISICIÓN DE GORRAS DE PARADA MASCULINAS Y FEMENINAS PARA LOS CARABINEROS ALUMNOS DE LA ESCUELA DE FORMACIÓN DE CARABINEROS.;2025-04-09T18:18:41.463;2025-04-21T15:01:00;2025-05-14T20:00:00;;CLP;0;0
1057389-49-LP25;INTERVENCIONES QUIRURGICAS DE PROTESIS DE RODILLA;SERVICIO SALUD ARAUCANIA NORTE HOSPITAL VICTORIA;61.602.229-6;Bienes y Servicios;Avda Dartnell N1100;Victoria;Región de la Araucanía;LP;Publicada;El Hospital San José de Victoria requiere contratar equipo quirúrgico, para la Resolución quirúrgica de patologías asociadas a rodillas, las cuales serán proporcionados a través de la Unidad de Gestión de Demanda.;2025-04-09T17:55:27.527;2025-04-29T18:00:00;2025-08-29T18:00:00;;CLP;0;0
2678-6-LE25;MATERIALES Y UTILES ESCOLARES AÑO 2025- MOSTAZAL;I MUNICIPALIDAD DE MOSTAZAL;69.080.500-6;Departamento de Educación;DAEM MOSTAZAL Calle Riquelme 65. Esquina de referencia: San Guillermo con Riquelme;Mostazal;Región del Libertador General Bernardo OHiggins;LE;Publicada;SE REQUIERE DE LA ADQUISICIÓN DE UTILES Y MATERIALES ESCOLARES PARA LOS ESTABLECIMIENTOS EDUCACIONALES DE LA COMUNA DE MOSTAZAL QUE ESTÁN INCLUIDOS EN LA PRESENTE LICITACIÓN. ESTOS MATERIALES VAN EN APOYO DIRECTO DE LOS ESTUDIANTE QUE INTEGRAN CADA ESTABLECIMIENTO EDUCATIVO DE LA COMUNA.;2025-04-09T17:54:50.3;2025-04-14T19:00:00;2025-04-25T17:00:00;;CLP;0;0
1058078-20-LE25;Compra de Frasco Humificador Apósito de Espuma y Malla Propileno para el Hospital San José de Melipilla;Hospital de Melipilla;61.602.123-0;Fármarcos;;;Región Metropolitana de Santiago;LE;Publicada;El Hospital San José de Melipilla invita a los oferentes, personas naturales o jurídicas, a participar en la licitación pública de adquisición de Frasco Humificador, Apósito de Espuma y Malla Propileno;2025-04-09T17:38:31.77;2025-04-21T17:00:00;2025-06-21T17:00:00;;CLP;0;0
2704-19-LP25;SC 681 ADQUISICIÓN DE EQUIPAMIENTO TECNOLÓGICO;UNIVERSIDAD DEL BIO BIO;60.911.006-6;Universidad del Bío-Bío - Campus Concepción;;;Región del Biobío;LP;Publicada;APRUEBA BASES ADMINISTRATIVAS, BASES TÉCNICAS Y DOCUMENTOS ANEXOS PARA LICITACIÓN PÚBLICA DENOMINADA ADQUISICIÓN DE EQUIPAMIENTO TECNOLÓGICO PARA LA UNIVERSIDAD DEL BÍO-BÍO, CAMPUS CONCEPCIÓN;2025-04-09T17:38:36.94;2025-04-29T20:00:00;2025-05-22T18:00:00;111300000;CLP;0;0
1298354-7-LE25;Arriendo de Camión de Transporte.;CORP MUNICIPAL MELIPILLA PARA LA ED SALUD;71.293.900-1;EDUCACION;pasaje Eleuterio Ramirez S/n;Melipilla;Región Metropolitana de Santiago;LE;Publicada;La contratación tiene por objetivo contar con el servicio de arriendo de camión de transporte, para el traslado de personal, herramientas y materiales, para dar mantenimiento a los distintos establecimientos educacionales dependientes de la Corporación Municipal de Melipilla, a fin de mantener en buen estado las instalaciones de dichas casas de estudio.;2025-04-09T17:40:10.613;2025-04-14T18:01:00;2025-04-30T18:00:00;;CLP;0;0
886954-119-LP25;Convenio en consignación de Set Desfibrilador Automático Implantable Bicameral con equipo en comodato para la Unidad de Electrofisiología HGGB;HOSPITAL GUILLERMO GRANT BENAVENTE DE CO;61.602.189-3;Abastecimiento Insumos;San Martin 1436;Concepción;Región del Biobío;LP;Publicada;La necesidad de abastecer del insumo para la atención oportuna del paciente;2025-04-09T17:19:14.05;2025-04-29T15:34:00;2025-04-30T15:35:00;329000000;CLP;0;0
2366-12-LE25;INSUMOS PARA TOMA MUESTRA - MEMO 1496 LABORATORIO;I MUNICIPALIDAD DE ARICA;69.010.100-9;SERVICIO MUNICIPAL DE SALUD;Patricio Lynch N 236;Arica;Región de Arica y Parinacota;LE;Publicada;INSUMOS PARA TOMA MUESTRA - MEMO 1496 LABORATORIO;2025-04-09T17:14:06.733;2025-04-17T17:00:00;2025-09-15T16:42:00;;CLP;0;0
3976-18-L125;BATERIAS PSICOPEDAGOGICAS PARA ESCUELA CACIQUE LEVIAN;I MUNICIPALIDAD DE SANTA BARBARA;69.170.201-4;Departamento De Educacion Municipal;Arturo Prat N 121 Santa Bárbara;Santa Bárbara;Región del Biobío;L1;Publicada;BATERIAS PSICOPEDAGOGICAS PARA EVALUACION DIAGNOSTICA INTEGRAL DE LOS ALUMNOS ESCUELA CACIQUE LEVIAN DAEM DE LA COMUNA DE SANTA BARBARA;2025-04-09T17:37:45.82;2025-04-16T17:29:00;2025-04-28T17:30:00;1350000;CLP;0;0
564953-61-LP25;SERVICIO DE ANIVERSARIO 2025 PARA CORP LAS CONDES;Corporación de Educación y Salud de Las Condes;70.902.000-5;Corporación de Educación y Salud de Las Condes;RIO LOA 8350 (360 RAM);Las Condes;Región Metropolitana de Santiago;LP;Publicada;El objetivo de este proceso de licitación es contratar los servicios necesarios para la realización de la Cena Aniversario de la Corporación de Educación y Salud de Las Condes.;2025-04-09T16:54:58.99;2025-04-30T18:00:00;2025-05-05T17:00:00;;CLP;0;0
2146-14-LE25;Convenio Mant. Autoclave Hospital de Andacollo;SERVICIO DE SALUD COQUIMBO HOSPITAL DE ANDACOLLO;61.606.405-3;Hosp. Andacollo;Urmeneta N2, Andacollo, IV Región;Andacollo;Región de Coquimbo;LE;Publicada;La presente licitación tiene como objetivo principal establecer Compra de servicios para Mantenciones de Autoclave Steelco VS 3/1, planta de agua, compresor y bomba impulsora hydropack, hasta el 31 de diciembre del 2026. Obteniendo así un funcionamiento óptimo y continuo del servicio, que deberá satisfacer con estándares de calidad y de forma oportuna a las necesidades del hospital. Requerido mediante solicitud de compra N 81 de fecha 27 de febrero de 2025, emitido por encargado de equipos médicos.;2025-04-09T16:50:51.777;2025-04-21T15:05:00;2025-05-23T21:36:00;19000000;CLP;0;0
2981-43-LE25;MOTOR FUERA DE BORDA;POLICIA DE INVESTIGACIONES DE CHILE;60.506.000-5;DEPARTAMENTO ADMINISTRATIVO;GENERAL MACKENNA 1370, Secc. Almacenes;Santiago Centro;Región Metropolitana de Santiago;LE;Publicada;ADQUISICION DE 1 MOTOR FUERA DE BORDA PARA DEOSUB;2025-04-09T17:04:20.2;2025-04-23T12:00:00;2025-05-06T19:00:00;17000000;CLP;0;0
3660-5-LP25;SERVICIO DE TRANSPORTE ESCOLAR 2025;I MUNICIPALIDAD DE PETORCA;69.050.500-2;Departamento de Educación;Comercio N36, Hierro Viejo;Petorca;Región de Valparaíso;LP;Publicada;La Ilustre Municipalidad de Petorca, a través del Departamento de Administración de Educación Municipal, persigue resguardar los intereses municipales y satisfacer la necesidad de contratar el servicio de Transporte Escolar. Dicha prestación es requerida para trasladar a los estudiantes de los establecimientos educacionales, lactantes y párvulos del Jardín y Sala Cuna Lamparita de Petorca, provenientes de diferentes sectores rurales y urbanos de la comuna de Petorca, hasta los diferentes establecimientos educacionales de la comuna, que cursan la enseñanza básica y lactante de nivel sala cuna y medio mayor.;2025-04-09T16:52:31.17;2025-04-29T11:11:00;2025-04-30T11:12:00;;CLP;0;0
2505-1-LE25;SERVICIO OFTALMOLOGICO Y LENTES OPTICOS 2025;I MUNICIPALIDAD DE RIO CLARO;69.110.700-0;DIRECCION DE SALUD MUNICIPAL;CASIMIRO SEPULVEDA N1 CUMPEO;Río Claro;Región del Maule;LE;Publicada;SE REQUIERE LA ADQUISICION DE SERVCIO DE ATENCION DE TECNOLOGO MEDICO JUNTO CON LA ADQUISICION DE LENTES OPTICOS PARA USUARIOS DEL DEPARTAMENTO DE SALUD DE RIO CLARO, SEGUN BASES ADJUNTAS.;2025-04-09T16:48:43.07;2025-04-21T15:05:00;2025-04-30T17:00:00;16067227;CLP;0;0
1057370-12-LQ25;Servicio Dispositivo Comunitario Hogar Protegido;HOSPITAL PSIQUIATRICO DR. PHILIPPE PINEL PUTAENDO;61.602.040-4;Bienes y Servicios;José Antonio Salinas N 2.500;Putaendo;Región de Valparaíso;LQ;Publicada;La necesidad del Hospital Psiquiátrico Dr. Philippe Pinel de realizar un CONVENIO DE PRESTACIÓN DE SERVICIO PARA LA ATENCION DE PERSONAS CON DISCAPACIDAD PSIQUICA YO INTELECTUAL, USUARIOS DE LA RED DE SALUD MENTAL DEL SERVICIO DE SALUD ACONCAGUA EN MODALIDAD DE HOGAR PROTEGIDO.;2025-04-09T16:40:28.523;2025-04-29T17:46:00;2025-05-15T19:00:00;;CLP;0;0
3709-33-LE25;ADQUISICIÓN DE GASES INDUSTR Y ARREN DE CILINDROS;I MUNICIPALIDAD DE VICTORIA;69.180.900-5;Educación;PISAGUA 695;Victoria;Región de la Araucanía;LE;Publicada;La municipalidad de Victoria a través del Departamento de Educación requiere la compra de adquisición de gases industriales y arrendamiento de cilindros para las clases de especialidad, Mecánica Industrial y Construcciones Metálicas para el Liceo Politécnico Manuel Montt de la comuna de Victoria.;2025-04-09T16:47:50.513;2025-04-21T15:05:00;2025-05-22T17:29:00;18000000;CLP;0;0
438-31-LE25;CONTRATO DE SUMINISTRO SERVICIO DE IMAGENOLOGIA ECOTOMOGRAFIA ABDOMINAL;I MUNICIPALIDAD DE SAN RAMON;69.253.900-1;Secretaria de Planificación San Ramón;Avenida Ossa 1771;San Ramón;Región Metropolitana de Santiago;LE;Publicada;ESTA PROPUESTA CONSISTE EN CONTRATAR LOS SUMINISTROS DE SERVICIO DE IMAGENOLOGIA, ECOTOMOGRAFIA ABDOMINAL;2025-04-09T16:39:45.88;2025-04-15T09:00:00;2025-05-15T19:55:00;23985000;CLP;0;0
621921-7-LQ25;Equipos Radio PTT Satelital;COMANDO DE APOYO A LA FUERZA;61.979.900-3;Jefatura de Comunicaciones - JEFCOM;Av. Las Perdices N 700;Peñalolén;Región Metropolitana de Santiago;LQ;Publicada;busca adquirir 36 equipos con los accesorios que se detallan en las bases técnicas, para ser utilizados en Macro Zona Sur.;2025-04-09T16:39:44.017;2025-04-21T15:30:00;2025-04-30T20:00:00;;CLP;0;0
2928-9-LQ25;PROGRAMA COMPOSTAJE DOMICILIARIO COMUNA QUELLÓN;Ilustre Municipalidad De Quellón;69.230.700-3;SECPLAN;22 DE Mayo 203;Quellón;Región de los Lagos;LQ;Publicada;Disminuir la disposición final de residuos organismos de las localidades tanto rurales como urbanas.;2025-04-09T16:37:38.007;2025-04-29T14:00:00;2025-05-30T14:30:00;239785000;CLP;0;0
591-5-LE25;Adquisición de Licencias de Software para FONASA;FONDO NACIONAL DE SALUD;61.603.000-0;FONASA, Nivel Central;;;Región Metropolitana de Santiago;LE;Publicada;La presente licitación tiene por objeto proveer de licencias Autodesk, Autodesk AutoCAD, Adobe Creative Cloud para satisfacer las necesidades operativas y funcionales relacionadas con el diseño constructivo y comunicacional de sucursales y oficinas del Fondo Nacional de Salud.;2025-04-09T16:37:20.867;2025-04-21T16:00:00;2025-04-25T16:00:00;32000000;CLP;0;0
1051765-2-LE25;CET San Carlos Pan y derivados;DIRECCION GENERAL DE GENDARMERIA DE CHIL;62.000.570-3;Región de Ñuble;Camino a Penco N 450. Concepción;Concepción;Región del Ñuble;LE;Publicada;Que, Gendarmería de Chile Centro de Educación y Trabajo San Carlos, requiere contratar proveedor para CONVENIO DE SUMINITRO DE PAN CORRIENTE, EMPANADAS DE HORNO Y PAN DE PASCUA, PARA PERSONAL E INTERNOS DEL C.E.T SAN CARLOS AÑO 2025. (E1O2RT9);2025-04-09T16:23:45.697;2025-04-22T16:00:00;2025-05-28T16:00:00;8000000;CLP;0;0
3841-13-LE25;Contratación de Servicios para Ejecución Programa Habitabilidad 2024 Pemuco;I MUNICIPALIDAD DE PEMUCO;69.141.600-3;I MUNICIPALIDAD DE PEMUCO;San Martín 498;Pemuco;Región del Ñuble;LE;Publicada;Se requieren empresas contratistas para la ejecución de obras para beneficiarios del programa habitabilidad de la comuna de Pemuco;2025-04-09T16:20:39.313;2025-04-21T15:30:00;2025-04-23T17:00:00;21390005;CLP;0;0
2677-14-LE25;EXÁMENES MAMOGRÁFICOS EN CLÍNICA MÓVIL;I MUNICIPALIDAD DE MOSTAZAL;69.080.500-6;Departamento de Salud;LUCO 400;Mostazal;Región del Libertador General Bernardo OHiggins;LE;Publicada;Las presentes Bases de Licitación, reglamentan el proceso de llamado a Licitación Pública para la contratación del suministro de servicios de exámenes de imagenología específicos para la detección precoz y oportuna de cáncer de mama mediante Mamografías Bilaterales, Compresiones yo Magnificaciones placas complementarias, en Clínica Móvil equipada para dicha actividad y que realizará operativos dentro de la comuna de Mostazal durante el año 2025, de acuerdo a Convenio Programa Imágenes Diagnósticas en Atención Primaria de Salud emanado desde el Servicio de Salud OHiggins, denominada Exámenes Mamográficos en Clínica Móvil dependiente del Departamento de Salud de la Municipalidad de Mostazal.;2025-04-09T16:23:31.31;2025-04-16T16:30:00;2025-04-30T17:00:00;;CLP;0;0
3797-25-LE25;ARRIENDO DE VEHICULO 4 X 4 ALCALDIA COCHRANE;I MUNICIPALIDAD DE COCHRANE;69.254.500-1;I MUNICIPALIDAD DE COCHRANE;calle esmeralda 398;Cochrane;Región Aysén del General Carlos Ibáñez del Campo;LE;Publicada;Que, que, para el correcto desempeño de sus funciones, y en lo que dice relación con el desplazamiento seguro tanto dentro de la comuna como hacia y desde los sectores rurales, la municipalidad de Cochrane requiere de un vehículo 4 x 4 que le permita facilitar sus labores de supervisión y atención a las necesidades de la comunidad.;2025-04-09T16:18:27.55;2025-04-21T15:08:00;2025-04-24T15:09:00;;CLP;0;0
3436-35-LQ25;Ajuar ingreso alumnos capotes CC 1100065012;COMANDO DE APOYO A LA FUERZA;61.101.027-3;Escuela de Suboficiales - ESCSOF;Rinconada de Maipú S/N;Maipú;Región Metropolitana de Santiago;LQ;Publicada;Adquisición de capotes para implementar el ajuar de ingreso de los alumnos;2025-04-09T16:18:43.473;2025-04-28T15:05:00;2025-05-19T17:29:00;195909000;CLP;0;0
604944-2-LE25;SERVICIOS DE CAPACITACIÓN ESTRATÉGICOS POR LÍNEA;SUBSECRETARIA DE DEFENSA;61.979.870-8;Subsecretaría de Defensa;Zenteno N 45, Quinto Piso;Santiago;Región Metropolitana de Santiago;LE;Publicada;El contenido de las presentes Bases, se refiere a la propuesta pública, para adquirir los siguientes servicios de capacitación para la Subsecretaría de Defensa: Diplomado Unión Europea y Chile. Diplomado Gobernanza en Ciberseguridad. Curso Aplicación Inteligencia Artificial. Diplomado Gestión de Proyectos. Diplomado Preparación, Evaluación y Gestión de Proyectos. Diplomado en Políticas Públicas. Diplomado en Compras Públicas: Nueva Normativa. Curso China: Negocios y Relaciones Internacionales. Diplomado Medio ambiente. Lo anterior, de conformidad con lo establecido en el Plan Anual de Capacitación de la Subsecretaría de Defensa, la Ley N 19.886 de Bases sobre Contratos Administrativos de Suministro y Prestación de Servicios y su Reglamento, aprobado por el D.S. N 661, de 2024, del Ministerio de Hacienda, y cumpliendo lo establecido en las bases técnicas del presente proceso licitatorio.;2025-04-09T16:19:36.23;2025-05-06T15:01:00;2025-05-28T23:59:00;;CLP;0;0
1114-16-LE25;CONSERV. DE EST. RIO YESO ENTRADA EMBALSE YESO;MINISTERIO DE OBRAS PUBLICAS DIREC CION GRAL DE OO PP DCYF;61.202.000-0;Dirección General de Aguas - Región Metropolitana;Bombero Salas 1351, 5 piso;Santiago;Región Metropolitana de Santiago;LE;Publicada;CONSERVACIÓN DE ESTACIONES, RIO YESO ENTRADA EMBALSE EL YESO, RÍO ANGOSTURA EN VALDIVIA DE PAINE, ESTACIÓN ESTERO ARRAYAN EN LA MONTOSA;2025-04-09T16:14:13.993;2025-04-29T15:00:00;2025-05-14T15:00:00;9000000;CLP;0;0
1057539-83-LQ25;SER.MEDICOS NEUROQUIRURGICO DE URGENCIA;HOSPITAL PUERTO MONTT SERVICIO DE SALUD DEL RELONCAVI;61.975.100-0;Bienes y Servicios;;;Región de los Lagos;LQ;Publicada;ADQUISICIÓN DE SERVICIOS MEDICOS DE CIRUGÍAS NEUROQUIRÚRGICA DE URGENCIA;2025-04-09T16:10:38.963;2025-04-29T15:00:00;2025-08-29T15:00:00;174304725;CLP;0;0
3336-6-LE25;CONSTRUCCION PARADERO PEATONAL LOS CASTAÑOS;I MUNICIPALIDAD DE LA UNION;69.200.800-6;Dirección de SECPLA;Arturo Prat 680;La Unión;Región de Los Ríos;LE;Publicada;CONSTRUCCION DE PARADERO EN EL SECTOR ALTO LOS CASTAÑOS;2025-04-09T16:16:23.47;2025-04-21T16:00:00;2025-04-24T16:00:00;;CLP;0;0
3656-73-LE25;SUMINISTRO ARRIENDO DE MOTONIVELADORA;I MUNICIPALIDAD DE REQUINOA;69.081.300-9;Ilustre Municipalidad de Requínoa;Comercio 121, Municipalidad;Requinoa;Región del Libertador General Bernardo OHiggins;LE;Publicada;SUMINISTRO ARRIENDO DE MOTONIVELADORA;2025-04-09T16:01:37.327;2025-04-21T15:01:00;2025-05-23T18:00:00;;CLP;0;0
2961-22-LE25;MATERIALES DE FERRETERIA;I MUNICIPALIDAD DE LA GRANJA;69.072.400-6;Adquisicion Municipal;AV. AMERICO VESPUCIO 2;La Granja;Región Metropolitana de Santiago;LE;Publicada;SC 4 SP 265 SERVICIOS GENERALES IDDOC 756362 CUENTA 2153102004260;2025-04-09T16:07:21.183;2025-04-16T16:00:00;2025-04-30T15:00:00;8700000;CLP;0;0
1291-15-LE25;ADQUISICIÓN CONVENIO DE TRANSPORTE DE PERSONAL;MINISTERIO DE OBRAS PUBLICAS DIREC CION GRAL DE OO PP DCYF;61.202.000-0;Dirección de Vialidad - VII Región - Provincia de Linares;Linares;Linares;Región del Maule;LE;Publicada;ADQUISICIÓN DE TRANSPORTE DE PERSONAL PARA FAENAS DE ROCE DE CAMINOS PÚBLICOS BAJO LA MODALIDAD DE ADMINISTRACIÓN DIRECTA, DE LA DIRECCIÓN PROVINCIAL DE VIALIDAD LINARES REGIÓN DEL MAULE;2025-04-09T15:54:26.437;2025-04-21T16:00:00;2025-05-26T17:00:00;;CLP;0;0
3326-27-LE25;ADQUISICIÓN DE REPUESTOS PARA VEHÍCULOS MARCA NISSAN MODELO XTRAIL AÑO 2019 EN ADELANTE DE CARGO DE CARABINEROS DE CHILE SEGÚN BASES ADMINISTRATIVAS Y TÉCNICAS;DIRECCION DE LOGISTICA DE CARABINEROS;61.938.500-4;Depto.Transportes L.3;Vivaceta Nro. 2700;Independencia;Región Metropolitana de Santiago;LE;Publicada;ADQUISICIÓN DE REPUESTOS PARA VEHÍCULOS MARCA NISSAN, MODELO XTRAIL, AÑO 2019 EN ADELANTE, DE CARGO DE CARABINEROS DE CHILE, SEGÚN BASES ADMINISTRATIVAS Y TÉCNICAS;2025-04-09T15:58:30.51;2025-04-24T15:25:00;2025-05-30T20:00:00;29430000;CLP;0;0
2986-26-LE25;Contrato sum. atenciones otorrinolaringologicas;I MUNICIPALIDAD DE LOS LAGOS;69.200.600-3;Unidad de Salud;Arturo Prat N 162;Los Lagos;Región de Los Ríos;LE;Publicada;Contrato de suministro atenciones otorrinolaringologicas integrales para el programa resolutividad año 2025. CESFAM Tomás Rojas Vergara;2025-04-09T16:06:50.853;2025-04-16T17:33:00;2025-04-29T17:34:00;;CLP;0;0
3637-13-LE25;PÓLIZA DE SEGURO PARA LOS BIENES INMUEBLES;ILUSTRE MUNICIPALIDAD DE SAN GREGORIO;69.251.500-5;Municipalidad de San Gregorio - Adquisiciones;Av. Bernardo O`Higgins N 50, Punta Delgada;San Gregorio;Región de Magallanes y de la Antártica;LE;Publicada;Se convoca a Licitación Pública para la Contratación de una Póliza de Seguro para los siguientes bienes inmuebles fiscales y sus contenidos pertenecientes a la Ilustre Municipalidad de San Gregorio y bienes muebles como también 4 grupos electrógenos;2025-04-09T15:52:24.913;2025-04-15T12:00:00;2025-04-17T18:44:00;14000000;CLP;0;0
1641-174-LP25;DGC - SUMINISTRO DE ASCIMINIB;SERVICIO DE SALUD OCCIDENTE HOSPITAL SAN JUAN DE DIOS;61.608.204-3;SERVICIO DE SALUD OCCIDENTE HOSPITAL SAN JUAN DE D;Avda Compañía de Jesús 3265;Santiago;Región Metropolitana de Santiago;LP;Publicada;El objeto de la presente licitación es la adquisición de SUMINISTRO DE ASCIMINIB según el siguiente detalle: ITEM CODIGO DESCRIPCIÓN UNIDAD DE MEDIDA CANTIDAD REQUERIDA 1 01-001-219- 0218 ASCIMINIB 40 MG COMPRIMIDOS COMPRIMIDO 2.160 Al momento de adjudicar, el hospital podrá aumentar o disminuir hasta en un 30% de las cantidades estimadas en las presentes bases de licitación, conforme a los presupuestos disponibles, y sin alterar el principio de estricta sujeción a las bases de igualdad de los oferentes. (*) Se deja constancia que las cantidades de productos o servicios son de flujo variables, no comprometiendo el Hospital a adquirir cantidades determinadas de manera periódica, por lo que en ningún caso se fijará stock mínimo de compra, ni tampoco totales, por lo que el o los adjudicatarios estarán imposibilitados de señalar cantidades mínimas para su despacho. Asimismo, se hace presente que este proceso de licitación se hará por ítem adjudicado (línea), por lo cual cada proveedor podrá ofertar por un ítem de los señalados en este punto, por más de uno o por la totalidad de los mismos, correspondiendo cada ítem a una línea de producto o servicio. La oferta a través de la Plataforma Mercado Público deberá efectuarse por el valor neto (Sin IVA).;2025-04-09T15:46:54.587;2025-04-29T16:00:00;2025-06-30T16:00:00;;CLP;0;0
812030-1-LP25;SELLADORES DE FIBRINA PARA EL HOSPITAL LA FLORIDA;HOSPITAL CLINICO METROPOLITANO DE LA FLORIDA DOCTORA ELOISA DIAZ;65.075.485-9;medicamentos, oxigeno y trauma;FROILAN ROA 6542;La Florida;Región Metropolitana de Santiago;LP;Publicada;Las presentes bases de licitación son formuladas para establecer la regulación del proceso de adquisición de SELLADORES DE FIBRINA PARA EL HOSPITAL LA FLORIDA, y reglamentan entre otros aspectos las condiciones que deben cumplir las ofertas, las etapas del proceso licitatorio, su forma de evaluación y adjudicación, las condiciones de los contratos, y todos los aspectos necesarios para el correcto proceso de adquisición. Las cantidades de los fármacos solicitados en la presente licitación son referenciales y estimadas, por lo cual, pueden disminuir o aumentar de acuerdo a las necesidades, contingencia, existencias y recursos financieros del Hospital la Florida. No podrá el proveedor ofertar medicamentos distintos a los establecidos en estas bases de licitación ni complementos o extras no contemplados en las especificaciones técnicas. Cualquier extra no requerido, no será considerado en la evaluación. Los fármacos solicitados, así como el monto máximo de gasto, se encuentra detallado en las Bases Técnicas de la Licitación. La suscripción y administración de los contratos derivados de los procesos de compra tendrán vigencia solo y cuando no exista una intermediación vigente entre CENABAST y el Hospital La Florida, situación que será debidamente informada al adjudicatario, conforme al numeral 10.5 Vigencia y Duración del Contrato de las presentes Bases Las cantidades de los fármacos solicitados en la presente licitación son referenciales y estimadas, por lo cual, pueden disminuir o aumentar de acuerdo a las necesidades, contingencia, existencias y recursos financieros del Hospital la Florida. No podrá el proveedor ofertar medicamentos distintos a los establecidos en estas bases de licitación ni complementos o extras no contemplados en las especificaciones técnicas. Cualquier extra no requerido, no será considerado en la evaluación. Los fármacos solicitados, así como el monto máximo de gasto, se encuentra detallado en las Bases Técnicas de la Licitación. La suscripción y administración de los contratos derivados de los procesos de compra tendrán vigencia solo y cuando no exista una intermediación vigente entre CENABAST y el Hospital La Florida, situación que será debidamente informada al adjudicatario, conforme al numeral 10.5 Vigencia y Duración del Contrato de las presentes Bases;2025-04-09T15:48:25.603;2025-04-29T16:00:00;2025-06-05T17:00:00;75409824;CLP;0;0
4486-15-LR25;CONCESIÓN DEL SERVICIO DE MANTENCIÓN AREAS VERDES;I MUNICIPALIDAD DE NEGRETE;69.170.800-4;Ilustre Municipalidad de Negrete;Alberto Moller 293;Negrete;Región del Biobío;LR;Publicada;La Municipalidad de Negrete, llama a Licitación Pública para contratar los Servicios de Mantención, Conservación, Construcción, Recuperación y Aseo de áreas Verdes de la Comuna. La comuna de Negrete actualmente tiene aproximadamente 278.436 metros cuadrados de áreas verdes consistentes en plazas, espacios comunes, avenidas y calles, escuelas, colegios, jardines infantiles, sedes sociales, estadio, canchas, multibancas y juegos infantiles. El servicio considera la mantención, conservación, recuperación y aseo de las áreas verdes existentes. El contratista debe proveer de camión Aljibe, de personal, insumos, equipos y materiales para la prestación del Servicio. El contratista deberá velar por el paisajismo de la comuna de Negrete y trabajar con productos amigables con el medio ambiente.;2025-04-09T15:37:52.287;2025-05-09T18:00:00;2025-06-30T18:00:00;460000000;CLP;0;0
4726-4-LE25;AUDITORÍA INTEGRAL DE LA GESTIÓN ADMINISTRATIVA CONTRATACIONES DE PERSONAS BIENES Y SERVICIOS Y GESTIÓN DE PROYECTOS;UNIVERSIDAD METROPOLITANA DE CIENCIAS DE LA EDUCACION;60.910.047-8;UNIVERSIDAD METROPOLITANA DE CIENCIAS DE LA EDUCAC;Av. Jose Pedro Alessandri 774;Ñuñoa;Región Metropolitana de Santiago;LE;Publicada;La Universidad Metropolitana de Ciencias de la Educación -en adelante UMCE o Universidad- llama a presentar ofertas para la contratación de los servicios de Auditoría integral de la gestión administrativa, contrataciones de personas, bienes y servicios, y gestión de proyectos: evaluación de la transparencia en el uso de recursos públicos de la Universidad Metropolitana de Ciencias de la Educación - Período 2021-2024.;2025-04-09T15:48:19.32;2025-04-16T17:00:00;2025-04-22T23:59:00;10000000;CLP;0;0
1199-31-LE25;Adquisición Bicicletas de Spinning DPS IND MAULE;INSTITUTO NACIONAL DE DEPORTES DE CHILE;61.107.000-4;I.N.D. REGION VII;4 Norte N 1049.;Talca;Región del Maule;LE;Publicada;La presente licitación tiene por objeto la ADQUISICION DE BICICLETAS DE SPINNING, PARA EL PROGRAMA DEPORTE DE PARTICIPACIÓN SOCIAL DEL IND REGIÓN DEL MAULE , para realizar actividad física y deportiva, en talleres y eventos que se ejecutaran en el recinto de la Dirección Regional del IND Maule - Estadio Fiscal de Talca.;2025-04-09T15:35:10.843;2025-04-21T17:00:00;2025-05-09T17:00:00;13000000;CLP;0;0
1628-3-LE25;COMPRA SERVICIOS DE ENFERMERIA PROGRAMA CARDIOVASCULAR;SERVICIO DE SALUD HOSPITAL DE GRANEROS;61.602.132-k;Hospital Santa Filomena de Graneros;Avenida La Compañia 550;Graneros;Región del Libertador General Bernardo OHiggins;LE;Publicada;ADQUISICIÓN DE SERVICIOS DE ATENCIONES DE ENFERMERÍA PARA USUARIOS DEL PROGRAMA CARDIOVASCULAR EN LA ATENCIÓN PRIMARIA DE SALUD AÑO 2025;2025-04-09T15:38:48.43;2025-04-21T18:41:00;2025-05-22T18:42:00;;CLP;0;0
2735-55-LR25;SERVICIO DE CONTROL DE PLAGAS Y SANITIZACIÓN;I MUNICIPALIDAD LO BARNECHEA;69.255.200-8;Municipalidad de lo Barnechea - Adquisiciones - Consistorial;El Rodeo N 12.777;Lo Barnechea;Región Metropolitana de Santiago;LR;Publicada;servicio de control de plagas, el que está constituido por los servicios de desratización, desinsectación, sanitización, control de colonias de murciélagos, control de palomas, y el retiro, traslado y reubicación de panales de abeja, los que serán requeridos a precios unitarios durante la vigencia del contrato. Los servicios deberán ser ejecutados dentro de la comuna de Lo Barnechea y previo requerimiento del ITS, los que podrán ser en plazas, mientras no sean fitosanitario, en BNUP, quebradas, esteros, alcantarillados, inmuebles municipales, y todas las viviendas de la comuna, entre otros.;2025-04-09T15:32:56.8;2025-05-12T16:00:00;2025-08-13T23:59:00;;CLF;0;0
3976-16-L125;CONTRATAR PLATAFORMA TECNOLOGICA PARA ESCUELA CACIQUE LEVIAN;I MUNICIPALIDAD DE SANTA BARBARA;69.170.201-4;Departamento De Educacion Municipal;Arturo Prat N 121 Santa Bárbara;Santa Bárbara;Región del Biobío;L1;Publicada;CONTRATAR PLATAFORMA TECNOLOGICA PARA ESCUELA CACIQUE LEVIAN DAEM DE LA COMUNA DE SANTA BARBARA;2025-04-09T15:26:28.733;2025-04-16T16:06:00;2025-04-25T16:37:00;1500000;CLP;0;0
2986-25-LE25;Contrato sum. exámenes de endoscopias digestiva;I MUNICIPALIDAD DE LOS LAGOS;69.200.600-3;Unidad de Salud;Arturo Prat N 162;Los Lagos;Región de Los Ríos;LE;Publicada;Contrato de suministro exámenes de endoscopias digestiva alta con biopsia y test de ureasa año 2025, CESFAM Tomás Rojas Vergara.;2025-04-09T15:26:02.173;2025-04-15T16:01:00;2025-04-30T17:33:00;;CLP;0;0
3527-7-LE25;ADQUISICIÓN DE FILTROS Y REPUESTOS PARA VEH Y MAQ;COMANDO DE APOYO A LA FUERZA;61.101.037-0;Cuerpo Militar del Trabajo Subjefatura Zonal Arica;Alejandro Azola 3041;Arica;Región de Arica y Parinacota;LE;Publicada;El Cuerpo Militar del Trabajo Sub Jefatura Zonal Arica, en adelante CMT, en conformidad a las necesidades generadas del convenio suscrito entre el MOP CMT, requiere contar con la adquisición de filtros y repuestos genuino según N. de parte y neumáticos para máquinas, equipos y vehículos, a una empresa que cuente con las capacidades, medios y tecnologías para la entrega optima del requerimiento, dando cumplimiento a las características técnicas, condiciones comerciales y económicas definidas en estas bases técnicas.;2025-04-09T15:21:49.527;2025-04-21T16:00:00;2025-04-28T18:00:00;;CLP;0;0
1426397-16-LE25;LHA-Adquisición material especialidades Técnico Profesionales.;Servicio Local de Educación Pública Iquique;61.980.910-6;P02 SUBVENCION GENERAL SLEP IQUIQUE;ESMERALDA # 340 OFICINA 410 IQUIQUE;Iquique;Región de Tarapacá;LE;Publicada;Adquisición de material especialidades construcciones metálicas, metalurgia, mecánica automotriz y mecánica industrial.;2025-04-09T15:19:57.197;2025-04-16T13:00:00;2025-04-30T18:00:00;55727575;CLP;0;0
677-4-LE25;Servicios de Deshabilitación Propiedad Fiscal;MINISTERIO DE BIENES NACIONALES;61.402.006-7;SEREMI del Bio-Bío;ANIBAL PINTO N 442, 4to piso;Concepción;Región del Biobío;LE;Publicada;Servicio de deshabilitación, desarme de estructuras, despeje, limpieza, transporte y disposición final de los materiales resultantes en lugar autorizado para tal efecto, para terreno fiscal ubicado en sector Estadio y cerro El Morro de Talcahuano, ubicado en calle Jordán Valdivieso SN, sector Estadio El Morro, Lote A-4 de la comuna de Talcahuano .;2025-04-09T15:25:32.913;2025-04-21T15:05:00;2025-04-22T15:06:00;;CLP;0;0
1380-93-LR25;PPTA 96-25 ADQUISICIÓN DE FORMULAS ENTERALES;HOSPITAL DOCTOR HERNAN HENRIQUEZ ARAVENA;61.602.232-6;HOSPITAL DOCTOR HERNAN HENRIQUEZ ARAVENA;Manuel Montt 115;Temuco;Región de la Araucanía;LR;Publicada;Se requiere disponer de Formulas Enterales, para poder satisfacer las necesidades nutricionales de los pacientes hospitalizados en el Hospital Dr. Hernán Henríquez Aravena de Temuco, para distintos casos de alta especialización, que requieren de soporte nutricional para promover la recuperación y calidad de vida del paciente, en este contexto las formulas enterales son fundamental para el tratamiento cuando los usuarios presentan, trastornos que impiden una alimentación oral adecuada, como disfagia, cirugía gastrointestinal, condiciones clínicas crónicas o agudas que requieren alimentación enteral prolongada. Las presentes bases se refieren a las condiciones y características técnicas requeridas para la ADQUISICIÓN DE FORMULAS ENTERALES, en adelante: los Insumos, por el periodo de dieciocho 18 meses. La adquisición se realizará en concordancia con el Plan Anual de Compras 2025 PAC 2025, la legislación vigente, bases administrativas y técnicas, especificaciones técnicas que se detallan en el Anexo N 3, 3A,3B,3C,3D,3E,3F,3G,3H,3I y entre otros que constituyen el requerido llamado a licitación.;2025-04-09T15:08:16.847;2025-05-12T15:00:00;2025-08-07T17:00:00;419194541;CLP;0;0
1952-32-LP25;ACCIONES DE SALUD HORAS MÉDICAS DE ATENCION ABIERT;Hospital Villarrica;61.602.248-2;Hospital Villarrica;San Martín 460;Villarrica;Región de la Araucanía;LP;Publicada;El objetivo principal de esta Propuesta es la compra de servicios de hora de especialidad médica de atención abierta, enfocadas en subsanar la problemática de especialistas producida en el hospital, específicamente en el área de urgencia, en la medida en que cada Servicio lo requiera, según dotación solicitada en la presentes bases técnicas, en las mejores condiciones posibles para ambas partes, en dependencias del Hospital Villarrica, como se detallan en las bases técnicas y las cantidades en el Anexo N 1;2025-04-09T15:07:45.31;2025-04-28T15:30:00;2025-07-27T23:59:00;;CLP;0;0
813-33-LE25;PP 33 Servicios Bioinformatico Min Cien;INSTITUTO DE SALUD PUBLICA DE CHILE;61.605.000-1;Cotizaciones - ISP;Av. Marathón 1000;Santiago;Región Metropolitana de Santiago;LE;Publicada;La presente contratación se enmarca en el desarrollo de un proyecto de investigación financiado por el Ministerio de Ciencias, Tecnología, Conocimiento e Innovación, cuyo objetivo es el desarrollo de una plataforma digital para el análisis de datos genómicos y fenotípicos. Este proyecto busca fortalecer la capacidad de análisis en virología y epidemiología, facilitando la toma de decisiones basada en datos científicos. El Instituto, en su compromiso con la innovación y la digitalización, requiere la implementación de una plataforma tecnológica avanzada que permita la gestión y análisis de grandes volúmenes de datos. La contratación de un profesional en informática es esencial para el diseño, desarrollo e implementación de esta plataforma, asegurando su eficiencia, seguridad e interoperabilidad con otras bases de datos nacionales e internacionales.;2025-04-09T15:03:00;2025-04-24T15:00:00;2025-05-02T19:00:00;;CLP;0;0
5184-285-LP24;BAJADAS DE SUERO MACROGOTA;SERVICIO DE SALUD DEL MAULE HOSPITAL DE LINARES;61.606.917-9;CONTRATOS-SUMINISTRO;Brasil N 753;Linares;Región del Maule;LP;Publicada;BAJADAS DE SUERO MACROGOTA, MM N 225 ADQUISICIONES;2025-04-09T14:54:38;2025-04-29T15:00:00;2025-06-19T18:00:00;98000000;CLP;0;0
1035-2-LE25;Faena Rehabilitación Servicios Ecosistemicos BNQ;CORP NACIONAL FORESTAL;61.313.000-4;VI - Oficina Regional y Prov. Cachapoal;Cuevas 480;Rancagua;Región del Libertador General Bernardo OHiggins;LE;Publicada;Rehabilitación de Servicios Eco sistémicos de Bosques Nativos Quemados, en predios de pequeños y medianos propietarios de la Provincia de Cachapoal y Colchagua, región del Libertador Bernardo OHiggins.;2025-04-09T15:04:00;2025-04-21T15:32:00;2025-04-23T15:33:00;26700000;CLP;0;0
3706-35-LQ25;2do llamado CONSTRUCCION ILUMINACION SOLAR Y TELEVIGILANCIA;I MUNICIPALIDAD DE SAN IGNACIO;69.141.300-4;Adquisiciones;MANUEL JESUS ORTIZ 599;San Ignacio;Región del Ñuble;LQ;Publicada;La Iniciativa busca el dotar de iluminación en diferentes sectores de la comuna de San Ignacio por medio de la instalación de luminarias led del tipo solar, asimismo, la colocación de cámaras de vigilancia en lugares de uso público como parques y plazas de villas. Luminarias y cámaras serán emplazadas en puntos estratégicos como entradas de caminos no enrolados, paraderos de locomoción rural, accesos de APR y espacios públicos dónde sea insuficiente la iluminación existente o se necesite un monitoreo del uso de estos con el fin de prevenir el delito. En términos cuantitativos se instalarán 114 luminarias del tipo solar de 200Wats (equipo y poste metálico) en los sectores Lourdes (8 Uds.), Quiriquina (8 Uds.), San Pedro (8 Uds.), APR Villa Santa Rosa (8 Uds.), Paso Las Huertas (8 Uds.), Meco (8 Uds.), APR Villa Las Araucarias (11) Uds.), Crucero Coltón (8 Uds.), Coltón Las Rosas (8 Uds.), Santa Juana (8 Uds.), APR Vista Bella (8 Uds.), Villa Cordillera (8 Uds.), Vista Bella (8 Uds.) y El Calvario (8 Uds.). Las cámaras de vigilancia comprenderán la cantidad de 12 en los sectores de El Álamo (6 Uds.) y Villa Primavera (6 Uds.), del tipo ptz 4g (cámara y poste metálico).;2025-04-09T14:51:11.8;2025-04-29T16:00:00;2025-05-28T16:00:00;;CLP;0;0
1973-37-LE25;SERVICIOS DE EXÁMENES HISTEROSALPINGOGRAFIA;CENTRO DE REFERENCIA DE SALUD DE PENALOLEN CORDILLERA ORIENTE;61.953.200-7;CRS de Peñalolen Cordillera Oriente;Avda. Las Torres 5100;Peñalolén;Región Metropolitana de Santiago;LE;Publicada;El objeto de este proceso licitatorio es contratar el servicio de exámenes de Histerosalpingografia para los pacientes beneficiarios del Centro de Referencia de Salud de Peñalolén Cordillera Oriente. Por esta razón, se exigirá calidad técnica en el servicio licitado y al cumplimiento del proveedor en los aspectos administrativos como los tiempos de respuesta y otros. Formarán parte integrante de estas bases sus eventuales aclaraciones, rectificaciones, enmiendas, formularios y sus anexos todo ello debidamente publicado en el portal Mercado Público. Se entenderá que todo proveedor conoce y acepta irrevocablemente el contenido de estas Bases, por el sólo hecho de presentar sus ofertas en este proceso de compra.;2025-04-09T14:42:33.077;2025-04-21T17:30:00;2025-05-22T18:00:00;15000000;CLP;0;0
2176-16-LR25;Servicio de transporte para traslado de funcionarios del Centro Integrado de Notificaciones Judiciales de Valparaíso Zona Costa y Juzgados no Reformados de la Jurisdicción;CORP ADMINISTRATIVA DEL PODER JUDICIAL;60.301.001-9;Corp. Adm. del Poder Judicial - Valparaiso;Prat 779, piso 9;Valparaíso;Región de Valparaíso;LR;Publicada;PAC(3171-24-PC25) Servicio de transporte para traslado de funcionarios del Centro Integrado de Notificaciones Judiciales de Valparaíso - Zona Costa y Juzgados no Reformados de la jurisdicción;2025-04-09T14:35:05.407;2025-05-12T16:00:00;2025-09-09T17:44:00;;CLP;0;0
1058022-4-LE25;ADQUISICIÓN DE MEDICAMENTOS;SERVICIO SALUD BIO BIO HOSPITAL NACIMIENTO;61.602.220-2;Fármarcos;Av. Julio Hemmelmann 711;Nacimiento;Región del Biobío;LE;Publicada;El Hospital Familiar Comunitario de Nacimiento ha recibido solicitudes de adquisiciones N35335 y 34370, emitida por el Unidad de Farmacia, quien solicita se realice la adquisición de medicamentos para stock de bodega de farmacia.;2025-04-09T14:51:25.643;2025-04-15T09:00:00;2025-05-09T16:30:00;;CLP;0;0
514862-32-LP25;SERV. SUMINISTRO ANTEOJOS OPTICOS 10031731;CORPORACION MUNICIPAL DE PENALOLEN PARA EL DESARROLO SOCIAL CORMUP;71.234.100-9;CORPORACION MUNICIPAL DE PENALOLEN PARA EL DESARRO;AVDA. ORIENTALES N6958;Peñalolén;Región Metropolitana de Santiago;LP;Publicada;SEGUN BASES DE LICITACION ADJUNTA;2025-04-09T14:41:56.79;2025-05-05T15:30:00;2025-06-03T23:59:00;126900000;CLP;0;0
538598-10-LQ25;Servicio de Recuperación de espacios HOSMET;HOSPITAL METROPOLITANO DE SANTIAGO;61.979.450-8;ABASTECIMIENTO;AVENIDA HOLANDA #60;Providencia;Región Metropolitana de Santiago;LQ;Publicada;Servicio de Recuperación de espacios Departamento de Recursos Humanos, Consultas de Atención Salud Funcionaria y Habilitación de box Dental para el Hospital Metropolitano.;2025-04-09T14:34:36.42;2025-04-29T15:01:00;2025-05-29T16:00:00;;CLP;0;0
1069-5-LQ25;Convenio de Sal para Deshielo;MINISTERIO DE OBRAS PUBLICAS DIREC CION GRAL DE OO PP DCYF;61.202.000-0;Dirección de Vialidad - XII Región - Provincia T. del Fuego;Jorge Schyte 31;Porvenir;Región de Magallanes y de la Antártica;LQ;Publicada;Convenio suministro de sal para deshielo para utilizarla en época invernal en la Ruta Y-65, Y-71, 257 CH de la Provincia de Tierra del Fuego;2025-04-09T14:20:08.257;2025-04-21T15:30:00;2025-04-30T16:36:00;;CLP;0;0
1092-2-LE25;Serv. Prof. Promotor en Dendroenergía Reg. Aysén;CORP NACIONAL FORESTAL;61.313.000-4;XI Región - Oficina Regional de Aysén;Ignacio serrano 409;Coyhaique;Región Aysén del General Carlos Ibáñez del Campo;LE;Publicada;Disponer de los servicios profesionales en Promoción en Dendroenergía (Promotores en Dendroenergía), para el año 2025-2026, en la región de Aysén, para desarrollar actividades de apoyo a propietarios y propietarias, en los territorios en donde actúa la institución.;2025-04-09T14:29:16.06;2025-04-21T19:47:00;2025-04-25T19:48:00;40000000;CLP;0;0
5251-63-LE25;Cambio de pavimento -Decanato Humanidades- UTEM;UNIVERSIDAD TECNOLOGICA METROPOLITANA;70.729.100-1;DEPARTAMENTO DE ABASTECIMIENTO;Calle Dieciocho N178, Santiago;Santiago;Región Metropolitana de Santiago;LE;Publicada;El objetivo del proyecto Cambio de Pavimento Decanato Humanidades es mejorar la circulación, seguridad y habitabilidad del patio interior del Campus Central UTEM. La obra contempla la renovación del pavimento y la mejora de los sistemas de drenaje y sanitario, con el fin de resolver problemas de transitabilidad y de rebalse de aguas lluvias.;2025-04-09T14:14:54.41;2025-04-21T20:00:00;2025-05-22T17:00:00;20000000;CLP;0;0
411-23-LE25;MODIFICACIÓN DE PUERTAS DE ACCESO CESFAM ALTO DEL CARMEN;ILUSTRE MUNICIPALIDAD DE ALTO DEL CARMEN;69.251.900-0;Departamento Finanzas - D.A.F;Padre Alonso García s/n Alto del Carmen;Alto Del Carmen;Región de Atacama;LE;Publicada;CONTRATACIÓN PARA LA EJECUCIÓN DE LAS MODIFICACIONES DE PUERTAS DE ACCESO CESFAM , ALTO DEL CARMEN.;2025-04-09T14:05:05.72;2025-04-25T16:23:00;2025-05-05T16:24:00;;CLP;0;0
1057678-2-LE25;ADQUISICION DE PIN BASE METALICA BROCHE AMERICANO;SERVICIO SALUD METROPOLITANO OCCIDENTE;61.608.200-0;Bienestar;ROMERO 2432;Santiago;Región Metropolitana de Santiago;LE;Publicada;Que, existe la necesidad del Servicio de Salud Metropolitano Occidente de Adquirir PIN Base metálica broche americano para ser entregadas a todos los funcionarios de la Red del Servicio de Salud Metropolitano Occidente con motivo de la Conmemoración del Día Internacional del Trabajador, indicado en el Requerimiento N25-253 del Departamento de Bienestar.;2025-04-09T14:21:45.42;2025-04-15T20:00:00;2025-04-28T18:00:00;;CLP;0;0
769-51-LE25;ESTRATEGIAS SALUD BUCAL GES 60 MEJILLONES P 39;SERVICIO DE SALUD ANTOFAGASTA DIRECCION;61.606.200-k;SERVICIO DE SALUD ANTOFAGASTA DIRECCION;Bolivar 523, Antofagasta;Antofagasta;Región de Antofagasta;LE;Publicada;La presente licitación tiene por objetivo contratar los servicios odontológicos para la ejecución del Programa ESTRATEGIAS DE SALUD BUCAL en sus componentes: GES 60 AÑOS, ATENCIÓN ODONTOLÓGICA INTEGRAL A MUJERES Y HOMBRES DE 20 AÑOS O MÁS, MEJILLONES 2025, con la finalidad de otorgar las prestaciones definidas en las especificaciones técnicas adjuntas a estas bases como: -ALTA ODONTOLÓGICA INTEGRAL EN ADULTO 60 AÑOS Beneficiarios de FONASA y/o PRAIS en cantidad de 30. -ALTA ODONTOLÓGICA INTEGRAL A MUJERES, de 20 años y más Beneficiarias de FONASA y/o PRAIS en cantidad de 62 altas sin prótesis y 70 altas con prótesis. -ALTA ODONTOLÓGICA INTEGRAL DE HOMBRES, de 20 años y más Beneficiarios de FONASA y/o PRAIS en cantidad de 62 altas sin prótesis y 60 altas con prótesis. Toda persona de 60 años, 11 meses y 29 días de edad, beneficiario FONASA o PRAIS, tendrá acceso a tratamiento el cual debe iniciarse dentro de 90 días desde la solicitud de atención, la que debe realizarse mientras la persona tenga 60 años.;2025-04-09T14:17:53.443;2025-04-24T11:00:00;2025-05-12T17:00:00;;CLP;0;0
2963-20-LQ25;CONTRATACIÓN DEL SERVICIO DE FOTOCOPIADO IMPRESIÓN Y DIGITALIZACION PARA LA ILUSTRE MUNICIPALIDAD DE LA GRANJA;I MUNICIPALIDAD DE LA GRANJA;69.072.400-6;SECPLA;Americo Vespucio 002;La Granja;Región Metropolitana de Santiago;LQ;Publicada;Las presentes bases administrativas están referidas a la licitación pública denominada CONTRATACIÓN DEL SERVICIO DE FOTOCOPIADO, IMPRESIÓN Y DIGITALIZACION PARA LA ILUSTRE MUNICIPALIDAD DE LA GRANJA;2025-04-09T14:11:10.42;2025-05-02T15:01:00;2025-05-28T18:00:00;;CLP;0;0
5184-50-LE25;DELANTALES QUIRÚRGICOS Y SABANAS PERFORADAS;SERVICIO DE SALUD DEL MAULE HOSPITAL DE LINARES;61.606.917-9;CONTRATOS-SUMINISTRO;Brasil N 753;Linares;Región del Maule;LE;Publicada;MM N/278 DELANTALES QUIRÚRGICOS Y SABANAS PERFORADAS PARA PABELLÓN DEL HOSPITAL DE LINARES Sr. Proveedor: FAVOR ACEPTAR ORDEN DE COMPRA, PARA PAGO OPORTUNO ENTREGA: Bodega de Economato, Hospital de Linares, Brasil 753, Linares. HORARIO: Lunes a Jueves 8:00 a 17:00 y Viernes 8:00 a 16:00 horas. CONTACTO: Marlene Bahamondes, Encargada de Bodega de Economato, Fono 73-2566471 - 472 Sr. proveedor, s;2025-04-09T14:11:01.103;2025-04-21T15:30:00;2025-06-10T17:00:00;62500000;CLP;0;0
3073-16-LE25;SERVICIO ENLACE DEDICADO INTERNET.COMPLETAR FORM.;DIRECCION DE ABASTECIMIENTO DE LA ARMADA;61.102.015-5;SERVICIO HIDROGRAFICO Y OCEANOGRAFICO;ERRAZURIZ 254 PLAYA ANCHA;Valparaíso;Región de Valparaíso;LE;Publicada;Necesario para las funciones de este Servicio.;2025-04-09T13:44:34.513;2025-04-21T16:00:00;2025-05-22T16:30:00;409;CLF;0;0
2305-1-LE25;Servicio de análisis antidoping.;UNIDAD DE ANALISIS FINANCIERO;61.973.000-3;Unidad de Análisis Financiero;Moneda 975, Piso 15;Santiago;Región Metropolitana de Santiago;LE;Publicada;Materializar la contratación de un Laboratorio que realice análisis antidoping para que lleve a cabo el proceso de exámenes y toma de muestras de los funcionarios de la UAF, de acuerdo al reglamento sobre control obligatorio de consumo de estupefacientes y sustancias sicotrópicas, previsto en el Decreto N 529, de 2006, del Ministerio de Hacienda.;2025-04-09T13:50:41.893;2025-04-23T16:00:00;2025-04-29T17:00:00;48400000;CLP;0;0
1002592-1-LE25;ADQUISICIÓN DE LICENCIAS DE SOFTWARE;SERVICIO LOCAL DE EDUCACION LAS BARRANCAS;65.154.021-6;SLEPB PROGRAMA 1;San Pablo 9176;Pudahuel;Región Metropolitana de Santiago;LE;Publicada;El Servicio Local de Educación Pública Barrancas requiere contratar, por un periodo de 36 meses, un servicio integral de licencias. Este servicio debe incluir diversas funcionalidades esenciales para el correcto desempeño de las actividades del nivel central.;2025-04-09T13:33:54.127;2025-04-21T15:30:00;2025-04-28T18:30:00;;CLP;0;0
1079516-12-LE25;BANDERAS NACIONALES E INSTITUCIONALES;DIRECCION DE LOGISTICA DE CARABINEROS;61.979.360-9;SECCIÓN COMPRAS ZONA DE CARABINEROS VALPARAISO;AV. EL LITORAL NRO. 335, COMUNA DE SANTO DOMINGO;Santo Domingo;Región de Valparaíso;LE;Publicada;ADQUISICIÓN DE BANDERAS NACIONALES E INSTITUCIONALES PARA LA ZONA DE CARABINEROS VALPARAÍSO.;2025-04-09T13:21:07.403;2025-04-15T19:30:00;2025-04-22T17:34:00;20000000;CLP;0;0
4922-5-LE25;ADQUISICIÓN DE VEHÍCULO BIBLIOMOVIL COMUNITARIO;I MUNICIPALIDAD DE FUTRONO;69.200.700-k;Direccion de Desarrollo Comunitario;balmaceda esq. alessandri;Futrono;Región de Los Ríos;LE;Publicada;La Ilustre Municipalidad de Futrono, por intermedio del departamento de Administración y Finanzas, mediante el presente documento, llama a Licitación Pública para la adquisición de un vehículo station Wagon 4x4 para dependencias de Biblioteca Municipal para cumplir labores de bibliomovil comunitario de acuerdo al proyecto;2025-04-09T13:44:44.207;2025-04-21T19:55:00;2025-05-06T19:56:00;;CLP;0;0
3623-12-LP25;CONST. DE VEREDAS VARIOS SECTORES RURALES DE MÁFIL;I MUNICIPALIDAD DE MAFIL;69.200.500-7;Municipalidad de Máfil - Adquisiciones;San Martin 263;Máfil;Región de Los Ríos;LP;Publicada;Realizar instalación aceras en sectores rurales, de acuerdo a documentación adjunta.;2025-04-09T13:38:14.893;2025-04-29T14:00:00;2025-05-09T17:30:00;165000000;CLP;0;0
4560-17-LE25;SERVICIOS PROFESIONALES MÉDICOS - NEURÓLOGO-PSIQUI;I MUNICIPALIDAD DE LOS ALAMOS DEPTO COMUNAL;69.160.401-2;depto. Educación;;;Región del Biobío;LE;Publicada;FONDOS PIE 2025 COORDINACIÓN PIE-SEP ESTABLECIMIENTOS MUNICIPALES DE LA COMUNA CONTRATACIÓN SERVICIOS MÉDICOS NEURÓLOGOPSIQUIATRA.;2025-04-09T13:17:55.6;2025-04-15T16:00:00;2025-04-16T11:00:00;7000000;CLP;0;0
2436-23-LE25;Adquisición de Pintura Termoplastica de Extrusión;I MUNICIPALIDAD DE CURICO;69.100.100-8;IMUNI_CURICOADQUISICIONES;Estado 279;Curicó;Región del Maule;LE;Publicada;Dirección de Transito, requiere la adquisición de kilos de pintura termoplastica de extrusión de color blanco, segun SPN 328591.-;2025-04-09T13:07:09.143;2025-04-21T19:52:00;2025-04-22T19:53:00;10000000;CLP;0;0
1220203-15-LE25;ADQUISICIÓN LIBROS CRBP ANTOFAGASTA 2025;SERVICIO NACIONAL DEL PATRIMONIO CULTURAL;60.905.047-0;DIRECCION REGIONAL DE ANTOFAGASTA;Manuel Antonio Matta 2822;Antofagasta;Región de Antofagasta;LE;Publicada;Adquisición Libros Coordinación Regional Bibliotecas Públicas de Antofagasta 2025, para las bibliotecas de la region de Antofagasta en convenio con la Coordinacion Regional de Bibliotecas Publicas, con el objetivo de ampliar sus colecciones y prestar un mejor servicio a los habitantes de sus comunidades.;2025-04-09T12:56:52.813;2025-04-23T20:00:00;2025-05-05T17:00:00;21900000;CLP;0;0
621-339-LQ25;SONDA ASPIRACION CCONTROL SUCCION 12FR 1000020806;CENTRAL DE ABASTECIMIENTO DEL SISTEMA NACIONAL DE SERVICIO DE SALUD;61.608.700-2;Compras del Giro 621;Bodega Proveedor;Santiago Centro;Región Metropolitana de Santiago;LQ;Publicada;BASES ADMINISTRATIVAS Y TÉCNICAS TIPO, POR LAS QUE SE REGIRÁN LOS PROCESOS DE LICITACIÓN PARA LA ADQUISICIÓN DE PRODUCTOS FARMACÉUTICOS, COSMÉTICOS, VACUNAS, INSUMOS, DISPOSITIVOS, Y/O ALIMENTOS DE USO MÉDICO, DESTINADO AL EJERCICIO DE ACCIONES DE SALUD;2025-04-09T12:55:47.017;2025-04-30T16:00:00;2025-06-02T17:30:00;145457070;CLP;0;0
1697-8-LE25;MANTENCIÓN PREVENTIVA Y CORRECTIVA DE IMPULSIÓN;CORP ADMINISTRATIVA DEL PODER JUDICIAL;60.301.001-9;Corp. Adm. del Poder Judicial - Antofagasta;Uribe 636 piso 14, Edificio Centro de Negocios Uribe;Antofagasta;Región de Antofagasta;LE;Publicada;PAC 2693-9-PC25;2025-04-09T12:56:40.177;2025-04-21T16:00:00;2025-06-20T16:00:00;;CLF;0;0
968521-5-LE25;Canulas de alto flujo;SERVICIO DE SALUD DEL MAULE HOSPITAL SAN JAVIER;61.606.912-8;INSUMOS CLINICOS;RIQUELME 1131 - Región del Maule - San Javier;San Javier;Región del Maule;LE;Publicada;ABASTECER DE INSUMOS PARA CANULA NASAL DE ALTO FLUJO A LAS DISTINTAS UNIDADES DEL HOSPITAL DE SAN JAVIER POR UN PERIODO DE 12 MESES SEGÚN LO ESTABLECIDO EN LAS BASES DE LICITACIOJ DEL PRESENTE CONTRATO;2025-04-09T12:41:34.89;2025-04-15T11:08:00;2025-04-28T11:09:00;27000000;CLP;0;0
3443-17-LE25;CARROS DE VENTAS AMBULANTES;I MUNICIPALIDAD DE PURRANQUE;69.210.500-1;Dirección de Administración y Finanzas;Pedro Montt Nro. 249;Purranque;Región de los Lagos;LE;Publicada;CARROS DE VENTAS AMBULANTES para desarrollar la actividad del comercio ambulante en la comuna de Purranque, conforme al detalle de las presentes Bases Administrativas Generales, Especificaciones Técnicas y Anexos.;2025-04-09T13:06:58.233;2025-04-14T16:00:00;2025-05-09T18:00:00;10000000;CLP;0;0
611134-4-LE25;CUANTIFICACIÓN CONTAMINANTES CUENCA RIO MAIPO;SUBSECRETARIA DEL MEDIO AMBIENTE;61.979.930-5;Seremi Region Metropolitana;Avenida Alameda Libertador Bernardo O`Higgins 1449;Santiago Centro;Región Metropolitana de Santiago;LE;Publicada;E1O2RT9CUANTIFICACIÓN DE LAS FUENTES PUNTUALES Y LA CARGA CONTAMINANTE EN LAS AGUAS SUPERFICIALES DE LA CUENCA DEL RÍO MAIPO PARA APOYAR LA TOMA DE DECISIONES DEL PLAN DE PREVENCIÓN Y DESCONTAMINACIÓN HÍDRICA PPDH, destinado a obtener datos cuantitativos sobre las fuentes puntuales y la carga contaminante en las aguas superficiales de la cuenca del río Maipo para apoyar la toma de decisiones.;2025-04-09T12:34:34.437;2025-04-21T15:30:00;2025-05-05T16:14:00;30000000;CLP;0;0
438-28-LE25;ADQUISICION DE INSTRUMENTAL Y MATERIALES DENTALES PARA EL DEPARTAMENTO DE SALUD;I MUNICIPALIDAD DE SAN RAMON;69.253.900-1;Secretaria de Planificación San Ramón;Avenida Ossa 1771;Santiago;Región Metropolitana de Santiago;LE;Publicada;SE SOLICITA LA CONTRATACION DE CONVENIO DE SUMINISTRO DE ADQUISICION INSTRUMENTAL Y MATERIALES DENTALES PARA EL DEPARTAMENTO DE SALUD;2025-04-09T12:34:31.787;2025-04-16T09:00:00;2025-05-16T19:00:00;40000000;CLP;0;0
3874-11-LE25;ALTAS ODONTOLOGICAS INTEGRALES A PACIENTES HOMBRES;I MUNICIPALIDAD DE RAUCO;69.100.400-7;Salud;Avda. O Higgins S/N;Rauco;Región del Maule;LE;Publicada;LA NECESIDAD DE CONTAR CON 42 UNIDADES DE ALTAS ODONTOLOGICAS INTEGRALES A PACIENTES HOMBRES MAYORES DE 20 AÑOS, DE LA COMUNA DE RAUCO, DE ACUERDO AL PROGRAMA ATENCIÓN INTEGRAL DE HOMBRES, PERTENECIENTES AL PROGRAMA DE ESTRATEGIA DE SALUD BUCAL 2025.;2025-04-09T12:26:41.803;2025-04-21T15:36:00;2025-04-30T16:17:00;7900000;CLP;0;0
507428-62-LE25;ADQ. EQUIPOS CAMPAÑA DE INVIERNO HOSPITAL ANCUD;SERVICIO DE SALUD CHILOE;61.979.210-6;Servicio de Salud Chiloé;Avda. Bernardo O'Higgins 504, Castro;Castro;Región de los Lagos;LE;Publicada;Adquirir e instalar Equipos en Hospital Ancud, según planilla de habilitación del proyecto por la Campaña de Invierno.;2025-04-09T12:25:13.61;2025-04-21T16:23:00;2025-05-19T16:24:00;;CLP;0;0
1380-94-LP25;PPTA 97-25 ADQ. SUPLEMENTOS NUTRICIONALES;HOSPITAL DOCTOR HERNAN HENRIQUEZ ARAVENA;61.602.232-6;HOSPITAL DOCTOR HERNAN HENRIQUEZ ARAVENA;Manuel Montt 115;Temuco;Región de la Araucanía;LP;Publicada;Se requiere disponer de Suplementos Nutricionales, para poder satisfacer las necesidades nutricionales de los pacientes hospitalizados de alta complejidad, con patologías agudas y crónicas que requieren un soporte nutricional específico como parte de su tratamiento integral. Garantizando el aporte adecuado de nutrientes en pacientes que, debido a sus condiciones clínicas, no logran cubrir sus requerimientos a través de la alimentación convencional. Los suministros serán distribuidos a las diferentes unidades clínicas como: Unidad de Cuidados Intensivos UCI, Oncología, Medicina Interna, Cirugías y Pediatría. Las presentes bases se refieren a las condiciones y características técnicas requeridas para la ADQUISICIÓN DE SUPLEMENTOS NUTRICIONALES en adelante: los Insumos, por el periodo de dieciocho 18 meses. La adquisición se realizará en concordancia con el Plan Anual de Compras 2025 PAC 2025, la legislación vigente, bases administrativas y técnicas, especificaciones técnicas que se detallan en el Anexo N 1 y entre otros que constituyen el requerido llamado a licitación.;2025-04-09T12:27:07.897;2025-04-21T15:01:00;2025-07-18T17:30:00;135462393;CLP;0;0
2440-67-L125;Servicio de Internet para el Establecimiento Educacional Escuela Grecia;I MUNICIPALIDAD DE CURICO;69.100.100-8;Municipalidad de Curicó - Educación - Adquisiciones;;;Región del Maule;L1;Publicada;El Departamento de Administración de Educación Municipal de Curicó requiere contratar, Servicio de Internet para el Establecimiento Educacional Escuela Grecia;2025-04-09T12:20:17.667;2025-04-16T13:26:00;2025-05-08T10:00:00;6500000;CLP;0;0
807-12-LP25;Apoyo al proceso de regularización yo saneamiento de tierra apoyo en escrituración de DRU subdivisión de goces para familias o comunidades indígenas en la región de Los Lagos yo región de Aysén año 2025;CORP NACIONAL DE DESARROLLO INDIGENA;72.396.000-2;Dirección Regional de Osorno;García Hurtado de Mendoza N 1043;Osorno;Región de los Lagos;LP;Publicada;- Entregar un ordenamiento delimitado a las comunidades o personas indígenas a través de subdivisiones de hecho en la región de Los Lagos y Aysén, - Garantizar el éxito operativo del presente programa en los períodos establecidos, con el propósito de que se habiliten oportunamente a los postulantes mapuches williche de la Región de Los Lagos, con el fin de acceder a los programas de vivienda destinados al sector rural.;2025-04-09T12:13:00;2025-04-29T12:00:00;2025-05-05T20:00:00;89000000;CLP;0;0
1062018-4-LE25;SERVICIO DE REGISTRO MEDICIÓN REPORTE Y ANÁLISIS;DEFENSORIA DE LOS DERECHOS DE LA NIÑEZ;62.000.410-3;Unidad de Gestión Institucional;Teatinos #340;Santiago;Región Metropolitana de Santiago;LE;Publicada;SERVICIO DE REGISTRO, MEDICIÓN, REPORTE Y ANÁLISIS DE LAS PRINCIPALES MÉTRICAS DE LAS CUENTAS Y PLATAFORMAS WEB INSTITUCIONALES. contratación del Servicio de Registro, Medición, Reporte y Análisis de las Principales Métricas de las Cuentas y Plataformas Institucionales, con el fin de enfocar con mayor precisión la información traspasada al público.;2025-04-09T12:09:48.65;2025-04-17T18:00:00;2025-05-31T15:11:00;;CLP;0;0
2440-68-L125;Servicio de Internet para el Establecimiento Educacional Escuela María Inés Rodríguez;I MUNICIPALIDAD DE CURICO;69.100.100-8;Municipalidad de Curicó - Educación - Adquisiciones;;;Región del Maule;L1;Publicada;El Departamento de Administración de Educación Municipal de Curicó requiere contratar, Servicio de Internet para el Establecimiento Educacional Escuela María Inés Rodríguez;2025-04-09T12:21:14.577;2025-04-16T13:14:00;2025-05-07T10:00:00;4500000;CLP;0;0
867990-27-LE25;Servicios de Catering - CDP 82451 CC 102;UNIVERSIDAD DE SANTIAGO DE CHILE;60.911.000-7;Unidad de Coordinación Institucional - UCI;Av. L. Bernardo O Higgins 3363 - Estación Central;Estación Central;Región Metropolitana de Santiago;LE;Publicada;La Universidad de Santiago de Chile requiere servicios de catering para diversas fechas, según lo indicado en el punto II. de Bases Técnicas. CDP 82451 CC 102;2025-04-09T12:03:54.113;2025-04-16T15:00:00;2025-04-21T18:00:00;18000000;CLP;0;0
2258-77-LQ25;SERVICIOS TENS APERTURA CAMAS DEL HRA;SERVICIO DE SALUD ANTOFAGASTA HOSPITAL L;61.606.201-8;Abastecimiento Principal;Avda Pedro Aguirre Cerda N 5900;Antofagasta;Región de Antofagasta;LQ;Publicada;SERVICIOS TECNICOS EN ATENCION Y CUIDADO INTEGRAL DE PACIENTES APERTURA DE CAMAS MEDIAS Objetivo continuidad de habilitacion de 30 camas medias en Las diferentes unidades satisfaciendo de manera adecuada y eficiente la labor asistencial del establecimiento.;2025-04-09T12:07:33.593;2025-04-21T18:00:00;2025-06-18T13:19:00;;CLP;0;0
712307-23-LE25;Consultoría apoyo FTO Mejoramiento Parque Santa Lucía Collipulli;SERVICIO DE VIVIENDA Y URBANIZACION IX REGION;61.821.000-6;Licitaciones y Costos;O'Higgins 830;Temuco;Región de la Araucanía;LE;Publicada;Se necesita la contratación de apoyo a la Fiscalización Técnica de Obras del proyecto Mejoramiento Parque Santa Lucía, Collipulli;2025-04-09T11:41:40.093;2025-04-21T15:02:00;2025-05-05T15:03:00;;CLP;0;0
3880-35-LQ25;ADQUISICION DE CAJAS DE ALIMENTOS AYUDA SOCIAL;I MUNICIPALIDAD DE MAULE;69.110.900-3;Municipalidad de Maule;Balmaceda 350;Maule;Región del Maule;LQ;Publicada;ADQUISICION DE CAJAS DE ALIMENTOS, AYUDA SOCIAL, DIDECO. SEGUN DETALLE ADJUNTO.-;2025-04-09T12:07:10.18;2025-04-21T15:30:00;2025-05-21T15:30:00;218000000;CLP;0;0
2709-49-LE25;CONTRATACION DE SERVICIOS FUNERARIOS;MUNICIPALIDAD DE OVALLE;69.040.700-0;Municipalidad de Ovalle - Secplan;Vicuña Mackenna 441;Ovalle;Región de Coquimbo;LE;Publicada;CONTRATACION DE SERVICIOS FUNERARIOS;2025-04-09T11:43:50.157;2025-04-21T15:05:00;2025-05-20T16:17:00;25000000;CLP;0;0
886954-151-LP25;Convenio suministro anual de insumos para la Unidad de Neurovascular del HGGB;HOSPITAL GUILLERMO GRANT BENAVENTE DE CO;61.602.189-3;Abastecimiento Insumos;San Martin 1436;Concepción;Región del Biobío;LP;Publicada;Proveer al HGGB de los insumos necesarios para la atencion oportuna de los pacientes;2025-04-09T11:39:44.313;2025-04-21T15:35:00;2025-06-23T18:36:00;102000000;CLP;0;0
4707-20-L125;SERVICIO PROFESIONALES ATENCION OFTALMOLOGICA;I MUNICIPALIDAD DE SAN NICOLAS;69.140.802-7;I. MUNICIPALIDAD DE SAN NICOLAS - DEPTO. SALUD;ARTURO PRAT S/N;San Nicolás;Región del Ñuble;L1;Publicada;CANASTA DE ATENCION OFTALMOLOGICA: QUE INCLUYE ATENCION POR MEDICO OFTALMOLOGO O TECNOLOGO MEDICO EN OFTALMOLOGIA EVALUACION INTEGRAL CON ENTREGA DE LUBRICANTES OCULARES EN LOS CASOS NECESARIOS;2025-04-09T11:33:20.207;2025-04-16T19:58:00;2025-05-30T19:59:00;1650000;CLP;0;0
799512-23-LE25;SERVICIO PARA RETIRO DE RILES 2025;CORP MUNICIPAL DE VALPARAISO PARA EL DESARROLLO SOCIAL;70.859.400-8;Corporación;ELEUTERIO RAMIREZ 455 // CON SALVADOR DONOSO;Valparaíso;Región de Valparaíso;LE;Publicada;Contratar el servicio de succión y retiro de residuos acumulados en fosas sépticas de alcantarillado particular y cámaras desgrasadoras de la Corporación Municipal de Valparaíso usando para ello con camiones especializados y plantas de tratamiento certificadas por un período de 12 meses cuyas características y requisitos técnicos constan en las Bases Administrativas y Técnicas de esta Licitación con sus respectivos anexos.;2025-04-09T11:27:15.773;2025-05-05T15:00:00;2025-05-12T15:30:00;7300000;CLP;0;0
2021-4-LE25;SERV. DE ARRIENDO DE CAMIONETA SIN CONDUCTOR;ESTADO MAYOR CONJUNTO;61.101.040-0;Estado Mayor Conjunto;Zenteno N 45, piso 8,ala sur;Santiago;Región Metropolitana de Santiago;LE;Publicada;El EMCO llama a licitación pública para el servicio de arriendo de camionetas sin conductor para los cursos CECOPAC año 2025, a desarrollarse en el campo de entrenamiento Almirante Félix Aguayo Bastias, Avenida 16 de junio sn, comuna de Concón, V Región;2025-04-09T11:41:16.91;2025-04-16T15:00:00;2025-05-09T19:00:00;;CLP;0;0
1058094-5-LQ25;Provisión de sueros y glucosas respaldo CENABAST;SERVICIO DE SALUD SUR HOSPITAL SANATORIO EL PINO;61.608.107-1;Fármarcos;Padre Hurtado 13560 San Bernardo;San Bernardo;Región Metropolitana de Santiago;LQ;Publicada;Garantizar el abastecimiento de sueros y glucosas en el Hospital El Pino cuando la programación de CENABAST, no sea cumplida de manera total o parcial.;2025-04-09T11:25:48.397;2025-04-29T15:01:00;2025-06-30T18:37:00;;CLP;0;0
2107-48-LP25;CONVENIO DE SUMINISTRO DE INSUMOS PARA ENDOSCOPIA;SERVICIO DE SALUD HOSPITAL DE SANTA CRUZ;61.602.148-6;Hospital de Santa Cruz;Federico Errazuriz 921;Santa Cruz;Región del Libertador General Bernardo OHiggins;LP;Publicada;El Hospital Santa Cruz es un servicio público dependiente del Servicio de Salud OHiggins, cuya naturaleza, fines, funciones y atribuciones tiene por objeto la ejecución de acciones, planes y políticas tendientes a contar con capacidad resolutiva en los ámbitos propios como institución de salud. Como establecimiento de salud requiere establecer un convenio de suministro de insumos para unidad de Endoscopia, al objeto de dar respuesta a los diversos procedimientos a realizar en pacientes GES y NO GES con el objetivo de entregar una atención oportuna y de calidad a nuestros usuarios.;2025-04-09T11:25:29.5;2025-04-29T12:00:00;2025-05-30T12:00:00;;CLP;0;0
2308-37-LR25;CONTRATACIÓN DE SERVICIO COMPLEMENTARIO DE SALUD Y SEGURO DE VIDA;I MUNICIPALIDAD DE OSORNO;69.210.100-6;SECRETARIA DE PLANIFICACION;AVDA. JUAN MACKENNA N851, Bodega Subsuelo;Osorno;Región de los Lagos;LR;Publicada;La licitación consiste en la Contratación de seguro complementario de salud y vida Servicio de Bienestar I.M.O. para funcionarios municipales y sus cargas familiares socios del Servicio de Bienestar de la Municipalidad de Osorno, por un periodo de 24 meses se deberá ejecutar conforme a los requerimientos establecidos en las presentes bases administrativas y especificaciones técnicas adjuntas;2025-04-09T11:24:46.29;2025-05-12T15:00:00;2025-06-10T16:00:00;;CLF;0;0
1216058-7-LE25;SERVICIO LABORATORIO CONFECCION DE PROTESIS DENTAL;Corporación Municipal Curaco de Vélez;71.281.500-0;Corporación Municipal de Curaco de Vélez;Sin direccion;Las Condes;Región de los Lagos;LE;Publicada;EL OBJETIVO ES CONTRATAR EL SERVICIO DE LABORATORIO PARA CONFECCION DE BASES METALICAS PARA PROTESIS DENTALES REMOVIBLES BASES ACRILICAS YO METALICAS: PROGRAMA SALUD BUCAL;2025-04-09T11:18:47.213;2025-04-21T17:26:00;2025-04-28T17:27:00;;CLP;0;0
29-26-LE25;66-015-25 ADQ. PIALES;FUERZA AEREA DE CHILE COMANDO LOGISTICO;61.103.035-5;Comando Logístico;GRUPO DE ABASTECIMIENTO - FACH, GRAN AVENIDA PARADERO 37 1/2 CALLE JULIO CAÑAS S/N, COMUNA EL BOSQUE;El Bosque;Región Metropolitana de Santiago;LE;Publicada;PIALES DE COLOR NEGRO CON BOTON;2025-04-09T11:03:31.603;2025-04-24T12:00:00;2025-06-30T12:00:00;;USD;0;0
4707-22-L125;PROCEDIMIENTOS CUTANEOS MENORES Y BIOPSIAS;I MUNICIPALIDAD DE SAN NICOLAS;69.140.802-7;I. MUNICIPALIDAD DE SAN NICOLAS - DEPTO. SALUD;ARTURO PRAT S/N;San Nicolás;Región del Ñuble;L1;Publicada;PROCEDIMIENTOS CUTANEOS MENORES Y BIOPSIAS;2025-04-09T11:14:16.587;2025-04-16T12:56:00;2025-05-30T12:54:00;5985000;CLP;0;0
1650-15-LE25;Confección de Prótesis Removibles Base Metálica;Hospital Santa Juana;61.602.204-0;Hospital Santa Juana;Av. Doctor Sosa N100 Recinto Hospital Santa Juana;Santa Juana;Región del Biobío;LE;Publicada;Se requiere la contratación y ejecución de prótesis removibles y de base metálica para pacientes de programa altas integrales de hombres y mujeres mayores de 20 años. Para cumplimiento de las metas fijadas por el Programa Dental.;2025-04-09T10:58:52.63;2025-04-17T09:00:00;2025-04-25T17:00:00;;CLP;0;0
528208-29-LE25;PRODUCCION DE EVENTO PARA JOVENES DE CERRO NAVIA;I.MUNICIPALIDAD DE CERRO NAVIA;69.254.200-2;SECPLAC 2;Del Consistorial 6645;Cerro Navia;Región Metropolitana de Santiago;LE;Publicada;Contratar el servicio de producción para evento dirigido a jóvenes de Cerro Navia, a efectuarse el viernes 25 de abril de 2025.;2025-04-09T11:09:58.533;2025-04-14T15:30:00;2025-05-28T17:30:00;;CLP;0;0
3200-6-L125;CONVENIO SUMINISTRO AGUA PURIFICADA DSM LONCOCHE;I MUNICIPALIDAD DE LONCOCHE;69.191.100-4;Departamento de Salud;Manuel Bulnes N 385;Loncoche;Región de la Araucanía;L1;Publicada;El Departamento de Salud Municipal de Loncoche, llama a licitación pública para presentar ofertas a través del portal mercado público www.mercadopublico.cl con el objetivo de asegurar el suministro mensual de agua purificada y arriendo de dispensadores de agua caliente-fría, por veinticuatro meses, para el Establecimiento Departamento de Salud Municipal y Nodos, como Policlínico Pulmahue, Centro de Salud Familiar de Huiscapi y Postas de Salud Rural. Este convenio de suministro tiene la proyección de extenderse por doce meses más previa evaluación del servicio y con acuerdo de ambas partes. Cabe mencionar que, en caso de no continuar con el convenio, o en virtud de continuarlo, se notificará por correo electrónico, al indicado por el oferente en el Anexo 1, con 30 días de anticipación a la fecha de caducidad de este. -;2025-04-09T10:50:55.807;2025-04-15T15:30:00;2025-05-15T15:32:00;;CLP;0;0
948806-29-LE25;ADQUISICIÓN DE CAGE PARA COLOCACIÓN VÍA TRANSFORAMINAL TLIF EN MODALIDAD DE CONSIGNACIÓN EN TRÁNSITO POR SISTEMA DE SUMINISTRO PARA EL HOSPITAL DIPRECA;FONDO HOSPITAL DE LA DIRECCION DE PREVISION DE CARABINEROS DE CHILE;61.513.003-6;Unidad de Compra Insumos en Consignación;Av. Vital Apoquindo N1200;Las Condes;Región Metropolitana de Santiago;LE;Publicada;El Hospital de la Dirección de Previsión de Carabineros de Chile, ubicado en Vital Apoquindo N1.200, Comuna de Las Condes, Región Metropolitana, en adelante EL HOSPITAL, llama a licitación pública para la Adquisición de Cage para Colocación Vía Transforaminal (TLIF) en Modalidad de Consignación en Tránsito, por Sistema de Suministro, en adelante LOS INSUMOS, para un periodo de 36 meses o hasta que se consuma la totalidad del monto contratado, según lo que primero ocurra, para el referido Centro Asistencial, cuyas características y requisitos técnicos constan en las Bases Administrativas y Técnicas de esta licitación con sus respectivos anexos.;2025-04-09T10:41:42.473;2025-04-21T16:00:00;2025-07-21T20:00:00;40000000;CLP;0;0
29-25-LE25;66-017-25 ADQ. CALZADO DE COMBATE;FUERZA AEREA DE CHILE COMANDO LOGISTICO;61.103.035-5;Comando Logístico;GRUPO DE ABASTECIMIENTO - FACH, GRAN AVENIDA PARADERO 37 1/2 CALLE JULIO CAÑAS S/N, COMUNA EL BOSQUE;El Bosque;Región Metropolitana de Santiago;LE;Publicada;PARA INGRESO SLC 2025;2025-04-09T11:02:27.783;2025-04-24T12:00:00;2025-07-30T12:00:00;37961;USD;0;0
2909-12-CO25;servicio de transporte sala cuna Llifén;I MUNICIPALIDAD DE FUTRONO;69.200.700-k;Departamento de Educación;Balmaceda 490;Futrono;Región de Los Ríos;CO;Publicada;se requiere contratar servicio de transporte para la sala cuna LLife 2025,;2025-04-09T10:57:02.233;2025-04-21T16:00:00;2025-04-28T18:42:00;;CLP;0;0
3764-16-LP25;MEJORAMIENTO CUBIERTA Y PISO EDIFICIO CONSISTORIAL;I MUNICIPALIDAD DE NANCAGUA;69.090.400-4;I MUNICIPALIDAD DE NANCAGUA;JOSE DOMINGO JARAMILLO N 99;Nancagua;Región del Libertador General Bernardo OHiggins;LP;Publicada;CONTRATAR LOS SERVICIOS PARA EJECUTAR EL PROYECTO MEJORAMIENTO CUBIERTA Y PISO EDIFICIO CONSISTORIAL .;2025-04-09T10:44:34.857;2025-04-25T12:00:00;2025-05-08T12:00:00;100000000;CLP;0;0
1950-39-LQ25;25-25 Arriendo Ecógrafo Gineco Obstetra H.P;SERVICIO SALUD ARAUCANIA SUR HOSPITAL PITRUFQUEN;61.602.238-5;Hospital Pitrufquén;Pedro León Gallo Sur 355;Pitrufquén;Región de la Araucanía;LQ;Publicada;El Hospital Pitrufquén, requiere contratar el servicio arriendo de equipamiento por un periodo de 24 meses, sin posibilidad de renovación considerando provisión de accesorios, repuestos y mantenciones. El equipamiento médico dotará a los servicios clínicos y contribuirán a mejorar la calidad de la atención de nuestros pacientes, completar los diagnósticos con mayor precisión y mejorar el servicio de ginecología y obstetricia.;2025-04-09T10:38:38.473;2025-04-21T15:30:00;2025-07-21T18:00:00;;CLP;0;0
3260-12-LE25;Servicios Odontológicos 2025;I MUNICIPALIDAD DE RIO HURTADO;69.041.000-1;Departamento de Salud;Unica Samo Alto S/N;Río Hurtado;Región de Coquimbo;LE;Publicada;Debido a que el Departamento de Salud está interesado en la aplicación de altos estándares de calidad, tanto en la atención oportuna y eficaz de sus pacientes, como el bienestar de estos y su seguridad. Es así como permanente desarrolla actividades tendientes a lograr un mejoramiento continuo de sus procesos;2025-04-09T10:31:48.887;2025-04-17T17:00:00;2025-04-22T16:30:00;;CLP;0;0
1757-4-LE25;S. Cpra. 2002 Primera Jornada Supervisión;SUBSECRETARIA DEL MINISTERIO DE EDUCACION PUBLICA;60.901.012-6;Mineduc Administración X Región;Padre Harter N 175;Puerto Montt;Región de los Lagos;LE;Publicada;Secretaría Regional Ministerial de Educación de Los Lagos, tiene la necesidad de contratar los servicios de alimentación, alojamiento, arriendo de salones y de equipos audiovisuales, para la Primera Jornada Regional de Supervisión 2025, a realizarse entre los días 07 al 09 de mayo de 2025, en la ciudad de Puerto Montt. Ingresar valor total neto de IVA.;2025-04-09T10:26:01;2025-04-21T15:01:00;2025-05-06T18:00:00;9000000;CLP;0;0
2446-96-LE25;SERVICIO DE MANTENCION ASCENSOR MEZQUITA;I MUNICIPALIDAD DE COQUIMBO;69.040.300-5;IMUNI_COQUIMBO;BILBAO 348;Coquimbo;Región de Coquimbo;LE;Publicada;SERVICIO DE MANTENCION PREVENTIVA Y CORRECTIVA DEL ASCENSOR CENTRO CULTURAL MOHAMMED VI;2025-04-09T10:23:03.09;2025-04-21T15:01:00;2025-05-12T23:59:00;9924600;CLP;0;0
3387-6-LE25;Adquisición de equipamiento para el rancho;COMANDO DE APOYO A LA FUERZA;61.101.008-7;Regimiento Logístico del Ejército N1 Bellavista - RLE N1;Avenida El Guanaco #2650;Conchalí;Región Metropolitana de Santiago;LE;Publicada;Se requiere la adquisición de equipamiento para el racho de suboficiales de la UR.;2025-04-09T10:10:29.413;2025-04-21T15:01:00;2025-04-28T17:00:00;14581590;CLP;0;0
3387-5-LQ25;Servicio de concesión de cafetería y alimentación;COMANDO DE APOYO A LA FUERZA;61.101.008-7;Regimiento Logístico del Ejército N1 Bellavista - RLE N1;Avenida El Guanaco #2650;Conchalí;Región Metropolitana de Santiago;LQ;Publicada;Se requiere contratar el servicio de concesión de cafetería y alimentación para la Unidad Regimentaria;2025-04-09T10:10:02.463;2025-04-21T15:01:00;2025-04-29T17:00:00;;CLP;0;0
5657-1-LE25;ADQUISICIÓN AGROINSUMOS Y AGROQUIMICOS VIVEROS;CORP NACIONAL FORESTAL;61.313.000-4;XIV región - Oficina Regional de Los Rios;Esmeralda 415;La Unión;Región de Los Ríos;LE;Publicada;Adquisición de sustrato, bolsas, agroquímicos y agroinsumos para fortalecimiento de viveros de Los Ríos. E1O2RT9;2025-04-09T10:10:34.657;2025-04-16T15:00:00;2025-04-21T18:00:00;;CLP;0;0
2803-12-LP25;ADQUISICION DE EXAMENES DE LABORATORIO CLINICO;MUNICIPALIDAD DE LOS ANDES;69.051.100-2;Departamento de Salud Municipal;CALLE YERBAS BUENAS N 345 PRIMER PISO;Los Andes;Región de Valparaíso;LP;Publicada;Contar con contrato de suministro por servicio de análisis de exámenes de laboratorio.;2025-04-09T10:04:14.087;2025-04-21T15:01:00;2025-05-09T16:00:00;;CLP;0;0
1274285-14-LQ25;Lentes UAPO menores de 65 años;CORPORACION MUNICIPAL DE EDUCACION Y SALUD DE SAN BERNARDO;70.925.500-2;SALUD;AVENIDA MAIPÚ 440;San Bernardo;Región Metropolitana de Santiago;LQ;Publicada;Servicio de recepción de recetas ópticas y despachos de lentes ópticos para usuarias y usuarios menores de 65 años de la UAPO perteneciente a la Corporación Municipal de Educación y Salud de San Bernardo;2025-04-09T10:10:31.773;2025-04-25T09:00:00;2025-04-30T15:30:00;;CLP;0;0
2080-190-LP25;SUMINISTRO KIT DE JERINGAS INYECTORAS AUTOMATICAS;SERVICIO DE SALUD DEL LIBERTADOR B O'HIGGINS HOSPITAL REG RANCAGUA;61.602.138-9;Hospital Regional Rancagua - HRR;Avenida Salvador Allende N 350;Rancagua;Región del Libertador General Bernardo OHiggins;LP;Publicada;El objeto de esta Licitación es contar con una adecuada adquisición del SUMINISTRO KIT DE JERINGAS INYECTORAS AUTOMATICAS CON EQUIPO EN COMODATO PARA EL HOSPITAL DR. FRANCO RAVERA ZUNINO, durante el curso del contrato.;2025-04-09T10:02:13.413;2025-04-21T15:15:00;2025-06-23T18:00:00;;CLP;0;0
1002588-24-LE25;Reparaciones menores EE.EE. SLEP Puerto Cordillera;SERVICIO LOCAL DE EDUCACION DE PUERTO CORDILLERA;61.999.320-9;SERVICIO LOCAL DE EDUCACION DE PUERTO CORDILLERA;MANUEL RODRIGUEZ, N893, COQUIMBO;Coquimbo;Región de Coquimbo;LE;Publicada;Servicio de mantenimiento y contingencias de reparaciones menores en dependencias educacionales del SLEP Puerto Cordillera;2025-04-09T09:53:23.95;2025-04-21T15:01:00;2025-05-02T15:30:00;50000000;CLP;0;0
1233600-34-LE25;REEMPLAZO PUERTAS CONTROL PASILLOS CENTRO DE SALUD;CORP MUNICIPAL DE RENCA;70.931.100-K;CORP MUNICIPAL DE RENCA;Los Aromos 3339;Renca;Región Metropolitana de Santiago;LE;Publicada;La Corporación Municipal de Renca, en adelante la Corporación, llama a licitación pública para la contratación de servicio de reemplazo de puertas de control pasillos en el CESFAM Hernán Urzúa de la comuna de Renca, denominada CONTRATACIÓN DE SERVICIO DE REEMPLAZO DE PUERTAS PASILLOS DE ACCESO EN EL CESFAM HERNÁN URZÚA DE LA COMUNA DE RENCA.;2025-04-09T10:02:03.617;2025-04-21T19:00:00;2025-04-28T18:00:00;;CLP;0;0
3932-2-LE25;Servicio de Realización de Exámenes de Imágenes Diagnosticas Cesfam Placilla 2025;I MUNICIPALIDAD DE PLACILLA;69.090.200-1;Salud Municipal;Guillermo Navarro Allende 863;Placilla;Región del Libertador General Bernardo OHiggins;LE;Publicada;Se requiere Contratar el Servicio de Imagenologías Médicas para Cesfam Placilla - REGIÓN DE O'HIGGINS 2025.-;2025-04-09T09:42:24.96;2025-04-21T19:54:00;2025-04-28T19:55:00;;CLP;0;0
5184-51-LE25;MANTENCIÓN PREVENTIVA Y CORRECTIVA DE ASCENSORES;SERVICIO DE SALUD DEL MAULE HOSPITAL DE LINARES;61.606.917-9;CONTRATOS-SUMINISTRO;Brasil N 753;Linares;Región del Maule;LE;Publicada;MANTENCIÓN PREVENTIVA Y CORRECTIVA DE ASCENSORES, SEGÚN REQUERIMIENTO DE JEFE DE MANTENIMIENTO EN MEMORÁNDUM N23 DEL 24/01/2025;2025-04-09T09:39:39.447;2025-04-21T15:30:00;2025-06-06T17:00:00;30000000;CLP;0;0
1216083-7-LE25;ADQUISICION DE VESTUARIO TEMPORADA DE INVIERNO;CORPORACION MUNICIPAL DE FOMENTO AL DESARROLLO ECONOMICO Y PRODUCTIVO;65.174.423-7;CORPORACION MUNICIPAL DE FOMENTO AL DESARROLLO ECO;ARGOMEDO 753;Curicó;Región del Maule;LE;Publicada;ADQUISICION DE VESTUARIO DE INVIERNO Y ELEMENTOS DE PROTECCION PERSONAL PARA TRABAJADORES DE AREAS VERDES Y AUXILIARES DE LA CORPORACION MUNICIPAL DE FOMENTO AL DESARROLLO ECONOMICO Y PRODUCTIVO DE CURICO.;2025-04-09T09:21:01.477;2025-04-16T12:00:00;2025-04-22T15:33:00;32725000;CLP;0;0
948806-23-LE25;ADQUISICIÓN DE SISTEMA DE FIJACIÓN DE COLUMNA TORACOLUMBAR MISS EN MODALIDAD DE CONSIGNACIÓN EN TRÁNSITO POR SISTEMA DE SUMINISTRO PARA EL HOSPITAL DIPRECA;FONDO HOSPITAL DE LA DIRECCION DE PREVISION DE CARABINEROS DE CHILE;61.513.003-6;Unidad de Compra Insumos en Consignación;Av. Vital Apoquindo N1200;Las Condes;Región Metropolitana de Santiago;LE;Publicada;El Hospital de la Dirección de Previsión de Carabineros de Chile, ubicado en Vital Apoquindo N1.200, Comuna de Las Condes, Región Metropolitana, en adelante EL HOSPITAL, llama a licitación pública para la Adquisición de Sistema de Fijación de Columna Toracolumbar MISS en Modalidad de Consignación en Tránsito, por Sistema de Suministro, en adelante LOS INSUMOS, para un periodo de 36 meses o hasta que se consuma la totalidad del monto contratado, según lo que primero ocurra, para el referido Centro Asistencial, cuyas características y requisitos técnicos constan en las Bases Administrativas y Técnicas de esta licitación con sus respectivos anexos.;2025-04-09T09:42:40.077;2025-04-14T16:00:00;2025-07-14T20:00:00;60000000;CLP;0;0
948806-26-LE25;ADQUISICIÓN DE SISTEMA DE FIJACIÓN DE COLUMNA CERVICAL VÍA POSTERIOR EN MODALIDAD DE CONSIGNACIÓN EN TRÁNSITO POR SISTEMA DE SUMINISTRO PARA EL HOSPITAL DIPRECA;FONDO HOSPITAL DE LA DIRECCION DE PREVISION DE CARABINEROS DE CHILE;61.513.003-6;Unidad de Compra Insumos en Consignación;Av. Vital Apoquindo N1200;Las Condes;Región Metropolitana de Santiago;LE;Publicada;El Hospital de la Dirección de Previsión de Carabineros de Chile, ubicado en Vital Apoquindo N1.200, Comuna de Las Condes, Región Metropolitana, en adelante EL HOSPITAL, llama a licitación pública para la Adquisición de Sistema de Fijación de Columna Cervical Vía Posterior en Modalidad de Consignación en Tránsito, por Sistema de Suministro, en adelante LOS INSUMOS, para un periodo de 36 meses o hasta que se consuma la totalidad del monto contratado, según lo que primero ocurra, para el referido Centro Asistencial, cuyas características y requisitos técnicos constan en las Bases Administrativas y Técnicas de esta licitación con sus respectivos anexos.;2025-04-09T09:42:21.097;2025-04-14T16:00:00;2025-07-14T20:00:00;50000000;CLP;0;0
4309-113-LP25;CONVENIO TRAMETINIB 0.5 MG PARA 24 MESES;HOSPITAL GUILLERMO GRANT BENAVENTE DE CO;61.602.189-3;Abastecimiento Fármacos;San Martin 1436;Concepción;Región del Biobío;LP;Publicada;ABASTECER LOS USOS OCASIONALES DEL HGGB;2025-04-09T08:56:59.297;2025-04-22T16:13:00;2025-08-07T16:14:00;;CLP;0;0
2908-8-LE25;Contrato suministro Gastroenterología;I MUNICIPALIDAD DE LANCO;69.200.300-4;Departamento de Salud;libertad 251;Lanco;Región de Los Ríos;LE;Publicada;CONTRATO DE SUMINISTRO GASTROENTEROLOGIA;2025-04-09T08:55:09.357;2025-04-21T15:30:00;2025-05-16T18:50:00;;CLP;0;0
1561-8-LE25;Servicios de capacitación para área de seguridad;DIRECCION GENERAL DEL CREDITO PRENDARIO;61.504.000-2;Dirección General;dicreprecepcion@custodium.com;Santiago;Región Metropolitana de Santiago;LE;Publicada;Contratación de los servicios de capacitación para vigilantes privados y encargados de seguridad en la certificación del OS10, para la Dirección General del Crédito Prendario.;2025-04-09T08:42:49.127;2025-04-22T15:01:00;2025-05-07T18:00:00;13600000;CLP;0;0
2408-29-LP25;REPOSICIÓN DE VEREDAS 2025 LOS ANGELES;I MUNICIPALIDAD DE LOS ANGELES;69.170.100-K;IMUNI_LOSANGELES ADQUISICIONES;CAUPOLICAN 399;Los Angeles;Región del Biobío;LP;Publicada;La Municipalidad de Los Ángeles requiere contratar la ejecución de obras de reposición de veredas en el área urbana de ciudad según bases adjuntas;2025-04-09T08:48:47.747;2025-04-25T09:00:00;2025-06-30T17:00:00;80000000;CLP;0;0
1175-55-LP25;53.25 SERV.ADMINISTRACIÓN Y CUIDADO CR MAKEWESSAS;SERVICIO DE SALUD ARAUCANIA SUR;61.607.400-8;Dirección Servicio Salud Araucanía Sur;MANUEL BULNES N 590;Temuco;Región de la Araucanía;LP;Publicada;El Servicio de Bienestar del Servicio de Salud Araucanía Sur dispone de un Centro Recreacional para sus socioas y cargas familiares, ubicado en pasaje Abel Parodi sector Makewe a 15 Kilómetros de Temuco. Para el normal funcionamiento de este recinto se requiere contratar el servicio de ADMINISTRACION, CUIDADO Y MANTENCION CENTRO RECREACIONAL MAKEWE, BIENESTAR SSAS. El Servicio se contratará por 24 meses a contar del día siguiente de la publicación de la Resolución que aprueba el contrato. EL SERVICIO DEBERÁ ESTAR OPERATIVO EN UN PLAZO QUE NO PODRÁ SUPERAR LOS 5 DIAS CORRIDOS, CONTADO DESDE EL DIA HÁBIL SIGUIENTE DESDE LA PUBLICACIÓN DE LA RESOLUCIÓN QUE APRUEBA EL CONTRATO EN EL PORTAL MERCADOPUBLICO.CL. El servicio ofertado debe considerar contratar al personal necesario para cumplir las funciones que se detallan más adelante, requeridas para el correcto funcionamiento del Centro Recreacional administradora, cuidadora, guardia, auxiliares de servicio, salvavidas, técnico paramédico;2025-04-09T09:14:52.827;2025-05-02T15:30:00;2025-08-29T17:45:00;;CLP;0;0
2311-67-L125;COMPRA APÓSITOS FOFAR DROGUERÍA;ILUSTRE MUNICIPALIDAD DE MOLINA;69.110.100-2;Dirección Comunal de Salud;INDEPENDENCIA 1926 MOLINA LADO PDI;Molina;Región del Maule;L1;Publicada;COMPRA APÓSITOS FOFAR DROGUERÍA REFERENTE: NICOLE ACUÑA - EU PATRICIA AREVALO;2025-04-09T08:17:37.583;2025-04-14T20:00:00;2025-04-22T20:00:00;;CLP;0;0
5051-12-LP25;CONVENIO DE THIMOGLOBULINA Y OTROS MEDICAMENTOS;SERVICIO DE SALUD DEL MAULE HOSPITAL DE TALCA;61.606.901-2;Farmacia;Av. San Miguel S/N;Talca;Región del Maule;LP;Publicada;El objetivo de la presente licitación, es invitar a través de www.mercadopublico.cl a todos los proveedores del rubro a participar de la adquisición de THIMOGLOBULINA Y OTRIS MEDICAMENTOS, necesario para la atención directa a pacientes clínico en el servicios del Hospital Regional de Talca y bajo las especificaciones técnicas requeridas por la Institución con el fin de seleccionar la oferta más conveniente de acuerdo a los criterios de evaluación, asegurando el abastecimiento en calidad y oportunidad, satisfaciendo así la demanda de los usuarios por un periodo 24 meses.;2025-04-09T08:29:41.333;2025-04-22T12:00:00;2025-05-22T17:30:00;;CLP;0;0
2735-38-LP25;SERVICIO DE FIRMA ELECTRÓNICA AVANZADA;I MUNICIPALIDAD LO BARNECHEA;69.255.200-8;Municipalidad de lo Barnechea - Adquisiciones - Consistorial;El Rodeo N 12.777;Lo Barnechea;Región Metropolitana de Santiago;LP;Publicada;Provisión del servicio de firma electrónica avanzada para la Municipalidad de Lo Barnechea, el que deberá suministrar los servicios y plataformas que permiten la validación de los actos administrativos municipales considerando su instalación, licenciamiento, soporte, mantención, desarrollo para su explotación, y continuidad operativa.;2025-04-09T08:19:04.39;2025-04-23T10:00:00;2025-05-23T23:59:00;;CLF;0;0
2080-186-LR25;Sum. Sistemas tipo Ancla para Hombro y rodilla;SERVICIO DE SALUD DEL LIBERTADOR B O'HIGGINS HOSPITAL REG RANCAGUA;61.602.138-9;Hospital Regional Rancagua - HRR;Avenida Salvador Allende N 350;Rancagua;Región del Libertador General Bernardo OHiggins;LR;Publicada;El objeto de esta Licitación es contar con una adecuada adquisición del Suministro Sistemas de Fijación Tipo Ancla para Hombro y Rodilla para el Hospital Dr. Franco Ravera Zunino, durante el curso del contrato.;2025-04-09T07:32:18.74;2025-05-09T15:00:00;2025-08-04T18:00:00;407603679;CLP;0;0
2103-13-LE25;CONCESION DE CAFETERIA HOSPITAL DE LONQUIMAY;Hospital Lonquimay;61.607.402-4;Hospital Lonquimay;Manuel Rodriguez 1641;Lonquimay;Región de la Araucanía;LE;Publicada;La necesidad de poner en funcionamiento el espacio de cafeteria disponible en el acceso a urgencias del Hospital de Lonquimay, con el fin de otogar una mejor a atencion a pacientes tanto de urgencias como usuarios de otros servicios.;2025-04-09T08:10:06.707;2025-04-23T13:00:00;2025-05-05T08:00:00;;CLP;0;0
2126-60-LE25;CONVENIO POR ADQUISICION DE CENTRIFUGA UNIVERSAL Y POLIGRAFO APNEA PARA EL HOSPITAL SAN PABLO DE COQUIMBO;SERVICIO DE SALUD COQUIMBO HOSPITAL DE COQUIMBO;61.606.403-7;Hospital Coquimbo;;;Región de Coquimbo;LE;Publicada;Según documento adjunto.;2025-04-09T07:25:34.66;2025-04-23T16:00:00;2025-12-29T12:00:00;;CLP;0;0
1725-77-LE25;PRODUCCIÓN CELEBRACIÓN DÍA INTERNACIONAL ARTESANO;SUBSECRETARÍA DE LAS CULTURAS Y LAS ARTES;60.901.002-9;SUBSECRETARIA DE LAS CULTURAS Y LAS ARTES;SOTOMAYOR 233;Valparaíso;Región de Valparaíso;LE;Publicada;SERVICIOS DE PRODUCCIÓN PARA LA CELEBRACIÓN DEL DÍA INTERNACIONAL DEL ARTESANO/A.;2025-04-09T20:43:03.747;2025-04-21T15:01:00;2025-05-06T18:00:00;12000000;CLP;0;0
2423-11-LQ25;MEJ. NORMALIZ. ILUMIN. CANCHAS 5 Y6 AMADOR DONOSO;I MUNICIPALIDAD DE PUENTE ALTO;69.072.100-7;SECPLAC;Concha y Toro 1820;Puente Alto;Región Metropolitana de Santiago;LQ;Publicada;Con la finalidad de contar con un servicio de iluminación eficiente y suministro de energía eléctrica continuo, estable y seguro para las Canchas 5 y 6 del Complejo Deportivo Amador de la comuna de Puente Alto se hace necesario contratar trabajos que contemplan las especialidades de iluminación e instalaciones eléctricas para realizar las instalaciones eléctricas y la provisión.;2025-04-09T20:51:36.337;2025-05-05T15:00:00;2025-07-30T19:00:00;200000000;CLP;0;0
1979-82-LP25;90.25 SERVICIO DE MANTENCION PREVENTIVA Y CORRECTIVA PARA EQUIPOS LASER UROLOGICO TORRE CISTOSCOPIA Y SISTEMA RIELES PARA NODO COSTERO: HOSPITAL DE NUEVA IMPERIAL.;SERVICIO DE SALUD ARAUCANIA SUR HOSPITAL DE NUEVA IMPERIAL;61.607.401-6;Hospital Nueva Imperial;Castellón # 0115;Nueva Imperial;Región de la Araucanía;LP;Publicada;Se requiere licitar en el marco del mantenimiento de los equipos clínicos del Hospital de Nueva Imperial, la realización de la Mantención Preventiva y Correctiva al equipamiento descrito en las presentes bases donde la mantención preventiva deberá tener una frecuencia según se describe en tabla de equipos y la mantención correctiva se deberá realizar toda vez que el equipo quede fuera de servicio, sin poder prestar la utilidad para lo cual fue adquirido situación que el mandante informará de inmediato al adjudicatario, mediante una llamada telefónica y a través de un e-mail a este tipo de comunicaciones se le denominarán llamados de emergencia .;2025-04-09T18:36:04.507;2025-04-30T15:00:00;2025-06-30T17:00:00;;CLP;0;0
1979-88-LQ25;71.25 denominada SERVICIO DE MANTENCION PREVENTIVA Y CORRECTIVA DE CUBIERTAS Y HOJALATERIA PARA NODO COSTERO: HOSPITAL NUEVA IMPERIAL.;SERVICIO DE SALUD ARAUCANIA SUR HOSPITAL DE NUEVA IMPERIAL;61.607.401-6;Hospital Nueva Imperial;Castellón # 0115;Nueva Imperial;Región de la Araucanía;LQ;Publicada;Se requiere licitar en el marco del mantenimiento de infraestructura del Hospital de Nueva Imperial, la realización de la Mantención Preventiva y Correctiva La infraestructura descrita en las presentes bases donde la mantención preventiva deberá tener una frecuencia anual según tabla y la mantención correctiva se deberá realizar toda vez que la infraestructura quede fuera de servicio, sin poder prestar la utilidad para lo cual fue adquirido situación que el mandante informará de inmediato al adjudicatario, mediante una llamada telefónica y a través de un e-mail a este tipo de comunicaciones se le denominarán llamados de emergencia .;2025-04-09T18:38:25.05;2025-04-30T15:00:00;2025-06-30T17:00:00;;CLP;0;0
1979-85-LQ25;92.25 SERVICIO MANTENCION PREVENTIVA Y CORRECTIVA PARA MAQUINAS DE ANESTESIA MONITORES MULTIPARAMETROS Y ARCO C NODO COSTERO: HOSPITAL NVA IMPERIAL.;SERVICIO DE SALUD ARAUCANIA SUR HOSPITAL DE NUEVA IMPERIAL;61.607.401-6;Hospital Nueva Imperial;Castellón # 0115;Nueva Imperial;Región de la Araucanía;LQ;Publicada;Se requiere licitar en el marco del mantenimiento de los equipos clínicos del Hospital de Nueva Imperial, la realización de la Mantención Preventiva y Correctiva al equipamiento descrito en las presentes bases donde la mantención preventiva deberá tener una frecuencia según se describe en tabla de equipos y la mantención correctiva se deberá realizar toda vez que el equipo quede fuera de servicio, sin poder prestar la utilidad para lo cual fue adquirido situación que el mandante informará de inmediato al adjudicatario, mediante una llamada telefónica y a través de un e-mail a este tipo de comunicaciones se le denominarán llamados de emergencia .;2025-04-09T18:35:13.833;2025-04-30T15:00:00;2025-06-30T17:00:00;;CLP;0;0
1979-87-LQ25;N 93.25 SERVICIO DE MANTENCION PREVENTIVA Y CORRECTIVA PARA EQUIPOS CLINICOS: MONITOR ECGSIGNOS VITALES MEDIANA COMPLEJIDAD MONITOR DESFIBRILADOR ELECTROCARDIÓGRAFO Y CONCENTRADORES DE O2 PARA NODO COSTERO: HOSPITAL NVA IMPERIAL.;SERVICIO DE SALUD ARAUCANIA SUR HOSPITAL DE NUEVA IMPERIAL;61.607.401-6;Hospital Nueva Imperial;Castellón # 0115;Nueva Imperial;Región de la Araucanía;LQ;Publicada;Se requiere licitar en el marco del mantenimiento de los equipos clínicos del Hospital de Nueva Imperial, la realización de la Mantención Preventiva y Correctiva al equipamiento descrito en las presentes bases donde la mantención preventiva deberá tener una frecuencia según lo indicado en tabla y la mantención correctiva se deberá realizar toda vez que el equipo quede fuera de servicio, sin poder prestar la utilidad para lo cual fue adquirido situación que el mandante informará de inmediato al adjudicatario, mediante una llamada telefónica y a través de un e-mail a este tipo de comunicaciones se le denominarán llamados de emergencia .;2025-04-09T18:36:10.38;2025-04-30T15:00:00;2025-06-30T15:34:00;;CLP;0;0
1233619-8-LE25;SERVICIO DE ARRIENDO DE RELOJ CONTROL PARA SLEP MC;SERVICIO LOCAL DE EDUCACIÓN PÚBLICA MAULE COSTA;61.980.930-0;SERVICIO LOCAL DE EDUCACIÓN PÚBLICA MAULE COSTA;Claudina Urrutia 252 esquina Yungay;Cauquenes;Región del Maule;LE;Publicada;Que, SLEP Maule Costa requiere con motivo de su funcionamiento la contratación de SERVICIO DE ARRIENDO DE RELOJ CONTROL PARA LAS DEPENDENCIAS DEL SERVICIO LOCAL DE EDUCACIÓN PÚBLICA MAULE COSTA ID 1233619-8-LE25 con el fin de llevar el control de la asistencia y cumplimiento de horario de los funcionarios de la Institución de acuerdo con lo establecido en las presentes Bases.;2025-04-09T20:56:12.127;2025-04-22T09:00:00;2025-05-05T23:59:00;;CLP;0;0
905-9-LE25;SERVICIOS DE ASEO - SITIO INSPECCIÓN LOS LIRIOS.;SERVICIO AGRICOLA Y GANADERO;61.308.000-7;SAG - Libertador Bernardo O'higgins;Calle cuevas 480;Rancagua;Región del Libertador General Bernardo OHiggins;LE;Publicada;El Servicio Agrícola y Ganadero de la Región del Libertador General Bernardo OHiggins, Sitio de Inspección Los Lirios, Oficina Sectorial Rancagua, requiere materializar la contratación de servicios de aseo por un período de 24 meses dependencias ubicadas en Longitudinal Sur Kilometro 95 SN, Olivar.;2025-04-09T18:28:49.26;2025-04-21T18:00:00;2025-05-14T15:00:00;18000000;CLP;0;0
1979-86-LE25;94.25 SERVICIO DE MANTENCION PREVENTIVA Y CORRECTIVA PARA EQUIPOS DE LAVANDERIA PARA NODO COSTERO: HOSPITAL NVA IMPERIAL.;SERVICIO DE SALUD ARAUCANIA SUR HOSPITAL DE NUEVA IMPERIAL;61.607.401-6;Hospital Nueva Imperial;Castellón # 0115;Nueva Imperial;Región de la Araucanía;LE;Publicada;Se requiere licitar en el marco del mantenimiento de los equipos del Hospital de Nueva Imperial, la realización de la Mantención Preventiva y Correctiva al equipamiento descrito en las presentes bases donde la mantención preventiva deberá tener una frecuencia según lo indicado en tabla y la mantención correctiva se deberá realizar toda vez que el equipo quede fuera de servicio, sin poder prestar la utilidad para lo cual fue adquirido situación que el mandante informará de inmediato al adjudicatario, mediante una llamada telefónica y a través de un e-mail a este tipo de comunicaciones se le denominarán llamados de emergencia .;2025-04-09T18:35:58.117;2025-04-22T15:00:00;2025-06-23T17:00:00;;CLP;0;0
1979-84-LQ25;91.25 SERVICIO DE MANTENCION PREVENTIVA Y CORRECTIVA PARA ASCENSORES PARA NODO COSTERO: HOSPITAL DE NUEVA IMPERIAL.;SERVICIO DE SALUD ARAUCANIA SUR HOSPITAL DE NUEVA IMPERIAL;61.607.401-6;Hospital Nueva Imperial;Castellón # 0115;Nueva Imperial;Región de la Araucanía;LQ;Publicada;Se requiere licitar en el marco del mantenimiento de los equipos industriales del Hospital de Nueva Imperial, la realización de la Mantención Preventiva y Correctiva al equipamiento descrito en las presentes bases donde la mantención preventiva deberá tener una Frecuencia Mensual y la mantención correctiva se deberá realizar toda vez que el equipo quede fuera de servicio, sin poder prestar la utilidad para lo cual fue adquirido situación que el mandante informará de inmediato al adjudicatario, mediante una llamada telefónica y a través de un e-mail a este tipo de comunicaciones se le denominarán llamados de emergencia .;2025-04-09T18:35:06.153;2025-04-30T15:00:00;2025-06-30T13:20:00;;CLP;0;0
1979-89-LP25;88.25 SERVICIO DE MANTENCION PREVENTIVA Y CORRECTIVA PARA EQUIPO DERMATOMO Y TORRE LAPAROSCOPICA 3D PARA NODO COSTERO: HOSPITAL DE NUEVA IMPERIAL.;SERVICIO DE SALUD ARAUCANIA SUR HOSPITAL DE NUEVA IMPERIAL;61.607.401-6;Hospital Nueva Imperial;Castellón # 0115;Nueva Imperial;Región de la Araucanía;LP;Publicada;Se requiere licitar en el marco del mantenimiento de los equipos clínicos del Hospital de Nueva Imperial, la realización de la Mantención Preventiva y Correctiva al equipamiento descrito en las presentes bases donde la mantención preventiva deberá tener una frecuencia según se describe en tabla de equipos y la mantención correctiva se deberá realizar toda vez que el equipo quede fuera de servicio, sin poder prestar la utilidad para lo cual fue adquirido situación que el mandante informará de inmediato al adjudicatario, mediante una llamada telefónica y a través de un e-mail a este tipo de comunicaciones se le denominarán llamados de emergencia .;2025-04-09T18:44:02.737;2025-04-30T15:00:00;2025-06-30T14:30:00;;CLP;0;0
5251-65-LE25;Duplicado de Textos en Braille y Macrotipo;UNIVERSIDAD TECNOLOGICA METROPOLITANA;70.729.100-1;DEPARTAMENTO DE ABASTECIMIENTO;Calle Dieciocho N178, Santiago;Santiago;Región Metropolitana de Santiago;LE;Publicada;La Universidad Tecnológica Metropolitana UTEM requiere contar con Impresión de textos en Braille y macrotipo, de enseñanza básica y media de diversas asignaturas, del Proyecto Mineduc CECAT 2024-2025 según convenio, solicitado por el Director del Programa Centro de Cartografía Táctil -Cecat.;2025-04-09T18:28:23.207;2025-04-21T16:00:00;2025-05-20T20:00:00;13562144;CLP;0;0
2446-100-LE25;L.P. 81-2025 ADQ. DE FRAZADAS Y COLCHONES;I MUNICIPALIDAD DE COQUIMBO;69.040.300-5;IMUNI_COQUIMBO;BILBAO 348;Coquimbo;Región de Coquimbo;LE;Publicada;ADQUISICIÓN DE FRAZADAS Y COLCHONES;2025-04-09T18:45:18.997;2025-04-21T15:03:00;2025-05-16T17:00:00;65000000;CLP;0;0
3287-19-LP25;SERVICIO DE ATENCION VETERINARIA.;I MUNICIPALIDAD DE LICANTEN;69.100.500-3;Departamento de Finanzas;Juan E. Montero 25;Licantén;Región del Maule;LP;Publicada;FOMENTAR LS TENENCIA RESPONSABLE DE CANINOS Y FELINOS, MEDIANTE LA REALIZACION DE CIRUGIAS DE ESTERILZACION EN AMBSA ESPECIES.;2025-04-09T18:59:54.82;2025-04-29T12:00:00;2025-04-30T17:30:00;;CLP;0;0
1075963-142-LE25;CONVENIO MANTENCION PREVENTIVA Y CORRECTIVA EQUIPOS CRIOSTATO Y CENTRO DE INCLUSIÓN POR 24MESES;SERVICIO DE SALUD ARICA HOSP DR JUAN NOE CREVANI;61.606.001-5;Hospital Juan Noé;;;Región de Arica y Parinacota;LE;Publicada;CONVENIO MANTENCION PREVENTIVA Y CORRECTIVA EQUIPOS CRIOSTATO Y CENTRO DE INCLUSIÓN, POR 24MESES;2025-04-09T18:19:13.143;2025-04-21T15:31:00;2025-05-22T18:03:00;;CLP;0;0
1376-10-LE25;F41 SERVICIO MANTENCIÓN REDES CONTRA INCENDIO UNID. PENALES 2025;DIRECCION GENERAL DE GENDARMERIA DE CHIL;61.004.010-1;Región de Atacama;CALLE SOFIA BERMEDO 1151 - DETRAS DE CORTE DE APELACIONES;Copiapó;Región de Atacama;LE;Publicada;SERVICIO DE MANTENCIÓN DE REDES CONTRA INCENDIO EN UNIDADES PENALES, POR UN PERÍODO DE 12 MESES.FACTURAR A: GENDARMERÍA DE CHILE DIRECCIÓN REGIONAL COPIAPÓ, RUT. 61.004.010-1, DIRECCIÓN RANCAGUA N499, 3 PISO EDIFICIO MOP-MINJU, COPIAPO. Recepción de facturación al correo dipresrecepcion@custodium.com, se solicita facturar previa recepción conforme, registrar N Orden de compra en campo 801 del XML.;2025-04-09T18:19:28.9;2025-04-23T18:17:00;2025-05-16T18:30:00;;CLP;0;0
2446-99-LP25;L.P. 197-2025;I MUNICIPALIDAD DE COQUIMBO;69.040.300-5;IMUNI_COQUIMBO;BILBAO 348;Coquimbo;Región de Coquimbo;LP;Publicada;ADQUISICIÓN DE 36 POLIZAS DE SEGUROS PARA VEHICULOS LIVIANOS Y PESADOS MUNICIPAL POR 18 MESES;2025-04-09T18:09:30.803;2025-04-29T11:11:00;2025-05-26T17:00:00;2100;CLP;0;0
1057049-90-LE25;VDH Obras menores para extensión techumbres acceso Santa Rosa HCBSA;SERV SALUD METROPOLITANO CENTRAL HOSPITAL CLINICO SAN BORJA ARRIARAN;61.608.604-9;Bienes y Servicios;Santa Rosa 1234;Santiago;Región Metropolitana de Santiago;LE;Publicada;El objetivo de la Propuesta es la contratación de OBRAS MENORES PARA EXTENSIÓN TECHUMBRES ACCESO SANTA ROSA DEL HOSPITAL CLÍNICO SAN BORJA ARRIARAN, solicitados en las especificaciones técnicas, en concordancia con las Bases Administrativas, Técnicas, Formularios, aclaraciones y otros documentos que pudieran formularse en el transcurso de la licitación. Se entenderá que todo proveedor conoce y acepta irrevocablemente el contenido de las Bases de licitación, por el solo hecho de presentar ofertas en este proceso de licitación.;2025-04-09T18:13:33.337;2025-04-21T15:30:00;2025-05-30T18:00:00;;CLP;0;0
1208099-1-LE25;TEAM BUILDING Y TRANSFERENCIA TECNICA;SERVICIO NACIONAL DE PROTECCIÓN ESPECIALIZADA A LA NIÑEZ Y ADOLESCENCI;62.000.890-7;DIRECCION REGIONAL METROPOLITANA;Av.Libertador Bernardo OHiggins 1449,Torre 7 Pi.3;Santiago;Región Metropolitana de Santiago;LE;Publicada;Contratar el servicio para la ejecución de las transferencias técnicas que buscan fortalecer las capacidades técnicas y operativas de los equipos de intervención de los organismos colaboradores de la Dirección Regional Metropolitana del Servicio de Protección Especializada a la niñez y adolescencia.;2025-04-09T18:04:20.66;2025-04-15T15:00:00;2025-05-01T18:00:00;9000000;CLP;0;0
1299963-3-LE25;Adquisición e instalación elementos seguridad;CORPORACION SOCIAL Y CULTURA DE CONCEPCION - SEMCO;70.942.400-9;BIBLIOTECA MUNICIPAL DE CONCEPCIÓN;Victor Lamas 615;Concepción;Región del Biobío;LE;Publicada;Adquisición e instalación de antenas anti hurto y elementos complementarios de seguridad de la colección de libros de la Biblioteca Municipal de Concepción, en el marco del proyecto folio 96517.;2025-04-09T17:58:06.727;2025-04-17T16:00:00;2025-04-21T16:00:00;7059080;CLP;0;0
1388961-36-LE25;Adquisición Calzado para Patrulleros;ASOCIACION DE MUNICIPALIDADES PARA LA SEGURIDAD CIUDADANA EN LA ZONA ORIENTE;65.118.035-K;Asociación de Municipalidades para la Seguridad en la Zona Oriente;Av El Rodeo 13541, costado BICRIM.;Lo Barnechea;Región Metropolitana de Santiago;LE;Publicada;El propósito de esta adquisición es dotar de un uniforme estándar a todo el personal encargado de las labores de patrullaje, asegurando así una identidad visual común que facilite tanto el reconocimiento como la ejecución de tareas preventivas de seguridad. Este uniforme unificado promoverá la coordinación eficiente entre las distintas comunas integrantes de AMSZO, mejorando la capacidad de respuesta y fortaleciendo la seguridad en la zona.;2025-04-09T18:02:28.173;2025-04-21T16:00:00;2025-04-23T16:21:00;;CLP;0;0
4891-11-LE25;SERV. GESTION TERRITORIAL Y FORTALECIMIENTO CECREA;SUBSECRETARÍA DE LAS CULTURAS Y LAS ARTES;61.978.780-3;Consejo Regional de la Cultura y Las Artes R. Metropolitana;AHUMADA 48 PISO 4, SANTIAGO CENTRO;Santiago Centro;Región Metropolitana de Santiago;LE;Publicada;SERVICIO DE GESTIÓN TERRITORIAL Y FORTALECIMIENTO DE REDES DEL PROGRAMA CECREA, DE LA SECRETARÍA REGIONAL MINISTERIAL DE LAS CULTURAS, LAS ARTES Y EL PATRIMONIO, REGIÓN METROPOLITANA.;2025-04-09T18:06:00.84;2025-04-22T15:30:00;2025-04-30T18:00:00;11175000;CLP;0;0
2789-17-LE25;ADQUISICIÓN DE CONTROLES DE ACCESO PARA ASISTENCIA DE ESTUDIANTES EN TRANSPORTE ESCOLAR;I MUNICIPALIDAD DE PAINE;69.072.600-9;DEPARTAMENTO DE EDUCACION MUNICIPAL;AV. GRAL BAQUEDANO N 480;Paine;Región Metropolitana de Santiago;LE;Publicada;DECRETO N2126/09.04.2025 QUE AUTORIZA LLAMADO A LICITACION PUBLICA ADQUISICIÓN DE CONTROLES DE ACCESO PARA ASISTENCIA DE ESTUDIANTES EN TRANSPORTE ESCOLAR. SOL. DISP. PRESUPUESTARIA N161/2025.;2025-04-09T18:03:32.533;2025-04-21T15:01:00;2025-05-21T18:40:00;;CLP;0;0
4587-9-LE25;SERVICIO DE TOMA DE MUESTRA Y ANALISIS DE EXAMENES;I MUNICIPALIDAD DE CABILDO;69.050.200-3;I.Municipalidad de Cabildo Adquisiciones-Salud;Avda. Humeres 499;Cabildo;Región de Valparaíso;LE;Publicada;SERVICIO DE TOMA DE MUESTRA Y ANALISIS DE EXAMENES DE LABORATORIO BASICO;2025-04-09T18:26:46.82;2025-04-21T15:30:00;2025-05-22T18:47:00;44000000;CLP;0;0
3275-7-LE25;MANTENMIENTO Y REPARACIÓN DE VEHÍCULOS PROLAD;POLICIA DE INVESTIGACIONES DE CHILE;60.506.000-5;LOGISTICA VALPARAISO;Uruguay 174;Valparaíso;Región de Valparaíso;LE;Publicada;SERVICIO DE MANTENIMIENTO Y REPARACIÓN DE VEHÍCULOS PARA LA PREFECTURA PROVINCIAL LOS ANDES DE LA POLICÍA DE INVESTIGACIONES DE CHILE;2025-04-09T17:49:04.347;2025-04-21T15:01:00;2025-04-30T08:00:00;68000000;CLP;0;0
2831-22-LQ25;Serv. de Ap. y Mant. Ctas. Ctes. Municipalidad;I MUNICIPALIDAD DE QUILLOTA;69.060.100-1;SECRETARIA COMUNAL DE PLANIFICACION;Ariztía N 525. 2 Piso .Quillota.;Quillota;Región de Valparaíso;LQ;Publicada;Regular el Llamado a Licitación Pública para contratar el Servicio de Apertura y Mantención de Cuentas Corrientes de la Municipalidad de Quillota, incluida la recaudación de Ingresos de la Municipalidad de Quillota, el Departamento de Salud y del Departamento de Educación, y que abarca todos los servicios relacionados con el Giro Bancario que se singularizan en los Términos Técnicos de Ref.;2025-04-09T17:47:28.05;2025-05-09T15:30:00;2025-05-13T17:30:00;;CLP;0;0
1464-30-LE25;Reactivos Laboratorio 2025;SERVICIO DE SALUD DEL MAULE HOSPITAL DE PARRAL;61.606.918-7;Hospital Parral;;;Región del Maule;LE;Publicada;Cotizar insumos y reactivos para el servicio de laboratorio del Hospital de Parral.;2025-04-09T17:49:00.613;2025-04-16T14:00:00;2025-04-24T16:00:00;;CLP;0;0
4511-17-LP25;SERVICIO MANTENCIÓN DEL SOFTWARE Y BASES DE DATOS MUNICIPALIDAD DE RETIRO Y SERVICIOS TRASPASADOS.;ILUSTRE MUNICIPALIDAD DE RETIRO;69.130.800-6;Secpla;Av. Bombero Muñoz s/n Retiro;Retiro;Región del Maule;LP;Publicada;La contratación de la mantención del Software y bases de datos para el mejoramiento de los procesos y modernización tecnológica de la Ilustre Municipalidad de Retiro y sus servicios traspasados (Salud y Educación). Lo que permitirá la mantención, el soporte y funcionamiento de los sistemas informáticos para el Municipio de Retiro, conforme a las exigencias de la presentes Bases Administrativas y especialmente a las Especificaciones Técnicas, Consultas, Respuestas y Aclaraciones.;2025-04-09T17:47:47.97;2025-04-21T15:01:00;2025-05-21T19:54:00;;CLP;0;0
1058095-73-LE25;COMPRA EXTRA FCIA FOLIOS VARIOS 2 TRIME. 2025 1;COMPLEJO ASISTENCIAL DR. SOTERO DEL RIO;61.608.502-6;Fármarcos;CONCHA Y TORO 3459;Puente Alto;Región Metropolitana de Santiago;LE;Publicada;COTIZAR: PRECIOS UNITARIOS NETOS, SOLO COTIZAR PRODUCTOS CON STOCK PARA DESPACHO INMEDIATO, Y CON VENCIMIENTO MAYOR A 12 MESES, INDICAR FACTOR EMPAQUE EN CADA LÍNEA COTIZADA E INDICAR EL NOMBRE DE LA MARCA OFERTADA.;2025-04-09T17:52:50.8;2025-04-15T10:00:00;2025-04-30T19:48:00;;CLP;0;0
838104-15-LP25;CMCP COMPRA DE EQUIPOS GASTRONÓMICOS;COMANDO DE APOYO A LA FUERZA;73.923.800-5;División de Bienestar ZB Región Metropolitana BSoc;Avda. Neptuno N 097, Villa Militar Oeste, Estación Central;Estación Central;Región Metropolitana de Santiago;LP;Publicada;CMCP COMPRA DE EQUIPOS GASTRONÓMICOS RECEPCIÓN CMCP: SG1 MANUEL GALAZ JARA E-MAIL: magj1975magj@gmail.com FONO: +569 6351 4516 FACTURAR Y DESPACHAR: C.C. 1100080053 FONDOS PAF C.F. 350090 BIENESTAR SOCIAL DEL EJÉRCITO GIRO: HOTELERÍA Y SERVICIOS AFINES RUT.: 73.923.800-5 DIRECCIÓN: LAS PALMAS 384, COMUNA PEÑALOLÉN SE SOLICITA ACEPTAR ORDEN DE COMPRA EN EL SISTEMA.;2025-04-09T17:43:16.997;2025-04-28T17:00:00;2025-05-07T17:00:00;;CLP;0;0
2591-66-CO25;ADQ EQUIPAMIENTO DE PROTECCIÓN PERSONAL PARA DIMAO;ILUSTRE MUNICIPALIDAD DE POZO ALMONTE;83.017.500-8;IMUNI_POZOALMONTE ADQUISICIONES;BALMACEDA 276;Pozo Almonte;Región de Tarapacá;CO;Publicada;SOLICITADO POR DIMAO, PAMELA CARRILLO, SEGUN SOLICITUD INTERNA N 236, CODIGO INTRANET N 2465, CERTIFICADO DE FACTIBILIDAD N 219, DECRETO DE PUBLICACION N 345-2025;2025-04-09T17:54:23.887;2025-04-21T15:30:00;2025-06-27T17:28:00;8000000;CLP;0;0
1233-2-H225;Servicio de aseo Aduana Metropolitana.;SERVICIO NACIONAL DE ADUANAS;60.804.010-2;Dirección Regional Aduana Metropolitana;Beaucheff N 1525, santiago;Santiago;Región Metropolitana de Santiago;H2;Publicada;Servicio integral de aseo para las dependencias administrativas y operativas de la Dirección Regional de Aduana Metropolitana;2025-04-09T17:51:49.96;2025-05-05T15:00:00;2025-06-04T15:00:00;;CLP;0;0
1046-17-LE25;ASESORÍA EXTERNA EXPEDIENTES ADMINISTRATIVOS VFEI;MINISTERIO DE OBRAS PUBLICAS DIREC CION GRAL DE OO PP DCYF;61.202.000-0;Dirección General de Aguas - III Región;Av. Circunvalación Esquina Rancagua N 499, piso 1;Copiapó;Región de Atacama;LE;Publicada;La prestación de servicios tiene como objetivo apoyar administrativa y técnicamente al Inspector fiscal, en las labores propias de la investigación que se lleva a cabo en el marco de las denuncias realizadas por parte de la COMUNIDAD DE AGUAS CANAL LA PAMPA, AGRÍCOLA PERALES SpA y la COMUNIDAD DE AGUAS CANAL MARAÑÓN Y SU PROLONGACIÓN, las cuales señalan la existencia de faltas y abusos respecto a la distribución de las aguas, por parte del directorio de la JUNTA DE VIGILANCIA DE LA CUENCA DEL RIO HUASCO Y SUS AFLUENTES, asociadas a los expedientes administrativos VFEI-0303-40, VFEI-0303-41 y VFEI-0303-42.;2025-04-09T17:41:03.547;2025-04-21T16:35:00;2025-04-28T17:36:00;13000000;CLP;0;0
527481-14-LE25;MEJORAMIENTO PROPIEDAD MUNICIPAL SEGUNDO LLAMADO;ILUSTRE MINICIPALIDAD DE COMBARBALA;69.041.100-8;OFICINA SECPLAC;;;Región de Coquimbo;LE;Publicada;Que, conforme a lo establecido en la Ley Orgánica Constitucional de Municipalidades, corresponde a esta institución la responsabilidad de garantizar la adecuada conservación y mejora d los bienes de su propiedad, asegurando condiciones óptimas para su funcionamiento y uso por parte de la comunidad.;2025-04-09T17:40:37.273;2025-04-21T15:01:00;2025-05-30T18:00:00;;CLP;0;0
4366-7-LP25;MEJORAMIENTO SEÑALÉTICAS TURÍSTICAS E IDENTIFICACIÓN DE CALLES QUILLÓN;ILUSTRE MUNICIPALIDAD DE QUILLON;69.141.400-0;SECPLAN;18 De Septiembre 250;Quillón;Región del Ñuble;LP;Publicada;Consiste en la construcción e instalación de 432 señalizaciones de calles e identificación de hitos turísticos, con el objetivo de homogeneizar el diseño y complementar el déficit de este tipo de infraestructura vial esencial para la movilidad dentro de la comuna. Según EE.TT.;2025-04-09T17:38:44.02;2025-04-29T15:00:00;2025-05-26T19:00:00;;CLP;0;0
1002-29-LE25;SERVICIO DEMARCACION CAMINO PROV. DE CHILOE REGION DE LOS LAGOS;MINISTERIO DE OBRAS PUBLICAS DIREC CION GRAL DE OO PP DCYF;61.202.000-0;Dirección de Vialidad - X Región - Dirección Regional;Av. Bdo OHiggins 451, 4 Piso;Puerto Montt;Región de los Lagos;LE;Publicada;SERVICIO DEMARCACION CAMINO RUTA 5, SECTOR ANCUD-DEGAN, PROV. DE CHILOÉ, REGION DE LOS LAGOS;2025-04-09T17:38:42.753;2025-04-16T15:00:00;2025-04-24T18:00:00;;CLP;0;0
1058078-21-LE25;Compra de PAÑOS ABSORBENTES Y GORROS para el Hospital San José de Melipilla.;Hospital de Melipilla;61.602.123-0;Fármarcos;;;Región Metropolitana de Santiago;LE;Publicada;El Hospital requiere generar un convenio por la adquisición de PAÑOS ABSORBENTES Y GORROS, para el Hospital San José de Melipilla.;2025-04-09T17:38:40.77;2025-04-21T17:00:00;2025-06-21T17:00:00;;CLP;0;0
886954-155-LP25;Convenio suministro de pack de insumos para la Unidad de Cirugía cardiaca del HGGB;HOSPITAL GUILLERMO GRANT BENAVENTE DE CO;61.602.189-3;Abastecimiento Insumos;San Martin 1436;Concepción;Región del Biobío;LP;Publicada;Proveer al HGGB de los insumos necesarios para la atención oportuna de los pacientes;2025-04-09T17:28:01.237;2025-04-21T15:35:00;2025-06-23T16:36:00;333000000;CLP;0;0
4301-31-LR25;arriendo de computadores para la municipalidad de;I MUNICIPALIDAD DE ZAPALLAR;69.050.400-6;IMUNI_ ZAPALLAR;DIEGO SUTIL 285;Zapallar;Región de Valparaíso;LR;Publicada;la Ilustre Municipalidad de Zapallar requiere contratar el Servicio por vía de suministro de arriendo de computadores para la municipalidad de Zapallar.;2025-04-09T17:27:52.19;2025-05-09T17:35:00;2025-05-30T16:38:00;;CLP;0;0
2585-26-LE25;ADQ. NEUMATICOS PARA VEHICULOS DIMAO ORD N 1382025 LSV IMA;I MUNICIPALIDAD DE ARICA;69.010.100-9;FINANZAS IMA;AV. RENATO ROCCA 1585;Arica;Región de Arica y Parinacota;LE;Publicada;ADQ. NEUMATICOS PARA VEHICULOS, DIMAO, ORD N 138/2025, LSV, IMA;2025-04-09T17:31:23.447;2025-04-21T15:05:00;2025-06-24T18:41:00;63030730;CLP;0;0
2760-55-LE25;CONVENIO SUMINISTRO PARA TRABAJOS DE MAESTRANZA;I MUNICIPALIDAD DE CORONEL;69.151.200-2;SECRETARIA COMUNAL DE PLANIFICACION;BANNEN 70, CORONEL;Coronel;Región del Biobío;LE;Publicada;CONVENIO SUMINISTRO PARA TRABAJOS DE MAESTRANZA EN VEHICULOS LIVIANOS Y PESADOS;2025-04-09T17:26:11.95;2025-04-15T15:00:00;2025-04-30T18:30:00;12000000;CLP;0;0
3260-13-L125;ADQUISICION DE SEGUROS CESFAM RÍO HURTADO;I MUNICIPALIDAD DE RIO HURTADO;69.041.000-1;Departamento de Salud;Unica Samo Alto S/N;Río Hurtado;Región de Coquimbo;L1;Publicada;ADQUIRIR SEGUROS CONTRA SINIESTROS COMO INCENDIOS, ROBO Y SISMO QUE PUDIESEN OCURRIR Y AFECTAR EL ESTABLECIMIENTO DE SALUD CESFAM RIO HURTADO UBICADO EN LA LOCALIDA DE PICHASCA;2025-04-09T17:36:05.42;2025-04-15T16:16:00;2025-04-16T16:17:00;;CLP;0;0
1650-16-LE25;Compra Servicios de Apoyo Administrativo Línea 800 HSJ;Hospital Santa Juana;61.602.204-0;Hospital Santa Juana;Av. Doctor Sosa N100 Recinto Hospital Santa Juana;Santa Juana;Región del Biobío;LE;Publicada;Compra personal Administrativo para trabajar 44 horas semanales desde el 2 de mayo hasta el 31 de diciembre según EETT adjuntas;2025-04-09T17:36:37.7;2025-04-21T16:00:00;2025-04-22T16:00:00;5486680;CLP;0;0
886954-154-LE25;Convenio suministro anual de insumos para la Unidad de Cirugía Cardiaca del HGGB 2025;HOSPITAL GUILLERMO GRANT BENAVENTE DE CO;61.602.189-3;Abastecimiento Insumos;San Martin 1436;Concepción;Región del Biobío;LE;Publicada;proveer al HGGB de los insumos necesarios para la atención oportuna de los pacientes;2025-04-09T17:27:40.383;2025-04-15T17:30:00;2025-06-16T17:31:00;50000000;CLP;0;0
4083-7-LE25;CAPACITACION PARA FUNCIONARIOS DE SALUD;I MUNICIPALIDAD DE CABRERO;69.151.002-6;Depto. De Salud;Las Delicias 355 - Piso 3;Cabrero;Región del Biobío;LE;Publicada;El objetivo de la presente licitación pública es la Adquisición Capacitaciones para funcionarios de los distintos Establecimientos de Salud de la Comuna de Cabrero, dependientes del Departamento de Salud Según NP N180 del 28022025, de acuerdo con las presentes Bases Administrativas, Requerimiento Técnico y Anexos, lo dispuesto en la Ley N19.886 de Bases sobre Contratos Administrativos de Suministro y Prestaciones de Servicios y su Reglamento contenido en el Decreto Supremo de Hacienda N661 de 2024, lo dispuesto en la Ley N18.695 Orgánica Constitucional de Municipalidades, en todo lo que no sea contrario a derecho yo a lo dispuesto en las presentes Bases.;2025-04-09T17:25:54.93;2025-04-21T16:19:00;2025-05-22T16:20:00;;CLP;0;0
355-11-LE25;Programas dentales HHR 2025;DIRECCION SERVICIO SALUD METROPOLITANO O;61.979.270-k;HOSPITAL HANGA ROA;Simón Paoa S/N, Hospital Hanga Roa, Isla de Pascua;Isla De Pascua;Región de Valparaíso;LE;Publicada;Aprueba bases administrativas, técnicas y sus anexos y formularios para llamar a licitación pública para contratar los Servicios odontológicos para el desarrollo de atenciones dentales del Hospital Hanga Roa para el año 2025.;2025-04-09T17:23:23.537;2025-04-21T20:00:00;2025-04-30T15:02:00;;CLP;0;0
886954-147-CO25;CONVENIO SUMINISTRO CONSIGNACIÓN CLAVOS TEN;HOSPITAL GUILLERMO GRANT BENAVENTE DE CO;61.602.189-3;Abastecimiento Insumos;San Martin 1436;Concepción;Región del Biobío;CO;Publicada;La necesidad de abastecer de los insumos para la atención oportuna de pacientes.;2025-04-09T17:18:44.04;2025-04-21T15:01:00;2025-05-31T19:00:00;50000000;CLP;0;0
552578-8-LE25;CONTRATACIÓN DE SEGUROS EDIFICIOS MUNIC-EDU-SALUD;I MUNICIPALIDAD DE SAN RAFAEL;69.264.500-6;SECPLAN;AVENIDA ORIENTE N2625;San Rafael;Región del Maule;LE;Publicada;CONTRATACIÓN DE SEGUROS PARA EDIFICIOS MUNICIPALES, EDUCACIÓN Y SALUD;2025-04-09T17:17:08.233;2025-04-21T15:01:00;2025-05-09T18:00:00;;CLP;0;0
948356-37-LE25;ADQ. DE REACTIVO PARA TÉCNICAS INMUNOHISTOQUIMICAS;FONDO HOSPITAL DE LA DIRECCION DE PREVISION DE CARABINEROS DE CHILE;61.513.003-6;Unidad de Compra Fármacos Nutrición y Reactivos;Avenida Vital Apoquindo N1200;Las Condes;Región Metropolitana de Santiago;LE;Publicada;El Hospital de la Dirección de Previsión de Carabineros de Chile, ubicado en Vital Apoquindo N1.200, Comuna de Las Condes, Región Metropolitana, en adelante EL HOSPITAL, llama a licitación pública para la Adquisición de Reactivo para Técnicas Inmunohistoquímicas por Sistema de Suministro, en adelante EL REACTIVO, para un período de 36 meses o hasta que se consuma la totalidad del monto contratado, según lo que primero ocurra, para el referido Centro Asistencial, cuyas características y requisitos técnicos constan en las Bases Administrativas y Técnicas de esta Licitación con sus respectivos anexos.;2025-04-09T17:16:02.787;2025-04-21T16:00:00;2025-06-02T18:00:00;27400000;CLP;0;0
3671-26-L125;ACTIVIDADES COMUNITARIAS PRIMER SEMESTRE 2025 QMB RUCAPEQUEN;ILUSTRE MUNICIPALIDAD DE CHILLAN VIEJO;69.266.500-7;Secplan;Ignacio Serrano N 300;Chillán Viejo;Región del Ñuble;L1;Publicada;La I. Municipalidad de Chillán Viejo llama a Licitación Pública a través del Portal Mercado Público, para suscribir contrato ACTIVIDADES COMUNITARIAS QMB RUCAPEQUEN con el fin de contribuir en la revalorización de la identidad local de Rucapequén, generar actividades de esparcimiento enmarcadas en Verano 2025, de acuerdo a las presentes Bases Administrativas y Técnicas. Se pretende obtener la mejor calidad y oportunidad en la prestación de los servicios a un precio conveniente.;2025-04-09T17:15:46.263;2025-04-15T17:00:00;2025-04-21T17:00:00;3738599;CLP;0;0
1057049-88-LE25;MES SUMINISTRO DE REACTIVOS DE LABORATORIO CLINICO;SERV SALUD METROPOLITANO CENTRAL HOSPITAL CLINICO SAN BORJA ARRIARAN;61.608.604-9;Bienes y Servicios;Santa Rosa 1234;Santiago;Región Metropolitana de Santiago;LE;Publicada;El objetivo de la Propuesta es el SUMINISTRO DE REACTIVOS DE LABORATORIO CLÍNICO para el Hospital Clínico San Borja Arriarán, solicitados en las especificaciones técnicas, en concordancia con las Bases Administrativas, Técnicas, Formularios, aclaraciones y otros documentos que pudieran formularse en el transcurso de la licitación. Se entenderá que todo proveedor conoce y acepta irrevocablemente el contenido de estas Bases, por el solo hecho de presentar ofertas en este proceso de licitación;2025-04-09T17:15:32.04;2025-04-21T15:30:00;2025-06-04T17:35:00;;CLP;0;0
1113265-5-LE25;SS DE MONITOREO DEL SISTEMA DE ALARMA Y CCTV;CENTRO DE FORMACION TECNICA DE LA REGION DE ANTOFAGASTA;62.000.770-6;UNIDAD DE COMPRAS;RIQUELME 4259, VILLA AYQUINA;Calama;Región de Antofagasta;LE;Publicada;El Centro de Formación Técnica Estatal de La Región de Antofagasta en su compromiso con resguardar y optimizar los recursos públicos requiere contratar servicios de monitoreo del sistema de alarma y de un circuito cerrado de televisión para el resguardo de instalaciones y velando por la seguridad e integridad de la comunidad de la institución.;2025-04-09T17:15:25.1;2025-04-16T18:39:00;2025-05-02T23:59:00;8000000;CLP;0;0
3945-11-LE25;CONTRATACION SERVICIO DE RADIODIFUSION PARA TRANSMITIR PROGRAMA INFORMATIVO COMUNAL MUNICIPALIDAD LOS ALAMOS;I MUNICIPALIDAD DE LOS ALAMOS DEPTO COMUNAL;69.160.400-4;Administración y Finanzas;Libertad N300;Los Alamos;Región del Biobío;LE;Publicada;La necesidad de contratar servicio de radiodifusión comunal, destinado a la transmisión de programa informativo semanal, frases informativas (grabación, edición, programación y transmisión), contactos telefónicos y la transmisión radial de actividades municipales, de conformidad a las Especificaciones técnicas adjuntas a las presentes Bases Administrativas y anexos adjuntos.;2025-04-09T17:05:23.137;2025-04-16T15:01:00;2025-04-21T17:00:00;7200000;CLP;0;0
2778-20-LE25;TARJETA DE ALIMENTACION PARA ESTABLECIMIENTOS EDUCACIONALES MUNICIPALES DE RENGO;I MUNICIPALIDAD DE RENGO;69.081.200-2;ADQUISICION MUNI-EDUCACION;SERRANO 450- COMUNA DE RENGO.;Chépica;Región del Libertador General Bernardo OHiggins;LE;Publicada;ADQUISICION DE TARJETAS DE ALIMENTACION NO PERSONALIZADAS PARA ESTABLECIMIENTOS EDUCACIONALES MUNICIPALES DE LA COMUNA DE RENGO;2025-04-09T17:09:23.66;2025-04-15T17:30:00;2025-05-16T18:00:00;;CLP;0;0
1233619-9-LE25;SERVICIO DE INTERNET TELEFONÍA Y CABLEADO ESTRUCTURADO PARA EL SERVICIO LOCAL DE EDUCACIÓN PÚBLICA MAULE COSTA;SERVICIO LOCAL DE EDUCACIÓN PÚBLICA MAULE COSTA;61.980.930-0;SERVICIO LOCAL DE EDUCACIÓN PÚBLICA MAULE COSTA;Claudina Urrutia 252 esquina Yungay;Cauquenes;Región del Maule;LE;Publicada;Que, con motivo del funcionamiento del Servicio Local de Educación Pública Maule Costa, se requiere la contratación de SERVICIO DE INTERNET, TELEFONÍA Y CABLEADO ESTRUCTURADO PARA EL SERVICIO LOCAL DE EDUCACIÓN PÚBLICA MAULE COSTA ID 1233619-9-LE25 que considere tecnología MPLS para conectividad entre sus cuatro dependencias. Este servicio debe incluir la instalación, configuración y puesta en marcha de equipos necesarios para una solución integral, garantizando soporte continuo y alta disponibilidad en las dependencias Institucionales.;2025-04-09T17:08:32.957;2025-04-22T09:00:00;2025-05-05T23:59:00;;CLP;0;0
2384-10-I225;CONST PAVIMENTOS CONVENIO COLABORACIÓN IMC CODELCO;I MUNICIPALIDAD DE CALAMA;69.020.200-K;SECPLAC;VICUÑA MACKENNA 2001;Calama;Región de Antofagasta;I2;Publicada;El servicio que se requiere contratar consiste en la ejecución de la repavimentación de pasajes y calles que cuentan con un pavimento y veredas existentes, sin embargo, presentan un porcentaje importante de desgaste, por lo que se requiere una reposición de los tramos mencionados en el punto 2.1.;2025-04-09T17:12:00;2025-04-29T09:05:00;2025-05-23T20:00:00;;CLP;0;0
2594-17-LE25;CONTRATACION DE SERV PARA CUENTA PUBLICA CONCON;I MUNICIPALIDAD DE CONCON;73.568.600-3;I.MUNICIPALIDAD DE CONCON;SANTA LAURA 567;Concón;Región de Valparaíso;LE;Publicada;CONTRATACION DEL SERVICIO DE ARMADO DE ESTRUCTURA Y MANIPÚLACION DE SISTEMAS PARA DESARROLOLO DE CUENTA PUBLICA CONCON AÑO 2024;2025-04-09T17:05:27.983;2025-04-21T15:08:00;2025-04-22T15:09:00;;CLP;0;0
438-32-LE25;CONTRATO DE SUMINISTRO DE EXAMENES DE ECOTOMOGRAFIAS MAMARIAS;I MUNICIPALIDAD DE SAN RAMON;69.253.900-1;Secretaria de Planificación San Ramón;Avenida Ossa 1771;San Ramón;Región Metropolitana de Santiago;LE;Publicada;ESTA PROPUESTA CONSISTE EN CONTRATAR LOS SUMINISTROS DE EXAMENES DE ECOTOMOGRAFIAS MAMARIAS;2025-04-09T17:02:07.217;2025-04-16T09:00:00;2025-05-16T19:00:00;12150000;CLP;0;0
3638-19-CO25;Arriendo Excavadora Para Vertedero Municipal;I.MUNICIPALIDAD DE PORVENIR;69.250.300-7;Administracion y Finanzas Municipal;Padre Mario Zavattaro N434, Porvenir;Porvenir;Región de Magallanes y de la Antártica;CO;Publicada;Arriendo Excavadora para vertedero municipal, según lo establece las especificaciones técnicas;2025-04-09T17:05:18.947;2025-04-15T15:00:00;2025-04-21T17:33:00;13200000;CLP;0;0
948356-38-LE25;ADQUISICIÓN ANTICUERPOS PARA ANATOMIA PATOLOGICA;FONDO HOSPITAL DE LA DIRECCION DE PREVISION DE CARABINEROS DE CHILE;61.513.003-6;Unidad de Compra Fármacos Nutrición y Reactivos;Avenida Vital Apoquindo N1200;Las Condes;Región Metropolitana de Santiago;LE;Publicada;El Hospital de la Dirección de Previsión de Carabineros de Chile, ubicado en Vital Apoquindo N1.200, Comuna de Las Condes, Región Metropolitana, en adelante EL HOSPITAL, llama a licitación pública para la Adquisición de Anticuerpos para el Servicio de Anatomía Patológica, por Sistema de Suministro, en adelante LOS REACTIVOS, para un período de 36 meses o hasta que se consuma la totalidad del monto contratado, según lo que primero ocurra, para el referido Centro Asistencial, cuyas características y requisitos técnicos constan en las Bases Administrativas y Técnicas de esta Licitación con sus respectivos anexos.;2025-04-09T16:56:47.653;2025-04-21T16:00:00;2025-06-02T18:00:00;12500000;CLP;0;0
4174-25-LE25;Servicio Telefonía Celular y Datos;Ilustre Municipalidad de Quirihue;69.140.100-6;Secplan;Esmeralda 698;Quirihue;Región del Ñuble;LE;Publicada;Se requiere suscribir contrato de servicios de telefonía celular y datos para la I. Municipalidad de Quirihue y sus servicios traspasados. Los oferentes deben ingresar los anexos correspondientes solicitados en las Bases Administrativas Especiales.;2025-04-09T16:51:50.603;2025-04-22T19:00:00;2025-05-23T17:30:00;;CLP;0;0
1057498-20-LP25;Habilitación REAS del HEP;SERVICIO DE SALUD SUR HOSPITAL SANATORIO EL PINO;61.608.107-1;Bienes y Servicios;Bienes y Servicios;San Bernardo;Región Metropolitana de Santiago;LP;Publicada;Contar con la modernzación y puesta en regla de la sala REAS del Hospital;2025-04-09T16:51:06.963;2025-04-29T15:01:00;2025-06-30T18:00:00;;CLP;0;0
1261592-28-LE25;CONVENIO SUMINISTRO DE REACTIVOS PARA EQUIPO POCT;CORP MUNICIPAL DE DESARROLLO SOCIAL DE A;71.102.600-2;UNIDAD TÉCNICA DIRECCIÓN DE SALUD;AVENIDA ARGENTINA 1595 II PISO;Antofagasta;Región de Antofagasta;LE;Publicada;Se determinó convocar el presente llamado de licitación a través del portal www.mercadopublico.cl , para la CONVENIO DE SUMINISTRO DE REACTIVOS PARA EQUIPOS POINT OF CARE TESTING PARA SERVICIOS DE ATENCIÓN DE URGENCIA DE ALTA RESOLUTIVIDAD SAR DEPENDIENTE DE LA CORPORACIÓN MUNICIPAL DE DESARROLLO SOCIAL DE ANTOFAGASTA, La presente propuesta tiene como objetivo específico contar con un convenio de suministro de reactivos de pruebas diagnósticas de hematocrito, hemoglobina, electrolitos plasmáticos, creatinina, glucosa, troponinas, leucocitos, PCR, gases y la entrega de maquina Point of care testing POCT en comodato. Para el Servicio de atención de urgencia SAR coviefi dependiente de la dirección de salud de la CMDS.;2025-04-09T16:50:16.323;2025-04-21T15:01:00;2025-06-03T17:36:00;;CLP;0;0
1057506-11-LE25;SERVICIO ODONTOLÓGICOS DE ENDODONCIAS H. COELEMU;SERVICIO NACIONAL DE SALUD HOSPITAL DE COELEMU;61.602.194-K;Bienes y Servicios;dipresrecepcion@custodium.com;Coelemu;Región del Ñuble;LE;Publicada;El Hospital de Coelemu requiere contratar Servicio de Profesional Odontólogo Especialista en Endodoncia para realizar 75 endodoncias de piezas anteriores y premolares a beneficiarios de 15 o más años del Hospital Comunitario de Salud Familiar de Coelemu, Cesfam Trehuaco y DESAMU Coelemu según características y detalle indicado en bases técnicas del proceso.;2025-04-09T16:49:59.877;2025-04-15T09:00:00;2025-04-22T18:36:00;7651425;CLP;0;0
1725-76-LE25;SERVICIO IMPRESIÓN INSTALACIÓN Y DESINSTALACIÓN.;SUBSECRETARÍA DE LAS CULTURAS Y LAS ARTES;60.901.002-9;SUBSECRETARIA DE LAS CULTURAS Y LAS ARTES;SOTOMAYOR 233;Valparaíso;Región de Valparaíso;LE;Publicada;SERVICIO DE IMPRESIÓN, INSTALACIÓN Y DESINSTALACIÓN SOBRE FRONTIS BIBLIOTECA NACIONAL DE GIGANTOGRAFÍA EN HOMENAJE A GUILLERMO NÚÑEZ, PREMIO NACIONAL DE ARTES PLÁSTICAS 2007.;2025-04-09T16:49:23.527;2025-04-21T15:01:00;2025-05-05T18:00:00;8000000;CLP;0;0
5557-2-LP25;SERVICIOS DE CAPACITACIÓN INTEGRAL;INSTITUTO DE SEGURIDAD LABORAL;61.533.000-0;ISL Región del Bio Bio;Teatinos N 726, Santiago;Santiago Centro;Región del Biobío;LP;Publicada;E1O2RT9 El Instituto de Seguridad Laboral requiere contratar SERVICIOS DE CAPACITACIÓN INTEGRAL PARA SERVICIOS DE SALUD Y EMPRESAS ADHERENTES DEL INSTITUTO DE SEGURIDAD LABORAL, DE LA REGIÓN DEL BIOBÍO, conforme lo establecido en las presentes Bases Técnicas. Con este programa se pretende crear una cultura preventiva y de autocuidado en cada uno de los trabajadores participantes, pertenecientes al Servicio Públicos y Empresas Privadas, adheridos al Instituto de Seguridad Laboral Organismo administrador de Ley 16.744 de Accidentes del Trabajo y Enfermedades Profesionales;2025-04-09T16:46:03.64;2025-04-30T15:00:00;2025-05-28T15:00:00;133000000;CLP;0;0
852-17-LR25;CONSTRUCCION JARDIN INFANTIL COSTANERA TEILLIER;JUNTA NACIONAL DE JARDINES INFANTILES;70.072.600-2;Junji - IX Región;VICUÑA MACKENNA 914;Temuco;Región de la Araucanía;LR;Publicada;La Junta Nacional de Jardines Infantiles (JUNJI), requiere contratar el servicio de CONSTRUCCION SALA CUNA Y JARDIN INFANTIL COSTANERA JORGE TEILLIER, COMUNA DE TEMUCO, bajo el sistema de Suma Alzada para materializar las obras descritas en el proyecto de Arquitectura, Estructuras y Especialidades y Especificaciones Técnicas de la presente licitación. Para este efecto, se entenderá Suma Alzada como oferta a precio fijo, en la que las cantidades de obras, cuya determinación corresponde al proponente y los valores unitarios son inamovibles, sin que proceda en consecuencia, pagar mayores obras ejecutadas, ampliar plazos, ni otorgar reajuste de ninguna especie y el precio del contrato comprende el total de la obra cuya ejecución se encomienda.;2025-04-09T16:45:53.05;2025-05-09T17:00:00;2025-06-12T17:30:00;;CLP;0;0
2709-51-LE25;ADQUISICION DE IMPLEMENTOS E INSUMOS DEPORTIVOS;MUNICIPALIDAD DE OVALLE;69.040.700-0;Municipalidad de Ovalle - Secplan;Vicuña Mackenna 441;Ovalle;Región de Coquimbo;LE;Publicada;ADQUISICION DE IMPLEMENTOS E INSUMOS DEPORTIVOS PARA SER ENTREGADOS COMO PREMIOS E IMPLEMENTACION EN ACTIVIDADES RECREATIVAS Y DEPORTIVAS MUNICIPALES;2025-04-09T16:44:08.18;2025-04-16T14:00:00;2025-05-30T18:00:00;64000000;CLP;0;0
1057508-29-LQ25;UNIFORME DE TRABAJO PARA PERSONAL SAMU;SERVICIO DE SALUD NUBLE;61.607.000-2;Bienes y Servicios;;;Región del Ñuble;LQ;Publicada;El Servicio de Salud Ñuble llama a Licitación Pública a través del Portal Mercado Público para la adquisición de uniforme de trabajo para el personal Samu dependiente del Servicio de Salud Ñuble, de acuerdo a las características indicadas en bases técnicas de la presente licitación.;2025-04-09T16:45:00;2025-04-29T16:00:00;2025-05-15T17:00:00;228759120;CLP;0;0
805-15-LP25;Educación Intercultural e Indígena EPA;CORP NACIONAL DE DESARROLLO INDIGENA;72.396.000-2;O.A.I. Santiago CONADI;Av. Salvador N379 Providencia;Providencia;Región Metropolitana de Santiago;LP;Publicada;Continuar con el proceso de implementación de una Educación Intercultural e Indígena, en las Unidades educativas focalizadas por el convenio, por un periodo de duración de seis meses, en el territorio correspondientes a la Macro Región Central, Coquimbo, Valparaíso excepto Rapa Nui, Metropolitana y el Libertador General Bernardo OHiggins.;2025-04-09T16:43:16.13;2025-04-29T20:00:00;2025-05-15T18:30:00;100000000;CLP;0;0
1057422-9-LE25;CONVENIO DE SERVICIOS ODONTOLOGICOS;SERVICIO DE SALUD BIO BIO HOSPITAL DE YU;61.607.307-9;Bienes y Servicios;Bienes y Servicios;Yumbel;Región del Biobío;LE;Publicada;Este programa busca mejorar el acceso a la atención odontológica en APS de los grupos más vulnerables y con alta carga de enfermedad bucal. De forma específica busca además otorgar atención odontológica que permita rehabilitar de forma integral la salud bucal a las pacientes mujeres para abordar la alta carga de enfermedades orales crónicas existentes. La Estrategia Sembrando Sonrisas se enmarca en el Modelo de Atención Integral de Salud Familiar y Comunitaria. El objetivo es mantener y mejorar el estado de Salud Bucal de la población parvularia, a través de la promoción de hábitos saludables y la aplicación de medidas de protección específicas, centrada en población vulnerable. Dentro de los objetivos específicos tenemos fomentar la instalación de hábitos saludables como cepillado dental y alimentación saludable, a través de sesiones educativas preventivas y promotoras de la salud bucal hacia la comunidad educativa, junto con la entrega de pasta y cepillo dental. Conocer el estado de salud bucal de la población parvularia beneficiaria de la estrategia, mediante un examen de salud bucal que incluye el registro el índice ceod. Y por último reforzar las acciones protectoras en salud bucal, mediante la aplicación de barniz fluorado a párvulos.;2025-04-09T16:43:00.363;2025-04-21T16:13:00;2025-04-22T16:14:00;;CLP;0;0
1079563-6-LP25;ADQ. DE TÓNER Y ACC. E INSUMOS COMPUTACIONALES;DIRECCION DE LOGISTICA DE CARABINEROS;61.978.680-7;SECC COMPRAS ZONA DE CARAB LIB BERNARDO OHIGGINS;OCARROL N 535;Rancagua;Región del Libertador General Bernardo OHiggins;LP;Publicada;ADQUISICIÓN DE TÓNER Y ACCESORIOS E INSUMOS COMPUTACIONALES PARA LAS UNIDADES Y DESTACAMENTOS DEPENDIENTES DE LA ZONA DE CARABINEROS DEL LIB. BDO. OHIGGINS;2025-04-09T16:41:22.083;2025-04-21T15:00:00;2025-06-02T20:00:00;131470416;CLP;0;0
5040-7-LP25;Suministro Viviendas Sociales de emergencia 2025;ILUSTRE MUNICIPALIDAD DE QUILLON;69.141.400-0;DIDECO;18 DE SEPTIEMBRE 250;Quillón;Región del Ñuble;LP;Publicada;1. La necesidad de adquirir viviendas sociales para familias de la comuna que se encuentran en situación de vulnerabilidad habitacional y casos de emergencia, evaluados a través de informes sociales, elaborados por profesionales de la Dirección de Desarrollo Comunitario.;2025-04-09T16:42:32.743;2025-04-29T16:00:00;2025-05-09T16:00:00;93200000;CLP;0;0
3706-36-LR25;Reposición Hogar de Ancianos Comuna San Ignacio;I MUNICIPALIDAD DE SAN IGNACIO;69.141.300-4;Adquisiciones;MANUEL JESUS ORTIZ 599;San Ignacio;Región del Ñuble;LR;Publicada;El proyecto consiste en la contratación en el ítem obras civiles, para la construcción del hogar de ancianos de San Ignacio, donde se proyecta una obra de un piso principalmente en albañilería reforzada, que considera una superficie de intervención de 927,4 m2 con capacidad para 24 residentes. El nuevo recinto contempla las siguientes áreas: - Zona pública (atención pública, dirección y baños). - Zona común (salas de actividades, áreas de socialización y permanencia) - Zona privada (sala descanso personal, dormitorios residentes, baños, enfermería y otros) - Zona de servicios (cocina, recintos personales, lavandería, bodegas, calderas y otros) - Extintores (porche, patio cubierto, estacionamiento y áreas verdes).;2025-04-09T16:40:45.72;2025-05-12T15:00:00;2025-06-13T16:00:00;;CLP;0;0
1057370-14-LQ25;Servicio Dispositivo Comunitario Hogar Protegido;HOSPITAL PSIQUIATRICO DR. PHILIPPE PINEL PUTAENDO;61.602.040-4;Bienes y Servicios;José Antonio Salinas N 2.500;Putaendo;Región de Valparaíso;LQ;Publicada;1. La necesidad del Hospital Psiquiátrico Dr. Philippe Pinel de realizar un CONVENIO DE PRESTACIÓN DE SERVICIO PARA LA ATENCION DE PERSONAS CON DISCAPACIDAD PSIQUICA Y/O INTELECTUAL, USUARIOS DE LA RED DE SALUD MENTAL DEL SERVICIO DE SALUD ACONCAGUA EN MODALIDAD DE HOGAR PROTEGIDO.;2025-04-09T16:40:42.583;2025-04-29T18:50:00;2025-05-15T19:00:00;;CLP;0;0
1057370-13-LQ25;Servicio Dispositivo Comunitario Hogar Protegido;HOSPITAL PSIQUIATRICO DR. PHILIPPE PINEL PUTAENDO;61.602.040-4;Bienes y Servicios;José Antonio Salinas N 2.500;Putaendo;Región de Valparaíso;LQ;Publicada;La necesidad del Hospital Psiquiátrico Dr. Philippe Pinel de realizar un CONVENIO DE PRESTACIÓN DE SERVICIO PARA LA ATENCION DE PERSONAS CON DISCAPACIDAD PSIQUICA Y/O INTELECTUAL, USUARIOS DE LA RED DE SALUD MENTAL DEL SERVICIO DE SALUD ACONCAGUA EN MODALIDAD DE HOGAR PROTEGIDO.;2025-04-09T16:40:36.223;2025-04-29T10:05:00;2025-05-15T19:00:00;;CLP;0;0
4309-119-LP25;CONV SUMINISTRO METILPREDNOSILONA SUCCINATO 500 M;HOSPITAL GUILLERMO GRANT BENAVENTE DE CO;61.602.189-3;Abastecimiento Fármacos;San Martin 1436;Concepción;Región del Biobío;LP;Publicada;METILPREDNISOLONA SUCCINATO SODICO 500 MG POLVO PARA SOLUCION INYECTABLE;2025-04-09T16:40:03.267;2025-04-30T15:00:00;2025-07-30T15:00:00;;CLP;0;0
956-33-LP25;Adquisición de Instrumental Odontología CAE para el nuevo Hospital Claudio Vicuña de San Antonio;SERVICIO DE SALUD VALPARAISO SAN ANTONIO;61.606.500-9;SERVICIO DE SALUD VALPARAISO SAN ANTONIO;Av. Brasil 1435;Valparaíso;Región de Valparaíso;LP;Publicada;La necesidad de realizar un proceso de licitación para la Adquisición de Instrumental Odontología CAE para el nuevo Hospital Claudio Vicuña de San Antonio, requerido por la Subdirección de Desarrollo Institucional de la Dirección del Servicio de Salud Valparaíso San Antonio.;2025-04-09T16:39:48.27;2025-04-29T16:00:00;2025-06-30T16:00:00;91409970;CLP;0;0
1057512-12-LE25;PROGRAMA ODONTOLÓGICO PROTESIS APS PARA EL HOSPITAL COMUNITARIO DE SALUD FAMILIAR DE YUNGAY;SERVICIO DE SALUD NUBLE HOSPITAL DE YUNG;61.607.004-5;Bienes y Servicios;Angamos 658 Yungay;Yungay;Región del Ñuble;LE;Publicada;El Hospital Comunitario de Salud Familiar Pedro Morales Campos de Yungay, requiere la contratación de los servicios de Odontólogo para dar cumplimiento al Programa programa odontológico PROTESIS APS año 2025, para usuarios beneficiarios de este establecimiento, de acuerdo a requerimientos especificados en Bases Administrativas y Técnicas de la presente licitación. Se pretende obtener la mejor calidad y oportunidad en la prestación de los servicios a un precio conveniente;2025-04-09T16:39:00.367;2025-04-21T17:00:00;2025-05-26T17:00:00;;CLP;0;0
587-24-LE25;SELICO 151 EVALUACIÓN PSICOLABORAL;SUBSECRETARIA DEL MINISTERIO DE LA VIVIENDA Y URBANISMO;61.801.000-7;Ministerio de Vivienda y Urbanismo(766);;;Región Metropolitana de Santiago;LE;Publicada;Servicio de Evaluación Psicolaboral;2025-04-09T16:38:21.67;2025-05-09T15:10:00;2025-06-24T17:00:00;;CLF;0;0
739-4-LE25;SAT HORTALIZAS Y PRODUCCIÓN ANIMAL. INDAP R. VALPO;INSTITUTO DE DESARROLLO AGROPECUARIO;61.307.000-1;Unidad de Compra Región de Valparaíso;Freire 765;Quillota;Región de Valparaíso;LE;Publicada;APRUEBA BASES DE LICITACIÓN PÚBLICA PARA LA CONTRATACIÓN DE LOS SERVICIOS DE SERVICIOS DE ASESORÍA TÉCNICA HORTALIZAS Y PRODUCCIÓN ANIMAL. INDAP REGIÓN DE VALPARAÍSO.;2025-04-09T16:37:49.357;2025-04-23T15:30:00;2025-06-04T18:00:00;66420000;CLP;0;0
5560-5-LE25;SERVICIO DE ATENCIÓN DE PARTICIPANTES;INSTITUTO DE SEGURIDAD LABORAL;61.533.000-0;ISL Región Aysén General Carlos Ibañez del Campo;Teatinos N 726, Santiago;Santiago Centro;Región Aysén del General Carlos Ibáñez del Campo;LE;Publicada;Contratar el servicio de atención de participantes para actividades preventivas de capacitación, formación, jornadas o talleres estratégicos, además de actividades propias del área de atención de usuarios de la Dirección Regional de Aysén, para lo cual es indispensable disponer de un servicio de atención de participantes que permita proveer de alimentación a los participantes/ E1O2RT9.;2025-04-09T16:35:31.563;2025-04-14T18:00:00;2025-05-07T18:00:00;22500000;CLP;0;0
1057512-11-LE25;ATENCIÓN ODONTOLÓGICA INTEGRAL A MUJERES MAYORES DE 20 AÑOS PARA EL HOSPITAL COMUNITARIO DE SALUD FAMILIAR DE YUNGAY;SERVICIO DE SALUD NUBLE HOSPITAL DE YUNG;61.607.004-5;Bienes y Servicios;Angamos 658 Yungay;Yungay;Región del Ñuble;LE;Publicada;El Hospital Comunitario de Salud Familiar Pedro Morales Campos de Yungay, requiere la contratación de los servicios de Odontólogo para dar cumplimiento al Programa ATENCIÓN ODONTOLÓGICA INTEGRAL A MUJERES MAYORES DE 20 AÑOS,2025 para usuarias beneficiarias de este establecimiento, de acuerdo a requerimientos especificados en Bases Administrativas y Técnicas de la presente licitación. Se pretende obtener la mejor calidad y oportunidad en la prestación de los servicios a un precio conveniente;2025-04-09T16:35:59.307;2025-04-21T17:00:00;2025-04-25T17:00:00;;CLP;0;0
1080251-8-LP25;OPERADOR FORESTAL PROGRAMA SIEMBRA POR CHILE-RANCO;CORP NACIONAL FORESTAL;61.313.000-4;XIV Region - Oficina Provincial Ranco;Arturo Prat 1194;La Unión;Región de Los Ríos;LP;Publicada;CONTRATACIÓN DE SERVICIOS DE FAENAS FORESTALES PARA EL PLAN DE REACTIVACIÓN ECONÓMICA PARA LA RESTAURACIÓN DE BOSQUES NATIVOS A GRAN ESCALA EN LA REGIÓN DE LOS RÍOS PROVINCIA DEL RANCO Periodo 2025-2026;2025-04-09T16:34:04.06;2025-04-29T09:00:00;2025-05-05T15:30:00;110320923;CLP;0;0
528208-30-LE25;ADQUISICIÓN DE PRODUCTOS COMPUTACIONALES;I.MUNICIPALIDAD DE CERRO NAVIA;69.254.200-2;SECPLAC 2;Del Consistorial 6645;Cerro Navia;Región Metropolitana de Santiago;LE;Publicada;ADQUISICIÓN DE PRODUCTOS COMPUTACIONALES;2025-04-09T16:29:27.813;2025-04-21T15:01:00;2025-05-21T14:00:00;;CLP;0;0
1426397-19-LQ25;KJC SERVICIOS DE INTERNET Y TELEFONIA IP;Servicio Local de Educación Pública Iquique;61.980.910-6;P02 SUBVENCION GENERAL SLEP IQUIQUE;ESMERALDA # 340 OFICINA 410 IQUIQUE;Iquique;Región de Tarapacá;LQ;Publicada;SE REQUIERE CONTRATAR LOS SERVICIOS DE INTERNET Y TELEFONIA IP PARA LOS ESTABLECIMIENTOS EDUCACIONALES ADMINISTRADOS POR EL SLEP IQUIQUE;2025-04-09T16:29:08.42;2025-04-21T15:01:00;2025-05-19T12:00:00;;CLP;0;0
948356-39-LE25;ADQUISICIÓN DE KIT PCR PARA DETECCIÓN DE MUTACIÓN DE GENES PARA EL SERVICIO DE ANATOMÍA PATOLÓGICA;FONDO HOSPITAL DE LA DIRECCION DE PREVISION DE CARABINEROS DE CHILE;61.513.003-6;Unidad de Compra Fármacos Nutrición y Reactivos;Avenida Vital Apoquindo N1200;Las Condes;Región Metropolitana de Santiago;LE;Publicada;El Hospital de la Dirección de Previsión de Carabineros de Chile, ubicado en Vital Apoquindo N1.200, Comuna de Las Condes, Región Metropolitana, en adelante EL HOSPITAL, llama a licitación pública para la Adquisición Kit PCR para Detección de Mutación de Genes para el Servicio de Anatomía Patológica, por Sistema de Suministro para el Hospital de la Dirección de Previsión de Carabineros de Chile, en adelante LOS REACTIVOS, para un período de 36 meses o hasta que se consuma la totalidad del monto contratado, según lo que primero ocurra, para el referido Centro Asistencial, cuyas características y requisitos técnicos constan en las Bases Administrativas y Técnicas de esta Licitación con sus respectivos anexos.;2025-04-09T16:26:49.667;2025-04-21T16:00:00;2025-06-02T18:00:00;23900000;CLP;0;0
359-46-LP25;ADQ SUMINISTRO FARMACOS CONCOLOGICOS;Instituto Nacional del Cancer;61.608.404-6;Inst Nacional del Cancer Adquisiciones;Av. Profesor Zañartu 1010, Independencia;Independencia;Región Metropolitana de Santiago;LP;Publicada;El Instituto Nacional del Cáncer requiere contratar el suministro de fármacos oncológicos Plan Anual 2025 necesarios para el óptimo funcionamiento de los servicios clínicos;2025-04-09T16:33:00;2025-05-09T16:01:00;2025-06-11T18:00:00;;CLP;0;0
3656-75-L125;SUMINISTRO DE SERVICIOS PRODUCCIÓN Y DESARROLLO DE EVENTOS DIRECCION DE SEGURIDAD PUBLICA REQUINOA;I MUNICIPALIDAD DE REQUINOA;69.081.300-9;Ilustre Municipalidad de Requínoa;Comercio 121, Municipalidad;Requinoa;Región del Libertador General Bernardo OHiggins;L1;Publicada;SUMINISTRO DE SERVICIOS PRODUCCIÓN Y DESARROLLO DE EVENTOS DIRECCION DE SEGURIDAD PUBLICA REQUINOA;2025-04-09T16:10:58.933;2025-04-15T15:01:00;2025-04-21T18:00:00;;CLP;0;0
4482-18-L125;CONVENIO SUMINISTRO ADQUISICION PETROLEO DIESEL BENCINA 93 95 97 OCTANOS LUBRICANTES Y OTROS;I MUNICIPALIDAD DE DALCAHUE;69.230.300-8;Alcaldia;PEDRO MONTT 105;Dalcahue;Región de los Lagos;L1;Publicada;La Municipalidad de Dalcahue, solicita ofertas para realizar el convenio suministro adquisición petróleo Diesel, bencina 93, 95, 97 octanos, lubricantes y otros, durante el año 2025.;2025-04-09T16:08:28.007;2025-04-15T18:33:00;2025-04-16T18:34:00;;CLP;0;0
3656-74-L125;SUMINISTRO TRANSPORTE PROGRAMA FAMILIA;I MUNICIPALIDAD DE REQUINOA;69.081.300-9;Ilustre Municipalidad de Requínoa;Comercio 121, MUNICIPALIDAD.;Requinoa;Región del Libertador General Bernardo OHiggins;L1;Publicada;SUMINISTRO TRANSPORTE PROGRAMA FAMILIA;2025-04-09T16:08:06.073;2025-04-15T15:01:00;2025-04-21T18:00:00;;CLP;0;0
1057402-81-LQ25;SERVICIO DE ORIENTADORES PARA EL HCM;HOSPITAL CLINICO DE MAGALLANES DR. LAUTARO NAVARRO AVARIA;61.607.901-8;Bienes y Servicios;;;Región de Magallanes y de la Antártica;LQ;Publicada;El objeto de la contratación es contratar el servicio de apoyo de mano de obra para la Información y Orientación del tránsito de visitas de pacientes y público en general al interior del Hospital Clínico de Magallanes Dr. Lautaro Navarro Avaria. El servicio consiste en la provisión de mano de obra de 9 puestos de trabajo, requiriendo la cobertura de dichos puestos de acuerdo al punto 2 Dotación y lugar de desempeño de tareas requisitos del personal, de las presentes Bases Técnicas, los cuales podrán ingresar a un sistema de turnos que permitan tener los descansos que por ley correspondan.;2025-04-09T16:26:22.39;2025-04-29T15:00:00;2025-06-28T18:48:00;;CLP;0;0
4074-19-LE25;ADQUISICIÓN DE ASTILLAS PARA UNIDADES EDUCATIVAS;I MUNICIPALIDAD DE YUMBEL;69.150.902-8;Depto. Educacion;OHIGGINS N 851 YUMBEL;Yumbel;Región del Biobío;LE;Publicada;ADQUISICIÓN DE 42.000 ASTILLAS PARA CALEFACCIÓN EN UNIDADES EDUCATIVAS MUNICIPALES DE LA COMUNA DE YUMBEL, CON CARGO A PRESUPUESTO MUNICIPAL 2025, DE ACUERDO A LO DETALLADO EN CLÁUSULA 15.;2025-04-09T15:37:41.84;2025-04-21T15:35:00;2025-05-06T17:15:00;;CLP;0;0
1019-41-LP25;ADQUISICIÓN DE EQUIPO DE MEDICIÓN DE CAUDALES MEDIANTE TECNOLOGÍA ACÚSTICA DOPPLER;MINISTERIO DE OBRAS PUBLICAS DIREC CION GRAL DE OO PP DCYF;61.202.000-0;MINISTERIO DE OBRAS PUBLICAS DIREC CION GRAL DE OO;Morandé 59, piso 8;Santiago;Región Metropolitana de Santiago;LP;Publicada;El objetivo general de esta licitación pública es la adquisición de un Equipo de medición de caudales mediante tecnología acústica Doppler, para mejorar la oportunidad de obtención de datos de caudal en crecidas de los cauces con el fin de ampliar las curvas de descarga de las estaciones y así mejorar la calidad de los datos fluviométricos de la red, de acuerdo con las disposiciones que se especifican en las presentes Bases Técnicas y Administrativas.;2025-04-09T15:37:34.447;2025-04-29T16:00:00;2025-05-15T18:00:00;;CLP;0;0
4486-16-LE25;CONTRATACION DE AUDITORIA EXTERNA;I MUNICIPALIDAD DE NEGRETE;69.170.800-4;Ilustre Municipalidad de Negrete;Alberto Moller 293;Negrete;Región del Biobío;LE;Publicada;La licitación que se realiza conforme a las presentes bases administrativas tiene por objeto seleccionar y contratar, mediante licitación pública, el servicio de auditoría externa consistente en la realización de una revisión del estado financiero que dé cuenta de la situación económica-financiera al 31 de diciembre del año 2023 y 2024 de la Municipalidad de Negrete, de conformidad con los estándares de auditoría reconocidos nacionalmente y el marco regulatorio estableció en la Contraloría General de la República, identificado por el oficio CGR N60.820 del año 2005 sobre el sistema de Contabilidad General de la Nación, sus modificaciones y documentos complementarios, todo lo anterior conforme a lo indicado en la presentes bases. La revisión recae sobre el presupuesto municipal, excluyéndose el de educación y de salud.;2025-04-09T15:37:16.333;2025-04-21T18:00:00;2025-06-30T18:00:00;;CLP;0;0
1057388-5-LE25;COMPRA INSUMOS DENTALES 2025;SERVICIO NACIONAL DE SALUD HOSPITAL PUREN;61.602.224-5;Bienes y Servicios;Bienes y Servicios;Purén;Región de la Araucanía;LE;Publicada;LA NECESIDAD DE CONTAR CON INSUMOS DENTALES PARA LOS DIFERENTES PORGRAMAS ODONTOLOGICOS DEL AÑO 2025 DE LA UNIDAD DENTAL DEL HOSPITAL PUREN;2025-04-09T15:48:12.947;2025-04-17T12:04:00;2025-04-22T15:05:00;;CLP;0;0
438-29-LE25;ADQUISICION DE INSUMOS DENTALES PARA EL DEPTO. DE SALUD;I MUNICIPALIDAD DE SAN RAMON;69.253.900-1;Secretaria de Planificación San Ramón;Avenida Ossa 1771;Santiago;Región Metropolitana de Santiago;LE;Publicada;SE SOLICITA CONTRATAR LA ADQUISICION DE INSUMOS DENTALES PARA EL DEPTO. DE SALUD;2025-04-09T15:34:46.783;2025-04-16T09:00:00;2025-05-16T19:58:00;40000000;CLP;0;0
1051425-14-LP25;SUM 7400M3 BASE GRANU CHANC RANQUIL TREHUACO COELE;MINISTERIO DE OBRAS PUBLICAS DIREC CION GRAL DE OO PP DCYF;61.202.000-0;Dirección de Vialidad - Dirección Regional Ñuble;LAZARETO N 7;Chillán;Región del Ñuble;LP;Publicada;La Dirección de Vialidad Región de Ñuble, solicita ofertas para el Suministro de 7400 m3 de base granular chancada, puesta sobre plataforma en caminos de la red vial de la Dirección de Vialidad en las comunas de Ranquil, Trehuaco y Coelemu, Provincia de Itata, Región de Ñuble, conforme a los requerimientos administrativos y técnicos descritos en las presentes Bases de Licitación.;2025-04-09T15:28:28.293;2025-04-29T15:00:00;2025-05-29T17:30:00;150000000;CLP;0;0
1057384-39-LE25;SERVICIO POR CONCEPTO DE ARRIENDO POR VPS ICLOUD;SERVICIO DE SALUD ANTOFAGASTA HOSPITAL M;61.606.203-4;Bienes y Servicios;Calle Santa Rosa S/N;Tocopilla;Región de Antofagasta;LE;Publicada;El Hospital Marcos Macuada de Tocopilla requiere adquirir la contratación del Servicio de COMPRA DE SERVICIO POR CONCEPTO DE ARRIENDO POR VPS ICLOUD SERVIDOR DE HOSPEDAJE para el Hospital de Tocopilla, de acuerdo con las especificaciones señaladas en las presentes bases administrativas y técnicas.;2025-04-09T15:30:23.2;2025-04-21T18:41:00;2025-04-22T18:42:00;;CLP;0;0
2381-24-LE25;COMPRA DE EXÁMENES DE ECOGRAFÍAS GINECOLÓGICAS PARA MUJERES DE LOS 8 CESFAM DE LA COMUNA DE COPIAPÓ;I MUNICIPALIDAD DE COPIAPO;69.030.200-4;DEPARTAMENTO DE ADQUISICIONES DASM;DESPACHAR ACCESO SUR, ALTURA N300, CALLE DE SERVICIO, CIUDAD DE COPIAPO;Santiago;Región de Atacama;LE;Publicada;COMPRA DE EXÁMENES DE ECOGRAFÍAS GINECOLÓGICAS, PARA MUJERES DE LOS 8 CESFAM DE LA COMUNA DE COPIAPÓ;2025-04-09T14:35:48.203;2025-04-21T16:00:00;2025-05-16T16:23:00;;CLP;0;0
854-10-LE25;SERVICIO DE ASEO PARA OFICINAS JUNJI;JUNTA NACIONAL DE JARDINES INFANTILES;70.072.600-2;Junji - XI Región;General Parra N 315;Coyhaique;Región Aysén del General Carlos Ibáñez del Campo;LE;Publicada;Contratar el servicio de aseo para 3 oficinas de JUNJI región de Aysén, ubicadas en Coyhaique, por un periodo de 24 meses corridos;2025-04-09T15:02:46.41;2025-04-21T17:30:00;2025-05-05T18:00:00;;CLP;0;0
3446-10-LE25;ADQUISICIÓN DE MATERIALES TÉCNICOS PARA EL MURO;COMANDO DE APOYO A LA FUERZA;61.101.028-1;Escuela de Montaña - ESCMÑA;Ruta CH60, Kilómetro 80, sin número, Río Blanco;Los Andes;Región de Valparaíso;LE;Publicada;LICITACIÓN PÚBLICA PARA LA ADQUISICIÓN DE MATERIALES TÉCNICOS PARA EL MURO DE ESCALADA DE LA ESCUELA DE MONTAÑA DEL EJÉRCITO;2025-04-09T14:43:16.41;2025-04-21T15:20:00;2025-04-25T17:00:00;;CLP;0;0
4956-30-LE25;SOFTWARE Y LICENCIAMIENTO PARA INFRAESTRUCTURA;I MUNICIPALIDAD DE RENCA;69.071.200-8;I MUNICIPALIDAD DE RENCA;BLANCO ENCALADA 1335;Renca;Región Metropolitana de Santiago;LE;Publicada;SOFTWARE Y LICENCIAMIENTO PARA INFRAESTRUCTURA DE CÓMPUTO Y ALMACENAMIENTO;2025-04-09T14:30:22.267;2025-05-02T15:01:00;2025-07-02T17:30:00;;USD;0;0
3982-13-LE25;Mobiliario Salas de Clases Liceo M.C.U. SEP 2025;I MUNICIPALIDAD DE PAREDONES;69.090.900-6;Educación;Avda. Dr. Moore 15;Paredones;Región del Libertador General Bernardo OHiggins;LE;Publicada;Mobiliario para equipar salas y dependencias del Liceo M.C.U: atraves del programa de la SEP 2025.-;2025-04-09T14:39:01.897;2025-04-16T14:18:00;2025-04-24T16:19:00;17523700;CLP;0;0
3567-11-LE25;MEJORAMIENTO DEPENDENCIAS BIBLIOTECA MUNICIPAL;I MUNICIPALIDAD DE FLORIDA;69.150.700-9;Ilustre Municipalidad De Florida;Arturo Prat 675 - Florida- 8 Region;Florida;Región del Biobío;LE;Publicada;SE REQUIERE CONTRATAR LOS SERVICIOS PARA REALIZAR EL MEJORAMIENTO DE LAS DEPENDENCIAS DE LA BIBLIOTECA MUNICIAPAL. -REPARACIÓN DE CIELO Y MUROS INTERIORES -PINTURA DE CIELO -PINTURA DE MURO - EQUIPO DE ILUMINACIÓN - VENTANAS DE ALUMINIO;2025-04-09T13:29:00;2025-04-15T10:00:00;2025-04-25T16:30:00;7100000;CLP;0;0
3562-16-LQ25;CONSTRUCCIÓN MULTICANCHA Y PLAZA RENE PIANOVI;I MUNICIPALIDAD DE LA CALERA;69.060.300-4;Secretaria de Planificacion;Avenida Marathon N 312;La Calera;Región de Valparaíso;LQ;Publicada;La Ilustre Municipalidad de La Calera, requiere contratar la ejecución de la obra denominada CONSTRUCCIÓN MULTICANCHA Y PLAZA RENE PIANOVI, COMUNA LA CALERA, Código BIB N40066757-0, para cuyos efectos invita a personas naturales, jurídicas y uniones temporales de proveedores a formular ofertas conforme a lo dispuesto en las presentes Bases Administrativas y Técnicas.;2025-04-09T13:50:10.937;2025-04-29T17:28:00;2025-04-30T17:29:00;;CLP;0;0
4629-20-LE25;ADQUISICIÓN DE VEHÍCULOS TODOTERRENO DT;DIRECCION DEL TRABAJO;61.502.000-1;Nivel Central Santiago;AGUSTINAS 1253, SANTIAGO, 6piso DAF;Santiago;Región Metropolitana de Santiago;LE;Publicada;La Dirección del Trabajo, con el fin de renovar su parque automotriz y asegurar la ejecución efectiva de las fiscalizaciones en terreno propias del servicio, requiere vehículos que cuenten con el equipamiento necesario para cumplir con la normativa vigente en materia de tránsito y fiscalización.;2025-04-09T13:28:36.54;2025-04-17T14:00:00;2025-05-26T18:00:00;44291820;CLP;0;0
752656-2-LE25;Servicio de Aseo TTA Pto Montt;UNIDAD ADMINISTRADORA DE LOS TRIBUNALES TRIBUTARIOS Y ADUANEROS;61.979.490-7;T.T.A. Region de los Lagos;Av. Juan Soler Manfredini N 11, of 1401.;Puerto Montt;Región de los Lagos;LE;Publicada;Servicio de aseo para el inmueble destinado al funcionamiento del Tribunal Tributario y Aduanero de la Región de Los Lagos;2025-04-09T12:49:31.587;2025-04-21T15:30:00;2025-04-28T18:00:00;12000000;CLP;0;0
2421-14-LE25;ANESTESIAS DENTALES D.A.S. CONCEPCION;I MUNICIPALIDAD DE CONCEPCION;69.256.900-8;DIRECCION DE SALUD MUNICIPAL DE CONCEPCION;KM 23 CAMINO A CHAIMAVIDA;Concepción;Región del Biobío;LE;Publicada;SE SOLICITA EL SUMINISTRO GENERAL DE ANESTESIAS LOCALES DESTINADOS A LA ATENCION ODONTOLOGICA EN LOS CENTROS DE SALUD FAMILIAR Y DISPOSITIVOS SALUD DE LA I. MUNICIPALIDAD DE CONCEPCION.;2025-04-09T13:06:27.287;2025-04-21T15:30:00;2025-06-30T17:00:00;;CLP;0;0
4309-115-LP25;CONV. SUMINISTRO TIMOGLOBULINA 25 MG POLVO LIOFILI;HOSPITAL GUILLERMO GRANT BENAVENTE DE CO;61.602.189-3;Abastecimiento Fármacos;San Martin 1436;Concepción;Región del Biobío;LP;Publicada;TIMOGLOBULINA 25 MG POLVO LIOFILIZADO PARA SOLUCION INYECTABLE;2025-04-09T16:21:36.737;2025-04-30T15:00:00;2025-07-30T15:00:00;;CLP;0;0
909103-3-LE25;E1O2RT9 SERV. APOYO TEC-ADM OF. AREA PANG.-SIRE-55;CORP NACIONAL FORESTAL;61.313.000-4;XIV Region - Provincial Valdivia;LOS CASTAÑOS 100, ISLA TEJA, VALDIVIA;Valdivia;Región de Los Ríos;LE;Publicada;El objetivo de la contratación es apoyar la gestión técnico-administrativa de los Departamentos que operan en la Oficina de Área Panguipulli, en la implementación de sus diversos programas y proyectos, para este efecto se licita el SERVICIO DE APOYO A LA GESTIÓN TÉCNICOADMINISTRATIVA DE LA OFICINA DE ÁREA PANGUIPULLI DE CONAF LOS RÍOS 2025-2027;2025-04-09T12:31:16.293;2025-04-15T19:59:00;2025-04-25T16:59:00;;CLP;0;0
2933-25-LE25;Mat. Electricos para Edificio Consistorial Alhué;I MUNICIPALIDAD DE ALHUE;69.073.200-9;DPTO. MUNICIPALIDAD;Pintor Onofre Jarpa N55;Alhué;Región Metropolitana de Santiago;LE;Publicada;La I. Municipalidad de Alhué, llama a licitación pública por la adquisición de materiales eléctricos para la mejora de electricidad de edificio consistorial de Alhué, lo que permitirá un mejor funcionamiento de las dependencias;2025-04-09T12:26:29.69;2025-04-16T09:00:00;2025-04-30T18:47:00;;CLP;0;0
1261592-26-LR25;CONVENIO DE SUMINISTRO MEDICAMENTOS;CORP MUNICIPAL DE DESARROLLO SOCIAL DE A;71.102.600-2;UNIDAD TÉCNICA DIRECCIÓN DE SALUD;AVENIDA ARGENTINA 1595 II PISO;Antofagasta;Región de Antofagasta;LR;Publicada;La presente propuesta tiene como objetivo garantizar el suficiente suministro para tratar a los pacientes de la red asistencial de manera efectiva y segura.;2025-04-09T12:40:54.687;2025-05-09T15:00:00;2025-08-07T15:00:00;;CLP;0;0
1191688-26-LE25;Adq. de materiales eléctricos para Sedes Sociales;I MUNICIPALIDAD DE LA COMUNA DE EL BOSQUE;69.255.300-4;Secretaria de Planificación;Javiera Carrera 736;El Bosque;Región Metropolitana de Santiago;LE;Publicada;Adquisición de materiales eléctricos para Sedes Sociales Carol Urzua - 12 de Octubre, con instalación y puesta en marcha, según solicitud de compra Nro. 387.;2025-04-09T12:12:12.933;2025-04-21T15:30:00;2025-07-08T10:00:00;12000000;CLP;0;0
2402-24-LE25;ADQ.DE TARJETAS GIFT CARD PARA SOCIOS DE BIENESTAR;I MUNICIPALIDAD DE RANCAGUA;69.080.100-0;DEPARTAMENTO DE ESTUDIOS Y PROYECTOS;PLAZA DE LOS HEROES No. 445, RANCAGUA;Rancagua;Región del Libertador General Bernardo OHiggins;LE;Publicada;La Municipalidad de Rancagua llama a la presente licitación a objeto de adquirir tarjetas GIFTCARD para utilizarlas de manera presencial en una tienda física.;2025-04-09T11:55:44.843;2025-04-23T10:00:00;2025-05-13T16:00:00;65220000;CLP;0;0
2215-15-LP25;MANT. DE EQUIPOS DE INST. DE CONTROL CENTRALIZADO;SERVICIO DE SALUD ANTOFAGASTA HOSP C CIS;61.606.202-6;Hospital Carlos Cisternas de Calama;dipresrecepcion@custodium.com;Antofagasta;Región de Antofagasta;LP;Publicada;MANTENCIÓN PREVENTIVA Y CORRECTIVA DE EQUIPOS E INSTALACIONES DE CONTROL CENTRALIZADO PARA HOSPITAL DR. CARLOS CISTERNAS DE CALAMA.;2025-04-09T11:55:35.173;2025-04-22T14:00:00;2025-05-10T15:00:00;;CLP;0;0
2686-56-LE25;ADQUISICIÓN DE MATERIALES PARA LA D. OPERACIONES;I MUNICIPALIDAD DE COLINA;69.071.500-7;SECPLAN;AVENIDA COLINA N. 700.;Colina;Región Metropolitana de Santiago;LE;Publicada;Es la adquisición de fierro para el desarrollo del taller de cerrajería y el de las tinetas de pinturas para el mantenimiento y reparación de inmuebles.;2025-04-09T11:32:21.66;2025-04-21T15:10:00;2025-05-30T19:00:00;;CLP;0;0
2446-97-LE25;P.P 149-2025 ADQUISICIÓN DE PAÑALES DESECHABLES;I MUNICIPALIDAD DE COQUIMBO;69.040.300-5;IMUNI_COQUIMBO;BILBAO 348;Coquimbo;Región de Coquimbo;LE;Publicada;ADQUISICIÓN DE PAÑALES DESECHABLES PARA NIÑOS(AS) Y ADULTOS;2025-04-09T11:53:25.17;2025-04-21T15:01:00;2025-05-16T15:00:00;19995400;CLP;0;0
3443-16-LE25;SISTEMA TURNOMÁTICO CON SERVICIO DE SOPORTE PARA LA ATENCIÓN DE PÚBLICO;I MUNICIPALIDAD DE PURRANQUE;69.210.500-1;Dirección de Administración y Finanzas;Pedro Montt Nro. 249;Purranque;Región de los Lagos;LE;Publicada;sistema de administración de filas de atención de público, es obtener información o feedback de una forma clara y certera con respecto a los tiempos de atención de público, con esto se logra tener claridad para el proceso de toma de decisiones además de tener conocimiento sobre qué tipo de atención o cuales son los temas por los que las personas desean ser atendidos. Se trata de disponer de una herramienta que permita administrar los recursos de atención de público mediante el ordenamiento de filas y bases de datos relacionadas.;2025-04-09T11:38:10.63;2025-04-14T15:10:00;2025-05-02T18:00:00;;CLP;0;0
5184-23-LP25;CONVENIO DE MANTENIMIENTO PREVENTIVO Y CORRECTIVO PARA EQUIPO MAMOGRAFO MARCA HOLOGIC MODELO SELENA DIMENSIONS;SERVICIO DE SALUD DEL MAULE HOSPITAL DE LINARES;61.606.917-9;CONTRATOS-SUMINISTRO;Brasil N 753;Linares;Región del Maule;LP;Publicada;CONVENIO DE MANTENIMIENTO PREVENTIVO Y CORRECTIVO PARA EQUIPO MAMOGRAFO MARCA HOLOGIC MODELO SELENA DIMENSIONS;2025-04-09T11:24:40.99;2025-04-29T12:00:00;2025-06-18T17:00:00;168000000;CLP;0;0
4707-21-L125;PROGRAMA OFTALMOLOGICO: LENTES OPTICOS;I MUNICIPALIDAD DE SAN NICOLAS;69.140.802-7;I. MUNICIPALIDAD DE SAN NICOLAS - DEPTO. SALUD;ARTURO PRAT S/N;San Nicolás;Región del Ñuble;L1;Publicada;canasta de atencion oftalmologica lentes opticos vicio refrectario de cualquier dioptria, con entrega de uno o dos pares lentes opticos de acuerdo a la necesidad del paciente.;2025-04-09T11:23:20.477;2025-04-16T13:18:00;2025-05-30T13:16:00;3420000;CLP;0;0
4491-12-LE25;SERVICIO PROFESIONAL DE EVALUACIÓN MEDICA EST. PIE;I MUNICIPALIDAD DE PENCO;69.150.501-4;Ilustre Municipalidad de Penco;Freire 260;Penco;Región del Biobío;LE;Publicada;SERVICIO PROFESIONAL DE EVALUACIÓN NEUROLÓGICA INFANTIL ESTUDIANTES PIE DEL DEM DE LA COMUNA DE PENCO AÑO 2025 El Departamento de Educación de la Ilustre Municipalidad de Penco, invita a participar de la licitación denominada SERVICIO PROFESIONAL DE EVALUACIÓN MEDICA INFANTIL ESTUDIANTES PIE DEL DEPARTAMENTO DE EDUCACIÓN MUNICIPAL DE LA COMUNA DE PENCO. La cual tiene por objeto implementar el proceso de evaluación diagnóstica integral e interdisciplinaria para el ingreso de cada de los estudiantes al Programa de Integración Escolar 2025, lo cual es un requerimiento legal, para asignar los recursos que destina el estado a la subvención de Educación Especial. Por normativa educacional se requiere implementar el proceso de evaluación diagnóstica integral e interdisciplinaria para el ingreso de cada uno de los estudiantes al Programa de Integración Escolar. Esto constituye un requerimiento legal, para asignar los recursos que destina el estado a la subvención de Educación Especial para los Programas de Integración Escolar PIE. La evaluación es realizada con la concurrencia de profesionales de los ámbitos psicoeducativos y salud, lo que implica que la apreciación es construida con información obtenida desde distintos niveles y perspectivas disciplinarias, con el propósito de determinar los apoyos especializados de diverso tipo, que requiere el estudiante para participar y progresar en su desarrollo y aprendizaje.;2025-04-09T11:24:48.653;2025-04-14T15:00:00;2025-04-16T17:00:00;;CLP;0;0
3842-11-LE25;ADQ DE ESTANQUES DE ACUMULACIÓN DE AGUA PUNITAQUI;I MUNICIPALIDAD DE PUNITAQUI;69.040.900-3;Oficina de Proyectos;Caupolican 1147;Punitaqui;Región de Coquimbo;LE;Publicada;Adquisición de Estanques de Acumulación de Agua de 1.000 y 2.000 Litros, Comuna de Punitaqui Entrega de estanques de acumulación de agua para familias de zona urbana y rural, con el fin de que puedan disponer de este recurso para el consumo en un contexto de escasez hídrica.;2025-04-09T10:49:59.383;2025-04-21T17:37:00;2025-06-30T17:28:00;;CLP;0;0
162-15-LE25;Servicios Eléctricos para Laboratorio en Quellón;SUBSECRETARIA DE SALUD PUBLICA;61.601.000-K;Seremi de Salud X Región;;;Región de los Lagos;LE;Publicada;Realizar Proyecto Eléctrico, tendiente a realiza trabajos de normalización y además reparación del actual Sistema Eléctrico del Laboratorio de Salud Pública Marea Roja ubicado en Quellón, Provincia de Chiloé incorporando equipos y soluciones técnicas que permitan obtener un sistema eléctrico seguro, estable y con capacidad de crecimiento de infraestructura por parte de las diferentes Secciones del Laboratorio.;2025-04-09T10:52:57;2025-04-21T16:00:00;2025-05-15T17:22:00;;CLP;0;0
2660-25-LE25;Adquisición de Materiales para Señalética Vial;I MUNICIPALIDAD DE ANCUD;69.230.100-5;Secretaria Comunal de Planificaciòn;Blanco Encalada 660;Ancud;Región de los Lagos;LE;Publicada;Adquisición de una serie de materiales para la Unidad de Señalética Vial, de la Dirección de Tránsito de la Ilustre Municipalidad de Ancud, esto Según las especificaciones técnicas.;2025-04-09T10:41:00.797;2025-04-17T12:00:00;2025-04-25T12:00:00;;CLP;0;0
980313-6-LE25;SUMINISTRO DE CANASTAS DE DE ALIMENTOS 2025-2026;I MUNICIPALIDAD DE ANTUCO;69.250.900-5;UNIDAD DE COMPRAS;Calixto Padilla N 155;Antuco;Región del Biobío;LE;Publicada;La Municipalidad de Antuco, requiere responder a las necesidades de asistencia social generadas en la comunidad, principalmente las que dicen relación con necesidades de alimentos para subsistencia, de acuerdo a la función municipal contenidas el Artículo 4 de la ley 18.695, Orgánica Constitucional de Municipalidades Contrato por monto estimado de 60.180.000 por 12 meses.;2025-04-09T10:41:59.49;2025-04-17T15:01:00;2025-04-22T17:15:00;60180000;CLP;0;0
4029-27-LE25;Adquisición uniformes alumnos de la comuna Camiña;ILUSTRE MUNICIPALIDAD DE CAMINA;69.251.100-K;Depto. De Educación;Arturo Prat S/N;Camiña;Región de Tarapacá;LE;Publicada;SE requiere la compra de uniformes para todos los alumnosas de la comuna de Camiña;2025-04-09T10:45:28.577;2025-04-15T12:20:00;2025-04-16T12:21:00;28000000;CLP;0;0
4190-15-LE25;Herramientas e Insumos Áreas Verdes;I MUNICIPALIDAD DE CALDERA;69.030.300-0;Adquisiciones;Cousiño 395;Caldera;Región de Atacama;LE;Publicada;Equipamiento e insumos para labores de poda y otros del personal de Departamento de Aseo y Ornato;2025-04-09T10:25:43.463;2025-04-21T15:07:00;2025-04-30T15:08:00;7547400;CLP;0;0
621-340-LQ25;MASCARILLA O RESPIRADOR DESECHABLE N95 1000020809;CENTRAL DE ABASTECIMIENTO DEL SISTEMA NACIONAL DE SERVICIO DE SALUD;61.608.700-2;Compras del Giro 621;Bodega Proveedor;Santiago Centro;Región Metropolitana de Santiago;LQ;Publicada;BASES ADMINISTRATIVAS Y TÉCNICAS TIPO, POR LAS QUE SE REGIRÁN LOS PROCESOS DE LICITACIÓN PARA LA ADQUISICIÓN DE PRODUCTOS FARMACÉUTICOS, COSMÉTICOS, VACUNAS, INSUMOS, DISPOSITIVOS, Y/O ALIMENTOS DE USO MÉDICO, DESTINADO AL EJERCICIO DE ACCIONES DE SALUD;2025-04-09T10:10:50.693;2025-04-30T16:00:00;2025-06-02T17:30:00;303483213;CLP;0;0
886954-152-LP25;Convenio suministro suturas 1 año 2025.;HOSPITAL GUILLERMO GRANT BENAVENTE DE CO;61.602.189-3;Abastecimiento Insumos;San Martin 1436;Concepción;Región del Biobío;LP;Publicada;La necesidad de abastecer del insumo para la atención oportuna del paciente.;2025-04-09T09:54:56.84;2025-04-21T17:00:00;2025-06-20T20:00:00;;CLP;0;0
948806-27-LE25;ADQUISICIÓN DE CAGE ALIF ANTERIOR PARA EL SERVICIO DE TRAUMATOLOGÍA EN MODALIDAD DE CONSIGNACIÓN EN TRÁNSITO POR SISTEMA DE SUMINISTRO PARA EL HOSPITAL DIPRECA;FONDO HOSPITAL DE LA DIRECCION DE PREVISION DE CARABINEROS DE CHILE;61.513.003-6;Unidad de Compra Insumos en Consignación;Av. Vital Apoquindo N1200;Las Condes;Región Metropolitana de Santiago;LE;Publicada;El Hospital de la Dirección de Previsión de Carabineros de Chile, ubicado en Vital Apoquindo N1.200, Comuna de Las Condes, Región Metropolitana, en adelante EL HOSPITAL, llama a licitación pública para la Adquisición de Cage ALIF Anterior para el Servicio de Traumatología en Modalidad de Consignación en Tránsito, por Sistema de Suministro, en adelante LOS INSUMOS, para un periodo de 36 meses o hasta que se consuma la totalidad del monto contratado, según lo que primero ocurra, para el referido Centro Asistencial, cuyas características y requisitos técnicos constan en las Bases Administrativas y Técnicas de esta licitación con sus respectivos anexos.;2025-04-09T09:54:26.88;2025-04-14T16:00:00;2025-07-14T20:00:00;30000000;CLP;0;0
5110-9-L125;MEJORAMIENTO MAMPARAS COLEGIO CRECER;I MUNICIPALIDAD DE PURRANQUE;69.210.500-1;DEPARTAMENTO DE EDUCACION MUNICIPAL;18 DE SEPTIEMBRE N 254;Purranque;Región de los Lagos;L1;Publicada;SE REQUIERE EL SERVICIO DE MEJORAMIENTO DE MAMPARAS DE PVC PARA COLEGIO CRECER, COMUNA PURRANQUE. VER ESPECIFICACIONES TÉCNICAS ADJUNTAS.;2025-04-09T09:54:13.26;2025-04-15T15:05:00;2025-05-30T12:00:00;5438598;CLP;0;0
3332-6-L125;TOMA DE ECO-MAMARIAS Y ECO-ABDOMINALES EN APS;ILUSTRE MUNICIPALIDAD DE ALTO DEL CARMEN;69.251.900-0;Departamento de Salud - D.S.M.;DESPACHO A CALLE MARAÑÓN 1289, OFICINA ENLACE I. MUNICIPALIDAD DE ALTO DEL CARMEN, CIUDAD DE VALLENAR, REGIÓN DE ATACAMA. HORARIO DE ATENCIÓN DE 8:00 A 13:;Vallenar;Región de Atacama;L1;Publicada;El Departamento de Salud de Alto del Carmen solicita ofertas de interesados en participar del proceso de contratación de un servicio de TOMA DE ECO-MAMARIAS Y ECO-ABDOMINALES EN APS para las usuarias y usuarios del CESFAM de la Comuna de Alto del Carmen, con el fin de dar cumplimiento a: Programa Imágenes Diagnósticas en APS, año 2025 del Servicio de Salud Atacama, según Bases de Licitación.;2025-04-09T09:45:34.26;2025-04-16T14:00:00;2025-05-02T15:00:00;;CLP;0;0
948806-24-LE25;ADQUISICIÓN DE VÁSTAGO CEMENTADO DE REVISIÓN EN MODALIDAD DE CONSIGNACIÓN EN TRÁNSITO POR SISTEMA DE SUMINISTRO PARA EL HOSPITAL DIPRECA;FONDO HOSPITAL DE LA DIRECCION DE PREVISION DE CARABINEROS DE CHILE;61.513.003-6;Unidad de Compra Insumos en Consignación;Av. Vital Apoquindo N1200;Las Condes;Región Metropolitana de Santiago;LE;Publicada;El Hospital de la Dirección de Previsión de Carabineros de Chile, ubicado en Vital Apoquindo N1.200, Comuna de las Condes, Región Metropolitana, en adelante EL HOSPITAL, llama a Licitación Pública para la Adquisición de Vástago Cementado de Revisión en Modalidad de Consignación en Tránsito, por Sistema de Suministro, en adelante LOS INSUMOS, para un periodo de 36 meses o hasta que se consuma la totalidad del monto contratado, según lo que primero ocurra, para el referido Centro Asistencial, cuyas características y requisitos técnicos constan en las bases administrativas y técnicas de esta licitación con sus respectivos anexos.;2025-04-09T09:49:23.857;2025-04-21T16:00:00;2025-07-21T20:00:00;40000000;CLP;0;0
3567-12-LE25;SERVICIO DE TRANSPORTE ESCOLAR DE ALUMNOS Y ALUMNAS.;I MUNICIPALIDAD DE FLORIDA;69.150.700-9;Ilustre Municipalidad De Florida;Arturo Prat 675 - Florida- 8 Region;Florida;Región del Biobío;LE;Publicada;SERVICIO DE TRANSPORTE ESCOLAR DE ALUMNOS Y ALUMNAS A LOS SECTORES DE GRANERILLOS, EL CARMEN, CRUCERO DE HUARO, CRUCERO DE ROA, QUILACO INTERIOR, HUARO ALTO, HUARO BAJO, RAHUIL ALTO.;2025-04-09T09:33:08.477;2025-04-16T13:00:00;2025-04-30T17:00:00;17500000;CLP;0;0
2713-48-LE25;Placas de aluminio compuesto para señal vertical;I MUNICIPALIDAD DE AYSEN;69.240.100-K;I.MUNICIPALIDAD AYSEN-ADQUISICIONES;Serrano Montaner 535;Aysén;Región Aysén del General Carlos Ibáñez del Campo;LE;Publicada;La Ilustre Municipalidad de Aysén en adelante Municipalidad - llama a presentar ofertas para adquisición de placas de aluminio compuesto para señal vertical, de acuerdo a lo establecido en las Bases Técnicas.;2025-04-09T08:46:29.837;2025-04-21T15:30:00;2025-05-12T19:49:00;;CLP;0;0
407-52-LE25;MANTENIMIENTO PREVENTIVO Y REPARATIVO PARA EQUIPOS DE ANATOMÍA PATOLÓGICA;HOSPITAL GUILLERMO GRANT BENAVENTE DE CO;61.602.189-3;Hospital HGGB Operaciones;San Martín 1436 Concepcion;Santiago;Región del Biobío;LE;Publicada;EL HGGB necesita contar con el servicio de mantenimiento preventivo y reparativo para equipos de anatomía patológica, por un periodo de 24 meses. Solicitado por Profesional Departamento Equipos Médicos en requerimiento S-COM 15913 de fecha 24.03.2025;2025-04-09T09:03:39.03;2025-04-21T15:01:00;2025-06-23T17:00:00;;CLP;0;0
5413-36-LE25;CONVENIO SUMINISTRO PARA PUBLICACIONES EN DIARIOS EN PAPEL Y DIFUSIÓN EN MEDIOS DIGITALES PARA LA UNIVERSIDAD DE LOS LAGOS;UNIVERSIDAD DE LOS LAGOS;70.772.100-6;CAMPUS OSORNO;Avenida Fuschlocher 1305, Osorno;Osorno;Región de los Lagos;LE;Publicada;CONVENIO SUMINISTRO PARA PUBLICACIONES EN DIARIOS EN PAPEL Y DIFUSIÓN EN MEDIOS DIGITALES PARA LA UNIVERSIDAD DE LOS LAGOS;2025-04-09T08:58:43.92;2025-04-21T15:30:00;2025-05-02T17:00:00;40000000;CLP;0;0
1424-1-LE25;E1O2RT9 Servicio de Aseo Huasco;SERV NACIONAL DE PESCA;60.701.010-2;III - Servicio Nacional de Pesca y Acuicultura;;;Región de Atacama;LE;Publicada;La presente Licitación tiene como objetivo la contratación del servicio de aseo para la oficina de Huasco, con el objeto de satisfacer en forma oportuna y eficiente las necesidades del Servicio en esta materia.;2025-04-09T08:08:00.793;2025-04-21T15:30:00;2025-05-05T18:00:00;9481920;CLP;0;0
1057536-21-LE25;INSUMOS DETECCIÓN DEL CÁNCER CERVICOUTERINO;SERVICIO SALUD DEL RELONCAVI;61.607.700-7;Servicio de Salud del Reloncaví;ESMERALDA 269, PISO 5 POBL. ESMERALDA;Puerto Montt;Región de los Lagos;LE;Publicada;SE REQUIERE LA ADQUISICIÓN DE INSUMOS PARA LA DETECCION TEMPRANA DEL CANCER CERVICOUTERINO ESPATULA AYRE ,CEPILLO PARA TOMA MUESTRA PAP,LACA FIJADORA PAP Y KIT CEPILLOS PAP-BRUSH Y ESPATULAS POR UN MONTO TOTAL DE CATORCE MILLONES NOVECIENTOS CUATRO MIL DOSCIENTOS SETENTA Y CUATRO PESOS CHILENOS. DESPACHO SE DEBE CONSIDERAR A CALLE SEMINARIO SN BODEGA DEL SERVICIO DE SALUD.;2025-04-09T08:01:56.863;2025-04-14T16:00:00;2025-05-22T17:00:00;;CLP;0;0
886954-146-LE25;CONVENIO SUMINISTRO KIT GASTROSTOMIA HGGB;HOSPITAL GUILLERMO GRANT BENAVENTE DE CO;61.602.189-3;Abastecimiento Insumos;San Martin 1436;Concepción;Región del Biobío;LE;Publicada;La necesidad de abastecer del insumo para la atención oportuna del paciente.;2025-04-09T08:08:17.323;2025-04-15T18:00:00;2025-06-14T18:48:00;;CLP;0;0
5651-5-LE25;SICR 031-2025 Arriendo 4 vehículos P.05 SXC y P.06;CORP NACIONAL FORESTAL;61.313.000-4;I Región - Oficina Regional de Tarapacá;Avenida Diagonal Francisco Bilbao N 3692;Iquique;Región de Tarapacá;LE;Publicada;El objetivo de esta licitación es la contratación, en los términos y condiciones establecidas en las presentes bases de Licitación para el arrendamiento de cuatro vehículos para el desarrollo de programas del Departamento de Bosques y Cambio Climático de la región para desarrollar de manera eficiente, operativa y segura las actividades y tareas propias de los planes señalados entre el 01 de Mayo de 2025 al 30 de Noviembre de 2025, ambas fechas inclusive. (E1O2RT9);2025-04-09T08:37:10.15;2025-04-21T15:01:00;2025-04-30T20:00:00;45640000;CLP;0;0
728-5-L125;Calibración de Flujómetro y temporizador;INSTITUTO NACIONAL DE HIDRAULICA;61.211.000-k;Instituto Nacional de Hidráulicas - INH;Av. Concordia 0620;Peñaflor;Región Metropolitana de Santiago;L1;Publicada;Calibración de Flujómetro y temporizador;2025-04-09T08:20:51.567;2025-04-17T15:00:00;2025-04-28T17:00:00;4694550;CLP;0;0
2311-58-L125;COMPRA MEDICAMENTOS DROGUERÍA;ILUSTRE MUNICIPALIDAD DE MOLINA;69.110.100-2;Dirección Comunal de Salud;INDEPENDENCIA 1926 MOLINA LADO PDI;Molina;Región del Maule;L1;Publicada;COMPRA MEDICAMENTOS DROGUERÍA referente: NICOLE ACUÑA;2025-04-09T08:17:56.44;2025-04-14T21:47:00;2025-04-22T21:47:00;;CLP;0;0
3540-40-LE25;REPUESTOS MAQUINARIA P.442 y 439;COMANDO DE APOYO A LA FUERZA;61.101.037-0;Cuerpo Militar del Trabajo Subjefatura Zonal Coyhaique;General Parra 102;Coyhaique;Región Aysén del General Carlos Ibáñez del Campo;LE;Publicada;El CMT requiere adquirir repuestos para Excavadora Caterpillar 320D Año 2013, VIN:A6F02436, N. Motor: GDC74248 y Bulldozer Caterpillar D4K Año 2009 del campamento Lago Brown, con cargo a los convenios vigentes.//Leer Bases de Licitación y adjuntar anexos solicitados.;2025-04-09T16:17:44.14;2025-04-21T15:30:00;2025-05-23T17:28:00;8840000;CLF;0;0
2258-86-LR25;SERVICIO ENFERMERIA CAMA MEDIA BASICA Y PEDIATRIC;SERVICIO DE SALUD ANTOFAGASTA HOSPITAL L;61.606.201-8;Abastecimiento Principal;Avda Pedro Aguirre Cerda N 5900;Antofagasta;Región de Antofagasta;LR;Publicada;SERVICIOS ENFERMERIA ATENCION Y CUIDADO INTEGRAL DE PACIENTES CAMAS MEDIAS, BASICA Y PEDIATRICAS el objetivo primordial cumplir con el fin asistencial y servicios apropiados para cumplir con lo instruido por Director del servicio de salud en Oficio n255, apertura de 30 camas medias en Las diferentes unidades de manera adecuada y eficiente.;2025-04-09T16:20:26.883;2025-05-09T20:00:00;2025-07-08T14:30:00;;CLP;0;0
4937-6-LE25;SUMINISTRO CONTINUO DE RPTOS VEHICULOS LIVIANOS;I MUNICIPALIDAD DE CASABLANCA;69.061.400-6;ADMINISTRACION DE VEHICULOS;AV. CONSTITUCION N 111;Casablanca;Región de Valparaíso;LE;Publicada;La necesidad de realizar mantención oportuna y con los insumos adecuados a la flota de vehículos de la Ilustre Municipalidad de Casablanca, que permitirá el correcto funcionamiento y prolongar la vida útil de los vehículos, otorgando un adecuado servicio a todas las unidades municipales de cada área Municipal, Salud, Educación.;2025-04-09T16:19:05.723;2025-04-21T19:00:00;2025-05-06T19:00:00;;CLP;0;0
800-22-LR25;KITS IMPLANTES PARA CIRUGIAS DE COLUMNA;UNIVERSIDAD DE CHILE;60.910.000-1;Hospital Clínico Univ. de Chile - Insumos Clínicos;Dr. Carlos Lorca Tobar 999 (Ex Santos Dumont);Independencia;Región Metropolitana de Santiago;LR;Publicada;SEGÚN LO DISPUESTO EN EL ARTÍCULO 1 DE LAS BASES DE LICITACIÓN ADJUNTAS;2025-04-09T16:16:31.137;2025-05-09T17:00:00;2025-12-04T17:00:00;;CLP;0;0
2047-3-LE25;MANTENCION MENSUAL ASCENSOR DPP. LINARES;DELEGACIÓN PRESIDENCIAL PROVINCIAL DE LINARES;60.511.073-8;DELEGACIÓN PRESIDENCIAL PROVINCIAL DE LINARES;Manuel Rodríguez 580;Linares;Región del Maule;LE;Publicada;MANTENCIÓN MENSUAL ASCENSOR ELECTROMECANICO PANORAMICO AUTOSOPORTADO EDIFICIO DELECION PRESIDENCIAL PROVINCIAL DE LINARES;2025-04-09T16:16:33.657;2025-04-21T16:00:00;2025-04-23T17:30:00;;CLP;0;0
4037-42-L125;EQUIPOS NOTEBOOCK E IMPRESORA PARA CONCEJO MUNICIPALES;I MUNICIPALIDAD DE FRESIA;69.220.400-K;Departamento de adquisiciones y abastecimiento;San Francisco 124;Fresia;Región de los Lagos;L1;Publicada;EQUIPOS NOTEBOOCK E IMPRESORA PARA CONCEJO MUNICIPALES;2025-04-09T16:19:28.44;2025-04-15T15:06:00;2025-04-25T18:07:00;5500000;CLP;0;0
3328-27-LE25;ASB ADQ. EQUIPO DE ANALIZADOR DE SANGRE PORTÁTIL;FUERZA AEREA DE CHILE COMANDO LOGISTICO;61.103.007-K;Hospital Clinico General Dr. Raúl Yazigi J.;Avenida Las Condes N 8631;Las Condes;Región Metropolitana de Santiago;LE;Publicada;Este Hospital Clínico tiene la necesidad de realizar la adquisición de un equipo Analizador de Sangre portátil para la Dirección Médica - ERSAM, lo que debe efectuarse a través de un sistema que garantice la igualdad de los oferentes, la transparencia de los procesos, oportunidad, calidad y precio de los productos, como también el resguardo del interés patrimonial fiscal y de abastecimiento;2025-04-09T16:19:43.347;2025-04-21T18:00:00;2025-09-03T18:00:00;15767500;CLP;0;0
1233600-42-LE25;SERVICIO CAPACITACION PROGRAMA FENAPS 2024;CORP MUNICIPAL DE RENCA;70.931.100-K;CORP MUNICIPAL DE RENCA;Los Aromos 3339;Renca;Región Metropolitana de Santiago;LE;Publicada;La Corporación Municipal de Renca, en adelante la Corporación, llama a licitación pública para la contratación de servicio de capacitación correspondiente al Programa de Formación de Especialistas en el nivel de Atención Primaria, educación continua FENAPS, año 2024, denominada CONTRATACIÓN DE SERVICIO DE CAPACITACIÓN CORRESPONDIENTE AL PROGRAMA DE FORMACIÓN DE ESPECIALISTAS EN EL NIVEL DE ATENCIÓN PRIMARIA, EDUCACIÓN CONTINUA FENAPS, AÑO 2024;2025-04-09T16:25:55.933;2025-04-21T19:00:00;2025-05-02T18:00:00;;CLP;0;0
4675-3-LE25;SERVICIO DE ALIMENTACIÓN Y PRODUCCION DE EVENTOS PARA LA DIRECCION REGIONAL METROPOLITANA SENCE;SERVICIO NACIONAL DE CAPACITACION Y EMPLEO;61.531.000-K;REGIONAL METROPOLITANO;;;Región Metropolitana de Santiago;LE;Publicada;Se requiere efectuar un proceso licitatorio con diferentes requerimientos, que tiene por objetivo contratar servicios para la provisión de alimentos, bebidas y servicios asociados, con el fin de garantizar el cumplimiento de las ofertas programáticas de la Dirección Regional Metropolitana durante el año 2025. Esto permitirá disponer de los insumos y condiciones necesarias para la correcta ejecución de las actividades planificadas, asegurando el cumplimiento de los requisitos técnicos, sanitarios y logísticos exigidos. Además, el proceso busca generar condiciones de competencia equitativas para los oferentes, permitiendo la postulación con diferentes requerimientos, optimizando así la asignación de recursos según la demanda efectiva de actividades a lo largo del año.;2025-04-09T16:15:58.377;2025-04-21T15:01:00;2025-05-20T18:00:00;28000000;CLP;0;0
1293138-12-LP25;ADQUISICIÓN DE REFRIGERADORES CLÍNICOS Y DOMÉSTICO;SERVICIO SALUD METROPOLITANO OCCIDENTE;61.608.200-0;EQUIPAMIENTO NUEVO HOSPITAL DE MELIPILLA;ALAMEDA 2429;Santiago;Región Metropolitana de Santiago;LP;Publicada;ABASTECER Y SUMINISTRAR REFRIGERADORES CLÍNICOS Y DOMÉSTICOS;2025-04-09T16:11:17.223;2025-04-29T15:00:00;2025-08-21T18:00:00;;CLP;0;0
4103-6-LE25;ATENCION INTEGRAL A MUJERES Y HOMBRES;Municipalidad de Gorbea;69.191.200-0;Departamento de Salud Municipal;Agustin Gomez 620;Gorbea;Región de la Araucanía;LE;Publicada;PROGRAMA ESTRATEGIAS DE SALUD BUCAL AÑO 2025, COMPONENTE ATENCIÓN INTEGRAL A MUJERES Y HOMBRES .;2025-04-09T16:18:27.273;2025-04-21T15:48:00;2025-04-30T19:49:00;38725164;CLP;0;0
3807-8-L125;MATERIALES DE FERRETERIAMADERAS Y MAQUINARIAS YO HERRAMIENTAS;I MUNICIPALIDAD DE EMPEDRADO;69.120.200-3;I MUNICIPALIDAD DE EMPEDRADO;O'Higgins 422;Empedrado;Región del Maule;L1;Publicada;SE REQUIERE COMPRA PUESTO EN EMPEDRADO DE DIVERSOS MATERIALES PARA DESARROLLAR LAS INVERSIONES DEL PROGRAMA SEGURIDAD ALIMENTARIA PARA EL AUTOCONSUMO DEL FOSIS, EN TRES LINEAS DE POSTULACION;2025-04-09T16:14:40.38;2025-04-15T17:35:00;2025-04-16T17:18:00;;CLP;0;0
948354-43-LE25;CONTRATACIÓN DEL SERVICIO DE TELEVISIÓN POR CABLE PARA EL HOSPITAL DIPRECA;FONDO HOSPITAL DE LA DIRECCION DE PREVISION DE CARABINEROS DE CHILE;61.513.003-6;Unidad de Compra de Bienes y Servicios;Avenida Vital Apoquindo N 1200;Las Condes;Región Metropolitana de Santiago;LE;Publicada;El Hospital de la Dirección de Previsión de Carabineros de Chile, ubicado en Vital Apoquindo N1.200, Comuna de Las Condes, Región Metropolitana, en adelante EL HOSPITAL, llama a licitación pública para la Contratación del Servicio de Televisión por Cable, en adelante EL SERVICIO por un periodo de 24 meses, para el referido Centro Asistencial, cuyas características y requisitos técnicos constan en las Bases Administrativas y Técnicas de esta Licitación con sus respectivos anexos.;2025-04-09T16:19:23.71;2025-04-21T16:00:00;2025-08-21T18:00:00;38000000;CLP;0;0
1293138-13-LQ25;ADQ. CARROS APOYO ALIMENTACIÓN;SERVICIO SALUD METROPOLITANO OCCIDENTE;61.608.200-0;EQUIPAMIENTO NUEVO HOSPITAL DE MELIPILLA;ALAMEDA 2429;Santiago;Región Metropolitana de Santiago;LQ;Publicada;ABASTECER Y SUMINISTAR CARROS DE APOYO ALIMENTACIÓN;2025-04-09T16:16:09.177;2025-04-29T15:00:00;2025-08-21T18:00:00;;CLP;0;0
1057438-11-LE25;ENFERMERAS Y KINESIÓLOGO PARA PROGRAMA DE SALUD CARDIOVASCULAR;SERVICIO DE SALUD COQUIMBO HOSPITAL VICUNA;61.606.401-0;Bienes y Servicios;Prat N591;Vicuña;Región de Coquimbo;LE;Publicada;El Hospital de Vicuña llama a Licitación Pública para dar cumplimiento al Enfermeras y Kinesiólogo para Programa de Salud Cardiovascular, para lo cual se requiere contratar prestadores de servicios profesionales de las áreas de Kinesiología y Enfermería, durante los meses de mayo al 13 de diciembre de 2025 con un promedio de 38 semanas.;2025-04-09T16:25:50.68;2025-04-21T15:15:00;2025-04-28T23:00:00;;CLP;0;0
702988-13-LE25;FILTROS PARA MAQUINARIAS JCB;COMANDO DE APOYO A LA FUERZA;61.101.091-5;Cuerpo Milit Subjefatura Zonal Punta Arenas (IGTF);Camino E Vicuña Km 65;Timaukel;Región de Magallanes y de la Antártica;LE;Publicada;ADQUISICIÓN DE FILTROS PARA LAS MAQUINARIAS DE LA LÍNEA: JCB, QUE PERMITA DAR CUMPLIMIENTO A LOS MANTENIMIENTOS PROGRAMADOS, ASEGURANDO SUS ÓPTIMOS FUNCIONAMIENTOS Y DAR CONTINUIDAD SIN INTERFERENCIAS A LAS OBRAS QUE SE EJECUTAN EN EL EXTREMO SUR DE LA ISLA GRANDE DE TIERRA DEL FUEGO.;2025-04-09T16:22:39.34;2025-04-21T15:01:00;2025-05-02T17:00:00;;CLP;0;0
229-59-LE25;SERVICIO DE ELABORACIÓN DE PROYECTOS DE PAVIMENTACIÓN COMUNA DE COIHUECO;I MUNICIPALIDAD DE COIHUECO;69.141.100-1;Departamento de Administración y Finanzas;Avda Arturo Prat 1675;Coihueco;Región del Ñuble;LE;Publicada;SERVICIO DE ELABORACIÓN DE PROYECTOS DE PAVIMENTACIÓN, COMUNA DE COIHUECO, SEGÚN BASES TÉCNICAS Y UN PRESUPUESTO DE $20.000.000 IMPUESTO INCLUIDO.-;2025-04-09T16:20:38.257;2025-04-21T15:09:00;2025-05-16T15:10:00;;CLP;0;0
1338-5-LE25;SERVICIOS DE SEGURIDAD Y VIGILANCIA. SECREDUC IX;SUBSECRETARIA DEL MINISTERIO DE EDUCACION PUBLICA;60.901.011-8;SEREMI IX;General Mackenna N574;Temuco;Región de la Araucanía;LE;Publicada;La Secretaría Regional Ministerial de Educación Región de La Araucanía, requiere el Servicio de Seguridad y Vigilancia para la recepción y seguridad de los usuarios y de los funcionarios de la Institución y el resguardo de los bienes muebles e inmuebles del edificio regional y Departamentos Provinciales Cautín Norte y Cautín Sur.;2025-04-09T16:08:00;2025-04-21T16:00:00;2025-04-28T19:55:00;;CLP;0;0
3348-1-LE25;Servicio de arriendo de equipos de impresión CCMA;COMANDO DE APOYO A LA FUERZA;61.101.082-6;Centro Clínico Militar Arica - CCM Arica;Avenida General Velásquez N 1700;Arica;Región de Arica y Parinacota;LE;Publicada;Llamar a Licitación Pública para el Servicio de arriendo de equipos de impresión para el CCM Arica . Las características y requisitos que constan en el presente documento dan cumplimiento a lo establecido en la Ley N. 19.886, que establece el sistema de Compras Públicas.;2025-04-09T16:02:38.367;2025-04-24T16:00:00;2025-05-09T22:00:00;28000000;CLP;0;0
3326-28-LE25;ADQUISICIÓN DE BATERIAS PARA STOCK DE BODEGA DEL DEPARTAMENTO DE TRANSPORTES L.3 DE CARGO DE CARABINEROS DE CHILE SEGÚN BASES ADMINISTRATIVAS Y TÉCNICAS;DIRECCION DE LOGISTICA DE CARABINEROS;61.938.500-4;Depto.Transportes L.3;Vivaceta Nro. 2700;Independencia;Región Metropolitana de Santiago;LE;Publicada;ADQUISICIÓN DE BATERIAS PARA STOCK DE BODEGA DEL DEPARTAMENTO DE TRANSPORTES L.3, DE CARGO DE CARABINEROS DE CHILE, SEGÚN BASES ADMINISTRATIVAS Y TÉCNICAS;2025-04-09T15:58:03.09;2025-04-24T15:25:00;2025-05-30T20:00:00;67429000;CLP;0;0
3874-12-LE25;ALTAS ODONTOLOGICAS INTEGRALES A PACIENTES 60 AÑOS;I MUNICIPALIDAD DE RAUCO;69.100.400-7;Salud;Avda. O Higgins S/N;Rauco;Región del Maule;LE;Publicada;LA NECESIDAD DE CONTAR CON 30 ALTAS ODONTOLOGICAS INTEGRALES A PACIENTES DE 60 AÑOS GES DE ACUERDO A PROGRAMA SALUD ORAL 60 AÑOS GES, PERTENECIENTES A PROGRAMA DE ESTRATEGIA DE SALUD BUCAL 2025. SEGUN ESPECIFICACIONES EN ADJUNTO.;2025-04-09T15:58:36.723;2025-04-21T16:30:00;2025-04-30T17:31:00;;CLP;0;0
1499-74-LE25;Criosonda para generar biopsias transbronquiales y de mediastino con equipos en comodato;INSTITUTO NACIONAL DEL TORAX;61.608.402-k;INSTITUTO NACIONAL DEL TORAX;José Manuel Infante 717;Providencia;Región Metropolitana de Santiago;LE;Publicada;Contar con los Insumos de consumo necesarios para la gestión del Instituto Nacional del Tórax para dar un servicio con la efectividad, seguridad y condiciones de calidad que cada paciente requiere.;2025-04-09T15:54:12.967;2025-04-21T18:00:00;2025-05-14T18:00:00;36336200;CLP;0;0
3562-18-LQ25;REPOSICIÓN REFUGIOS PEAT J.J. NUÑEZGODOY Y ADRIÁN;I MUNICIPALIDAD DE LA CALERA;69.060.300-4;Secretaria de Planificacion;Avenida Marathon N 312;La Calera;Región de Valparaíso;LQ;Publicada;La Ilustre Municipalidad de La Calera, requiere contratar las obras de REPOSICIÓN REFUGIOS PEATONALES ARTIF. J.J. NUÑEZ, J.J. GODOY Y ADRIÁN, LA CALERA, Código BIP N40066764-0, para cuyos efectos invita a personas naturales, jurídicas y uniones temporales de proveedores a formular ofertas conforme a lo dispuesto en las presentes Bases Administrativas y Técnicas.;2025-04-09T15:51:51.043;2025-04-29T12:16:00;2025-04-30T12:17:00;;CLP;0;0
514862-33-CO25;Servicios de Gastroendoscopias SLP 10031631;CORPORACION MUNICIPAL DE PENALOLEN PARA EL DESARROLO SOCIAL CORMUP;71.234.100-9;CORPORACION MUNICIPAL DE PENALOLEN PARA EL DESARRO;AVDA. ORIENTALES N6958;Peñalolén;Región Metropolitana de Santiago;CO;Publicada;Servicios de Gastroendoscopias SLP 10031631;2025-04-09T15:50:24.543;2025-05-05T15:00:00;2025-06-04T23:59:00;60000000;CLP;0;0
4103-5-LE25;ACTIVIDADES DE MORBILIDAD;Municipalidad de Gorbea;69.191.200-0;Departamento de Salud Municipal;Agustin Gomez 620;Gorbea;Región de la Araucanía;LE;Publicada;PROGRAMA ESTRATEGIAS DE SALUD BUCAL AÑO 2025. ESTRATEGIA MEJORAMIENTO DEL ACCESO, COMPONENTE ACTIVIDADES ODONTOLOGICAS DE MORBILIDAD;2025-04-09T15:50:57.673;2025-04-21T15:07:00;2025-04-30T15:08:00;27360000;CLP;0;0
4375-63-LE25;Convenio Suministro de Etiquetas;HOSPITAL GUILLERMO GRANT BENAVENTE DE CO;61.602.189-3;Abastecimiento General;San Martín 1436 Concepcion;Santiago;Región del Biobío;LE;Publicada;Contar con convenio de suministro de etiquetas para HGGB según programación anual 2025;2025-04-09T15:53:27.94;2025-04-21T15:01:00;2025-06-20T17:00:00;;CLP;0;0
3637-12-LE25;ADQUISICIÓN DE EQUIPAMIENTO PARA LA IMPLEMENTACIÓN;ILUSTRE MUNICIPALIDAD DE SAN GREGORIO;69.251.500-5;Municipalidad de San Gregorio - Adquisiciones;Av. Bernardo O`Higgins N 50, Punta Delgada;San Gregorio;Región de Magallanes y de la Antártica;LE;Publicada;Que, se requiere realizar un llamado licitatorio para la ADQUISICIÓN DE EQUIPAMIENTO PARA LA IMPLEMENTACIÓN DEL CENTRO DE CUIDADOS.;2025-04-09T15:50:19.15;2025-04-15T10:00:00;2025-04-17T17:00:00;10400000;CLP;0;0
1723-22-CO25;Contrato servicio de Banqueteria 2025-2026;I MUNICIPALIDAD DE LOS LAGOS;69.200.600-3;Ilustre Municipalidad de los Lagos;san martin n 1 comuna de los lagos ( municipalida;Los Lagos;Región de Los Ríos;CO;Publicada;Contrato de suministro servicio de Banqueteria año 2025-2026 según bases adjuntas, aprobadas por decreto exento 413 de fecha 13 de marzo de 2025.;2025-04-09T15:47:55.28;2025-04-21T19:52:00;2025-04-25T19:53:00;40000000;CLP;0;0
1218463-4-LE25;SUMINISTRO DE KILOMETROS PARA SALIDAS PEDAGÓGICAS;CORP.MUNICIPAL GABRIEL GONZALEZ VIDELA DE LA SERENA;70.892.100-9;Área Educación SEP;Ánima de Diego 550;La Serena;Región de Coquimbo;LE;Publicada;La Corporación Municipal Gabriel González Videla, a través del Departamento de Educación, requiere contar con el suministro de kilómetros para la ejecución de salidas pedagógicas de los Establecimientos Educacionales, adscritos a Subvención Escolar Preferencial pertenecientes a la Corporación Municipal Gabriel González Videla.;2025-04-09T15:46:00;2025-04-21T15:01:00;2025-05-22T16:30:00;25000000;CLP;0;0
1114-15-LE25;AIF DE LA CONST EST FLUVIOMET RIO MAIPO EL INGENIO;MINISTERIO DE OBRAS PUBLICAS DIREC CION GRAL DE OO PP DCYF;61.202.000-0;Dirección General de Aguas - Región Metropolitana;Bombero Salas 1351, 5 piso;Santiago;Región Metropolitana de Santiago;LE;Publicada;ASESORÍA A LA INSPECCIÓN FISCAL DE LA CONTRUCCIÓN DE ESTACIÓN FLUIOMÉTRICA RÍO MAIPO EN EL INGENIO;2025-04-09T15:44:37.603;2025-04-29T15:00:00;2025-05-14T18:40:00;30000000;CLP;0;0
800-21-LR25;KITS PARA OSTEOSINTESIS DE FEMUR;UNIVERSIDAD DE CHILE;60.910.000-1;Hospital Clínico Univ. de Chile - Insumos Clínicos;Dr. Carlos Lorca Tobar 999 (Ex Santos Dumont);Independencia;Región Metropolitana de Santiago;LR;Publicada;SEGÚN LO ESTABLECIDO EN EL ARTÍCULO 1 DE LAS BASES DE LICITACIÓN ADJUNTAS;2025-04-09T15:58:58.467;2025-05-09T17:00:00;2025-12-04T17:00:00;671157025;CLP;0;0
1019-42-LP25;ADQUISICIÓN DE EQUIPO GEOFÍSICO PARA PROSPECCIÓN;MINISTERIO DE OBRAS PUBLICAS DIREC CION GRAL DE OO PP DCYF;61.202.000-0;MINISTERIO DE OBRAS PUBLICAS DIREC CION GRAL DE OO;Morandé 59, piso 8;Santiago;Región Metropolitana de Santiago;LP;Publicada;El objetivo general de esta licitación pública es la adquisición de equipo geofísico para prospección de aguas subterráneas, que permita, mediante el Método de Transiente Electromagnético TEM, medir las propiedades geoeléctricas del suelo, logrando la identificación y caracterización de capas geológicas, en términos de espesor y composición, tanto para profundidades someras como muy profundas. Para ello se necesitan equipos con distintas combinaciones que permitan a la D.G.A. trabajar en distintos proyectos a lo largo del país.;2025-04-09T15:54:48.753;2025-04-29T16:37:00;2025-05-09T19:00:00;120000000;CLP;0;0
2410-204-LE24;SUMINISTRO DE MANTENIMIENTO PREVENTIVO CAMIONETAS GREATT WALL POER.;I MUNICIPALIDAD DE LOS ANGELES;69.170.102-6;MUNICIPALIDAD DE LOS ANGELES - SALUD;AVDA. RICARDO VICUÑA 320;Los Angeles;Región del Biobío;LE;Publicada;Contar con Servicio de Mantenimiento Preventivo cada 10.000 KM aproximado para 9 vehículos marca GREATT WALL POER, dependientes de la Municipalidad de Los Ángeles, Área Salud.;2025-04-09T16:00:21.65;2025-04-21T15:01:00;2025-07-31T17:00:00;45000000;CLP;0;0
1573-11-LE25;Material No Fungible para JI Antofagasta - SC 5746;JUNTA NACIONAL DE JARDINES INFANTILES;70.072.600-2;Junji - II Región;SUCRE N 524;Antofagasta;Región de Antofagasta;LE;Publicada;La Junta Nacional de Jardines Infantiles, JUNJI, requiere la ADQUISICIÓN DE MATERIAL NO FUNGIBLE PARA JARDINES INFANTILES P01 Y P02, PARA LA JUNTA NACIONAL DE JARDINES INFANTILES REGIÓN DE ANTOFAGASTA. El objetivo de la presente licitación es adquirir material didáctico no fungible el cual es utilizado en los jardines infantiles de la región de Antofagasta para fines pedagógicos.;2025-04-09T15:55:40.483;2025-04-21T17:00:00;2025-05-19T17:36:00;50903215;CLP;0;0
2184-13-LP25;Conservación y reemplazo techumbre RPP Talagante;CORP ADMINISTRATIVA DEL PODER JUDICIAL;60.301.001-9;Corp. Adm. del Poder Judicial - San Miguel;Ureta Cox 855, Piso 2;San Miguel;Región Metropolitana de Santiago;LP;Publicada;Conservación y reemplazo techumbre 6 piso RPP Talagante;2025-04-09T16:02:24.887;2025-05-02T16:00:00;2025-08-07T16:00:00;;CLP;0;0
1291-14-LE25;ADQUISICIÓN DE SERVICIO DE TRANSPORTES;MINISTERIO DE OBRAS PUBLICAS DIREC CION GRAL DE OO PP DCYF;61.202.000-0;Dirección de Vialidad - VII Región - Provincia de Linares;Linares;Linares;Región del Maule;LE;Publicada;CONTRATACIÓN DE SERVICIO DE TRANSPORTE DE PERSONAL DE FAENAS Y OPERADORES DE ADMINISTRACIÓN DIRECTA, DIRECCIÓN PROVINCIAL DE VIALIDAD LINARES;2025-04-09T15:36:54.96;2025-04-21T16:00:00;2025-05-26T17:00:00;;CLP;0;0
2310-10-LE25;CONTRATACION DE POLIZAS DE SEGUROS VEHICULOS DAEM;ILUSTRE MUNICIPALIDAD DE MOLINA;69.110.100-2;Dirección Comunal De Educación;MAIPU N1846;Molina;Región del Maule;LE;Publicada;CONTRATACION DE POLIZAS DE SEGUROS VEHICULOS DAEM 2025;2025-04-09T15:36:00;2025-04-21T17:34:00;2025-04-22T17:35:00;;CLP;0;0
4309-116-LP25;CONVENIO HIALURINATO DE SODIO AL 04% SOLUCION OFTALMICA;HOSPITAL GUILLERMO GRANT BENAVENTE DE CO;61.602.189-3;Abastecimiento Fármacos;San Martin 1436;Concepción;Región del Biobío;LP;Publicada;Contar con los Dispositivos médicos necesarios para la atención de pacientes del HGGB;2025-04-09T15:20:40.45;2025-04-21T16:00:00;2025-06-23T15:00:00;;CLP;0;0
548874-40-LE25;SERV. LICENCIA HERRAMIENTA ONLINE ITRS UPTRENDS;INSTITUTO DE PREVISION SOCIAL;61.979.440-0;IPS Oficina Central de Compras;Santo Domingo N 1285, piso 1;Santiago;Región Metropolitana de Santiago;LE;Publicada;E102RT9 SERVICIO DE LICENCIAMENTO HERRAMIENTA ONLINE ITRS UPTRENDS O SIMILAR PARA CHILEATIENDE;2025-04-09T15:27:42.52;2025-04-22T15:30:00;2025-05-29T17:00:00;60000000;CLP;0;0
712307-29-LP25;REPOSICIÓN DE PAVIMENTOS POR ROTURAS MALLECO Y CAUTÍN;SERVICIO DE VIVIENDA Y URBANIZACION IX REGION;61.821.000-6;Licitaciones y Costos;O'Higgins 830;Temuco;Región de la Araucanía;LP;Publicada;Ejecutar los trabajos de las roturas y reposición de los pavimentos y aceras de las calles que sea necesario ejecutar para restablecer las superficies pavimentadas que han debido destruirse por necesidades de particulares, empresas, compañías u oficinas de servicios públicos y que se debieron a instalaciones subterráneas, colocación de postaciones, etc.;2025-04-09T15:24:14.98;2025-04-22T12:00:00;2025-05-09T16:00:00;;CLP;0;0
3231-91-LE25;01 SERVICIO PRODUCCION DESARROLLO EVENTO CUENTA PUBLI;I MUNICIPALIDAD DE PELLUHUE;69.252.700-3;Departamento de Administración y Finanzas;Avenida Padre Samuel Jofré 415;Pelluhue;Región del Maule;LE;Publicada;01 SERVICIO PRODUCCION DESARROLLO EVENTO CUENTA PUBLICA SEGUN BASES ADMINISTRATIVAS Y ANEXOS;2025-04-09T15:20:00;2025-04-15T16:03:00;2025-04-23T10:00:00;;CLP;0;0
1274285-15-LE25;Servicio de retiro traslado y eliminación REAS;CORPORACION MUNICIPAL DE EDUCACION Y SALUD DE SAN BERNARDO;70.925.500-2;SALUD;AVENIDA MAIPÚ 440;San Bernardo;Región Metropolitana de Santiago;LE;Publicada;Servicio de retiro, traslado y eliminación REAS asociados a los centros de Salud de la Corporación Municipal de Educación y Salud de San Bernardo;2025-04-09T15:19:44.69;2025-04-21T17:00:00;2025-04-29T16:00:00;;CLP;0;0
2366-10-LE25;ENVASES RECO DE MUESTRAS DE SANGRE MEMO 1495;I MUNICIPALIDAD DE ARICA;69.010.100-9;SERVICIO MUNICIPAL DE SALUD;Patricio Lynch N 236;Arica;Región de Arica y Parinacota;LE;Publicada;ENVASES DE RECOLECCION DE MUESTRAS DE SANGRE, MEMO 1495, LABORATORIO CLÍNICO;2025-04-09T15:27:36.193;2025-04-17T17:00:00;2025-09-15T16:42:00;63998200;CLP;0;0
4906-9-LE25;SERVICIOS ADMINISTRATIVOS UD. SOME CESFAM RNH;SERVICIO SALUD DEL RELONCAVI;61.980.740-5;Consultorio Rio Negro Hornopiren;Calle Nueva S/N Hornopirén, Región de Los Lagos;Hualaihué;Región de los Lagos;LE;Publicada;Se requiere contratar servicios administrativos para Unidad de Servicios de Orientación Médica y Estadística (SOME) del Cesfam Rio Negro hornopirén.;2025-04-09T15:15:32.293;2025-04-21T15:05:00;2025-04-30T18:47:00;10440000;CLP;0;0
5574-6-LQ25;Adquisición licencias software antivirus.;UNIVERSIDAD DE CHILE;60.910.000-1;UCHILE Vicerrectoría de Tecnologías de Información;Diagonal Paraguay 265 of. 2006;Santiago Centro;Región Metropolitana de Santiago;LQ;Publicada;La Vicerrectoría de Tecnologías de la Información de la Universidad de Chile, requiere adquirir licencias de antivirus, Kaspersky, Endpoint Security for business Select, o su equivalente tecnológico, para la Universidad de Chile, por un periodo de 36 meses. Presupuesto de USD 200.000, IVA incluido.;2025-04-09T15:16:00;2025-04-21T15:30:00;2025-06-20T18:30:00;200000;USD;0;0
1051765-4-LP25;Mantenciones preventivas y correctivas de RCI 2025;DIRECCION GENERAL DE GENDARMERIA DE CHIL;62.000.570-3;Región de Ñuble;El Roble N978;Chillán;Región del Ñuble;LP;Publicada;Gendarmería de Chile requiere la contratación del servicio de MANTENCIÓN PREVENTIVA Y CORRECTIVA DE REDES CONTRA INCENDIO DE UNIDADES PENALES DE LA REGIÓN DE ÑUBLE, PERIODO 2025, en conformidad a lo solicitado por Memorándum N 13 de fecha 28 de marzo del 2025, del Área Infraestructura Regional. E102RT9;2025-04-09T15:08:24.127;2025-05-09T12:00:00;2025-05-29T18:00:00;;CLP;0;0
5196-12-LE25;GBA016 REPUESTOS VEHICULOS DE PASAJEROS;FUERZA AEREA DE CHILE COMANDO LOGISTICO;61.978.670-K;II Brigada Aérea;AVENIDA DIEGO BARROS ORTIZ 2300, PUDAHUEL;Pudahuel;Región Metropolitana de Santiago;LE;Publicada;SE REQUIERE REPUESTOS VEHICULOS DE PASAJEROS PARA BUS BU-093, BU-128 Y BU-142;2025-04-09T15:03:30.36;2025-04-16T12:00:00;2025-04-30T16:16:00;7483000;CLP;0;0
3784-19-LE25;ADQUISICION DE TONER Y TINTAS PARA IMPRESORAS MUNICIPALES.;I MUNICIPALIDAD DE COELEMU;69.150.200-7;Adquisiciones;PEDRO LEON GALLO 609;Coelemu;Región del Ñuble;LE;Publicada;ADQUISICIÓN DE TINTAS Y TONER PARA LAS IMPRESORAS DE LA MUNICIPALIDAD DE COELEMU SEGÚN ANEXO TÉCNICO ADJUNTO.;2025-04-09T14:59:27.49;2025-04-14T15:15:00;2025-04-15T12:00:00;9500000;CLP;0;0
1057402-89-LR25;KITS PLACAS CLAVOS Y TORNILLOS TMT HCM 2025-2027;HOSPITAL CLINICO DE MAGALLANES DR. LAUTARO NAVARRO AVARIA;61.607.901-8;Bienes y Servicios;;;Región de Magallanes y de la Antártica;LR;Publicada;El propósito de la licitación es contar con contrato de suministro de KITS PLACAS, CLAVOS Y TORNILLOS TMT HCM 2025-2027, que permita el aprovisionamiento oportuno de los productos necesarios en la atención de los usuarios del Hospital para los años 2025 - 2027, en las circunstancias que estos productos no fueran provistos por la Central Nacional de Abastecimiento de los Servicios de Salud, ni se encuentren disponibles en catálogos electrónicos del Convenio Marco, Compra Ágil, en las Compras Coordinadas y/o Compras Conjuntas del Ministerio de Salud, o bien su adquisición sea desventajosa respecto al resultado de la presente licitación, cuyas condiciones más ventajosas serán informadas en la oportunidad correspondiente a la Dirección de Compras, en conformidad con lo dispuesto en el D.S. N661, de 2004, del Ministerio de Hacienda. El contrato de suministro anteriormente indicado se hará efectivo cada vez que sea necesario, a través de la emisión de órdenes de compra enviadas al proveedor adjudicado mediante la plataforma www.mercadopublico.cl. Sin perjuicio de lo anterior, durante todo el periodo de vigencia del contrato, los productos serán solicitados en la oportunidad del mes que el Hospital estime pertinente, comprometiéndose el oferente adjudicado a difundir esta modalidad de compra a todas las instancias que participan en su proceso de ventas. Los insumos/productos de la presente licitación están incorporados en el plan anual de compras proyectado para los años de vigencia del contrato. El plan de compras será publicado en la plataforma www.mercadopublico.cl en la oportunidad que corresponda.;2025-04-09T14:53:26.5;2025-05-09T15:00:00;2025-09-11T19:00:00;;CLP;0;0
1057439-83-LQ24;Convenio de Suministro de insumos de Lavandería;SERVICIO DE SALUD COQUIMBO HOSPITAL LA SERENA;61.606.402-9;Bienes y Servicios;Balmaceda 916;La Serena;Región de Coquimbo;LQ;Publicada;Convenio de Suministro de insumos de Lavandería para el hospital de La Serena.;2025-04-09T15:00:50.983;2025-04-29T17:00:00;2025-06-30T17:45:00;;CLP;0;0
1298355-5-LE25;Contratación 05 cursos de capacitación Dir. Salud;CORP MUNICIPAL MELIPILLA PARA LA ED SALUD;71.293.900-1;SALUD;pasaje Eleuterio Ramirez S/n;Melipilla;Región Metropolitana de Santiago;LE;Publicada;Se requiere la Contratación de 05 cursos de capacitación por línea para la Dirección de Salud de la Corporación Municipal de Melipilla;2025-04-09T14:50:05.003;2025-04-22T15:00:00;2025-05-13T18:00:00;;CLP;0;0
1057937-6-LQ25;COMPRA DE UN ARCO EN C;SERVICIO DE SALUD VALDIVIA HOSPITAL BASE;61.607.502-0;Activos Fijos;Simpson 850;Valdivia;Región de Los Ríos;LQ;Publicada;COMPRA DE UN ARCO EN C PARA CENTRO REGIONAL DE RESOLUCIÓN DEL HOSPITAL BASE VALDIVIA;2025-04-09T14:45:54.257;2025-04-29T19:00:00;2025-07-18T19:59:00;118881000;CLP;0;0
1057536-24-LP25;ARRIENDO DE VIDEOENDOSCOPIOS HOSP CALBUCO;SERVICIO SALUD DEL RELONCAVI;61.607.700-7;Servicio de Salud del Reloncaví;ESMERALDA 269, PISO 5 POBL. ESMERALDA;Puerto Montt;Región de los Lagos;LP;Publicada;ARRIENDO DE VIDEOENDOSCOPIOS PARA EL HOSPITAL DE CALBUCO POR UN PERIODO DE 06 MESES.;2025-04-09T14:28:25.07;2025-04-21T15:01:00;2025-05-27T15:00:00;86394000;CLP;0;0
2445-35-LE25;SERVICIO MOVILIZACION CON CONDUCTOR PARA CESFAM SARMIENTO;I MUNICIPALIDAD DE CURICO;69.100.100-8;Salud - Adquisiciones;VILLA SANTA ELENA S/N LOS NICHES;Curicó;Región del Maule;LE;Publicada;SERVICIO MOVILIZACION CON CODUCTOR PARA CESFAM SARMIENTO, SP 3482;2025-04-09T14:18:36.073;2025-04-21T16:16:00;2025-04-30T16:17:00;10800000;CLP;0;0
3443-15-LE25;Asesoría ITO: Reposición Posta Rural Colonia Ponce;I MUNICIPALIDAD DE PURRANQUE;69.210.500-1;Dirección de Administración y Finanzas;Pedro Montt Nro. 249;Purranque;Región de los Lagos;LE;Publicada;La contratación de un profesional de apoyo como Asesor Técnico de Obras AITO que velará permanentemente por la correcta ejecución de la Obra: Reposición Posta Rural Colonia Ponce, Comuna de Purranque.- ID: 3443-5-LR24;2025-04-09T14:00:55.95;2025-04-21T16:00:00;2025-05-21T16:19:00;42500000;CLP;0;0
2785-21-LE25;SDA 4309 ARCOS DE FUTBOLITO. BANDERINES RED SEPARADORAS DE CANCHAS Y ROLLO DE CORDEL;I MUNICIPALIDAD DE SAN PEDRO DE LA PAZ;69.264.800-5;I MUNICIPALIDAD DE SAN PEDRO DE LA PAZ;LOS ACACIOS 43;San Pedro de La Paz;Región del Biobío;LE;Publicada;ARCOS DE FUTBOLITO. BANDERINES, RED SEPARADORAS DE CANCHAS Y ROLLO DE CORDEL, PARA PROYECTO MOJORAMIENTO DE CANCHAS DE FUTBOL AMATEUR. INGRESAR OFERTA CON VALORES NETOS.;2025-04-09T14:22:52.63;2025-04-22T14:00:00;2025-05-23T16:00:00;11030110;CLP;0;0
3407-4-LE25;ADQUISICION DE MATERIALES DE CONSTRUCCIÓN;COMANDO DE APOYO A LA FUERZA;61.101.470-8;Regimiento N 10 Pudeto - R N 10;Zenteno S/N;Punta Arenas;Región de Magallanes y de la Antártica;LE;Publicada;ADQUISICION DE MATERIALES DE CONSTRUCCION PARA MANTENIMIENTO Y REPARACION DEL CIE CHORRILLO BASILIO.;2025-04-09T14:06:50.237;2025-04-21T15:05:00;2025-05-12T16:00:00;;CLP;0;0
2785-22-LE25;SDA 4312 TRACTOR CORTADOR DE CESPED CEPILLO TIANGULAR Y DESCOMPACTADOR PASTO SINTETICO;I MUNICIPALIDAD DE SAN PEDRO DE LA PAZ;69.264.800-5;I MUNICIPALIDAD DE SAN PEDRO DE LA PAZ;LOS ACACIOS 43;San Pedro de La Paz;Región del Biobío;LE;Publicada;TRACTOR CORTADOR DE CESPED, CEPILLO TIANGULAR Y DESCOMPACTADOR PASTO SINTETICO, PARA PROYECTO MEJORAMIENTO CANCHAS DE FUTBOL AMATEUR, SECTOR LOMAS COLORADAS. INGRESAR OFERTA CON VALORES UNITARIOS NETOS.;2025-04-09T14:12:06.52;2025-04-22T14:00:00;2025-05-23T16:00:00;7793000;CLP;0;0
2381-23-LE25;SERVICIO DE TRANSPORTE PARA TRASLADO DE PROFESIONALES DEL PROGRAMA SEMBRANDO SONRISAS DASM COPIAPÓ 2025;I MUNICIPALIDAD DE COPIAPO;69.030.200-4;DEPARTAMENTO DE ADQUISICIONES DASM;CHACABUCO 857;Copiapó;Región de Atacama;LE;Publicada;SERVICIO DE TRANSPORTE PARA TRASLADO DE PROFESIONALES DEL PROGRAMA SEMBRANDO SONRISAS DASM COPIAPÓ 2025;2025-04-09T14:04:46.623;2025-04-21T16:00:00;2025-05-16T15:12:00;;CLP;0;0
2709-40-LE25;ARRIENDO CAMIONETA PARA OFICINA DE LA NIÑEZ;MUNICIPALIDAD DE OVALLE;69.040.700-0;Municipalidad de Ovalle - Secplan;Vicuña Mackenna 441;Ovalle;Región de Coquimbo;LE;Publicada;ARRIENDO CAMIONETA PARA OFICINA DE LA NIÑEZ;2025-04-09T13:53:51.357;2025-04-21T15:05:00;2025-05-20T17:00:00;19300000;CLP;0;0
3540-39-LE25;Neumáticos para vehículos pm.432-433-444-445;COMANDO DE APOYO A LA FUERZA;61.101.037-0;Cuerpo Militar del Trabajo Subjefatura Zonal Coyhaique;General Parra 102;Coyhaique;Región Aysén del General Carlos Ibáñez del Campo;LE;Publicada;El CMT requiere adquirir Neumáticos para Camión 3/4 mod. Mighty CI-27022, Camión Tolva M.Benz Arocs CI-21175 del Campamento de La Tapera, Ambulancia Toyota Hilux CI-16015 y Camioneta Toyota mod. Hilux 2,4 CI-12098 del Campamento de Lago Brown.//Leer Bases de Licitación, completar anexos y adjuntar ficha Tec. de neumáticos ofertados;2025-04-09T13:53:13.447;2025-04-17T15:00:00;2025-05-23T19:30:00;6840000;CLP;0;0
1057645-1-LE25;ADQUISICIÓN DE CUADERNOS PERSONALIZADOS;SERVICIO DE SALUD MAGALLANES;61.607.900-K;Bienestar;Lautaro Navarro 829;Punta Arenas;Región de Magallanes y de la Antártica;LE;Publicada;ADQUISICIÓN DE CUADERNOS PERSONALIZADOS para las afiliados y afiliadas del Servicio de Bienestar del Servicio de Salud Magallanes.;2025-04-09T13:55:28.95;2025-04-14T18:51:00;2025-04-24T18:52:00;;CLP;0;0
769-50-LP25;PROGRAMA ESTRATEGIAS SALUD BUCAL GES 60 AÑOS Y AT. ODONT. HOMBRES CALAMA PP 38;SERVICIO DE SALUD ANTOFAGASTA DIRECCION;61.606.200-k;SERVICIO DE SALUD ANTOFAGASTA DIRECCION;Bolivar 523, Antofagasta;Antofagasta;Región de Antofagasta;LP;Publicada;La presente licitación tiene por objetivo contratar los servicios odontológicos para la ejecución del Programa ESTRATEGIAS DE SALUD BUCAL en su componente: GES 60 AÑOS Y ATENCIÓN ODONTOLÓGICA INTEGRAL DE HOMBRES DE 20 AÑOS O MÁS, CALAMA 2025, con la finalidad de otorgar la prestación definida en especificaciones técnicas adjuntas a estas bases como: -ALTA ODONTOLÓGICA INTEGRAL EN ADULTO 60 AÑOS, Beneficiarios de FONASA y/o PRAIS en cantidad de 138 -ALTA ATENCIÓN ODONTOLÓGICA INTEGRAL DE HOMBRES, a hombres de 20 años, Beneficiarios de FONASA y/o PRAIS en cantidad de 80 altas con prótesis y 113 altas sin prótesis de la comuna de Calama. Toda persona de 60 años, 11 meses y 29 días de edad, beneficiario FONASA o PRAIS, tendrá acceso a tratamiento el cual debe iniciarse dentro de 90 días desde la solicitud de atención, la que debe realizarse mientras la persona tenga 60 años.;2025-04-09T13:48:48.887;2025-04-29T10:00:00;2025-05-20T10:02:00;;CLP;0;0
1380-95-LR25;PPTA 61-25 ADQUISICIÓN DE PINZAS LIGASURE Y OTROS;HOSPITAL DOCTOR HERNAN HENRIQUEZ ARAVENA;61.602.232-6;HOSPITAL DOCTOR HERNAN HENRIQUEZ ARAVENA;Manuel Montt 115;Temuco;Región de la Araucanía;LR;Publicada;Se requiere de pinzas y tijera para ser utilizadas en pabellón central del Hospital, las cuales debe considerar la seis 6 unidades de generadores para toda la duración del contrato. Las presentes bases se refieren a las condiciones y características técnicas requeridas para la ADQUISICIÓN DE PINZAS LIGASURE Y OTROS, en adelante: los Insumos, por el periodo de 12 meses. La adquisición se realizará en concordancia con el Plan Anual de Compras 2025 PAC 2025, la legislación vigente, bases administrativas y técnicas, especificaciones técnicas que se detallan en el Anexo N 3A al N 3H, y entre otros que constituyen el requerido llamado a licitación.;2025-04-09T13:46:05.263;2025-05-09T15:00:00;2025-08-07T17:00:00;;CLP;0;0
3562-17-LQ25;MEJORAMIENTO PLAZA Y MULTICANCHA EL RECUERDO;I MUNICIPALIDAD DE LA CALERA;69.060.300-4;Secretaria de Planificacion;Avenida Marathon N 312;La Calera;Región de Valparaíso;LQ;Publicada;La Ilustre Municipalidad de La Calera, requiere contratar el MEJORAMIENTO PLAZA Y MULTICANCHA POBLACIÓN EL RECUERDO, LA CALERA, Código BIB N 40066752-0, para cuyos efectos invita a personas naturales, jurídicas y uniones temporales de proveedores a formular ofertas conforme a lo dispuesto en las presentes Bases Administrativas y Técnicas;2025-04-09T13:46:43.28;2025-04-29T18:41:00;2025-04-29T19:00:00;;CLP;0;0
744835-39-L125;MANTENCION RETROEXCAVADORA;I MUNICIPALIDAD DE LO ESPEJO;69.255.100-1;Departamento de Adquisiciones;Av. Cardenal Raúl Silva Henríquez N 8321;Lo Espejo;Región Metropolitana de Santiago;L1;Publicada;SOLICITUD DE MATERIALES N 1100/59/025/2025 DIRECCIÓN DE SERVICIOS GENERALES MANTENCION RETROEXCAVADORA 1500 HORAS;2025-04-09T13:42:29.84;2025-04-16T15:27:00;2025-05-16T15:28:00;;CLP;0;0
2306-30-LE25;SS LIMPIEZA Y MANTENCION COMBUSTIONES LENTA A LEÑA;I MUNICIPALIDAD DE OSORNO;69.210.100-6;IMUNI_OSORNO DEPTO EDUCACION;AVDA. JUAN MACKENNA N851, Bodega Subsuelo;Osorno;Región de los Lagos;LE;Publicada;SERVICIO DE LIMPIEZA Y MANTENCION DE COMBUSTIONES LENTA A LEÑA EN ESTABLECIMIENTOS EDUCACIONALES MUNICIPALES Y JARDINES VTFJUNJI DE LA COMUNA DE OSORNO, AÑO 2025,SEGUN BASES ADMINISTRATIVAS, ESPECIFICACIONES TECNICAS Y DEMAS ANTECEDENTES ADJUNTOS.;2025-04-09T13:44:00.433;2025-04-21T15:01:00;2025-04-30T18:51:00;9115000;CLP;0;0
2709-46-LE25;SERVICIO DE ARRIENDO DE CAMION GRUA PARA RETIRO DE VEHICULOS ABANDONADOS;MUNICIPALIDAD DE OVALLE;69.040.700-0;Municipalidad de Ovalle - Secplan;Vicuña Mackenna 441;Ovalle;Región de Coquimbo;LE;Publicada;SERVICIO DE ARRIENDO DE CAMION GRUA PARA RETIRO DE VEHICULOS ABANDONADOS;2025-04-09T13:40:25.157;2025-04-21T15:05:00;2025-05-26T17:27:00;24000000;CLP;0;0
1261-21-LR25;Campaña Comunicacional Programa Residuos;GOBIERNO REGIONAL REGION METROPOLITANA;61.923.200-3;PROGRAMAS REGIONALES - PROGRAMA 02;Bandera N 46;Santiago Centro;Región Metropolitana de Santiago;LR;Publicada;Disponer de los servicios del Componente N 1 denominado CAMPAÑA COMUNICACIONAL PARA EL PROGRAMA DE SENSIBILIZACIÓN E INSTALACIÓN DE CAPACIDADES PARA LA VALORIZACIÓN COMUNITARIA DE RESIDUOS SÓLIDOS ORGÁNICOS EN LA REGIÓN METROPOLITANA DE SANTIAGO;2025-04-09T13:30:18.893;2025-05-09T15:00:00;2025-06-09T15:30:00;;CLP;0;0
5184-35-LP25;SERVICIO DE PROCESAMIENTO DIAGNOSTICO DE BIOPSIAS;SERVICIO DE SALUD DEL MAULE HOSPITAL DE LINARES;61.606.917-9;CONTRATOS-SUMINISTRO;Brasil N 753;Linares;Región del Maule;LP;Publicada;SERVICIO DE PROCESAMIENTO DIAGNOSTICO DE BIOPSIAS;2025-04-09T13:29:28.957;2025-04-30T10:00:00;2025-06-11T18:00:00;200000000;CLP;0;0
2981-60-LE25;SUMINISTRO DE TIMBRES;POLICIA DE INVESTIGACIONES DE CHILE;60.506.000-5;DEPARTAMENTO ADMINISTRATIVO;GENERAL MACKENNA 1370, Secc. Almacenes;Santiago Centro;Región Metropolitana de Santiago;LE;Publicada;SEGÚN RESOLEX N169, DEL 09.ABR.025, DEL DEPADM;2025-04-09T13:23:28.477;2025-04-22T19:00:00;2025-05-05T19:00:00;20000000;CLP;0;0
2591-64-LE25;ADQ. MERCADERIA PARA PRO. DÍA SOL DEL TAMARUGAL;ILUSTRE MUNICIPALIDAD DE POZO ALMONTE;83.017.500-8;IMUNI_POZOALMONTE ADQUISICIONES;BALMACEDA 276;Pozo Almonte;Región de Tarapacá;LE;Publicada;SOLICITADO POR DIDECO CEDIAM POR ERIKA ROJAS, SEGÚN SOL INTERNA NRO. 390, CÓDIGO DE INTRANET NRO.3151, CERT. DISPONIBILIDAD NRO.240, DECRETO DE PUBLICACIÓN NRO. 342-2025.;2025-04-09T13:19:22.493;2025-04-21T17:25:00;2025-05-22T17:26:00;13500000;CLP;0;0
1134432-18-LE25;Provisión profesionales para la escuela de música infantil y juvenil de la casa de la cultura de Puchuncaví para el año 2025;I MUNICIPALIDAD DE PUCHUNCAVI;69.060.800-6;Direccion de Adquisiciones;Avenida Bernardo OHiggins N 70;Puchuncaví;Región de Valparaíso;LE;Publicada;Servicio de provisión profesionales para la escuela de música infantil y juvenil de la casa de la cultura de Puchuncaví para el año 2025, según requerimiento de la Dirección de Desarrollo Comunitario.;2025-04-09T13:19:20.4;2025-04-21T15:30:00;2025-04-25T18:00:00;32558400;CLP;0;0
3563-6-LE25;CONSULTAS OFTALMOLOGIA INTEGRAL RESOLUTIVIDAD 2025;ILUSTRE MUNICIPALIDAD TEODORO SCHMIDT;69.252.100-5;ILUSTRE MUNICIPALIDAD TEODORO SCHMIDT;BALMACEDA 410;Teodoro Schmidt;Región de la Araucanía;LE;Publicada;SERVICIOS DE CONSULTAS PROFESIONALES DE OFTALMOLOGIA INTEGRAL, PARA PACIENTES EN LISTA DE ESPERA DE ESTA ESPECIALIDAD, DE LA COMUNA DE TEODORO SCHMIDT. PROGRAMA RESOLUTIVIDAD AÑO 2025. LOS SERVICIOS DEBEN SER EJECUTADOS EN DEPENDENCIAS DE LOS CENTROS DE SALUD DE LA COMUNA, PARA FACILITAR EL ACCESO DE LOS PACIENTES. SE ADJUNTA TTRR.;2025-04-09T13:18:56.197;2025-04-21T17:25:00;2025-04-25T17:26:00;7350000;CLP;0;0
2369-11-LP25;PP 4 MEJ CONJUNTO HAB. PUCARANI;I MUNICIPALIDAD DE ARICA;69.010.100-9;SECRETARIA COMUNAL DE PLANIFICACIÓN;RAFAEL SOTOMAYOR N 415;Arica;Región de Arica y Parinacota;LP;Publicada;Mejoramiento del conjunto habitacional Pucarani;2025-04-09T13:17:30.11;2025-04-29T16:00:00;2025-08-26T17:00:00;;CLP;0;0
838104-19-LE25;CMCP COMPRA DE RODILLO DE PLANCHADO ELÉCTRICO;COMANDO DE APOYO A LA FUERZA;73.923.800-5;División de Bienestar ZB Región Metropolitana BSoc;Avda. Neptuno N 097, Villa Militar Oeste, Estación Central;Estación Central;Región Metropolitana de Santiago;LE;Publicada;CMCP COMPRA DE RODILLO DE PLANCHADO ELÉCTRICO RECEPCIÓN CMCP: SG1 MANUEL GALAZ JARA E-MAIL: magj1975magj@gmail.com FONO: +569 6351 4516 FACTURAR Y DESPACHAR: C.C. 1100080053 FONDOS PAF C.F. 350090 BIENESTAR SOCIAL DEL EJÉRCITO GIRO: HOTELERÍA Y SERVICIOS AFINES RUT.: 73.923.800-5 DIRECCIÓN: LAS PALMAS 384, COMUNA PEÑALOLÉN SE SOLICITA ACEPTAR ORDEN DE COMPRA EN EL SISTEMA.;2025-04-09T13:17:03.17;2025-04-21T17:00:00;2025-04-28T17:00:00;;CLP;0;0
2263-28-LE25;Maderas diferentes Puentes Unidad Puentes;MINISTERIO DE OBRAS PUBLICAS DIREC CION GRAL DE OO PP DCYF;61.202.000-0;Dirección de Vialidad - IX Región - Provincia de Malleco;Lautaro 17;Angol;Región de la Araucanía;LE;Publicada;Maderas diferentes Puentes Unidad Puentes;2025-04-09T13:15:33.173;2025-04-16T09:57:00;2025-04-17T09:58:00;;CLP;0;0
1628-2-LE25;COMPRA DE SERVICIOS PRESTACIONES PODOLOGICAS;SERVICIO DE SALUD HOSPITAL DE GRANEROS;61.602.132-k;Hospital Santa Filomena de Graneros;Avenida La Compañia 550;Graneros;Región del Libertador General Bernardo OHiggins;LE;Publicada;ADQUISICIÓN DE SERVICIOS DE ATENCIONES DE PODOLOGÍCAS INTEGRALES PARA USUARIOS DEL PROGRAMA CARDIOVASCULAR EN LA ATENCIÓN PRIMARIA DE SALUD AÑO 2025;2025-04-09T13:08:54.433;2025-04-21T16:20:00;2025-05-22T16:21:00;;CLP;0;0
956-32-LQ25;Adquisición de Instrumental Maxilofacial para el nuevo Hospital Claudio Vicuña de San Antonio;SERVICIO DE SALUD VALPARAISO SAN ANTONIO;61.606.500-9;SERVICIO DE SALUD VALPARAISO SAN ANTONIO;Av. Brasil 1435;Valparaíso;Región de Valparaíso;LQ;Publicada;La necesidad de realizar un proceso de licitación para la Adquisición de Instrumental Maxilofacial para el nuevo Hospital Claudio Vicuña de San Antonio, requerido por la Subdirección de Desarrollo Institucional de la Dirección del Servicio de Salud Valparaíso San Antonio.;2025-04-09T13:08:51.29;2025-04-29T16:00:00;2025-06-30T16:00:00;175992000;CLP;0;0
2859-26-LE25;CONTRAT. Y EJE. DEL SERV. DE AUDITORIA EXTERNA;UNIVERSIDAD DE ATACAMA;71.236.700-8;SECCIÓN ABASTECIMIENTO;COPAYAPU N 485 COPIAPÓ;Copiapó;Región de Atacama;LE;Publicada;Las presentes bases tienen por objetivo determinar y definir las condiciones generales que se deberán aplicar para la licitación, contratación del servicio de Auditoría Externa de los Estados Financieros del fondo solidario de crédito universitario del año 2024 de la Universidad de Atacama, en el periodo desde el 05 de mayo al 13 de junio del año 2025. Para que una oferta o propuesta se considere válida, debe cumplir con las disposiciones de las presentes Bases Técnicas y Económicas.;2025-04-09T13:02:18.85;2025-04-21T15:30:00;2025-05-05T18:00:00;7000000;CLP;0;0
4560-16-L125;ATENCIONES MÉDICAS PEDIATRA - MÉDICO FAMILIAR;I MUNICIPALIDAD DE LOS ALAMOS DEPTO COMUNAL;69.160.401-2;depto. Educación;;;Región del Biobío;L1;Publicada;FONDOS PIE 2025 COORDINACIÓN PIE-SEP ESTABLECIMIENTOS MUNICIPALES DE LA COMUNA CONTRATACIÓN SERVICIOS MÉDICOS PEDIATRAMÉDICO FAMILIAR.;2025-04-09T12:55:52.633;2025-04-15T14:27:00;2025-04-15T16:00:00;3000000;CLP;0;0
1200-24-LE25;CONT. MANTENCIÓN EQUIPOS CLIMATIZACIÓN PUCÓN-IND;INSTITUTO NACIONAL DE DEPORTES DE CHILE;61.107.000-4;I.N.D. REGION IX;Av. Arturo Prat N 895;Temuco;Región de la Araucanía;LE;Publicada;El Instituto Nacional de Deportes, requiere contratar para el gimnasio de polideportivo de Pucón los servicios de mantención preventiva del sistema de climatización, este servicio permitirá que el edificio se encuentre en óptimas condiciones para su funcionamiento.;2025-04-09T13:04:32.543;2025-04-24T15:40:00;2025-05-09T18:00:00;;CLP;0;0
4559-29-L125;MANTENCIÓN Y REPARACIÓN EQUIPOS DENTALES;I MUNICIPALIDAD DE LOS ALAMOS DEPTO COMUNAL;69.160.402-0;Depto. Salud;Pedro Eyheramendy 835;Los Alamos;Región del Biobío;L1;Publicada;CONVENIO DE SERVICIOS DE MANTENCIÓN Y REPARACIÓN DE EQUIPOS DENTALES DE ESTABLECIMIENTOS DE SALUD DE LA COMUNA DE LOS ÁLAMOS PERIODO 2025 AL 31 DE DICIEMBRE 2025;2025-04-09T12:54:56.23;2025-04-16T15:30:00;2025-04-30T16:00:00;;CLP;0;0
4559-30-LE25;CANASTAS DE OTORRINOLARINGOLOGÍA;I MUNICIPALIDAD DE LOS ALAMOS DEPTO COMUNAL;69.160.402-0;Depto. Salud;Pedro Eyheramendy 835;Los Alamos;Región del Biobío;LE;Publicada;ORIENTADO AL DIAGNÓSTICO Y TRATAMIENTO DE PROBLEMAS DE HIPOACUSIA,SÍNDROME VERTIGINOSO , EPISTAXIS, OTITIS AGUDA Y CRÓNICA EN POBLACIÓN DE ENTRE 15 Y MÁS AÑOS,OBSTRUCCIÓN DEL CONDUCTO AUDITIVO EXTERNO POR CERUMEN QUE NO HAN TENIDO RESPUESTA A TRATAMIENTO INICIAL.;2025-04-09T12:55:00;2025-04-17T15:30:00;2025-04-30T17:35:00;;CLP;0;0
2335-27-LE25;MEDICAMENTOS OP 156;I MUNICIPALIDAD DE LINARES;69.130.301-2;ADQUISICIONES SALUD;VALENTIN LETELIER 587;Linares;Región del Maule;LE;Publicada;LAS NECESIDADES DEL DEPTO DE SALUD EN LA COMPRA DE MEDICAMENTOS PARA BODEGA FARMACIA Y SU POSTERIOR DISTRIBUCION A SUS DIRENETES ESTABLECIMIENTOS DE SALUD, SEGUN LO SOLICITADO EN ORDEN DE PEDIDO N156;2025-04-09T12:47:53.207;2025-04-16T16:00:00;2025-04-28T16:00:00;30000000;CLP;0;0
1952-33-LP25;ACCIONES DE SALUD HORAS MÉDICAS DE ATENCION CERRADA PARA HOSPITAL VILLARRICA;Hospital Villarrica;61.602.248-2;Hospital Villarrica;San Martín 460;Villarrica;Región de la Araucanía;LP;Publicada;El objetivo principal de esta Propuesta es la compra de servicios de hora de especialidad médica de atención cerrada, enfocadas en subsanar la problemática de especialistas producida en el hospital, específicamente en el área de urgencia, en la medida en que cada Servicio lo requiera, según dotación solicitada en la presentes bases técnicas, en las mejores condiciones posibles para ambas partes, en dependencias del Hospital Villarrica, como se detallan en las bases técnicas y las cantidades en el Anexo N 1;2025-04-09T12:47:36.28;2025-04-28T15:30:00;2025-07-25T23:59:00;;CLP;0;0
2483-58-LE25;SUMINISTRO DE AYUDAS TÉCNICAS DESTINADAS A PERSONAS YO FAMILIAS VULNERABLES DE LA COMUNA;I MUNICIPALIDAD DE QUILICURA;69.071.300-4;DEPARTAMENTO COMPRAS PÚBLICAS;;;Región Metropolitana de Santiago;LE;Publicada;SUMINISTRO DE AYUDAS TÉCNICAS DESTINADAS A PERSONAS Y/O FAMILIAS VULNERABLES DE LA COMUNA DECRETO ALCALDICIO E. N1285 APRUEBA BASES;2025-04-09T12:42:55.927;2025-04-22T15:00:00;2025-05-30T18:00:00;;CLP;0;0
4883-15-LE25;Servicio de aseo mantenimiento y correspondencia;SUBSECRETARÍA DE LAS CULTURAS Y LAS ARTES;65.523.750-k;Consejo Regional de la Cultura y las Artes Valparaíso;;;Región de Valparaíso;LE;Publicada;Servicio de aseo, mantenimiento y correspondencia para oficina de enlace de la SEREMI ubicada en Isla de Pascua, periodo 2025-2027;2025-04-09T12:37:15.267;2025-04-21T16:22:00;2025-05-08T16:23:00;;CLP;0;0
2308-38-LE25;CONTRATO DE SUMINISTRO MATERIALES DE CONSTRUCCIÓN;I MUNICIPALIDAD DE OSORNO;69.210.100-6;SECRETARIA DE PLANIFICACION;AVDA. JUAN MACKENNA N851, Bodega Subsuelo;Osorno;Región de los Lagos;LE;Publicada;La presente licitación se refiere a la adquisición vía convenio de suministro de materiales de construcción para ser entregadas como ayuda social o emergencias;2025-04-09T12:33:27.27;2025-04-21T16:00:00;2025-05-22T16:00:00;;CLP;0;0
1057539-76-LQ25;SERV. CIRUGIAS TRAUMATOLOGICAS;HOSPITAL PUERTO MONTT SERVICIO DE SALUD DEL RELONCAVI;61.975.100-0;Bienes y Servicios;;;Región de los Lagos;LQ;Publicada;La presente licitación tiene por objeto la contratación de un equipo médico especializado para la realización de cirugías en la especialidad de traumatología, en el marco de la línea programática de urgencia del Hospital de Puerto Montt, cuya justificación es garantizar la continuidad de la atención a los pacientes asegurando el acceso a tratamientos y procedimientos médicos esenciales para la población. Teniendo en vista que la demanda asistencial ha aumentado significativamente en los últimos años, con un crecimiento sostenido en consultas, hospitalizaciones y atenciones de urgencia, lo que hace imprescindible contar con los procedimientos necesarios para dar respuesta oportuna y eficiente a los requerimientos de los usuarios. Que, a su vez, la resolutividad de los pacientes que ingresan a la unidad de urgencias es fundamental para descongestionar la atención hospitalaria y garantizar una repuesta adecuada a tiempos críticos. El servicio de urgencias del Hospital atiende un alto volumen diario de consultas médico-quirúrgico, lo que destaca la importancia de garantizar una atención oportuna y eficiente.;2025-04-09T12:31:39.727;2025-04-29T15:00:00;2025-08-27T15:00:00;265050000;CLP;0;0
1350296-52-B225;LLAMADO PRIVADO PARA LA ADQUISICIÓN DE IMPLANTES DE TRAUMATOLOGÍA DESTINADOS AL HOSPITAL ALTO HOSPICIO POR 12 MESES;HOSPITAL DE ALTO HOSPICIO;65.228.694-1;ABASTECIMIENTO HAH;;;Región de Tarapacá;B2;Publicada;Que, la necesidad se sustenta en que se requiere contratar los servicios de suministros de material de ortopedia y traumatología en función de la pronta apertura de las unidades de pabellón del hospital, a fin de brindar un servicio de calidad para los futuros usuarios de este recinto hospitalario.;2025-04-09T12:25:55.743;2025-04-30T15:00:00;2025-08-28T18:00:00;120785000;CLP;0;0
1704-15-LR25;SERVICIO DE MANTENIMIENTO PREVENTIVO CALDERAS PANELES SOLARES BOMBAS DE RECIRCULACIÓN PARA EL HOSPITAL BIPROVINCIAL QUILLOTA PETORCA;SERVICIO DE SALUD VINA DEL MAR QUILLOTA;61.606.608-0;Hospital San Martín de Quillota;LA CONCEPCION 1050;Quillota;Región de Valparaíso;LR;Publicada;Estas bases de licitación orientan, fijan y determinan las normas y procedimientos por las que deben regirse las personas naturales y jurídicas interesadas en participar en el llamado a propuesta para las Servicio de mantenimiento preventivo calderas, paneles solares, bombas de recirculación para el Hospital Biprovincial Quillota Petorca;2025-04-09T12:26:42.3;2025-05-12T15:00:00;2025-06-04T18:00:00;;CLP;0;0
2741-39-LP25;ADQUISICION ECOGRAFO PARA EL CESFAM DR. SEGISMUNDO;I MUNICIPALIDAD DE SAN FELIPE;69.050.600-9;SECPLA - MUNISANFE;SALINAS 1211;San Felipe;Región de Valparaíso;LP;Publicada;ADQUISICION ECOGRAFO PARA EL CESFAM DR. SEGISMUNDO ITURRA TAITO;2025-04-09T12:28:43.06;2025-04-29T12:00:00;2025-05-29T19:55:00;70000000;CLP;0;0
2279-40-LE25;SP 293 SERVICIO DE PRODUCCION FERIA DE EMPRENDEDORES;MUNICIPALIDAD DE PUDAHUEL;69.071.100-1;IMUNI_PUDAHUEL ADQUISICIONES;SAN PABLO 8444;Pudahuel;Región Metropolitana de Santiago;LE;Publicada;Se requiere la contratación del Servicio de Producción Feria de Emprendedores en conmemoración de la labor de la madre según lo solicitado en bases técnicas;2025-04-09T12:21:34.36;2025-04-21T15:30:00;2025-04-30T17:30:00;12000000;CLP;0;0
1288512-1-LE25;SERVICIO PRIVADO DE GUARDIAS DE SEGURIDAD ART;SERVICIO NACIONAL DEL PATRIMONIO CULTURAL;60.905.000-4;DIRECCIÓN REGIONAL DE TARAPACÁ;Baquedano N 801;Iquique;Región de Tarapacá;LE;Publicada;Servicio de SERVICIO PRIVADO DE GUARDIAS DE SEGURIDAD Y VIGILANCIA PARA EL TERRENO ARCHIVO REGIONAL DE TARAPACÁ, COMUNA DE ALTO HOSPICIO por un período de 12 meses.;2025-04-09T12:22:26.92;2025-04-21T20:00:00;2025-04-29T16:00:00;51840000;CLP;0;0
895-7-LE25;AIF CONSTRUCCIÓN ESTAC. FLUV. RIO CHOAPA -CANELA;MINISTERIO DE OBRAS PUBLICAS DIREC CION GRAL DE OO PP DCYF;61.202.000-0;Dirección General de Aguas - IV Región;CIRUJANO VIDELA N 200 SEGUNDO PISO, LA SERENA;La Serena;Región de Coquimbo;LE;Publicada;La prestación de servicios tiene como objetivo asesorar a la Inspección Fiscal para la CONSTRUCCIÓN DE LA ESTACIÓN FLUVIOMÉTRICA RÍO CHOAPA AGUAS ARRIBA ESTERO LA CANELA, REGIÓN DE COQUIMBO AÑO 2025, cuya Licitación de obras corresponden a ID N 895-6-LP25, aportando el apoyo técnico y profesional especializado en la revisión de la correcta ejecución de las labores propias de los contratos de construcción de la estación fluviométrica, tanto en los procesos de revisión de etapas parciales, como en la coordinación con el Jefe de Obras o Representante Legal de las empresa adjudicada para la construcción. 2.1. Objetivos Específicos a Apoyo técnico al Inspector Fiscal en la revisión del cumplimiento del contrato de obras en ejecución. Adicionalmente, deberá responder a las consultas emanadas desde la Inspección Fiscal del contrato en el contexto referido. Lo anterior, deberá ajustarse al cronograma de trabajo, lo cual será formalizado con su entrega por parte de la empresa constructora al Jefe Regional de Hidrología. b Mantener sucesivos apoyos en terreno en coordinación con el Inspector Fiscal, con el fin de realizar el seguimiento de las labores que forman parte del contrato de construcción. c Asegurar la calidad de la obra, y prevenir eventuales daños estructurales o incumplimientos durante su construcción. d Garantizar que se cumpla un estándar de seguridad adecuado para prevenir eventuales riesgos asociados a la ejecución de la obra. e Generar un reporte de las actividades realizadas y proponer mejoras para futuros proyectos.;2025-04-09T12:24:10.643;2025-04-21T16:30:00;2025-05-05T15:30:00;20000000;CLP;0;0
2440-65-LE25;Servicio de Plataforma Educativa de Gestión Escolar para el Establecimiento Educacional Liceo Zapallar;I MUNICIPALIDAD DE CURICO;69.100.100-8;Municipalidad de Curicó - Educación - Adquisiciones;;;Región del Maule;LE;Publicada;El Departamento de Administración de Educación Municipal de Curicó requiere contratar, Servicio de Plataforma Educativa de Gestión Escolar para el Establecimiento Educacional Liceo Zapallar;2025-04-09T12:15:30.403;2025-04-21T17:32:00;2025-05-09T10:00:00;13100000;CLP;0;0
1343645-8-CO25;Profesional Geógrafo o Ingeniero Ambiental;I MUNICIPALIDAD DE O HIGGINS;69.253.500-6;SECPLAN;Lago Christie 121;O Higgins;Región Aysén del General Carlos Ibáñez del Campo;CO;Publicada;Profesional en el área de Geografía o Ingeniaría Ambiental para desempeñarse en el apoyo y gestiones pertinentes al Plan de Acción Comuna de Cambio Climático PACCC;2025-04-09T12:16:03.207;2025-04-15T15:02:00;2025-04-21T18:47:00;;CLP;0;0
2440-66-L125;Plataforma Digital de Gestión Curricular para el Establecimiento Educacional Escuela Balmaceda;I MUNICIPALIDAD DE CURICO;69.100.100-8;Municipalidad de Curicó - Educación - Adquisiciones;;;Región del Maule;L1;Publicada;El Departamento de Administración de Educación Municipal de Curicó requiere contratar, Plataforma Digital de Gestión Curricular para el Establecimiento Educacional Escuela Balmaceda;2025-04-09T12:19:34.34;2025-04-16T13:36:00;2025-05-07T11:00:00;5000000;CLP;0;0
608897-20-LE25;DISEÑO Y EJECUCIÓN 2025 DE UN CURSO E-LEARNING ORIENTADO A LA CIUDADANÍA DE PREVENCIÓN DEL DESPERDICIO DE ALIMENTOS Y VALORIZACIÓN DE RESIDUOS ORGÁNICOS;SUBSECRETARIA DEL MEDIO AMBIENTE;61.979.930-5;Subsecretaría del Medio Ambiente;San Martín 73, piso 1;Santiago;Región Metropolitana de Santiago;LE;Publicada;E102RT9 realizar un diseño y ejecución de un curso e-learning orientado a la ciudadanía, de prevención del desperdicio de alimentos y valorización de residuos orgánicos;2025-04-09T12:13:01.16;2025-04-21T15:30:00;2025-05-21T16:00:00;12000000;CLP;0;0
3349-14-LE25;mantenimiento y reparación de equipos del rancho;COMANDO DE APOYO A LA FUERZA;65.283.230-K;2da Brigada Acorazada Cazadores - 2DA BRIACO;Panamericana Norte S/N;Pozo Almonte;Región de Tarapacá;LE;Publicada;Llama a licitación pública y aprueba bases para la contratación de mantenimiento y reparación de equipos de rancho de la 2da. Brigada Acorazada Cazadores.;2025-04-09T12:20:03.813;2025-04-21T15:05:00;2025-05-15T17:26:00;;CLP;0;0
2455-34-LR25;SERVICIO DE LIMPIEZA Y BARRIDO MANUAL DE CALLES;ILUSTRE MUNICIPALIDAD DE QUINTA NORMAL;69.071.000-5;SECRETARIA COMUNAL DE PLANIFICACIÓN;Av. Carrascal 4447, Quinta Normal;Quinta Normal;Región Metropolitana de Santiago;LR;Publicada;El presente certamen licitatorio tiene por finalidad convocar a los interesados, para que presenten sus ofertas para los servicios de CONCESIÓN DEL SERVICIO DE LIMPIEZA Y BARRIDO MANUAL DE CALLES PARA LA COMUNA DE QUINTA NORMAL. Los servicios requeridos se encuentran descritos en las Especificaciones Técnicas de la presente propuesta. El periodo de contratación de los servicios será de 2 años 24 meses, a partir de la fecha establecida como inicio de los servicios.;2025-04-09T12:12:05.023;2025-05-12T15:30:00;2025-07-25T17:46:00;600000000;CLP;0;0
3710-16-LE25;Ctto. Suministro oxigeno medicinal y arriendo cilindros CESFAM Victoria;I MUNICIPALIDAD DE VICTORIA;69.180.900-5;Salud;Muñoz Vargas 730;Victoria;Región de la Araucanía;LE;Publicada;Ctto. Suministro oxigeno medicinal y arriendo cilindros CESFAM Victoria;2025-04-09T12:11:17.74;2025-04-16T10:00:00;2025-05-22T18:40:00;9000000;CLP;0;0
1057536-23-LR25;EQUIPOS PARA CESFAM ANGELMO;SERVICIO SALUD DEL RELONCAVI;61.607.700-7;Servicio de Salud del Reloncaví;ESMERALDA 269, PISO 5 POBL. ESMERALDA;Puerto Montt;Región de los Lagos;LR;Publicada;EQUIPOS PARA CESFAM ANGELMO;2025-04-09T11:58:22.55;2025-05-09T16:00:00;2025-06-16T16:00:00;;CLP;0;0
1218463-3-LE25;HABILITACION SALAS COLEGIO EL ROMERO;CORP.MUNICIPAL GABRIEL GONZALEZ VIDELA DE LA SERENA;70.892.100-9;Área Educación SEP;Ánima de Diego 550;La Serena;Región de Coquimbo;LE;Publicada;La Corporación Municipal Gabriel González Videla, a través de la Unidad de Infraestructura y Proyectos, requiere intervenir las salas de primero y segundo básico del establecimiento para que el traslado de kínder a enseñanza básica de los párvulos no sea tan difícil. La sala de calma se debe habilitar para dar cumplimiento a la Ley N 21.545.;2025-04-09T12:06:37.757;2025-04-22T15:00:00;2025-05-22T16:30:00;22254488;CLP;0;0
2908-7-LE25;Convenio suministro Programa Imágenes diagnósticas;I MUNICIPALIDAD DE LANCO;69.200.300-4;Departamento de Salud;libertad 251;Lanco;Región de Los Ríos;LE;Publicada;CONVENIO DE SUMINISTRO PROGRAMA IMÁGENES DIAGNOSTICASAÑO 2025;2025-04-09T11:56:28.19;2025-04-21T17:00:00;2025-05-23T15:32:00;;CLP;0;0
2021-2-LR25;CONT. SERVICIO DE SUMINISTRO PASAJES INTER. EMCO;ESTADO MAYOR CONJUNTO;61.101.040-0;Estado Mayor Conjunto;Zenteno N 45, piso 8,ala sur;Santiago;Región Metropolitana de Santiago;LR;Publicada;El EMCO llama a licitación pública para la contratación del servicio de suministro de pasajes internacionales, seguros y servicios asociados ara el Estado Mayor Conjunto de acuerdo con los requerimientos administrativos y técnicos señalados las presentes bases.;2025-04-09T11:53:30.93;2025-05-09T12:00:00;2025-06-24T19:00:00;366894.8;USD;0;0
2667-26-LE25;SERVICIO DE RETIRO TRANSPORTE Y DISPOSICIÓN FINAL DE RESIDUOS PELIGROSOS Y ESPECIALES EN ESTABLECIMIENTOS DE SALUD MUNICIPAL REAS;I MUNICIPALIDAD DE VITACURA;69.255.600-3;SECPLA;AVDA. BICENTENARIO N 3800.;Vitacura;Región Metropolitana de Santiago;LE;Publicada;El objeto de la presente licitación es contratar a una persona natural o jurídica, que se encargue de gestionar de manera integral los residuos peligrosos y especiales generados en los establecimientos de atención de salud municipales, cumpliendo con la normativa vigente en materia de gestión de residuos. Este servicio debe garantizar el manejo adecuado, seguro y eficiente de los residuos, contribuyendo a la protección del medio ambiente y la salud pública. El servicio comprende diversas actividades esenciales para la correcta gestión de los residuos, entre las cuales se incluyen: Retiro y transporte: El adjudicatario deberá realizar el retiro de los residuos peligrosos y especiales de los establecimientos de salud, asegurando que el transporte se realice bajo las condiciones establecidas por la legislación vigente, utilizando vehículos adecuados y equipos especializados para evitar cualquier tipo de contaminación o riesgo durante el traslado. Tratamiento y eliminación: El contratista deberá garantizar que los residuos sean tratados y eliminados de acuerdo con los métodos más eficientes y respetuosos con el medio ambiente. Esto incluye la aplicación de tecnologías de tratamiento que minimicen el impacto ambiental y que cumplan con los requisitos legales y normativos aplicables. Disposición final: El adjudicatario se encargará de la disposición final de los residuos, asegurando que se realice en instalaciones autorizadas, que cuenten con todos los permisos y cumplan con las normativas de seguridad y medioambientales correspondientes. Suministro de insumos: El servicio incluye también el suministro de los insumos necesarios para la correcta gestión de los residuos, tales como contenedores especiales, bolsas y otros materiales que sean requeridos para llevar a cabo las actividades mencionadas de manera segura y conforme a la legislación. Este servicio deberá ser continuo y permanente durante un período de 24 meses, o hasta agotar los recursos disponibles (Numeral 6.1 de las BAE), garantizando que todos los residuos peligrosos y especiales generados en los establecimientos de atención de salud municipales sean gestionados de forma oportuna y sin interrupciones.;2025-04-09T11:51:12.89;2025-04-28T15:00:00;2025-06-11T21:00:00;;CLP;0;0
1705-9-LE25;CONVENIO DE LABORATORIO DENTAL 2025;HOSPITAL ADRIANA COUSINO DE QUINTERO;61.606.603-k;Hospital Quintero;Aranguiz Tudela 380;Quintero;Región de Valparaíso;LE;Publicada;Este organismo público, en el ámbito de ejecución de sus planes y políticas tendientes a mejorar la calidad de sus prestaciones de salud que otorga sus pacientes, quien en adelante se denominará El Hospital de Quintero, mediante acto e instrumento viene a llamar a Licitación Pública, conforme a procedimientos que regula la Ley N19.886, de las bases Sobre Contratos Administrativos de Suministro y Prestaciones de Servicios y su reglamento a través del portal www.mercadopublico.cl que se refiere a adquisición CONVENIO DE PRÓTESIS DENTALES PARA EL SERVICIO DE ODONTOLOGÍA para pacientes de Hospital de Quintero.;2025-04-09T11:49:39.807;2025-04-22T12:13:00;2025-05-21T12:14:00;;CLP;0;0
4037-41-L125;INSUMOS VETERINARIOS DIDECO;I MUNICIPALIDAD DE FRESIA;69.220.400-K;Departamento de adquisiciones y abastecimiento;San Francisco 124;Fresia;Región de los Lagos;L1;Publicada;INSUMOS VETERINARIOS PARA VETERINARIA MUNICIPAL DIDECO;2025-04-09T11:49:26.247;2025-04-16T11:43:00;2025-04-29T11:44:00;1890912;CLP;0;0
948354-42-LP25;CONTRATACIÓN DEL SERVICIO DE INFORMES DE EXÁMENES DE IMAGENOLOGÍA PARA EL HOSPITAL DIPRECA;FONDO HOSPITAL DE LA DIRECCION DE PREVISION DE CARABINEROS DE CHILE;61.513.003-6;Unidad de Compra de Bienes y Servicios;;;Región Metropolitana de Santiago;LP;Publicada;El Hospital de la Dirección de Previsión de Carabineros de Chile, ubicado en Vital Apoquindo N1.200, Comuna de Las Condes, Región Metropolitana, en adelante EL HOSPITAL, llama a Licitación Pública para la Contratación del Servicio de Informes de Exámenes de Imagenología, en adelante EL SERVICIO, por un periodo de 24 meses o hasta que se consuma la totalidad del monto contratado, de acuerdo a lo primero que ocurra, para el referido Centro Asistencial, cuyas características y requisitos técnicos constan en las Bases Administrativas y Técnicas de esta Licitación con sus respectivos anexos.;2025-04-09T11:43:30.52;2025-04-29T16:00:00;2025-09-09T14:28:00;160000000;CLP;0;0
1063535-22-LP25;MEDICAMENTOS INYECTABLES Y OTROS;HOSPITAL BASE OSORNO;61.602.260-1;Fármacos;Guilermo Buhler 1765 Osorno;Osorno;Región de los Lagos;LP;Publicada;PROVEER MEDICAMENTOS A PACIENTES BENEFICIARIOS DEL HBSJO;2025-04-09T11:42:30.993;2025-04-21T17:00:00;2025-06-20T17:00:00;;CLP;0;0
2279-39-LE25;SP 290 SERVICIO DE PRODUCCION PUEBLOS ORIGINARIOS;MUNICIPALIDAD DE PUDAHUEL;69.071.100-1;IMUNI_PUDAHUEL ADQUISICIONES;SAN PABLO 8444;Pudahuel;Región Metropolitana de Santiago;LE;Publicada;Se requiere la contratación del Servicio de Producción Pueblos Originarios según lo solicitado en bases técnicas;2025-04-09T11:42:03.76;2025-04-21T15:30:00;2025-05-22T17:30:00;18000000;CLP;0;0
712307-34-LE25;Consultoría Evaluación de Proyectos del Programa de Mejoramiento de Viviendas y Barrios Región de la Araucanía;SERVICIO DE VIVIENDA Y URBANIZACION IX REGION;61.821.000-6;Licitaciones y Costos;O'Higgins 830;Temuco;Región de la Araucanía;LE;Publicada;Se requiere la revisión y calificación de expedientes técnicos constructivos de proyectos habitacionales de atención al déficit cualitativo región de la Araucanía, del Programa de Mejoramiento de Viviendas y Barrios regulado por el D.S. N27 (V. y U.), de 2016;2025-04-09T11:41:50.763;2025-04-21T15:01:00;2025-05-05T15:00:00;;CLP;0;0
4081-5-LE25;Libros Unidades Educativas Cabrero;I MUNICIPALIDAD DE CABRERO;69.151.001-8;Departamento De Educacion;Las Delicias n355;Cabrero;Región del Biobío;LE;Publicada;El objetivo de la presente licitación es la adquisición de textos de enseñanza y materiales para trabajo educativo de los alumnos y profesores de las distintas unidades dependientes del Departamento de Educación Municipal de la I. Municipalidad de Cabrero, durante el año académico 2025, dando una respuesta adecuada a sus necesidades, en concordancia con las bases administrativas, bases técnicas, anexos y aclaraciones que pudieran formularse.;2025-04-09T11:40:42.547;2025-04-21T15:01:00;2025-07-21T18:46:00;20500000;CLP;0;0
4707-23-L125;CONSULTA OTORRINO ENTREGA DE AUDIFONO ENTRE OTROS;I MUNICIPALIDAD DE SAN NICOLAS;69.140.802-7;I. MUNICIPALIDAD DE SAN NICOLAS - DEPTO. SALUD;ARTURO PRAT S/N;San Nicolás;Región del Ñuble;L1;Publicada;CANASTA DEBE CONTENER LOS SIGUIENTES ITM, CONSULTA INTEGRAL DE ESPECIALIDAD POR MEDICO OTORRINO, AUDIOMETRIA, ENTREGA DE AUDIFONOS Y A LO MENOS 1 CONTROL DE SEGUIMIENTO A ESTOS PACIENTES ENTREGA DE FARMACOS PARA OTITIS POR UN MES Y SINDROME VERTIGINOSO POR TRES MESES;2025-04-09T11:42:00.933;2025-04-16T13:57:00;2025-05-30T13:59:00;4932660;CLP;0;0
2755-8-LQ25;Servicio de guardias de seguridadI.M.S.A.;I MUNICIPALIDAD DE SAN ANTONIO;69.073.400-1;IMunicipalidad de San Antonio;Av. Barros Luco 2347;San Antonio;Región de Valparaíso;LQ;Publicada;Proteccion de bienes muebles e inmuebles de la municipalidad de San Antonio;2025-04-09T11:39:50.943;2025-04-29T15:00:00;2025-05-29T17:00:00;200000000;CLP;0;0
621-338-LQ25;AP. MECHA ALGINATO PURO 30 A 35 CM LARGO 1000021020;CENTRAL DE ABASTECIMIENTO DEL SISTEMA NACIONAL DE SERVICIO DE SALUD;61.608.700-2;Compras del Giro 621;Bodega Proveedor;Santiago Centro;Región Metropolitana de Santiago;LQ;Publicada;BASES ADMINISTRATIVAS Y TÉCNICAS TIPO, POR LAS QUE SE REGIRÁN LOS PROCESOS DE LICITACIÓN PARA LA ADQUISICIÓN DE PRODUCTOS FARMACÉUTICOS, COSMÉTICOS, VACUNAS, INSUMOS, DISPOSITIVOS, Y/O ALIMENTOS DE USO MÉDICO, DESTINADO AL EJERCICIO DE ACCIONES DE SALUD;2025-04-09T11:39:39.6;2025-04-30T16:00:00;2025-06-02T17:30:00;306304374;CLP;0;0
2021-3-LE25;CONTR. SERV. ARRIENDO BAÑOS QUÍMICOS 2025 CECOPAC;ESTADO MAYOR CONJUNTO;61.101.040-0;Estado Mayor Conjunto;Zenteno N 45, piso 8,ala sur;Santiago;Región Metropolitana de Santiago;LE;Publicada;El EMCO llama a licitación pública para la contratación del Servicio de arriendo de baños químicos para los cursos del CECOPAC, perteneciente al Estado Mayor Conjunto, que se desarrollarán en la comuna de Concón, V Región. Los oferentes participantes en ésta licitación deberán contar con el personal técnico y la capacidad adecuada para el cabal y oportuno cumplimiento de los servicios exigidos en las presentes bases administrativas y en las bases técnicas.;2025-04-09T11:38:20.213;2025-04-24T15:00:00;2025-06-09T19:00:00;;CLP;0;0
2920-22-B225;Construcción Huella calles JF y Doctor Johw;I MUNICIPALIDAD DE JUAN FERNANDEZ;69.252.300-8;I MUNICIPALIDAD DE JUAN FERNANDEZ;Vicente González 210, Juan Fernández;Juan Fernández;Región de Valparaíso;B2;Publicada;la contratación y ejecución de la obra denominada CONSTRUCCIÓN HUELLA DE HORMIGÓN, CALLES JUAN FERNÁNDEZ Y DOCTOR JOHOW, COMUNA JUAN FERNÁNDEZ;2025-04-09T11:37:05.513;2025-04-29T13:00:00;2025-06-12T17:30:00;;CLP;0;0
1079596-9-LE25;SERVICIO DE REPARACION GENERADOR ELECTRICO ARICA;DIRECCION DE LOGISTICA DE CARABINEROS;60.505.101-4;SECCIÓN COMPRAS ZONA CARAB DE ARICA Y PARINACOTA;JUAN NOÉ N 799, ARICA;Arica;Región de Arica y Parinacota;LE;Publicada;El Departamento de Apoyo a las Unidades Policiales, dependiente de la Zona de Carabineros de Arica y Parinacota, requiere la contratación del servicio de provisión para el retiro, reparación e instalación de 03 generadores eléctricos, marca Lister Petter, modelo TR3, de propiedad fiscal, ubicados en los retenes Alcérreca, Caquena y Tacora. Esta visita se efectuará en Av. 18 de septiembre Nro. 1960, Arica, el día JUEVES 10.04.25 a las 16:00 horas y solo se tendrá 5 minutos de espera, deberá llevar consigo el Anexo Visita Técnica, para posteriormente adjuntarlo a su oferta.;2025-04-09T11:35:01.613;2025-04-21T15:05:00;2025-05-22T18:39:00;17000000;CLP;0;0
4076-46-LE25;ADQ. REPUESTOS PARA AVION BEECHCRAFT B200;DIRECCION DE LOGISTICA DE CARABINEROS;60.505.733-0;Prefectura Aérea;Avda. Larraín Nro. 7941;La Reina;Región Metropolitana de Santiago;LE;Publicada;MATERIALIZAR LA ADQ. REPUESTOS PARA AVION BEECHCRAFT B200, DE CARGO DE LA PREFECTURA AEREA DE CARABINEROS, CONFORME A BASES Y ANEXOS ADJUNTOS A LA PRESENTE.;2025-04-09T11:36:07.74;2025-04-17T15:06:00;2025-07-17T15:07:00;;USD;0;0
2392-23-LE25;Registro de Control y Asistencia via web;I MUNICIPALIDAD PEDRO AGUIRRE CERDA;69.254.900-7;SECRETARIA DE PLANIFICACIÓN;Av. Pdte. Salvador Allende 2029 (ex-Salesianos);Pedro Aguirre Cerda;Región Metropolitana de Santiago;LE;Publicada;El servicio a contratar es un sistema de registro de control y asistencia vía web, que se compone por un Software y equipos de lector de huella dactilar y facial por el periodo de vigencia de la Licitación, y en general todo lo necesario para el control de la asistencia de los funcionarios del departamento de salud, permitiendo el envío, recepción, análisis y procesamiento de datos de asistencia y permisos, en tiempo real.;2025-04-09T11:30:48.173;2025-04-15T15:00:00;2025-07-08T16:17:00;30000000;CLP;0;0
1057540-37-LR25;CONVENIO SERVICIO DE VIGILANCIA PARA EL HOSPITAL;SERVICIO SALUD TALCAHUANO HOSPITAL PENCO-LIRQUEN;61.602.198-2;Hospital Penco - Lirquen;Camino a Tome s/n;Penco;Región del Biobío;LR;Publicada;CONVENIO CONTRATACIÓN DE SERVICIOS DE VIGILANCIA Y PROTECCIÓN PARA EL HOSPITAL PENCO-LIRQUÉN. POR DOCE MESES.;2025-04-09T11:28:07.343;2025-05-09T12:10:00;2025-06-12T11:11:00;756302521;CLP;0;0
926-2-LR25;Ejecutivos de información para eventos comunicacionales;SUBSECRETARIA DE TRANSPORTES;61.959.700-1;DIRECTORIO DE TRANSPORTES DE SANTIAGO - MTT;Moneda 975 cuarto piso;Santiago Centro;Región Metropolitana de Santiago;LR;Publicada;adjudicar y contratar un servicio que provea el despliegue en terreno de ejecutivos/as de información (monitores/as) para informar, educar, atender y orientar las necesidades de las personas usuarias y otros actores del Sistema de Transporte de la ciudad de Stgo. (automovilistas, ciclistas, ciudadanía afectada, entre otros), dependiendo del evento que haya que informar. Para cada evento o campaña, los/as ejecutivos/as de información deberán estar disponibles y distribuirse en los distintos puntos de la capital, a fin de prestar apoyo en las tareas necesarias para el cumplimiento de los objetivos específicos del presente proceso;2025-04-09T11:28:04.03;2025-05-12T15:00:00;2025-06-17T21:00:00;;CLP;0;0
2709-54-LE25;SERVICIO DE ARTISTA Y PIEZAS GRAFICAS - ANIVERSARIO OVALLE 2025;MUNICIPALIDAD DE OVALLE;69.040.700-0;Municipalidad de Ovalle - Secplan;Vicuña Mackenna 441;Ovalle;Región de Coquimbo;LE;Publicada;SERVICIO DE ARTISTA Y PIEZAS GRAFICAS - ANIVERSARIO OVALLE 2025;2025-04-09T11:27:06.19;2025-04-14T15:00:00;2025-04-22T17:00:00;11800000;CLP;0;0
1051425-10-LP25;SERV. ESPECIALIZADO HINO Y VOLKSWAGEN DE LA DRV-Ñ.;MINISTERIO DE OBRAS PUBLICAS DIREC CION GRAL DE OO PP DCYF;61.202.000-0;Dirección de Vialidad - Dirección Regional Ñuble;LAZARETO N 7;Chillán;Región del Ñuble;LP;Publicada;La Dirección de Vialidad Región de Ñuble, solicita ofertas para la Servicio especializado de mantención, reparación y habilitación de sistemas de vehículos marca HINO y VOLKSWAGEN pertenecientes a la Dirección de Vialidad región de Ñuble, conforme a los requerimientos administrativos y técnicos descritos en las presentes Bases de Licitación.;2025-04-09T11:18:09.51;2025-04-29T15:00:00;2025-05-29T17:30:00;90000000;CLP;0;0
1180830-16-LP25;EQUIPO EQUIPAM QUIMIOTERAPIA H CALAMA PP 43-2025;SERVICIO DE SALUD ANTOFAGASTA DIRECCION;61.606.200-k;Compras Convenio GORE Antofagasta;Arturo Prat 384;Antofagasta;Región de Antofagasta;LP;Publicada;Las presentes bases Administrativas tienen por objetivo regular y normar el proceso de Licitación Pública efectuadas de acuerdo a lo dispuesto en la Ley N 19.886 y el D.S. N 661 de 2024, del Ministerio de Ha-cienda, que contiene el Reglamento de la citada ley y sus modificaciones posteriores, para la ejecución del proyecto HABILITACION DE UNIDAD DE QUIMIOTERAPIA AMBULATORIA HOSPITAL CARLOS CISTERNAS DE CALAMA, CÓDIGO BIP 40058613-0, Financiamiento F.N.D.R. aprobado por Resolución Exenta N1630 de fecha 17 de diciembre que aprueba Mandato.;2025-04-09T11:20:16.3;2025-04-30T15:00:00;2025-05-30T14:30:00;;CLP;0;0
621-337-LE25;INFLIXIMAB 100 MG LIOF P SOL INYEC FAM 1000020737;CENTRAL DE ABASTECIMIENTO DEL SISTEMA NACIONAL DE SERVICIO DE SALUD;61.608.700-2;Compras del Giro 621;Bodega Proveedor;Santiago Centro;Región Metropolitana de Santiago;LE;Publicada;BASES ADMINISTRATIVAS Y TÉCNICAS TIPO, POR LAS QUE SE REGIRÁN LOS PROCESOS DE LICITACIÓN PARA LA ADQUISICIÓN DE PRODUCTOS FARMACÉUTICOS, COSMÉTICOS, VACUNAS, INSUMOS, DISPOSITIVOS, Y/O ALIMENTOS DE USO MÉDICO, DESTINADO AL EJERCICIO DE ACCIONES DE SALUD;2025-04-09T11:22:53.81;2025-04-23T16:00:00;2025-05-26T17:30:00;20945904;CLP;0;0
1057448-24-LE25;SERV DE ARRIENDO Y SISTCONTROL DE ASISTENCIA SST;SERVICIO DE SALUD IQUIQUE;61.606.100-3;Bienes y Servicios;Anibal Pinto 815;Iquique;Región de Tarapacá;LE;Publicada;El Servicio de Salud de Tarapacá, requiere contratar un servicio que le permita establecer un sistema integral de control de asistencia que garantice la correcta verificación del ingreso y salida del personal a través de dispositivos biométricos, en las dependencias del Servicio de Salud Tarapacá.;2025-04-09T11:16:40.617;2025-04-22T15:00:00;2025-07-21T18:00:00;;CLP;0;0
2661-13-LP25;REPOSICION EQUIPOS ELECTROGENOS VILLA RENOVAL;ILUSTRE MUNICIPALIDAD DE NATALES;69.250.100-4;SECRETARIA DE PLANIFICACION;CARLOS BORIES 398;Puerto Natales;Región de Magallanes y de la Antártica;LP;Publicada;SE CONTEMPLA LA REPOSICIÓN DE EQUIPOS ELECTRÓGENOS EN VILLA RENOVAL COMUNA DE NATALES;2025-04-09T11:09:29.453;2025-04-29T12:00:00;2025-05-28T17:00:00;131138000;CLP;0;0
507428-63-LE25;ADQUISICIÓN VENTILADOR NEONATAL NHQ;SERVICIO DE SALUD CHILOE;61.979.210-6;Servicio de Salud Chiloé;Avda. Bernardo O'Higgins 504, Castro;Castro;Región de los Lagos;LE;Publicada;ADQUISICIÓN VENTILADOR NEONATAL NHQ;2025-04-09T11:15:30.673;2025-04-21T18:39:00;2025-04-22T18:40:00;;CLP;0;0
1058085-81-LQ25;Convenio Suministro de Valproato semisódico 250 mg comprimido para el Hospital del Salvador;SERVICIO DE SALUD ORIENTE HOSPITAL DEL SALVADOR;61.608.406-2;Fármacos;Avda. Salvador # 364;Alhué;Región Metropolitana de Santiago;LQ;Publicada;Que, el Hospital del Salvador necesita contar con un Convenio Suministro de Valproato semisódico 250 mg comprimido para el Hospital del Salvador con la finalidad de satisfacer de manera adecuada y eficiente la labor asistencial durante el período de 36 meses Que, por la cuantía determinada, la presente licitación se ubica en el tramo para contrataciones iguales o superiores a 1.000 UTM e inferiores a 5.000 UTM, en conformidad al Artículo 40 del Reglamento de la Ley N19.886 Que, hechas las consultas respectivas, la provisión de estos bienes o servicios no se encuentra disponible por Convenios Marcos ofrecidos en el Sistema de Información de la Dirección de Compras, www.mercadopublico.cl Que, esta compra está vinculada al proyecto 1058085-4-PC25, correspondiente al Plan Anual de Compras del año 2025;2025-04-09T11:15:44.627;2025-04-29T12:30:00;2025-07-28T15:15:00;230000000;CLP;0;0
2724-22-LE25;Servicio de Translado Usuarios Programa CEDAM;ILUSTRE MUNICIPALIDAD DE SAN CARLOS;69.140.500-1;COMPRAS Y CONTRATACIONES MUNICIPALES;Vicuña Mackenna 436, CUARTO PISO FINANZAS;San Carlos;Región del Ñuble;LE;Publicada;Se requiere contratar los servicios de transporte de pasajeros en vehículo, destinado a usuarios con residencia en la zona urbana de San Carlos, quienes deberán ser trasladados desde sus domicilios a las dependencias del CEDAM, recinto municipal ubicado en calle General Parra 358, San Carlos, ida y regreso, segun los teminos de bases administrativas, especificaciones técnicas y anexos adjuntos.;2025-04-09T11:09:28.19;2025-04-21T15:30:00;2025-05-05T19:49:00;8550000;CLP;0;0
4735-12-LE25;Adquisición de repuestos para vehículos del Departamento de Salud Municipal de CholChol;MUNICIPALIDAD DE CHOLCHOL;69.265.000-k;Salud;Pinto 552;Chol Chol;Región de la Araucanía;LE;Publicada;Se trata de la adquisición de repuestos para los vehículos del Departamento de Salud Municipal de CholChol para cumplir óptimamente con el traslado, atención y visitas de pacientes con diversas patologías, permitiendo la movilización de los funcionarios de la salud y haciendo derivaciones a Centro de Salud de mayor complejidad cuando se estime conveniente.;2025-04-09T11:03:57.95;2025-04-14T15:00:00;2025-04-25T17:00:00;;CLP;0;0
759-4-LP25;Contratación estudio necesidades juridicas CAJ;SUBSECRETARIA DEL MINISTERIO DE JUSTICIA;61.001.000-8;Ministerio de justicia - Subsecretaría de Justicia;Moneda 1155;Santiago Centro;Región Metropolitana de Santiago;LP;Publicada;Contratación del estudio Recepción y tratamiento de las necesidades jurídicas por las Corporaciones de Asistencia Judicial en Chile. Aproximaciones para la creación del Nuevo Servicio Nacional de Acceso a la Justicia y Defensoría de Víctimas.;2025-04-09T10:59:58.623;2025-04-29T15:01:00;2025-05-28T23:59:00;;CLP;0;0
1164956-14-O125;Mejoramiento Plaza 12 de Octubre;SERVICIO DE VIVIENDA Y URBANIZACION AREA METROPOLITANA;61.812.000-7;Obra Publica;Serrano #45;Santiago;Región Metropolitana de Santiago;O1;Publicada;El objeto de la contratación es la ejecución de obras cuya finalidad es la construcción de áreas verdes y espacios públicos.;2025-04-09T10:58:08.763;2025-05-09T10:00:00;2025-09-14T21:00:00;;CLP;0;0
948806-30-LE25;ADQUISICIÓN DE DISPOSITIVO DE REEMPLAZO VERTEBRAL EN MODALIDAD DE CONSIGNACIÓN EN TRÁNSITO POR SISTEMA DE SUMINISTRO PARA EL HOSPITAL DIPRECA;FONDO HOSPITAL DE LA DIRECCION DE PREVISION DE CARABINEROS DE CHILE;61.513.003-6;Unidad de Compra Insumos en Consignación;Av. Vital Apoquindo N1200;Las Condes;Región Metropolitana de Santiago;LE;Publicada;El Hospital de la Dirección de Previsión de Carabineros de Chile, ubicado en Vital Apoquindo N1.200, Comuna de Las Condes, Región Metropolitana, en adelante EL HOSPITAL, llama a licitación pública para la Adquisición de Dispositivo de Reemplazo Vertebral en Modalidad de Consignación en Tránsito, por Sistema de Suministro, en adelante LOS INSUMOS, para un periodo de 36 meses o hasta que se consuma la totalidad del monto contratado, según lo que primero ocurra, para el referido Centro Asistencial, cuyas características y requisitos técnicos constan en las Bases Administrativas y Técnicas de esta licitación con sus respectivos anexos.;2025-04-09T10:57:21.683;2025-04-21T16:00:00;2025-07-21T20:00:00;55000000;CLP;0;0
3191-24-LP25;LP FAR ADQUISICIÓN DE FÁRMACOS;DIRECCION DE ABASTECIMIENTO DE LA ARMADA;61.102.017-1;HOSPITAL NAVAL ALMIRANTE NEF;SUBIDA ALESSANDRI S/N;Viña del Mar;Región de Valparaíso;LP;Publicada;Que, existe la necesidad de adquirir Productos Farmacéuticos para el Hospital Naval Almirante Nef, según lo requiere la Químico Farmacéutico Jefa de Farmacia Hospitalizados en el Requerimiento N17/2024.;2025-04-09T10:55:07.243;2025-04-21T15:05:00;2025-05-21T18:30:00;270000000;CLP;0;0
1380-92-LQ25;PPTA 98-25 ADQ DE FORMULAS PEDIATRICAS;HOSPITAL DOCTOR HERNAN HENRIQUEZ ARAVENA;61.602.232-6;HOSPITAL DOCTOR HERNAN HENRIQUEZ ARAVENA;Manuel Montt 115;Temuco;Región de la Araucanía;LQ;Publicada;Se requiere disponer de Formulas Pediátricas destinadas a satisfacer las necesidades nutricionales de los pacientes pediátricos hospitalizados en el Hospital Dr. Hernán Henríquez Aravena de Temuco, esta población pediátrica incluye prematuros, recién nacidos, lactantes, niños y adolescentes con condiciones médicas específicas que requieren soporte nutricional especializado. Estas fórmulas están diseñadas para proporcionar soporte nutricional completo o complementario en casos de desnutrición o riesgo nutricional, atendiendo las necesidades específicas asociadas a enfermedades metabólicas, gastrointestinales, renales, oncológicas u otras condiciones pediátricas, asegurando y garantizando un crecimiento y desarrollo adecuado en niños con necesidades nutricionales críticas. Las fórmulas pediátricas se distribuirán a las unidades clínicas que las requieran, incluyendo: UPC neonatal, UPC pediátrica, Maternidad, Pediatría, Cirugía, Traumatología y Oncología pediátrica.;2025-04-09T10:56:31.903;2025-04-21T15:01:00;2025-07-18T18:00:00;288876803;CLP;0;0
1002772-35-LR25;PATOLOGIA ORTOPEDICA DE PIE-TOBILLO;SERVICIO SALUD OCCIDENTE HOSPITAL DR FELIX BULNES CERDA;61.608.205-1;INSUMOS CLINICOS;;;Región Metropolitana de Santiago;LR;Publicada;Artículo 6: Las presentes Bases constituyen el instrumento guía destinado a celebrar un CONVENIO DE SUMINISTRO DE INSUMOS PARA PATOLOGIA ORTOPEDICA DE PIE-TOBILLO EN CONSIGNACIÓN Y CON INSTRUMENTAL EN COMODATOPARA EL HOSPITAL DR. FÉLIX BULNES CERDA, en adelante Hospital, éstas, establecen los fines, condiciones y requisitos que deberán ser cumplidos por los oferentes, en todas y cada una de las partes que conformen su oferta, además de regular el todo el proceso licitatorio hasta la suscripción del correspondiente contrato.;2025-04-09T10:49:22.72;2025-05-09T12:30:00;2025-07-08T17:00:00;;CLP;0;0
1404452-5-LE25;Contrato de suministros de señaléticas;ASOCIACION DE MUNICIPALIDADES PARQUE CORDILLERA;65.060.484-9;Compras Parque Cordillera;Direccion no aplica a productos virtuales;Santiago;Región Metropolitana de Santiago;LE;Publicada;SUMINISTRO DE SEÑALETICAS POR 12 MESES o hasta agotamiento presupuestario;2025-04-09T10:43:00.86;2025-04-21T17:00:00;2025-05-09T18:00:00;;CLP;0;0
1759-9-LE24;ASESORÍA INSPECCIÓN FISCAL DISEÑO Y ESPECIALIDADES;SUBSECRETARIA DEL MINISTERIO DE EDUCACION PUBLICA;60.901.014-2;Mineduc Administración XII Región;Ignacio Carrera Pinto 1259;Punta Arenas;Región de Magallanes y de la Antártica;LE;Publicada;Las presentes Bases Administrativas de Contratos de Asesorías para la Inspección Fiscal del Diseño y Especialidades para el Proyecto Mejoramiento y Reposición Parcial de la Escuela Argentina de Punta Arenas, (en adelante Bases de Consultoría o Bases);2025-04-09T10:39:55.31;2025-05-05T15:00:00;2025-05-19T17:00:00;;CLP;0;0
1562-22-LE25;MATERIALES POR ACTIVIDADES DEL CENTRO DE CAPACITAC;SERVICIO NACIONAL DE GEOLOGIA Y MINERIA;61.702.000-9;Servicio Nacional de Geología y Minería;Avda. Santa María N 0180;Providencia;Región Metropolitana de Santiago;LE;Publicada;Se requiere la compra de materiales para desarrollar las actividades del Centro de Capacitación de Minería y Geología del SERNAGEOMIN.;2025-04-09T10:39:14.04;2025-04-23T12:00:00;2025-05-15T15:04:00;17000000;CLP;0;0
2659-81-L125;PTR N271 - ADQUISICION DE CUADERNOS INSTITUCIONALES;I MUNICIPALIDAD DE VITACURA;69.255.600-3;ADQUISICIONES;Avenida Bicentenario N 3.800.Giro: Servicio Público.;Vitacura;Región Metropolitana de Santiago;L1;Publicada;ADQUISICION DE CUADERNOS INSTITUCIONALES. VER DETALLE DE LO REQUERIDO Y SOLICITADO EN BASES DE LICITACION EN ARCHIVO ADJUNTO.;2025-04-09T10:39:09.313;2025-04-15T10:00:00;2025-04-30T20:00:00;;CLP;0;0
3935-30-LE25;CONTRATACIÓN DISEÑO PAVIMENTACIÓN Y AGUAS LLUVIAS DIVERSAS CALLES DE RADAL COMUNA DE FREIRE;I MUNICIPALIDAD DE FREIRE;69.190.900-K;Secretaria de Planificación;;;Región de la Araucanía;LE;Publicada;CONTRATACIÓN DISEÑO PAVIMENTACIÓN Y AGUAS LLUVIAS DIVERSAS CALLES DE RADAL, COMUNA DE FREIRE.;2025-04-09T10:36:09.847;2025-04-16T14:00:00;2025-05-09T19:50:00;;CLP;0;0
4076-45-LE25;ADQ. RESPUESTO PARA AVION PIPER CHEYENNE;DIRECCION DE LOGISTICA DE CARABINEROS;60.505.733-0;Prefectura Aérea;Avda. Larraín Nro. 7941;La Reina;Región Metropolitana de Santiago;LE;Publicada;MATERIALIZAR LA ADQ. RESPUESTO PARA AVION PIPER CHEYENNE, DE CARGO DE LA PREFECTURA AEREA DE CARABINEROS, DE COFORMIDAD A BASES Y ANEXOS ADJUNTOS A LA PRESENTE.;2025-04-09T10:32:24.563;2025-04-17T17:28:00;2025-07-17T17:29:00;;USD;0;0
929-12-LR25;ALOJAMIENTO Y ALIMENTACIÓN FINAL NACIONAL JDE 2025;INSTITUTO NACIONAL DE DEPORTES DE CHILE;61.107.000-4;Direccion Regional Metropolitana;Coyancura N 2241;Providencia;Región Metropolitana de Santiago;LR;Publicada;CONTRATACIÓN DE SERVICIOS DE ALOJAMIENTO Y ALIMENTACIÓN, PARA LA GRAN FINAL NACIONAL DE LOS JUEGOS DEPORTIVOS ESCOLARES 2025, METROPOLITANA.;2025-04-09T10:30:23.833;2025-05-14T15:00:00;2025-07-21T18:00:00;1345000000;CLP;0;0
628-4-LE25;Elaboración de Guía de Técnicas Lúdicas para VCM.;SERVICIO NACIONAL DE LA MUJER Y LA EQUIDAD DE GENERO;60.107.000-6;Abastecimiento Central;Huérfanos N1219;Santiago;Región Metropolitana de Santiago;LE;Publicada;Contratación de Servicios Profesionales para elaboración de Guía de técnicas lúdicas y participativas para la prevención de las violencias de género.;2025-04-09T10:29:52.813;2025-04-24T16:00:00;2025-05-09T20:00:00;15000000;CLP;0;0
4290-52-LE25;Cont. suministro alimento para canes.;I MUNICIPALIDAD DE LIMACHE;69.061.100-7;Secpla - MUNICIPALIDAD LIMACHE;Palmira Romano Sur N 340;Limache;Región de Valparaíso;LE;Publicada;Contrato de suministro, alimento para canes, Municipalidad de Limache.;2025-04-09T10:30:36.837;2025-04-22T16:00:00;2025-05-16T18:47:00;;CLP;0;0
1057420-18-LE25;CONVENIO SUMINISTRO MTTO EQUIPO DE RAYOS HFCHUEPIL;SERVICIO DE SALUD BIO BIO HOSPITAL DE HU;61.607.305-2;Bienes y Servicios;Bienes y Servicios;Tucapel;Región del Biobío;LE;Publicada;Las presentes Bases de Licitación, tienen por objeto establecer las disposiciones que regirán la Propuesta Pública CONVENIO DE SUMINISTRO DE MANTENIMIENTO PREVENTIVO Y REPARATIVO DEL EQUIPO DE RAYOS OSTEOPULMONAR PARA EL HOSPITAL DE LA FAMILIA Y LA COMUNIDAD DE HUÉPIL, según solicitud de adquisición Folio HFCH38894, emitida por Srta. Macarena Molina Henriquez, Jefe de Servicios Generales del Hospital de Huépil, garantizando así su correcto funcionamiento por un periodo de 36 meses, respondiendo de manera segura, expedita y de calidad a la alta demanda de usuarios que sostiene la Unidad de Imagenología, de este establecimiento.;2025-04-09T10:29:26.303;2025-04-21T15:15:00;2025-05-06T17:00:00;;CLP;0;0
614795-2-LE25;FORTALECIMIENTO DE MUNICIPIOS EN CAMBIO CLIMATICO;SUBSECRETARIA DEL MEDIO AMBIENTE;61.979.930-5;Seremi Valparaiso;Quillota 198, piso 2, Viña del Mar;Viña del Mar;Región de Valparaíso;LE;Publicada;CONSULTORÍA FORTALECIMIENTO DE CAPACIDADES MUNICIPALES PARA LA ACCIÓN CLIMÁTICA EN LA REGIÓN DE VALPARAÍSO, destinado a fortalecer las capacidades técnicas y de gestión de los municipios de la Región de Valparaíso para la elaboración e implementación de sus Planes de Acción Comunal de Cambio Climático PACCC, mediante la ejecución de un taller online de alcance regional y la prestación de asesorías técnicas especializadas a tres municipalidades previamente seleccionadas. Estas asesorías brindarán un acompañamiento técnico integral, facilitando la generación de insumos conforme a los contenidos mínimos exigidos en el artículo 12 de la Ley Marco de Cambio Climático LMCC, con el propósito de que los municipios avancen de manera autónoma y fundamentada en la formulación de sus PACCC;2025-04-09T10:31:46.637;2025-04-21T15:30:00;2025-05-02T16:00:00;;CLP;0;0
2215-17-LE25;SUMINISTRO EQUIPOS DE PROTECCION PERSONAL;SERVICIO DE SALUD ANTOFAGASTA HOSP C CIS;61.606.202-6;Hospital Carlos Cisternas de Calama;dipresrecepcion@custodium.com;Antofagasta;Región de Antofagasta;LE;Publicada;SUMINISTRO EQUIPOS DE PROTECCION PERSONAL;2025-04-09T10:29:04.91;2025-04-22T09:00:00;2025-05-30T13:22:00;;CLP;0;0
3047-14-LE25;LOZA PARA GRUMETES DE LA ACADEMIA POLITÉCNICA NAVA;DIRECCION DE ABASTECIMIENTO DE LA ARMADA;61.930.100-5;ACADEMIA POLITECNICA NAVAL;;;Región de Valparaíso;LE;Publicada;LOZA PARA GRUMETES DE LA ACADEMIA POLITÉCNICA NAVAL;2025-04-09T10:26:41.2;2025-04-16T17:28:00;2025-05-30T17:29:00;;CLP;0;0
2741-38-LE25;SISTEMAS TELEPROTECCION ESTACIONES DE VIGILANCIA;I MUNICIPALIDAD DE SAN FELIPE;69.050.600-9;SECPLA - MUNISANFE;SALINAS 1211;San Felipe;Región de Valparaíso;LE;Publicada;SISTEMAS DE TELEPROTECCION ESTACIONES DE VIGILANCIA EN ENTORNO DE BARRIO;2025-04-09T10:24:11.123;2025-04-25T12:00:00;2025-05-26T11:10:00;16000000;CLP;0;0
3015-12-LE25;DISEÑO DE PAVIMENTOS LA CRUZ;I MUNICIPALIDAD DE LA CRUZ;69.060.200-8;SECPLAC;GABRIELA MISTRAL 03;La Cruz;Región de Valparaíso;LE;Publicada;Llamado a propuesta para contratar el Diseño Pavimentos Villa Los Ilustres y Villa El Bosque, La Cruz, con el objetivo de postular al Programa de Pavimentos Participativos, llamado N35 año 2025, en las condiciones establecidas en Términos Técnicos de Referencia.;2025-04-09T10:21:45.643;2025-04-17T16:30:00;2025-04-30T17:30:00;20000000;CLP;0;0
909103-2-LQ25;E1O2RT9 SERV. OPER. FOR. SPCH PROV. VALDIVIA;CORP NACIONAL FORESTAL;61.313.000-4;XIV Region - Provincial Valdivia;LOS CASTAÑOS 100, ISLA TEJA, VALDIVIA;Valdivia;Región de Los Ríos;LQ;Publicada;La Corporación Nacional Forestal, en adelante CONAF o la Corporación indistintamente, de acuerdo a las disposiciones contempladas en la Ley 19.886, de Compras Públicas, su Reglamento y sus posteriores modificaciones, llama a los proveedores a presentar sus ofertas en la presente licitación, cuyo objetivo es contratación de servicios de faenas forestales para el Programa de Reactivación Económica para la Restauración de Bosques Nativos a Gran Escala, provincia de Valdivia, región de Los Ríos, los cuales se detallan en las Bases de la presente licitación, de acuerdo a las estipulaciones y condiciones que se establecen en las presentes bases.;2025-04-09T10:21:36.593;2025-04-29T11:05:00;2025-05-09T15:10:00;;CLP;0;0
886954-136-LP25;CONVENIO SUMINISTRO SISTEMA DE CAGE LUMBAR DE COLUMNA MALETA EN TRÁNSITO;HOSPITAL GUILLERMO GRANT BENAVENTE DE CO;61.602.189-3;Abastecimiento Insumos;San Martin 1436;Concepción;Región del Biobío;LP;Publicada;La necesidad de abastecer del insumo para la atención oportuna del paciente;2025-04-09T10:20:56.56;2025-04-29T18:00:00;2025-06-28T19:00:00;337000000;CLP;0;0
4213-1-LE25;Servicio de movilización para el Ad la Araucania;DIRECCION GENERAL DE AERONAUTICA CIVIL;61.104.022-9;UNIDAD DE COMPRA BIENESTAR SOCIAL TEMUCO;Aeródromo La Araucanía;Freire;Región de la Araucanía;LE;Publicada;El DEPARTAMENTO BIENESTAR SOCIAL DE LA DGAC llama a Propuesta Pública conforme a las presentes Bases de Licitación, para la contratación del servicio de transporte para funcionarios del Aeródromo la Araucanía de la comuna de Freire por un periodo de 12 meses desde el 01 de mayo de 2025;2025-04-09T10:14:47.39;2025-04-21T15:01:00;2025-04-30T17:30:00;;CLP;0;0
3729-25-LE25;ADQUISICIÓN DE CABLE PREENSAMBLADO Y CONCÉNTRICO;I MUNICIPALIDAD DE CHIMBARONGO;69.090.300-8;Secpla;JAVIERA CARRERA 511;Chimbarongo;Región del Libertador General Bernardo OHiggins;LE;Publicada;Se requiere la adquisición de cable preensamblado y cable concentrico para mantención y reparación de alumbrado público, segun lo señalado en las Especificaciones Técnicas. Decreto 1238 y 1239 de fecha 09/04/2025 que aprueba y designa, respectivamente.;2025-04-09T10:14:15.743;2025-04-21T15:01:00;2025-06-11T16:21:00;17000000;CLP;0;0
1216085-46-LP25;SERVICIOS CONVENIO IMÁGENES DIAGNÓSTICAS;CORP MUNICIPAL PARA EL DESARROLLO SOCIAL;70.983.600-5;Adquisiciones;QUINTA 032 VILLA ALEMANA ,(direccion de salud) cesfam villa alemana;Villa Alemana;Región de Valparaíso;LP;Publicada;El objetivo de esta licitación, es generar contratación de servicios de Imágenes Diagnósticas en APS para los centros de salud dependiente de la Corporación Municipal de Villa Alemana, de acuerdo a requerimientos ingresados por sistemas electrónicos vigentes y en atención a necesidades y presupuestos disponibles. El fundamento consiste en establecer un compromiso, el que se hará efectivo a través de la firma del contrato, regulando el proceso y que se materializará cada vez que sea necesario a través de la emisión de órdenes de compra enviadas al proveedor mediante la plataforma www.mercado publico.cl. Durante todo el período de vigencia del contrato, el servicio será solicitado en la oportunidad del mes que la Corporación estime pertinente, comprometiéndose el oferente adjudicado a difundir esta modalidad de compra a todas las instancias que participan en su proceso de ventas. La modalidad de adjudicación se realizará a través de adjudicación única, de un solo proveedor por la totalidad de las líneas.;2025-04-09T10:13:09.753;2025-04-21T17:00:00;2025-06-06T16:30:00;76758000;CLP;0;0
5554-12-LE25;SERV. DE ASISTENCIA FERIAS DE SEGURIDAD Y SALUD;INSTITUTO DE SEGURIDAD LABORAL;61.533.000-0;ISL Región de Valparaíso;Av. Brasil 1265 piso 3;Valparaíso;Región de Valparaíso;LE;Publicada;SERVICIO DE ASISTENCIA PARA FERIAS DE SEGURIDAD Y SALUD EN EL TRABAJO DEL INSTITUTO DE SEGURIDAD LABORAL EN LA REGIÓN DE VALPARAÍSO;2025-04-09T10:08:35.953;2025-04-21T15:05:00;2025-04-25T18:00:00;8500000;CLP;0;0
2295-55-LP25;CONTRATACIÓN DE GUARDIAS DE SEGURIDAD PARA CENTROS DE SALUD FAMILIAR DEPENDIENTES DEL DEPARTAMENTO COMUNAL DE SALUD DE LA I. MUNICIPALIDAD DE TALCA;I MUNICIPALIDAD DE TALCA;69.110.400-1;SECRETARIA COMUNAL DE PLANIFICACION;Edificio Don Ambrosio N1247, 2 Oriente Talca;Talca;Región del Maule;LP;Publicada;CONTRATACIÓN DE GUARDIAS DE SEGURIDAD PARA CENTROS DE SALUD FAMILIAR DEPENDIENTES DEL DEPARTAMENTO COMUNAL DE SALUD DE LA I. MUNICIPALIDAD DE TALCA;2025-04-09T10:06:58.613;2025-04-29T12:00:00;2025-05-30T12:00:00;200000000;CLP;0;0
4066-2-LE25;SERVICIO DE TRANSPORTE PARA PERSONAS MAYORES YO PERSONAS CON DEPENDENCIA EN LA COMUNA DE RÍO IBÁÑEZ 2025;I MUNICIPALIDAD RIO IBANEZ;69.253.100-0;DIDECO;Carlos Soza 161;Río Ibáñez;Región Aysén del General Carlos Ibáñez del Campo;LE;Publicada;Facilitar la accesibilidad de todas las personas mayores y personas con dependencia a diversos espacios y servicios sociales presentes en la comuna de Río Ibáñez;2025-04-09T10:07:50.947;2025-04-21T16:30:00;2025-04-25T16:00:00;;CLP;0;0
5841-1-LE25;SUMINISTRO DE INSUMOS AGILENT;UNIVERSIDAD DE CHILE;60.910.000-1;FAC.CS.QUIMICAS Lab. Antidoping;Olivos1007;Independencia;Región Metropolitana de Santiago;LE;Publicada;SUMINISTRO DE INSUMOS AGILENT PARA EL LABORATORIO DE ANALISIS ANTIDOPING;2025-04-09T10:06:47.57;2025-04-21T16:30:00;2025-06-16T18:04:00;;CLP;0;0
948354-41-LE25;ADQUISICIÓN DE INSUMOS PARA ENVASADORA DEL SERVICIO DE FARMACIA POR SISTEMA DE SUMINISTRO PARA EL HOSPITAL DIPRECA;FONDO HOSPITAL DE LA DIRECCION DE PREVISION DE CARABINEROS DE CHILE;61.513.003-6;Unidad de Compra de Bienes y Servicios;Avenida Vital Apoquindo N 1200;Las Condes;Región Metropolitana de Santiago;LE;Publicada;El Hospital de la Dirección de Previsión de Carabineros de Chile, ubicado en Vital Apoquindo N1.200, Comuna de Las Condes, Región Metropolitana, en adelante EL HOSPITAL, llama a Licitación Pública para la Adquisición de Insumos para Envasadora del Servicio de Farmacia, por sistema de suministro en adelante LOS BIENES, por un periodo de 24 meses o hasta que se consuma la totalidad del monto contratado, de acuerdo a lo primero que ocurra, para el referido Centro Asistencial, cuyas características y requisitos técnicos constan en las Bases Administrativas y Técnicas de esta Licitación con sus respectivos anexos.;2025-04-09T10:05:30.267;2025-04-15T16:00:00;2025-08-27T17:33:00;60000000;CLP;0;0
608-127-LR25;KSU MANTENIMIENTO DE SISTEMAS DE BOMBEO Y EYECCION DE AGUA DEL NUEVO HOSPITAL GUSTAVO FRICKE CAE;HOSPITAL DR GUSTAVO FRICKE DE VINA DEL MAR;61.606.602-1;Hospital Dr. Gustavo Fricke;ALVAREZ 1532;Viña del Mar;Región de Valparaíso;LR;Publicada;EL HOSPITAL DR. GUSTAVO FRICKE REQUIERE DEL MANTENIMIENTO DE SISTEMAS DE BOMBEO Y EYECCION DE AGUA DEL NUEVO HOSPITAL GUSTAVO FRICKE CAE;2025-04-09T10:05:04.993;2025-05-09T12:15:00;2025-06-30T12:16:00;;CLP;0;0
5155-8-LE25;271 - PROVISIÓN LÍNEA DE VIDA Y MANTENCIÓN PREVENTIVA EN EDIFICIOS INSTITUCIONALES DEL SERVICIO ELECTORAL;SERVICIO ELECTORAL;60.504.000-4;Unidad de Adquisiciones;;;Región Metropolitana de Santiago;LE;Publicada;El objetivo del presente llamado a licitación pública es proveer al Servicio Electoral, en adelante SERVEL o SERVICIO, de una línea de vida en el edificio institucional ubicado en Santo Domingo N 628 y, posteriormente, la mantención preventiva por el periodo de 36 meses, para edificios institucionales ubicados en calles Santo Domingo N 628 y Esmeralda N 611, ambos en la comuna de Santiago, con el objeto prevención de accidentes laborales, según los requerimientos y especificaciones técnicas del presente proceso licitatorio.;2025-04-09T10:02:29.157;2025-04-21T15:01:00;2025-05-02T18:00:00;10000000;CLP;0;0
978-3-LR25;Servicio de reemplazo motores propulsores;MINISTERIO DE OBRAS PUBLICAS DIREC CION GRAL DE OO PP DCYF;61.202.000-0;Dirección de Obras Portuarias - MOP;Morandé 59, 4 piso Of. 433;Santiago Centro;Región de Arica y Parinacota;LR;Publicada;La Dirección de Obras Portuarias (en adelante, DOP) requiere la contratación del Suministro de 5 Motores Propulsores y un Set de Repuestos Críticos para el Transbordador Andalue. Esta contratación, se efectuará a través de licitación pública, que será publicada en Sistema de Compras y Contratación Pública: www.mercadopublico.cl (en adelante, el Portal), y de acuerdo a lo establecido en las Bases Administrativas (en adelante, BA), Especificaciones Técnicas/Bases Técnicas (en adelante, BT), Aclaraciones y/o Modificaciones, si las hubiere. Esta contratación tiene como objetivo principal garantizar la operatividad continua en condiciones óptimas de la nave, cumpliendo con los estándares de seguridad exigidos por la Autoridad Marítima.;2025-04-09T10:04:47.8;2025-05-09T15:00:00;2025-05-28T20:00:00;;CLP;0;0
2069-65-LQ25;SGN-SUMINISTRO DE INSUMOS PARA CIFOPLASTIAS;SERVICIO DE SALUD METROPOLITANO SUR HOSP;61.608.101-2;HOSPITAL BARROS LUCO TRUDEAU;Gran Avenida 3204;San Miguel;Región Metropolitana de Santiago;LQ;Publicada;El objetivo de la presente licitación es contratar durante 24 Veinticuatro meses el SUMINISTRO DE INSUMOS PARA CIFOPLASTIAS PARA EL HOSPITAL BARROS LUCO TRUDEAU, con las características que se señalan en las Bases Técnicas, respecto a los procedimientos, términos y exigencias del suministro de los productos solicitados, que apoyen el correcto funcionamiento de este servicio y con esto responder a las necesidades del Hospital Barros Luco Trudeau. Que, además para los fines precedentes, el los proveedor es que contraten, serán responsables de cumplir estricta y cabalmente con los requerimientos y especificaciones consagrados en los documentos de la presente licitación. Sin perjuicio de lo anterior, el suministro a contratar deberá permitir la opción de ser ampliado o reducido, de acuerdo a las necesidades del Hospital, en consideración a la demanda variable del establecimiento.;2025-04-09T09:59:58.347;2025-04-30T16:00:00;2025-07-30T17:00:00;;CLP;0;0
3850-5-LE25;SEGUROS BIENES MUEBLES E INMUEBLES;I MUNICIPALIDAD DE RIO BUENO;69.201.000-0;Educación;COMERCIO #603 I MUNICIPALIDAD DE RÍO BUENO;Río Bueno;Región de Los Ríos;LE;Publicada;NECESIDAD DE SEGUROS PARA EL DEPARTAMENTO DE EDUCACIÓN;2025-04-09T10:01:04.49;2025-04-15T09:01:00;2025-04-28T15:00:00;30000000;CLP;0;0
948806-28-LE25;ADQUISICIÓN DE SET DE VERTEBROPLASTIA EN MODALIDAD DE CONSIGNACIÓN EN TRÁNSITO POR SISTEMA DE SUMINISTRO PARA EL HOSPITAL DIPRECA;FONDO HOSPITAL DE LA DIRECCION DE PREVISION DE CARABINEROS DE CHILE;61.513.003-6;Unidad de Compra Insumos en Consignación;Av. Vital Apoquindo N1200;Las Condes;Región Metropolitana de Santiago;LE;Publicada;El Hospital de la Dirección de Previsión de Carabineros de Chile, ubicado en Vital Apoquindo N1.200, Comuna de Las Condes, Región Metropolitana, en adelante EL HOSPITAL, llama a licitación pública para la Adquisición de Set de Vertebroplastia en Modalidad de Consignación en Tránsito, por Sistema de Suministro, en adelante LOS INSUMOS, para un periodo de 36 meses o hasta que se consuma la totalidad del monto contratado, según lo que primero ocurra, para el referido Centro Asistencial, cuyas características y requisitos técnicos constan en las Bases Administrativas y Técnicas de esta licitación con sus respectivos anexos.;2025-04-09T09:55:55.93;2025-04-14T16:00:00;2025-07-14T20:00:00;40000000;CLP;0;0
3638-18-LE25;2DO.LLAMADO SERVICIO MARITIMO PASAJEROS VEHÍCULOS Y MAQUINARIA;I.MUNICIPALIDAD DE PORVENIR;69.250.300-7;Administracion y Finanzas Municipal;Padre Mario Zavattaro N434, Porvenir;Porvenir;Región de Magallanes y de la Antártica;LE;Publicada;Servicio de pasajes marítimos para: pasajeros, vehículos fiscales, maquinaria pesada, vehículos particulares, funcionarios/as municipales desde Porvenir - Punta Arenas y viceversa.- según las especificaciones técnicas adjuntas;2025-04-09T09:54:53.833;2025-04-21T15:01:00;2025-04-25T15:30:00;17000000;CLP;0;0
975-17-O125;CO-MLLM-01 MEJORAMIENTO ESTERO LLAU-LLAU;MINISTERIO DE OBRAS PUBLICAS DIREC CION GRAL DE OO PP DCYF;61.202.000-0;Dirección de Obras Hidráulicas - MOP;SANTIAGO;Santiago;Región de Magallanes y de la Antártica;O1;Publicada;CONTRATO CO-MLLM-01 MEJORAMIENTO ESTERO LLAU-LLAU, PUNTA ARENAS, MAGALLANES;2025-04-09T09:53:34.737;2025-05-14T15:20:00;2025-06-24T15:30:00;;CLP;0;0
2215-16-LR25;SERVICIO QUIRURGICO INTEGRAL DE CATARATAS LEY19966;SERVICIO DE SALUD ANTOFAGASTA HOSP C CIS;61.606.202-6;Hospital Carlos Cisternas de Calama;dipresrecepcion@custodium.com;Antofagasta;Región de Antofagasta;LR;Publicada;CONVENIO DE SERVICIO QUIRURGICO PARA LA RESOLUCION INTEGRAL DE CATARATAS LEY 19966;2025-04-09T09:53:00;2025-05-13T14:00:00;2025-06-04T12:00:00;340170000;CLP;0;0
1602-4-LE25;ADQUISICIÓN DE LICENCIAS DE SOFTWARE VEEAM -37 dgv;DIRECCION GENERAL DE AERONAUTICA CIVIL;61.104.000-8;UNIDAD DE COMPRA SERVICIOS GENERALES;Miguel Claro 1314;Providencia;Región Metropolitana de Santiago;LE;Publicada;ADQUISICIÓN DE LICENCIAS DE SOFTWARE VEEAM O EQUIVALENTE.;2025-04-09T09:52:30.043;2025-04-21T15:30:00;2025-05-12T18:00:00;24999996;CLP;0;0
2548-15-L125;SERVICIO DE PLAN TELEFONÍA MOVIL Y BAM DSM PLC;I MUNICIPALIDAD DE PADRE LAS CASAS;61.955.000-5;MUNICIPALIDAD DE PADRE LAS CASAS SALUD;Ramberga 760;Padre Las Casas;Región de la Araucanía;L1;Publicada;CONTRATACION DE SERVICIO DE PLAN TELEFONÍA MÓVIL Y PLAN BAM PARA DEPARTAMENTO DE SALUD MUNICIPAL DE PADRE LAS CASAS;2025-04-09T09:45:02.3;2025-04-15T17:30:00;2025-04-22T10:31:00;4000000;CLP;0;0
1057419-22-LP25;Suministro de carnes congelados y otros;SERVICIO DE SALUD BIO BIO HOSPITAL SANTA BARBARA;61.607.304-4;Bienes y Servicios;Salamanca S/N;Santa Bárbara;Región del Biobío;LP;Publicada;Mediante la presente, se pretende proveer el abastecimiento de carnes, congelados y otros, para el Hospital de la Familia y la comunidad de Santa Bárbara, según Solicitudes de Adquisición N 46.233 y 47.853, emitida por las Unidades de casino funcionarios y UCA.;2025-04-09T09:36:57.477;2025-04-21T15:31:00;2025-04-30T12:16:00;;CLP;0;0
4202-18-LE25;ARRIENDO DE BAÑOS AUTÓNOMOS FIESTA DE LA CHICHA;I MUNICIPALIDAD DE CURACAVI;69.073.900-3;Secpla;Avda. Ambrosio OHiggins N1305;Curacaví;Región Metropolitana de Santiago;LE;Publicada;La Municipalidad de Curacaví requiere la contratación del Servicio de baños autónomos para la Fiesta de la Chicha 2025, a ejecutarse en el Estadio Julio Riesco, los días 02, 03 y 04 de mayo del presente.;2025-04-09T09:35:43.803;2025-04-16T13:00:00;2025-05-19T09:00:00;;CLP;0;0
3590-5-L125;CONVENIO DE SUMINISTRO IMAGENES DIAGNOSTICAS;I MUNICIPALIDAD DE YUNGAY;69.141.500-7;Departamento Salud;Intersección calles Tacna N76 con Arturo Prat Dpto. Salud;Yungay;Región del Ñuble;L1;Publicada;Adquirir el servicio de Imagenología para adquirir exámenes de Ecografías Abdominal y Mamaria destinadas a usuarios del CESFAM de Campanario.;2025-04-09T09:35:02.85;2025-04-16T16:00:00;2025-05-02T16:00:00;6390625;CLP;0;0
836578-6-LP25;Arriendo y Mantenimiento de Fotocopiadoras;COMANDO DE APOYO A LA FUERZA;61.101.045-1;División de Bienestar - Jefatura de Zonas;Av. Bernardo O'Higgins N 260;Santiago;Región Metropolitana de Santiago;LP;Publicada;Servicio de Arriendo y Mantenimiento de fotocopiadoras por 36 meses, para la Jefatura de Zonas de Bienestar.;2025-04-09T09:33:04.71;2025-04-21T15:30:00;2025-05-02T09:00:00;89000000;CLP;0;0
4037-40-LE25;PREUNIVERSITARIO PARA JOVENES DE 4TO MEDIO Y EGRESADOS DE LA COMUNA DE FRESIA.;I MUNICIPALIDAD DE FRESIA;69.220.400-K;Departamento de adquisiciones y abastecimiento;San Francisco 124;Fresia;Región de los Lagos;LE;Publicada;PREUNIVERSITARIO PARA JOVENES DE 4TO MEDIO Y EGRESADOS DE LA COMUNA DE FRESIA, SEGUN BASES Y ANTECEDENTES ADJUNTOS, DECRETO ALCALDICIO N770 DE FECHA 06/04/2025;2025-04-09T09:31:51.573;2025-04-22T09:00:00;2025-05-08T16:16:00;10000000;CLP;0;0
4429-22-LE25;ADQUISICIÓN DE EQUIPAMIENTO OFTALMOLÓGICO 2025;MUNICIPALIDAD DE HUALPEN;69.264.400-k;Dirección de Salud;Avenida Colon 9878, Hualpen;Hualpén;Región del Biobío;LE;Publicada;ADQUIRIR EQUIPAMIENTO OFTALMOLÓGICO;2025-04-09T09:31:40.82;2025-04-21T18:00:00;2025-06-23T19:00:00;16000000;CLP;0;0
2664-15-LE25;SERVICIO DE COFFEE PARA DIAS D 2025;I MUNICIPALIDAD DE TOME;69.150.102-7;Dirección de Salud Municipal;Ignacio Serrano 1061;Tomé;Región del Biobío;LE;Publicada;Proveer el servicio de coffee break y local para los diferentes días de celebración de estamentos de la Ilustre Municipalidad de Tomé Dirección de Salud Municipal.;2025-04-09T09:29:29.74;2025-04-15T15:00:00;2025-04-18T20:00:00;;CLP;0;0
1128-1-LE25;E1O2RT9 PROGRAMA MI PRIMER NEGOCIO RURAL;INSTITUTO DE DESARROLLO AGROPECUARIO;61.307.000-1;Unidad de Compra Región de Magallanes;José Menéndez 1147, 1, 2, 3 piso;Punta Arenas;Región de Magallanes y de la Antártica;LE;Publicada;E1O2RT9 CONTRATACIÓN DE UN SERVICIO DE APOYO EMPRENDEDOR PARA PROGRAMA MI PRIMER NEGOCIO RURAL AÑO 2025, XII REGION MAGALLANES;2025-04-09T09:26:04.783;2025-04-23T15:30:00;2025-05-12T18:00:00;55800000;CLP;0;0
3310-4-LE25;Reparación y cambio de estructuras publicitarias;FUERZA AEREA DE CHILE COMANDO LOGISTICO;61.103.034-7;Feria Internacional del Aire y del Espacio;Diego Barros Ortiz S/N interior Aeropuerto A.M.B.;Pudahuel;Región Metropolitana de Santiago;LE;Publicada;Contratar una empresa especializada en la reparación y mantenimiento de estructuras de fierro, que cuente con la capacidad tanto en maquinarias como en personal capacitado con experiencia para trabajar en alturas. Además, se solicita que la empresa adjudicada posea experiencia comprobada en este tipo de trabajos y garantice la excelencia en la calidad de los servicios prestados.;2025-04-09T09:21:22.66;2025-04-22T15:01:00;2025-06-05T17:00:00;48000000;CLP;0;0
1216083-6-LE25;CONTRATO DE SUMINISTRO PROTESIS FIJAS Y OTROS;CORPORACION MUNICIPAL DE FOMENTO AL DESARROLLO ECONOMICO Y PRODUCTIVO;65.174.423-7;CORPORACION MUNICIPAL DE FOMENTO AL DESARROLLO ECO;ARGOMEDO 753;Curicó;Región del Maule;LE;Publicada;CONTRATO DE SUMINISTRO PROTESIS FIJA Y OTROS PARA CLINICA DENTAL MUNICIPAL DE CURICO, SOMOSDENT;2025-04-09T09:20:49.747;2025-04-15T09:00:00;2025-04-17T09:00:00;;CLP;0;0
769-49-LQ25;PROGRAMA ESTRATEGIAS SALUD BUCAL GES 60 AÑOS ANTOFAGASTA PP 40-2025;SERVICIO DE SALUD ANTOFAGASTA DIRECCION;61.606.200-k;SERVICIO DE SALUD ANTOFAGASTA DIRECCION;Bolivar 523, Antofagasta;Antofagasta;Región de Antofagasta;LQ;Publicada;El programa consta de la prestación de 450 altas integrales a nivel comunal teniendo como beneficiarios a mujeres y hombres de 60 años cumplidos de edad pertenecientes a FONASA y/o PRAIS.;2025-04-09T09:20:41.333;2025-04-29T12:00:00;2025-05-19T12:14:00;;CLP;0;0
1178-4-LE25;ARRIENDO DE HORAS CAMION ALJIBE ELQUI;MINISTERIO DE OBRAS PUBLICAS DIREC CION GRAL DE OO PP DCYF;61.202.000-0;Dirección de Vialidad - IV Región - Provincia de Elqui;Cirujano Videla N200, piso 4, La Serena;La Serena;Región de Coquimbo;LE;Publicada;ARRIENDO DE HORAS CAMION ALJIBE CON PROVISION DE AGUA PARA LAS LABORES DE CONSERVACIÓN DE LA PROVINCIA DE ELQUI;2025-04-09T09:20:23.437;2025-04-21T16:00:00;2025-04-25T15:00:00;35000000;CLP;0;0
4642-29-LP25;Servicio de aseo integral para los consultorios de San Antonio y Linares por un periodo de 36 meses;DIRECCION DE LOGISTICA DE CARABINEROS;60.514.000-9;Fondos Hospitales;Valencia Nro. 2430;Ñuñoa;Región Metropolitana de Santiago;LP;Publicada;Servicio de aseo integral para los consultorios de San Antonio y Linares por un periodo de 36 meses Res Ex 396 del 26.03.2025 SOL 2483296-2483411 - CDP 308-314;2025-04-09T09:16:43.803;2025-04-29T16:00:00;2025-05-20T17:00:00;;CLP;0;0
1292-13-LE25;Material base Chancada Comuna de Pencahue;MINISTERIO DE OBRAS PUBLICAS DIREC CION GRAL DE OO PP DCYF;61.202.000-0;Dirección de Vialidad - VII Región - Provincia de Talca;Longitudinal Sur s/n km. 253,2 Cruce Varoli;Talca;Región del Maule;LE;Publicada;La Dirección de Vialidad solicita ofertas para adquisición de Materiales para trabajos de Administración Directa de la Dirección de Vialidad Provincia de Talca, conforme a los requerimientos administrativos y técnicos descritos en la presenta solicitud;2025-04-09T09:15:08.62;2025-04-22T15:02:00;2025-04-24T15:00:00;48000000;CLP;0;0
4309-120-LE25;CONVENIO TEMOZOLAMIDA 140 180 Y 250 MG;HOSPITAL GUILLERMO GRANT BENAVENTE DE CO;61.602.189-3;Abastecimiento Fármacos;San Martin 1436;Concepción;Región del Biobío;LE;Publicada;ABASTECER HGGB;2025-04-09T08:57:28.793;2025-04-21T19:51:00;2025-08-22T19:52:00;;CLP;0;0
2282-50-LE25;PP 15-2025 Adquisición de Embarcaciones;I MUNICIPALIDAD VALDIVIA;69.200.100-1;SECRETARIA PLANIFICACION MUNICIPAL;ARAUCO 642/ Liceo Santa María;Valdivia;Región de Los Ríos;LE;Publicada;Adquisición de embarcaciones;2025-04-09T08:54:38.38;2025-04-22T10:30:00;2025-06-10T17:00:00;;CLP;0;0
3765-12-LE25;COMPRA DE SERVICIOS PROFESIONALES DE MATRÓN A 44;SERVICIO NACIONAL DE SALUD HOSPITAL DE C;61.602.281-4;Hospital Doctor Leopoldo Ortega Rodríguez;Lautaro 275 Chile Chico;Chile Chico;Región Aysén del General Carlos Ibáñez del Campo;LE;Publicada;COMPRA DE SERVICIOS PROFESIONALES DE MATRÓN A 44 HORAS PARA LA EJECUCIÓN DEL PROGRAMA DE ESPACIOS AMIGABLES PARA ADOLESCENTE, AÑO 2025, HOSPITAL DR. LEOPOLDO ORTEGA RODRÍGUEZ;2025-04-09T08:34:39.503;2025-04-14T16:00:00;2025-04-15T18:00:00;;CLP;0;0
3479-38-L125;Construcción de Cierre Perimetral;I MUNICIPALIDAD DE CALBUCO;69.220.600-2;Municipalidad De Calbuco;FEDERICO ERRAZURIZ N210;Calbuco;Región de los Lagos;L1;Publicada;OBRAS MENORES Construcción de cierre perimetral para habilitación de carpa mercado de emergencia SP N 66;2025-04-09T08:32:42.013;2025-04-17T10:00:00;2025-04-25T17:00:00;6830600;CLP;0;0
1057419-21-LP25;Tarjetas de Alimentación;SERVICIO DE SALUD BIO BIO HOSPITAL SANTA BARBARA;61.607.304-4;Bienes y Servicios;Salamanca S/N;Santa Bárbara;Región del Biobío;LP;Publicada;Mediante la presente, se pretende proveer el abastecimiento de tarjetas de alimentación para funcionarios del Hospital de la Familia y la comunidad de Santa Bárbara, según Solicitud de Adquisición N 46.641, emitida por la Unidad de Casino de Funcionarios.;2025-04-09T08:23:53.4;2025-04-21T15:30:00;2025-04-30T18:51:00;;CLP;0;0
2311-59-L125;COMPRA MEDICAMENTOS DROGUERÍA;ILUSTRE MUNICIPALIDAD DE MOLINA;69.110.100-2;Dirección Comunal de Salud;INDEPENDENCIA 1926 MOLINA LADO PDI;Molina;Región del Maule;L1;Publicada;COMPRA MEDICAMENTOS DROGUERÍA REFERENTE: NICOLE ACUÑA;2025-04-09T08:18:30.037;2025-04-14T21:55:00;2025-04-22T21:55:00;;CLP;0;0
2311-57-L125;COMPRA MEDICAMENTOS DROGUERÍA;ILUSTRE MUNICIPALIDAD DE MOLINA;69.110.100-2;Dirección Comunal de Salud;INDEPENDENCIA 1926 MOLINA LADO PDI;Molina;Región del Maule;L1;Publicada;COMPRA MEDICAMENTOS DROGUERÍA REFERENTE: NICOLE ACUÑA;2025-04-09T08:17:15.99;2025-04-14T21:20:00;2025-04-22T21:20:00;;CLP;0;0
1574-14-LP25;VESTUARIO INSTITUCIONAL JUNJI COQUIMBO 2025;JUNTA NACIONAL DE JARDINES INFANTILES;70.072.600-2;Junji - IV Región;GREGORIO CORDOVEZ N535;La Serena;Región de Coquimbo;LP;Publicada;VESTUARIO INSTITUCIONAL JUNJI COQUIMBO 2025 La presente licitación incorpora en la evaluación de ofertas el Requisito Técnico E1O2RT9, correspondiente al N9 del Objetivo N2 de la Etapa N1, conforme a lo dispuesto en el documento marco de los incentivos institucionales para el Sistema Estado Verde. Dicho marco se encuentra regulado por el Decreto Exento N395 del 07.11.2023 del Ministerio de Hacienda, que Aprueba Programa Marco de los Programas de Mejoramiento de la Gestión de los Servicios en el Año 2024, para efectos del incremento por desempeño institucional establecido en el Artículo 6 de la Ley N19.553.;2025-04-09T08:12:35.843;2025-04-29T12:00:00;2025-05-06T17:00:00;86989542;CLP;0;0
886954-137-LP25;CONVENIO SUMINISTRO SISTEMA CIRUGÍA ABIERTA DE COLUMNA MALETA EN TRÁNSITO;HOSPITAL GUILLERMO GRANT BENAVENTE DE CO;61.602.189-3;Abastecimiento Insumos;San Martin 1436;Concepción;Región del Biobío;LP;Publicada;La necesidad de abastecer del insumo para la atención oportuna del paciente.;2025-04-09T08:08:32.053;2025-04-29T15:00:00;2025-06-28T19:00:00;337000000;CLP;0;0
4301-32-LR25;Servicio de Internet en Fibra y Telefonía Fija;I MUNICIPALIDAD DE ZAPALLAR;69.050.400-6;IMUNI_ ZAPALLAR;DIEGO SUTIL 285;Zapallar;Región de Valparaíso;LR;Publicada;Se requiere un enlace de Internet dedicado con una velocidad de 200 Mb Nacional 100 Mb Internacional tasa 1:1, para las siguientes direcciones: Este servicio no podrá ser Sub contratado, Enlace de Fibra de uso exclusivo Municipalidad, el servicio no puede ser entregado a través de MPLS Especificarlo en las bases.;2025-04-10T11:26:58.337;2025-05-12T15:30:00;2025-05-27T17:30:00;17000;CLF;0;0
1084156-21-LE25;PROV. E INST. DE MEMBRANA CUBIERTA GIMNASIO;SERVICIO LOCAL DE EDUCACION PUBLICA ANDALIEN SUR;65.181.672-6;Compras y Licitaciones;Caupolicán 518 Piso 3;Concepción;Región del Biobío;LE;Publicada;E1O2RT9;2025-04-10T11:02:48.973;2025-04-21T16:00:00;2025-07-21T17:30:00;15000000;CLP;0;0
956-34-LE25;Adquisición de Instrumental Traumatología I para el nuevo Hospital Claudio Vicuña de San Antonio;SERVICIO DE SALUD VALPARAISO SAN ANTONIO;61.606.500-9;SERVICIO DE SALUD VALPARAISO SAN ANTONIO;Av. Brasil 1435;Valparaíso;Región de Valparaíso;LE;Publicada;La necesidad de realizar un proceso de licitación para la Adquisición de Instrumental Traumatología I para el nuevo Hospital Claudio Vicuña de San Antonio, requerido por la Subdirección de Desarrollo Institucional de la Dirección del Servicio de Salud Valparaíso San Antonio.;2025-04-10T10:59:02.783;2025-04-21T16:00:00;2025-06-20T16:00:00;57677812;CLP;0;0
1439282-2-LE25;Compra pasajes aéreos Internacionales;FUNDACION CHILENA DEL PACIFICO;72.695.900-5;FUNDACION CHILENA DEL PACIFICO;Los Leones 382 oficina 304;Providencia;Región Metropolitana de Santiago;LE;Publicada;Compra pasajes pasaje aéreo de ida y vuelta de Santiago-Chile a Hai-Phong, Vietnam. Ida, la pasajera debe llegar a destino el 14 de julio a Hai Phong, Vietnam pasadas las 6 am. Vuelta, la pasajera debe iniciar el viaje de regreso a Santiago, Chile el 18 de julio horario de tarde. Los pasajes aéreos deben ser de clase ejecutiva. Ver las bases para revisar las demás condiciones.;2025-04-10T11:15:56.613;2025-04-25T17:34:00;2025-04-29T17:35:00;;CLP;0;0
1057539-28-LE25;Convenio De Suministro Sistema De Transporte Vertical;HOSPITAL PUERTO MONTT SERVICIO DE SALUD DEL RELONCAVI;61.975.100-0;Bienes y Servicios;;;Región de los Lagos;LE;Publicada;La Sección Control Centralizado del Hospital de Puerto Montt, requiere Licitar un convenio de suministros a 12 meses. Por repuestos del sistema de Transporte vertical para cubrir la demanda de incorporación y cambios de repuestos en equipos con desperfectos a fin de mantener el sistema 100% operativo Las compras propiamente tal serán de acuerdo a las necesidades de adquirir, por lo que se ejecutará en forma parcial de acuerdo a los requerimientos que se presenten para volver a dejar el o los equipos en funcionamiento normal a la brevedad, y estos serán materializados mediante las Órdenes de Compra respectiva y que serán enviadas mediante el portal de compras públicas.;2025-04-10T11:25:14.6;2025-04-22T15:00:00;2025-04-22T15:12:00;;CLP;0;0
2591-67-CO25;ADQ. DE UTILES DE ASEO PARA LIMPIEZA DE VEHICULOS;ILUSTRE MUNICIPALIDAD DE POZO ALMONTE;83.017.500-8;IMUNI_POZOALMONTE ADQUISICIONES;BALMACEDA 276;Pozo Almonte;Región de Tarapacá;CO;Publicada;SOLICITADO POR DIMAO, PAMELA CARRILLO, SEGUN SOLICITUD INTERNA N 291, CODIGO INTRANET N 2713, CERTIFICADO DE FACTIBILIDAD N 255, DECRETO DE PUBLICACION N 348 - 2025;2025-04-10T10:57:38.86;2025-04-21T15:30:00;2025-05-30T17:25:00;10000000;CLP;0;0
1075963-136-LE25;ADQUISICIÓN FÁRMACOS VARIOS;SERVICIO DE SALUD ARICA HOSP DR JUAN NOE CREVANI;61.606.001-5;Hospital Juan Noé;18 SEPTIEMBRE #1000;Arica;Región de Arica y Parinacota;LE;Publicada;ADQUISICIÓN FÁRMACOS VARIOS SE DEBEN ADJUNTAR TODOS LOS ANEXOS CON SUS RESPECTIVAS FIRMAS DEL REPRESENTANTE LEGAL. SEGÚN LO INDICADO EN BASES ADMINISTRATIVA ART N12: DE LA PRESENTACIÓN DE LA PROPUESTA. ADEMAS, ADJUNTA LOS DOCUMENTOS QUE RESPALDO EL PACTO DE INTEGIRDAD Y SUS VERIFICABLES.;2025-04-10T10:36:11.863;2025-04-21T17:30:00;2025-06-02T20:00:00;;CLP;0;0
1075963-135-LE25;ADQUISICIÓN FÁRMACOS REFRIGERADOS E INYECTABLES;SERVICIO DE SALUD ARICA HOSP DR JUAN NOE CREVANI;61.606.001-5;Hospital Juan Noé;18 SEPTIEMBRE #1000;Arica;Región de Arica y Parinacota;LE;Publicada;ADQUISICIÓN FÁRMACOS REFRIGERADOS E INYECTABLES SE DEBEN ADJUNTAR TODOS LOS ANEXOS CON SUS RESPECTIVAS FIRMAS DEL REPRESENTANTE LEGAL. SEGÚN LO INDICADO EN BASES ADMINISTRATIVA ART N12: DE LA PRESENTACIÓN DE LA PROPUESTA. ADEMAS, ADJUNTA LOS DOCUMENTOS QUE RESPALDO EL PACTO DE INTEGIRDAD Y SUS VERIFICABLES.;2025-04-10T10:35:44.04;2025-04-21T17:30:00;2025-06-02T20:00:00;;CLP;0;0
1075963-134-LE25;ADQUISICIÓN FÁRMACOS ENTERALES;SERVICIO DE SALUD ARICA HOSP DR JUAN NOE CREVANI;61.606.001-5;Hospital Juan Noé;18 SEPTIEMBRE #1000;Arica;Región de Arica y Parinacota;LE;Publicada;ADQUISICIÓN FÁRMACOS ENTERALES SE DEBEN ADJUNTAR TODOS LOS ANEXOS CON SUS RESPECTIVAS FIRMAS DEL REPRESENTANTE LEGAL. SEGÚN LO INDICADO EN BASES ADMINISTRATIVA ART N12: DE LA PRESENTACIÓN DE LA PROPUESTA. ADEMAS, ADJUNTA LOS DOCUMENTOS QUE RESPALDO EL PACTO DE INTEGIRDAD Y SUS VERIFICABLES.;2025-04-10T10:30:05.43;2025-04-21T17:30:00;2025-06-02T20:00:00;;CLP;0;0
2345-39-LE25;SERVICIO DE PRODUCCIÓN DEL EVENTO FIESTA RELIGIOSA DE CUASIMODO EN LAS CONDES;I MUNICIPALIDAD DE LAS CONDES;69.070.400-5;I MUNICIPALIDAD DE LAS CONDES;Avda.Apoquindo N 3400;Las Condes;Región Metropolitana de Santiago;LE;Publicada;El objetivo de este proceso es la contratación de un servicio de producción de evento denominado Fiesta Religiosa de Cuasimodo en Las Condes, a realizar el domingo 27 de abril de 2025, entre las 8:30 a 21:30 horas aproximadamente, en el sector de Vital Apoquindo de la comuna de Las Condes.;2025-04-10T10:35:58.393;2025-04-21T16:05:00;2025-07-09T20:00:00;;CLP;0;0
3191-29-LE25;LE FAR ADQUISICIÓN DE PRODUCTOS FARMACEUTICOS;DIRECCION DE ABASTECIMIENTO DE LA ARMADA;61.102.017-1;HOSPITAL NAVAL ALMIRANTE NEF;SUBIDA ALESSANDRI S/N;Viña del Mar;Región de Valparaíso;LE;Publicada;SATISFACER LAS NECESIDADES DEL HOSPITAL NAVAL ALMIRANTE NEF;2025-04-10T10:10:28.737;2025-04-17T15:01:00;2025-05-02T18:30:00;50000000;CLP;0;0
1057486-6-LE25;Charlas de prevención del acoso escolar y suicidio;DIRECCION SERVICIO SALUD METROPOLITANO O;61.608.400-3;Bienes y Servicios;Canada 308, Providencia;Providencia;Región Metropolitana de Santiago;LE;Publicada;Charlas de prevención del acoso escolar y suicidio;2025-04-10T10:06:20.2;2025-04-21T15:05:00;2025-05-21T17:29:00;44300000;CLP;0;0
324-24-LE25;SERVICIO DE PRODUCCION DE EVENTO Y BANQUETERIA;I MUNICIPALIDAD DE CERRILLOS;69.255.000-5;Administración y Finanzas - Abastecimiento;Piloto Lazo N120;Cerrillos;Región Metropolitana de Santiago;LE;Publicada;CONTRATACION DE SERVICIOS DE PRODUCCION DE EVENTO Y BANQUETERIA, CUENTA PUBLICA 2024, DE LA I. MUNICIPALIDAD DE CERRILLOS;2025-04-10T11:07:53.997;2025-04-17T16:00:00;2025-04-23T15:30:00;;CLP;0;0
359-47-LQ25;ADQ FARMACOS CITOSTATICOS INYECTABLES 2025;Instituto Nacional del Cancer;61.608.404-6;Inst Nacional del Cancer Adquisiciones;Av. Profesor Zañartu 1010, Independencia;Independencia;Región Metropolitana de Santiago;LQ;Publicada;El Instituto Nacional del Cáncer requiere contratar el suministro de fármacos Citostáticos Inyectables Plan Anual 2025 necesarios para el óptimo funcionamiento de los servicios clínicos;2025-04-10T09:58:30.97;2025-05-12T16:00:00;2025-06-11T13:22:00;;CLP;0;0
438-24-LQ25;RECAMBIO DE LUMNINARIAS EN DISTINTOS PUNTOS DE LA COMUNA DE SAN RAMON;I MUNICIPALIDAD DE SAN RAMON;69.253.900-1;Secretaria de Planificación San Ramón;Avenida Ossa 1771;San Ramón;Región Metropolitana de Santiago;LQ;Publicada;SE SOLICITA CONTRTATAR EL RECAMBIO DE LUMNINARIAS EN DISTINTOS PUNTOS DE LA COMUNA DE SAN RAMON;2025-04-10T09:57:03.327;2025-04-25T09:00:00;2025-05-25T19:56:00;100000000;CLP;0;0
2408-33-LE25;SERVICIO DE TRASLADO FUNCIONARIOS OMIL MUNICIPALIDAD DE LOS ANGELES AÑO 2025;I MUNICIPALIDAD DE LOS ANGELES;69.170.100-K;IMUNI_LOSANGELES ADQUISICIONES;CAUPOLICAN 399;Los Angeles;Región del Biobío;LE;Publicada;SE CONSIDERA EL ARRIENDO (SERVICIO DE TRASLADO) DE UN VEHICULO SEGUN REQUERIMIENTOS TECNICOS, PARA LA EJECUCION DE ACTIVIDADES DE INTERMEDIACION LABORAL EFECTUADAS POR LOS PROFESIONALES DE LA OMIL Y QUE PERMITAN AUMENTAR LA EMPLEABILIDAD DE LA COMUNA;2025-04-10T09:18:22.817;2025-04-17T09:00:00;2025-05-09T17:30:00;15000000;CLP;0;0
2282-51-LE25;PP 28-2025 Servicio de Producción Expo Muniemprend;I MUNICIPALIDAD VALDIVIA;69.200.100-1;SECRETARIA PLANIFICACION MUNICIPAL;ARAUCO 642/ Liceo Santa María;Valdivia;Región de Los Ríos;LE;Publicada;Servicio de Producción Expo Muniemprende Mayo 2025;2025-04-10T09:34:46.897;2025-04-23T10:30:00;2025-05-08T17:00:00;;CLP;0;0
1002772-36-LR25;SUTURAS DE POLIDIOXANONA;SERVICIO SALUD OCCIDENTE HOSPITAL DR FELIX BULNES CERDA;61.608.205-1;INSUMOS CLINICOS;;;Región Metropolitana de Santiago;LR;Publicada;Las presentes Bases constituyen el instrumento rector con el fin de suscribir un CONVENIO DE SUMINISTRO DE SUTURAS DE POLIDIOXANONA, por un periodo de 18 meses, para el Hospital Dr. Félix Bulnes Cerda. Éstas, establecen los fines, condiciones y requisitos que deberán ser cumplidos por los oferentes, en todas y cada una de las partes que conformen su oferta y además de regular el todo el proceso licitatorio hasta la suscripción del correspondiente contrato y su ejecución.;2025-04-10T09:14:16.737;2025-05-12T16:00:00;2025-07-09T17:30:00;;CLP;0;0
2912-7-LE25;SERVICIOS DE EXAMENES DE IMÁGENES DIAGNOSTICA PARA;I MUNICIPALIDAD DE FRUTILLAR;69.220.702-5;Municipalidad de Frutillar Depto. Adm. Salud;Avda. Phillippi N 753;Frutillar;Región de los Lagos;LE;Publicada;SERVICIOS DE EXAMENES DE IMÁGENES DIAGNOSTICA PARA USUARIOS DEL DEPTO. DE SALUD MUNICIPAL;2025-04-10T09:13:48.897;2025-04-21T15:35:00;2025-04-29T18:44:00;41627538;CLP;0;0
3791-12-LE25;CANASTAS DE ALIMENTOS COMUNA DE CISNES;I MUNICIPALIDAD DE CISNES;69.240.200-6;Finanzas;;;Región Aysén del General Carlos Ibáñez del Campo;LE;Publicada;CONVENIO DE SUMUNISTRO PARA CANASTA DE ALIMENTOS PARA ASISTENCIA SOCIAL COMUNA DE CISNES 2025 AL 2026, que corresponde a la necesidad del Municipio de Cisnes que busca mejorar la calidad de vida de los habitantes de la Comuna de Cisnes a través de servicios eficientes y de calidad. Su objetivo es administrar de manera efectiva los recursos comunales, involucrar a la comunidad en el progreso económico, social y cultural, y promover el desarrollo a nivel comunal y regional. Dentro de los apoyos sociales se encuentra la entrega de canastas de alimentos con productos balanceados acorde a la necesidad de los usuarios.;2025-04-10T08:03:56.86;2025-04-21T16:00:00;2025-04-30T19:58:00;28575000;CLP;0;0
1549-38-LR25;ADQ INMUNOGLOBULINA HUMANA ENDOVENOSA;SERVICIO DE SALUD METROPOLITANA NORTE HOSPITAL SAN JOSE;61.608.002-4;Hospital San José;San José 1030;Independencia;Región Metropolitana de Santiago;LR;Publicada;De acuerdo con lo establecido en la Resolución N 410, de 31 de enero de 2025, que aprueba Plan Anual de Compras y Contrataciones año 2025 para el Complejo Hospitalario San José, se requiere la adquisición de INMUNOGLOBULINA HUMANA ENDOVENOSA;2025-04-10T09:04:23.03;2025-05-12T15:00:00;2025-06-24T16:33:00;;CLP;0;0
1271178-8-LP25;Suministro de lágrimas artificiales;CORPORACION MUNICIPAL DE DESARROLLO SOCIAL DE MACUL;71.369.900-4;CORPORACION MUNICIPAL DE DESARROLLO SOCIAL DE MACUL;Gregorio de la Fuente N3556;Macul;Región Metropolitana de Santiago;LP;Publicada;La Corporación Municipal de Desarrollo Social de Macul, en adelante la Corporación, a través de las presentes bases, tiene como propósito contratar el servicio de suministro de lágrimas artificiales para la unidad de atención primaria de oftalmología de los centros de salud dependientes de la Corporación, que se individualizan en las bases técnicas, con la finalidad de dar cumplimiento al Programa de Resolutividad en Atención Primaria.;2025-04-10T11:06:21.033;2025-04-21T17:00:00;2025-05-12T17:00:00;;CLP;0;0
1092-4-LE25;PROFESIONAL MARCACIÒN BOSQUE NATIVO COYHA.IBAÑEZ;CORP NACIONAL FORESTAL;61.313.000-4;XI Región - Oficina Regional de Aysén;Ignacio serrano 409;Coyhaique;Región Aysén del General Carlos Ibáñez del Campo;LE;Publicada;El programa Siembra por Chile requiere contratar servicios Profesionales de Bosque Nativo en comunas de Coyhaique y Río Ibáñez. La finalidad de la licitación es contratar los servicios profesionales de un Ingenieroa Forestal para realizar actividades de marcación de bosques nativos con fines silvícolas de acuerdo a la prescripción del Plan de Manejo de Bosque Nativo Ley 20.283.;2025-04-10T07:31:58.727;2025-04-21T18:00:00;2025-04-25T15:07:00;12000000;CLP;0;0
316-10-LE25;SERVICIO DE MANTENCION Y REPARACION DE ASCENSORES;I MUNICIPALIDAD DE VILLA ALEMANA;69.061.500-2;ADQUISICIONES;;;Región de Valparaíso;LE;Publicada;La Ilustre Municipalidad de Villa Alemana, como organismo de la administración pública, requiere contratar los Servicios de mantención de ascensores de la Ilustre Municipalidad de Villa Alemana, por un periodo de 24 meses, para mayor detalle del servicio Véase Bases Técnicas. Se contempla Visita a Terreno Obligatoria para el día 15 de abril del 2025 a las 11:00 horas.;2025-04-10T11:12:40.647;2025-04-21T15:03:00;2025-06-20T15:04:00;;CLP;0;0
3477-23-LE25;CONTRATACIÓN DE SERVICIO DE TELEFONÍA CELULAR E I;I MUNICIPALIDAD DE VILCUN;69.190.800-3;Area Municipal;Lord Cochrane 255;Vilcún;Región de la Araucanía;LE;Publicada;En el marco de las presentes Bases, la Municipalidad de Vilcún requiere la CONTRATACIÓN DE SERVICIO DE TELEFONÍA CELULAR E INTERNET MÓVIL.;2025-04-10T11:11:48.453;2025-04-28T16:00:00;2025-05-30T17:32:00;;CLP;0;0
4498-2-LE25;TEXTOS DE APOYO PARA ESCUELA G N130 EL PRADO;I MUNICIPALIDAD DE SAN PEDRO;69.073.100-2;Educacion;Avda. Cristobal Colon N04;San Pedro;Región Metropolitana de Santiago;LE;Publicada;SE REQUIEREN TEXTOS SANTILLANA SABER HACER LENGUAJE Y MATEMATICAS.;2025-04-10T11:04:53.58;2025-04-22T15:00:00;2025-05-06T19:00:00;;CLP;0;0
3881-14-LE25;ADQUISICION DE TINTAS Y TONER;I MUNICIPALIDAD DE PINTO;69.141.000-5;Administración y Finanzas;Ernesto Riquelme 269;Pinto;Región del Ñuble;LE;Publicada;ADQUISICION TINTAS Y TÓNER QUE REQUIERE LA I. MUNICIPALIDAD DE PINTO, SEGUNDO LLAMADO, SEGUN LAS BAE;2025-04-10T11:11:30.82;2025-04-15T15:01:00;2025-04-22T20:02:00;15000000;CLP;0;0
4996-6-LE25;Adquisición de equipamiento para la Sala de Procesos Silvoagropecuarios SPA.;I MUNICIPALIDAD DE SAN PEDRO DE ATACAMA;69.252.500-0;Dideco;Gustavo Le Paige 328;San Pedro de Atacama;Región de Antofagasta;LE;Publicada;La Municipalidad de San Pedro de Atacama invita a participar en el proceso de contratación para el servicio de Adquisición de equipamiento para la Sala de Procesos Silvoagropecuarios, SPA. con el objeto de beneficiar a los productores de alimentos y productos silvoagropecuarios de la comuna, que aún no cuentan con resolución sanitaria, a través de un proceso de licitación por líneas de adquisición según lo indicado en las presentes bases de licitación.;2025-04-10T11:12:31.203;2025-04-22T10:00:00;2025-04-28T18:00:00;;CLP;0;0
2908-10-L125;Contrato suministro servicio oftalmológico;I MUNICIPALIDAD DE LANCO;69.200.300-4;Departamento de Salud;libertad 251;Lanco;Región de Los Ríos;L1;Publicada;Contrato suministro servicio oftalmológico;2025-04-10T11:05:36.46;2025-04-22T11:00:00;2025-05-30T16:47:00;;CLP;0;0
2825-22-L125;SERVICIO CONTRATO SUMINISTRO PREPARADOS MAGISTRALES;I MUNICIPALIDAD DE CONSTITUCION;69.120.100-7;DEPARTAMENTO DE SALUD;PORTALES 450;Constitución;Región del Maule;L1;Publicada;CONTRATO DE SUMINISTRO CON LABORATORIO PARA PREPARADOS MAGISTRAL SEGUN ANEXO ADJUNTO;2025-04-10T11:17:56.497;2025-04-16T15:46:00;2025-05-30T19:00:00;;CLP;0;0
800-23-LE25;ADQ. CORTADORA SELLADORA DE PAPEL BILAMINADO;UNIVERSIDAD DE CHILE;60.910.000-1;Hospital Clínico Univ. de Chile - Insumos Clínicos;Dr. Carlos Lorca Tobar 999 (Ex Santos Dumont);Independencia;Región Metropolitana de Santiago;LE;Publicada;La Universidad de Chile, para su Hospital Clínico de la Universidad de Chile, en adelante e indistintamente el Hospital Clínico o el HOSPITAL, establecimiento docente-asistencial de medicina de alta complejidad, llama a licitación pública para la adquisición de Cortadora Selladora de papel bilaminado, en adelante los equipos o el equipamiento, la cual se regulará por las presentes Bases.;2025-04-10T11:21:57.083;2025-04-21T16:00:00;2025-07-09T17:00:00;;CLP;0;0
1540-68-LE25;CONVENIO SUMINISTRO DE MEDICAMENTOS AINES;SERVICIO DE SALUD MAGALLANES HOSPITAL DE PTO NATALES;61.607.904-2;Hospital Dr. Augusto Essmann Burgos;AVENIDA ESPAÑA 1650;Puerto Natales;Región de Magallanes y de la Antártica;LE;Publicada;Mediante Solicitud de Compra N73 de Jefe de Farmacia, QF. Jose Miranda Cardenas, autorizado por la Subdirección Administrativa, quien solicita el Convenio De Suministro De Medicamentos Aines, para abastecer el Hospital Dr. Augusto Essmann Burgos de Puerto Natales, por un periodo de 24 meses;2025-04-10T11:04:40.28;2025-04-21T15:31:00;2025-06-06T17:21:00;;CLP;0;0
5184-253-LE24;MANTENCIÓN ANUAL DE RED DE GASES CLÍNICOS Y PROVISIÓN DE ARTÍCULOS COMPLEMENTARIOS;SERVICIO DE SALUD DEL MAULE HOSPITAL DE LINARES;61.606.917-9;CONTRATOS-SUMINISTRO;Brasil N 753;Maule;Región del Maule;LE;Publicada;MANTENCIÓN ANUAL DE RED DE GASES CLÍNICOS Y PROVISIÓN DE ARTÍCULOS COMPLEMENTARIOS, SEGÚN REQUERIMIENTO DE MEMORÁNDUM N06 DEL 09/01/2024 Y REITERADO EN MEMORÁNDUM N62 DEL 17/03/2025 SE MANTENIMIENTO;2025-04-10T11:06:33.397;2025-04-21T16:15:00;2025-06-06T17:00:00;60000000;CLP;0;0
3838-26-LE25;CONVENIO SUMINISTRO ARRIENDO MAQUINARIAS PESADAS;I MUNICIPALIDAD DE SANTA CRUZ;69.090.600-7;I MUNICIPALIDAD DE SANTA CRUZ;;;Región del Libertador General Bernardo OHiggins;LE;Publicada;SEGÚN BASES ADMINISTRATIVAS.;2025-04-10T11:08:47.927;2025-04-21T15:30:00;2025-05-20T18:30:00;;CLP;0;0
1048-20-LQ25;SUMINISTRO DE TINTAS Y TONER 2025-2026 EL TABO;I MUNICIPALIDAD DE EL TABO;69.073.700-0;I MUNICIPALIDAD DE EL TABO;Av. Las Cruces Norte 401, El Tabo;El Tabo;Región de Valparaíso;LQ;Publicada;LA IMET LLAMA A LICITACION EL CONVENIO DE SUMINISTRO DE TINTAS Y TONER PARA LOS AÑOS 2025 Y 2026 SEGUN LA NECESIDAD DE LAS DISTINTAS UNIDADES MUNICIPALES.;2025-04-10T11:22:23.993;2025-04-30T13:00:00;2025-06-19T18:00:00;200000000;CLP;0;0
1540-65-LE25;CONVENIO DE SUMINISTRO DE MEDICAMENTOS MIXTOS;SERVICIO DE SALUD MAGALLANES HOSPITAL DE PTO NATALES;61.607.904-2;Hospital Dr. Augusto Essmann Burgos;AVENIDA ESPAÑA 1650;Puerto Natales;Región de Magallanes y de la Antártica;LE;Publicada;Mediante Solicitud de Compra N142 de Jefe de Farmacia, QF. José Miranda Cárdenas, autorizado por la Subdirección Administrativa, quien solicita el Convenio de Suministro de Medicamentos Mixtos, los cuales darán cobertura a los faltantes de Cenabast del mes de abril, lo anterior para abastecer el Hospital Dr. Augusto Essmann Burgos de Puerto Natales, por un periodo de 3 meses.;2025-04-10T11:07:39.773;2025-04-21T15:30:00;2025-05-30T17:30:00;;CLP;0;0
5053-46-LE25;SERVICIO INTEGRAL PARA EQUIPOS CIRUGIA CARDIACA;SERVICIO DE SALUD DEL MAULE HOSPITAL DE TALCA;61.606.901-2;Operaciones;;;Región del Maule;LE;Publicada;El objetivo de la presente licitación, es la adquisición servicio mantención integral para equipos cirugía cardiaca del Hospital Regional de Talca, con el fin de asegurar el abastecimiento en calidad y oportunidad, para satisfacer la demanda de los usuarios.;2025-04-10T11:04:23.63;2025-04-21T16:18:00;2025-06-30T16:19:00;18181426;CLP;0;0
1280-9-LQ25;GRAVILLA Y POLVO ROCA;MINISTERIO DE OBRAS PUBLICAS DIREC CION GRAL DE OO PP DCYF;61.202.000-0;Direccion de Vialidad - XI Región - Provincia de Cochrane;Esmeralda 316;Cochrane;Región Aysén del General Carlos Ibáñez del Campo;LQ;Publicada;La Dirección de Vialidad, necesita adquirir 1200m3 de gravilla (3/8 pulgadas), 1300 m3 gravilla (3/4 pulgada) 700 m3 de polvo roca, para la ejecución de faenas por administración directa en trabajo de sello asfaltico CAPRO en la Red Provincial de Vialidad Capitán Prat, según las características, señaladas en las especificaciones técnicas.;2025-04-10T11:07:44.15;2025-04-21T16:00:00;2025-04-28T14:00:00;250000000;CLP;0;0
1057547-174-LE25;COMPRA SERVICIOS MANTENIMIENTO RECAMBIO MORCESCOPI;SERVICIO DE SALUD VALDIVIA HOSPITAL BASE;61.607.502-0;Bienes y Servicios;Bienes y Servicios;Valdivia;Región de Los Ríos;LE;Publicada;COMPRA DE SERVICIOS DE MANTENIMIENTO CORRECTIVO RECAMBIO PARA PIEZA DE MANO MORCESCOPIO DEL HOSPITAL BASE VALDIVIA;2025-04-10T10:58:53.667;2025-04-15T19:01:00;2025-07-09T19:59:00;11300000;CLP;0;0
2694-15-LE25;ARRIENDO DE FOTOCOPIADORAS RED DE SALUD MUNICIPAL;I MUNICIPALIDAD DE CARTAGENA;69.073.600-4;MUNICIPALIDAD DE CARTAGENA-SALUD;TARAPACA 551;Cartagena;Región de Valparaíso;LE;Publicada;CONTRATO DE SUMINISTRO POR ARRIENDO DE 13 FOTOCOPIADORAS PARA LA RED DE SALUD MUNICIPAL CARTAGENA.;2025-04-10T10:46:40.413;2025-04-24T10:40:00;2025-05-12T17:05:00;;CLP;0;0
3607-8-LQ25;EXTENSION RED DE ALUMBRADO PUBLICO MULCHÉN;I MUNICIPALIDAD DE MULCHEN;69.170.500-5;SECRETARIA DE PLANIFICACION;ANIBAL PINTO 495 - Región del Biobío - Mulchén;Mulchén;Región del Biobío;LQ;Publicada;La Municipalidad de Mulchén llama a Licitación Pública del proyecto Extensión de la Red de Alumbrado Público, Calle OHiggins, y otros sectores, cuyo objetivo es extender la cobertura del alumbrado público en diversos sectores urbanos de la comuna, conforme a las Especificaciones Técnicas, Planimetría, Memoria, entre otros antecedentes adjuntos a la propuesta.;2025-04-10T10:57:16.06;2025-04-30T12:00:00;2025-05-23T17:30:00;290054899;CLP;0;0
3095-7-LE25;SERVICIO DE REPARACIÓN EN 19 DEPARTAMENTO FISCALES;DIRECCION DE ABASTECIMIENTO DE LA ARMADA;65.486.750-k;DEPTO DE BIENESTAR SOCIAL PUERTO MONTT;AVDA. DIEGO PORTALES N 2300;Puerto Montt;Región de los Lagos;LE;Publicada;SE SOLICITA EL REEMPLAZO DE VENTANAS EN 19 DEPARTAMENTOS FISCALES, DE LA CUIDAD DE PUERTO MONTT.;2025-04-10T10:45:19.4;2025-04-22T12:00:00;2025-05-05T15:04:00;13849562;CLP;0;0
2289-14-LE25;CONTRATACIÓN DE SOFTWARE DOM MUNICIPALIDAD DE FRU;I MUNICIPALIDAD DE FRUTILLAR;69.220.700-9;MUNICIPALIDAD DE FRUTILLAR;AVDA. ALESSANDRI S/N FRENTE A PLAZA FRUTILLAR ALTO;Frutillar;Región de los Lagos;LE;Publicada;PROVIENE DE LICITACIÓN PÚBLICA;2025-04-10T10:51:49.083;2025-04-21T15:01:00;2025-05-02T17:00:00;;CLP;0;0
4451-42-LE25;Servicio de Arriendo de Maquinarias y Herramientas Eléctricas;I MUNICIPALIDAD DE SAN CLEMENTE;69.110.500-8;UNIDAD DE COMPRAS MUNICIPALES;Calle Carlos Silva Renard N792;San Clemente;Región del Maule;LE;Publicada;La Municipalidad de San Clemente, actualmente se encuentra en un proceso de transformación constante, trabajando en diversas y múltiples exigencias que demanda la normal operatividad y funcionamiento de la ciudad, con el propósito de evitar situaciones de emergencia y de riesgo a la población.;2025-04-10T10:56:17.647;2025-04-22T15:30:00;2025-05-14T19:51:00;;CLP;0;0
1271178-9-LE25;Seguros Generales 2025;CORPORACION MUNICIPAL DE DESARROLLO SOCIAL DE MACUL;71.369.900-4;CORPORACION MUNICIPAL DE DESARROLLO SOCIAL DE MACUL;Gregorio de la Fuente N3556;Macul;Región Metropolitana de Santiago;LE;Publicada;La Corporación Municipal de Desarrollo Social de Macul, en adelante la Corporación, a través de las presentes bases, tiene como propósito contratar el servicio de seguros generales para vehículos, bienes muebles e inmuebles correspondientes a la Corporación, permitiendo dar continuidad al servicio ante cualquier situación inesperada.;2025-04-10T10:55:48.823;2025-04-21T17:00:00;2025-05-20T17:00:00;;CLP;0;0
3471-31-LP25;SUMINISTRO INSUMOS E IMPLANTES TRAUMATOLÓGICOS;DIRECCION DE LOGISTICA DE CARABINEROS;60.505.723-3;Hospital de Carabineros;Av. Antonio Varas N 2500;Ñuñoa;Región Metropolitana de Santiago;LP;Publicada;SUMINISTRO DE INSUMOS E IMPLANTES TRAUMATOLÓGICOS UTILIZADOS EN CIRUGÍAS DE FRACTURA DE RODILLA TRAUMÁTICA Y OTRAS, ASOCIADOS A CAJAS DE INSTRUMENTAL QUIRÚRGICO EN CONSIGNACIÓN Y EN TRÁNSITO POR UN PERÍODO DE 24 MESES PARA LA UNIDAD DE TRAUMATOLOGIA. DEL HOSPITAL DE CARABINEROS.;2025-04-10T10:44:38.18;2025-04-30T16:00:00;2025-06-02T17:30:00;;CLP;0;0
4436-3-LE25;RÉPLICAS TAMAÑO REAL DE CONTEXTOS FÚNEBRES;SERVICIO NACIONAL DEL PATRIMONIO CULTURAL;60.905.000-4;MUSEO DEL LIMARÍ;Covarrubias S/N;Ovalle;Región de Coquimbo;LE;Publicada;El Museo del Limarí, licita públicamente el servicio de RÉPLICAS TAMAÑO REAL DE CONTEXTOS FÚNEBRES PARA MUSEO DE LIMARI, para cuyo efecto invita a personas naturales y jurídicas del rubro a formular ofertas conforme a lo dispuesto en las presentes Bases Administrativas y Técnicas.;2025-04-10T10:46:04.307;2025-04-24T19:00:00;2025-05-09T19:49:00;9915966;CLP;0;0
2366-15-LE25;ADQ. ENVASES PARA RECOLECCIÓN DE ORINA M.1494 LABO;I MUNICIPALIDAD DE ARICA;69.010.100-9;SERVICIO MUNICIPAL DE SALUD;Patricio Lynch N 236;Arica;Región de Arica y Parinacota;LE;Publicada;ADQUISICIÓN DE ENVASES DE RECOLECCÍON DE ORINA M.1494 LABORATORIO CLÍNICO;2025-04-10T10:51:06.083;2025-04-24T18:00:00;2025-07-31T17:34:00;55584900;CLP;0;0
3736-19-LE25;PLATAFORMA PROGRAMA PIE DEL DAEM DE LAJA;I MUNICIPALIDAD DE LAJA;69.170.300-2;Educación;Luis Cruz Martinez N 15 (Bodega DAEM);Laja;Región del Biobío;LE;Publicada;CONTRATACIÓN SERVICIO DE PLATAFORMA PARA PROGRAMA DE INTEGRACION PARA ESTABLECIMIENTOS EDUCACIONALES DEPENDIENTES DEL DEPARTAMENTO DE EDUCACIÓN DE LAJA, FONDOS SEP, SEGÚN LO ESTABLECIDO EN BASES DE LICITACIÓN D.A N 3.218 DE FECHA 07042025.;2025-04-10T10:52:19.827;2025-04-21T15:01:00;2025-05-06T17:00:00;;CLP;0;0
4079-19-LQ25;CONTRATO DE SUMINISTRO MATERIALES DE CONSTRUCCIÓN;I MUNICIPALIDAD DE CABRERO;69.151.000-k;Administración y Finanzas;Las Delicias n 355, Cabrero;Cabrero;Región del Biobío;LQ;Publicada;El objetivo de la contratación es contar con un Contrato de Suministro de Materiales de Construcción y Ferretería, para abastecer distintas unidades municipales, en forma rápida y eficiente, para dar oportuno cumplimiento a los requerimientos ciudadanos.;2025-04-10T10:44:12.537;2025-04-30T15:32:00;2025-05-15T15:33:00;240000000;CLP;0;0
2664-19-LE25;COFFE BREAK A REALIZARSE EN CAPACITACIONES;I MUNICIPALIDAD DE TOME;69.150.102-7;Dirección de Salud Municipal;Ignacio Serrano 1061;Tomé;Región del Biobío;LE;Publicada;PROVEER DE COFFE BREAK EN LAS CAPACITACIONES DE LOS FUNCIONARIOS DE LA DISAM TOMÉ TODO SEGUN BASES DE ESTA LICITACION, FICHA DE ESTA LICITACION Y ANEXOS.;2025-04-10T10:52:25.4;2025-04-16T15:00:00;2025-04-18T16:00:00;;CLP;0;0
316-17-LE25;P. PUBL.15-2025 ADQUISICIÓN MATERIALES ELÉCTRICOS;I MUNICIPALIDAD DE VILLA ALEMANA;69.061.500-2;ADQUISICIONES;CALLE BUENOS AIRES N850, VILLA ALEMANA;Villa Alemana;Región de Valparaíso;LE;Publicada;LAS PRESENTES BASES ESTÁN DESTINADAS A REGULAR EL LLAMADO A LICITACIÓN PARA LA ADQUISICIÓN DE MATERIALES ELÉCTRICOS PARA LA UNIDAD DE ALUMBRADO PÚBLICO, CON EL OBJETIVO DE SATISFACER LOS REQUERIMIENTOS DE LA MUNICIPALIDAD Y SUS NECESIDADES ADQUISITIVAS DEL ÁREA DE ALUMBRADO PÚBLICO, SEGÚN LO INDICADO EN LAS BASES ADMINISTRATIVAS, BASES TÉCNICAS Y DEMÁS ANTECEDENTES ADJUNTOS.;2025-04-10T10:37:28.027;2025-04-21T15:30:00;2025-06-23T18:00:00;25830259;CLP;0;0
1960-2-LE25;Servicio provisión e instalación bolardos manuales;DIRECCION GENERAL DE AERONAUTICA CIVIL;61.104.000-8;UNIDAD DE COMPRA PUNTA ARENAS;Aeropuerto Carlos Ibañez del Campo;Punta Arenas;Región de Magallanes y de la Antártica;LE;Publicada;Servicio de provisión e instalación de bolardos manuales extraíbles para portones del perímetro del aeropuerto presidente Carlos Ibáñez del Campo;2025-04-10T10:40:38.72;2025-04-21T15:01:00;2025-05-02T16:30:00;7488000;CLP;0;0
1058134-54-LR25;CONV SUMI MEDICAMENTO INOTUZUMAB - OZOGAMICINA;SERVICIO DE SALUD VALDIVIA HOSPITAL BASE;61.607.502-0;Fármarcos;Bienes y Servicios;Valdivia;Región de Los Ríos;LR;Publicada;CONVENIO SUMINISTRO DE MEDICAMENTO INOTUZUMAB - OZOGAMICINA PARA EL HOSPITAL BASE VALDIVIA;2025-04-10T10:43:03.28;2025-05-12T19:00:00;2025-07-09T19:59:00;439000000;CLP;0;0
3413-6-LE25;CONTRATO DE SUMINISTRO ELEMENTOS DE ESCRITORIO;COMANDO DE APOYO A LA FUERZA;61.971.700-7;Cuartel General VI División de Ejército - CGVIDE;Diego Portales 1041;Iquique;Región de Tarapacá;LE;Publicada;EL CG VI DE TIENE LA NECESIDAD DE REALIZAR CONTRATO DE SUMINISTRO DE ELEMENTOS DE ESCRITORIO PARA EL RODAJE ADMINISTRATIVO.;2025-04-10T10:44:01;2025-04-21T15:30:00;2025-04-30T17:30:00;;CLP;0;0
750301-6-LP25;ADQUISICIÓN DE SEGUROS VEHÍCULOS DEPTO. SALUD;CORP.MUNICIPAL GABRIEL GONZALEZ VIDELA DE LA SERENA;70.892.100-9;Área Salud;Ánima de Diego 550;La Serena;Región de Coquimbo;LP;Publicada;Se requiere la contratación de seguros para 42 vehículos de propiedad de la Corporación Municipal Gabriel González Videla por un periodo de 12 meses, con el fin de resguardar la flota vehicular del Departamento de Salud.;2025-04-10T10:38:29.71;2025-05-02T16:00:00;2025-06-04T16:30:00;;CLP;0;0
1075963-137-LE25;ADQUISICIÓN MAGISTRALOFICINAL SUERO Y NUTRICIONAL;SERVICIO DE SALUD ARICA HOSP DR JUAN NOE CREVANI;61.606.001-5;Hospital Juan Noé;18 SEPTIEMBRE #1000;Arica;Región de Arica y Parinacota;LE;Publicada;ADQUISICIÓN MAGISTRAL/OFICINAL, SUERO Y NUTRICIONAL SE DEBEN ADJUNTAR TODOS LOS ANEXOS CON SUS RESPECTIVAS FIRMAS DEL REPRESENTANTE LEGAL. SEGÚN LO INDICADO EN BASES ADMINISTRATIVA ART N12: DE LA PRESENTACIÓN DE LA PROPUESTA. ADEMAS, ADJUNTA LOS DOCUMENTOS QUE RESPALDO EL PACTO DE INTEGIRDAD Y SUS VERIFICABLES.;2025-04-10T10:36:43.633;2025-04-21T17:30:00;2025-06-02T20:00:00;;CLP;0;0
1057417-18-LE25;AC - RESIDENCIA PSIQUIATRICA ALTA COMPLEJIDAD;COMPLEJO ASISTENCIAL DR.VICTOR RIOS RUIZ;61.607.301-K;Bienes y Servicios;Av. Ricardo Vicuña N147;Los Angeles;Región del Biobío;LE;Publicada;El complejo asistencial requiere la contratación de residencias psiquiátricas de alta complejidad.;2025-04-10T10:36:28.687;2025-04-17T15:30:00;2025-05-19T18:00:00;;CLP;0;0
1947-76-LP25;CONTRATACIÓN DEL SERVICIO DE ARRIENDO DE INFRAESTRUCTURA Y SOPORTE DE SERVIDORES PARA EL HOSPITAL DE NIÑOS DR. ROBERTO DEL RIO.;SERVICIO DE SALUD NORTE HOSPITAL ROBERTO DEL RIO;61.608.004-0;Abastecimiento;Avda. Profesor Zañartu 1085 Independencia;Independencia;Región Metropolitana de Santiago;LP;Publicada;CONTRATACIÓN DEL SERVICIO DE ARRIENDO DE INFRAESTRUCTURA Y SOPORTE DE SERVIDORES PARA EL HOSPITAL DE NIÑOS DR. ROBERTO DEL RIO.;2025-04-10T10:35:04.773;2025-04-29T15:00:00;2025-06-02T18:00:00;;CLP;0;0
807-16-LE25;Catastro Sitios de Significación Cultural en comunas de Cochamó y Hualaihué Región de los Lagos;CORP NACIONAL DE DESARROLLO INDIGENA;72.396.000-2;Dirección Regional de Osorno;;;Región de los Lagos;LE;Publicada;Se requiere la contratación de servicios de catastro de los espacios ecoculturales y sitios de significación Cultural y/o Patrimonial en la Comunidades Indígenas de las comunas de Cochamó y Hualaihué Región de los Lagos generando un documento digital que logre identificar los espacios ecoculturales y sitios de significación Cultural y/o Patrimonial;2025-04-10T10:27:01.89;2025-04-21T17:00:00;2025-04-28T20:00:00;;CLP;0;0
438-33-LE25;SERVICIO DE REPARACION CORRECTIVO Y MANTENIMIENTO PREVENTIVO AL EQUIPO DE RAYOS X;I MUNICIPALIDAD DE SAN RAMON;69.253.900-1;Secretaria de Planificación San Ramón;Avenida Ossa 1771;Santiago;Región Metropolitana de Santiago;LE;Publicada;ESTA PROPUESTA CONSISTE EN EL SERVICIO DE REPARACION CORRECTIVO Y MANTENIMIENTO PREVENTIVO AL EQUIPO DE RAYOS X;2025-04-10T10:30:33.97;2025-04-21T15:30:00;2025-05-21T19:58:00;21031248;CLP;0;0
2345-43-LE25;ARRIENDO MÁQUINAS DISPENSADORAS DE AGUA;I MUNICIPALIDAD DE LAS CONDES;69.070.400-5;I MUNICIPALIDAD DE LAS CONDES;Avda.Apoquindo N 3400;Las Condes;Región Metropolitana de Santiago;LE;Publicada;El objetivo de este proceso de licitación es contratar el arriendo de 64 máquinas dispensadoras de agua con conexión a la red de agua potable, por un plazo de 24 meses, para contar con puntos de hidratación de agua purificada en distintas dependencias municipales, de acuerdo con las características técnicas señaladas en las presentes Bases de Licitación.;2025-04-10T10:26:37.107;2025-04-21T16:00:00;2025-07-09T18:00:00;26000000;CLP;0;0
2446-101-LE25;L.P. 107-2025 ADQ. DE 30 LINTERNAS TÁCTICAS RECARGABLES;I MUNICIPALIDAD DE COQUIMBO;69.040.300-5;IMUNI_COQUIMBO;BILBAO 348;Coquimbo;Región de Coquimbo;LE;Publicada;ADQUISICIÒN DE 30 LINTERNAS TÁCTICAS RECARGABLES;2025-04-10T10:23:46.367;2025-04-21T19:49:00;2025-05-16T17:30:00;7500000;CLP;0;0
1240099-4-LP25;SERVICIOS PROCESAMIENTO E INFORMES DE BIOPSIAS PARA LA UNIDAD DE ANATOMÍA PATOLÓGICAPARA EL HOSPITAL PROVINCIAL DE OVALLE;SERVICIO DE SALUD COQUIMBO HOSPITAL DE O;61.606.404-5;Servicios de Exámenes;Ariztia 7;Ovalle;Región de Coquimbo;LP;Publicada;Conforme a la Ley de Compras Públicas N 19.886, su Reglamento y modificaciones, el Hospital Provincial de Ovalle llama a licitación pública a empresas o proveedores del rubro, personas naturales o jurídicas, chilenas o extranjeras, así como a Uniones Temporales de Proveedores, para celebrar un SERVICIOS PROCESAMIENTO E INFORMES DE BIOPSIAS PARA LA UNIDAD DE ANATOMÍA PATOLÓGICA, para el Hospital Provincial de Ovalle, por un periodo de 12 (doce) meses, o hasta agotar el presupuesto referencial, para un oportuno y adecuado suministro de estos productos y así garantizar el correcto funcionamiento del establecimiento.;2025-04-10T10:23:08.11;2025-04-21T15:25:00;2025-05-02T17:00:00;;CLP;0;0
1075963-133-LE25;ADQUISICIÓN FÁRMACOS CONTROLADOS Y ONCOLOGICOS;SERVICIO DE SALUD ARICA HOSP DR JUAN NOE CREVANI;61.606.001-5;Hospital Juan Noé;18 SEPTIEMBRE #1000;Arica;Región de Arica y Parinacota;LE;Publicada;ADQUISICIÓN FÁRMACOS CONTROLADOS Y ONCOLOGICOS SE DEBEN ADJUNTAR TODOS LOS ANEXOS CON SUS RESPECTIVAS FIRMAS DEL REPRESENTANTE LEGAL. SEGÚN LO INDICADO EN BASES ADMINISTRATIVA ART N12: DE LA PRESENTACIÓN DE LA PROPUESTA. ADEMAS, ADJUNTA LOS DOCUMENTOS QUE RESPALDO EL PACTO DE INTEGIRDAD Y SUS VERIFICABLES.;2025-04-10T10:29:00.29;2025-04-21T17:30:00;2025-06-02T20:00:00;;CLP;0;0
411-22-LE25;SEPARACIÓN EN ORIGEN MICRO BASURALES DE LA COMUNA;ILUSTRE MUNICIPALIDAD DE ALTO DEL CARMEN;69.251.900-0;Departamento Finanzas - D.A.F;Padre Alonso García s/n Alto del Carmen;Alto Del Carmen;Región de Atacama;LE;Publicada;CONTRATACIÓN PARA EJECUTAR EL SERVICIO DE SEPARACIÓN EN ORIGEN DE MICRO BASURALES DE LA COMUNA, RETIRO Y DISPOSICIÓN FINAL.;2025-04-10T10:28:26.243;2025-05-07T19:55:00;2025-05-19T19:56:00;66020000;CLP;0;0
1058045-18-LQ25;CONVENIO SUMINISTRO DORNASA-ALFA;SERVICIO DE SALUD COQUIMBO HOSPITAL DE O;61.606.404-5;Fármarcos;Av. Manuel Peñafiel S/N;Ovalle;Región de Coquimbo;LQ;Publicada;CONVENIO SUMINISTRO DORNASA-ALFA POR UN PERIODO DE 12 MESES, PARA CONTINUIDAD DE TRATAMIENTO.;2025-04-10T10:18:47.317;2025-04-21T15:25:00;2025-05-06T18:00:00;;CLP;0;0
1058078-22-LE25;COMPRA DE CLORURO DE SODIO HSJM;Hospital de Melipilla;61.602.123-0;Fármarcos;O Higgins 551;Melipilla;Región Metropolitana de Santiago;LE;Publicada;COMPRA DE CLORURO DE SODIO PARA EL HOSPITAL SAN JOSÉ DE MELIPILLA RESOLUCIÓN N003678 CON FECHA 08/04/2025;2025-04-10T10:19:57.793;2025-04-21T17:00:00;2025-06-30T17:00:00;;CLP;0;0
1057937-7-LE25;COMPRA DE BALANZA Y REFRIGERADOR;SERVICIO DE SALUD VALDIVIA HOSPITAL BASE;61.607.502-0;Activos Fijos;Simpson 850;Valdivia;Región de Los Ríos;LE;Publicada;COMPRA DE BALANZA Y REFRIGERADOR PARA EL SERVICIO DE NEONATOLOGIA DEL HOSPITAL BASE VALDIVIA;2025-04-10T10:18:48.167;2025-04-21T19:00:00;2025-05-12T19:59:00;7233020;CLP;0;0
3156-25-LE25;PITOS MARINEROS;DIRECCION DE ABASTECIMIENTO DE LA ARMADA;61.102.024-4;ESCUELA DE GRUMETES;AVENIDA GRUMETE TELLEZ S/N;Talcahuano;Región del Biobío;LE;Publicada;EFECTUAR CLASES DE MARINERÍA A GRUMETES GENERACIÓN 2025;2025-04-10T10:24:39.65;2025-04-23T20:00:00;2025-05-09T18:53:00;;CLP;0;0
2273-26-LE25;Adquisición de Tableros Eléctricos para la Sala del Concejo Municipal de la Municipalidad de La Pintana;I MUNICIPALIDAD DE LA PINTANA;69.253.800-5;DEPARTAMENTO ADQUISICIONES MUNICIPAL;El Olivar N 02595 Paradero 47 Sta. Rosa, . RECEPCION DE LUNES A VIERNES DE 8:30 A 13:30 HRS. FONO 223896941-6942-6943-;La Pintana;Región Metropolitana de Santiago;LE;Publicada;Adquisición de Tableros Eléctricos para la Sala del Concejo Municipal de la Municipalidad de La Pintana;2025-04-10T10:25:57.03;2025-04-22T15:10:00;2025-06-30T15:06:00;10852800;CLP;0;0
1057490-24-CO25;SUMINISTRO DE GASES CLÍNICOS;Instituto de Neurocirugía;61.608.407-0;Bienes y Servicios;Avda. José Manuel Infante 553;Providencia;Región Metropolitana de Santiago;CO;Publicada;SUMINISTRO DE GASES CLÍNICOS;2025-04-10T10:17:32.32;2025-04-17T18:00:00;2025-05-14T18:00:00;;CLP;0;0
1703-8-LE25;CONTRATACION DE SERVICIOS DE TRANSPORTE DE PERSONAL PARA PROGRAMA PALIATIVOS Y ALIVIO DEL DOLOR DEL HOSPITAL DR. MARIO SANCHEZ VERGARA;HOSPITAL DR MARIO SANCHEZ VERGARA LA CALERA;61.606.609-9;Hospital Dr. Mario Sánchez Vergara de La Calera;Carrera N 1603, La Calera;La Calera;Región de Valparaíso;LE;Publicada;CONTRATACION DE SERVICIOS DE TRANSPORTE DE PERSONAL PARA PROGRAMA PALIATIVOS Y ALIVIO DEL DOLOR DEL HOSPITAL DR. MARIO SANCHEZ VERGARA;2025-04-10T10:18:00;2025-04-16T15:10:00;2025-04-17T15:11:00;;CLP;0;0
3506-40-LE25;CONTRATO SUMINISTRO DE SERVICIO DE VULCANIZACION;I MUNICIPALIDAD DE TOCOPILLA;69.020.100-3;UNIDAD DE ADQUISICIONES;ANIBAL PINTO 1305;Tocopilla;Región de Antofagasta;LE;Publicada;Contar con un contrato de suministro de servicio de vulcanización para los vehículos de la Ilustre Municipalidad de Tocopilla.;2025-04-10T10:11:48.747;2025-04-22T15:00:00;2025-04-28T17:30:00;31500000;CLP;0;0
1002588-25-LP25;Instalación y habilitación de redes de datos SLEP;SERVICIO LOCAL DE EDUCACION DE PUERTO CORDILLERA;61.999.320-9;SERVICIO LOCAL DE EDUCACION DE PUERTO CORDILLERA;MANUEL RODRIGUEZ, N893, COQUIMBO;Coquimbo;Región de Coquimbo;LP;Publicada;Instalación y habilitación de redes de datos para 15 establecimientos educacionales del SLEP Puerto Cordillera;2025-04-10T10:04:40.46;2025-04-30T15:00:00;2025-05-12T15:00:00;72000000;CLP;0;0
4375-66-LP25;HOSPEDAJE Y TRASLADO DE PACIENTES ONCOLOGICOS;HOSPITAL GUILLERMO GRANT BENAVENTE DE CO;61.602.189-3;Abastecimiento General;San Martín 1436 Concepcion;Santiago;Región del Biobío;LP;Publicada;El HGGB requiere efectuar licitación pública para contar con un convenio por el servicio de hospedaje (incluye alimentación) y movilización para pacientes Oncológicos en Concepción por un periodo de 12 meses para asegurar la atención de pacientes de otras localidades del país que se atienden en el Hospital.;2025-04-10T10:03:51.563;2025-04-21T17:00:00;2025-06-23T17:00:00;;CLP;0;0
807-13-LP25;Apoyo al proceso de regularización yo saneamiento de tierra apoyo en escrituración de DRU subdivisión de goces para familias o comunidades indígenas en la provincias de Osorno y Llanquihue año 2025;CORP NACIONAL DE DESARROLLO INDIGENA;72.396.000-2;Dirección Regional de Osorno;García Hurtado de Mendoza N 1043;Osorno;Región de los Lagos;LP;Publicada;- Entregar un ordenamiento delimitado a las comunidades o personas indígenas a través de subdivisiones de hecho en las provincias de Osorno y Llanquihue, - Garantizar el éxito operativo del presente programa en los períodos establecidos, con el propósito de que se habiliten oportunamente a los postulantes mapuches williche de la Región de Los Lagos, con el fin de acceder a los programas de vivienda destinados al sector rural.;2025-04-10T09:54:21.43;2025-04-30T10:00:00;2025-05-07T19:00:00;89000000;CLP;0;0
1058134-53-LQ25;CONV SUMIN ANTIBIÓTICOS Y CORTICOESTEROIDES 1-2025;SERVICIO DE SALUD VALDIVIA HOSPITAL BASE;61.607.502-0;Fármarcos;Bienes y Servicios;Valdivia;Región de Los Ríos;LQ;Publicada;CONVENIO DE SUMINISTRO MEDICAMENTOS ANTIBIÓTICOS Y CORTICOESTEROIDES 12025 PARA EL HOSPITAL BASE VALDIVIA;2025-04-10T09:57:08.133;2025-04-22T19:01:00;2025-07-09T19:59:00;216000000;CLP;0;0
2436-18-LE25;Adquisición de Materiales Eléctricos para Eventos Varios necesario para Depto. Eléctrico;I MUNICIPALIDAD DE CURICO;69.100.100-8;IMUNI_CURICOADQUISICIONES;Estado 279;Curicó;Región del Maule;LE;Publicada;DAO, Requiere la Adquisición de Materiales Eléctricos para Eventos Varios, necesario para Depto. Eléctrico, según oficio N 18 bases administrativas y técnicas, S.P.N330040-41-42;2025-04-10T09:47:36.993;2025-04-21T16:00:00;2025-04-28T16:00:00;;CLP;0;0
1280-8-LQ25;MATERIAL GRANULAR CHANCADO;MINISTERIO DE OBRAS PUBLICAS DIREC CION GRAL DE OO PP DCYF;61.202.000-0;Direccion de Vialidad - XI Región - Provincia de Cochrane;Esmeralda 316;Cochrane;Región Aysén del General Carlos Ibáñez del Campo;LQ;Publicada;La Dirección de Vialidad, necesita adquirir 15.000 M3, DE material granular chancado para la ejecución de faenas por administración directa en la Red Provincial de Vialidad Capitán Prat, según las características, señaladas en las especificaciones técnicas. El material debe ser acopio y entregado por el oferente, según lo indicado en las presentes bases.;2025-04-10T09:54:57.28;2025-04-21T16:00:00;2025-04-28T16:00:00;250000000;CLP;0;0
5586-48-LQ25;CONTRATO DE SUMINISTRO DE SERVICIO DE ASEO CLINICA ODONTOLOGICA;UNIVERSIDAD DE LA FRONTERA;87.912.900-1;Universidad de la Frontera;AVENIDA FRANCISCO SALAZAR 1145;Temuco;Región de la Araucanía;LQ;Publicada;CONTRATO DE SUMINISTRO DE SERVICIO DE ASEO CLINICA ODONTOLOGICA, DE ACUERDO A REQUERIMIENTO ADJUNTO;2025-04-10T09:52:54.607;2025-04-21T15:30:00;2025-05-06T17:00:00;;CLP;0;0
1950-40-LE25;Lic 5-25 Arriendo servicio telecomunicaciones H.P;SERVICIO SALUD ARAUCANIA SUR HOSPITAL PITRUFQUEN;61.602.238-5;Hospital Pitrufquén;Pedro León Gallo Sur 355;Pitrufquén;Región de la Araucanía;LE;Publicada;Lic 5-25 Arriendo servicio de telecomunicaciones para uso local, hospital de Pitrufquén.;2025-04-10T09:41:26.39;2025-04-30T16:00:00;2025-05-23T15:09:00;40000000;CLP;0;0
1057539-84-LR25;SERVICIOS MEDICOS DE CIRUGÍAS VASCULAR;HOSPITAL PUERTO MONTT SERVICIO DE SALUD DEL RELONCAVI;61.975.100-0;Bienes y Servicios;;;Región de los Lagos;LR;Publicada;ADQUISICIÓN DE SERVICIOS MEDICOS DE CIRUGÍAS VASCULAR;2025-04-10T09:52:47.613;2025-05-12T15:00:00;2025-09-10T15:00:00;449350170;CLP;0;0
1274907-18-LE25;Servicio de Informes Radiológicos;CORPORACIÓN MUNICIPAL DE EDUCACIÓN, SALUD Y ATENCIÓN DE MENORES CHONCHI;71.299.000-7;ADQUISICIONES;Sargento Candelaria 275, Chonchi;Chonchi;Región de los Lagos;LE;Publicada;se requiere la provisión del servicio de exámenes radiológicos;2025-04-10T09:54:00.583;2025-04-21T17:24:00;2025-05-31T17:25:00;;CLP;0;0
17120-11-LE25;Adquisición de Insumos de Escritorio y oficina AC;Corporación Municipal de Desarrollo Social de Colina;70.941.900-5;Corporación Municipal de Desarrollo Social de Coli;PEDRO AGUIRRE CERDA 7-SUCURSAL ALPATACAL 540;Colina;Región Metropolitana de Santiago;LE;Publicada;Entrega a la administración central, un contante flujo de insumo de escritorio y de oficina que permitan un correcto funcionamiento de las distintas actividades que realiza la corporación a sus usuarios y comunidad en general.;2025-04-10T09:57:21.477;2025-04-24T15:00:00;2025-05-15T15:01:00;;CLP;0;0
3561-21-L125;ANESTESIA DENTAL;I MUNICIPALIDAD DE LA CALERA;69.060.300-4;Departamento de Salud Municipal;San Diego N 147;La Calera;Región de Valparaíso;L1;Publicada;COMPRA DE ANESTESIA DENTAL PARA BODEGA DE DESAM LA CALERA;2025-04-10T09:22:40.63;2025-04-16T14:05:00;2025-04-28T11:06:00;5300000;CLP;0;0
1709-11-LE25;METFORMINA 850 MG RECUBIERTOS.;I MUNICIPALIDAD DE CAUQUENES;69.120.400-6;Salud;Antonio Varas Nr. 466;Cauquenes;Región del Maule;LE;Publicada;METFORMINA 850 MG COMPRIMIDOS O COMPRIMIDOS RECUBIERTOS/ PROGRAMA FOFAR- UNIDAD DE FARMACIA.;2025-04-10T09:31:49.253;2025-04-21T19:53:00;2025-04-22T19:54:00;;CLP;0;0
434-27-LE25;UNIFORMES Y ELEMENTOS DE SEGURIDAD MEMO N 6 MEDIOAMBIENTE ASEO Y ORNATO;I MUNICIPALIDAD DE CAUQUENES;69.120.400-6;Adquisiciones;BODEGA MUNICIPAL;Cauquenes;Región del Maule;LE;Publicada;UNIFORMES, CALZADO Y ELEMENTOS DE SEGURIDAD NECESARIOS PARA PERSONAL PERTENECIENTE AL PROGRAMA CONSERVACION ESPACIOS BIOTICOS PUBLICOS AÑO 2025 COMUNA DE CAUQUENES, SEGUN MEMO 6 MEDIOAMBIENTE ASEO Y ORNATO. FLETE INCLUIDO Y PUESTO EN BODEGA MUNICIPAL;2025-04-10T09:36:22.58;2025-04-21T15:05:00;2025-05-20T16:30:00;22750000;CLP;0;0
1057496-16-LE25;SVS DE ELABORACIÓN DE PRÓTESIS DENTALES HSLBP;SERVICIO DE SALUD SUR HOSPITAL SAN LUIS;61.608.105-5;Bienes y Servicios;Calle Arturo Prat 250;Buin;Región Metropolitana de Santiago;LE;Publicada;SERVICIOS DE ELABORACIÓN DE PRÓTESIS DENTALES PARA EL HOSPITAL SAN LUIS DE BUIN-PAINE;2025-04-10T09:25:02.35;2025-04-21T17:24:00;2025-06-21T17:25:00;;CLP;0;0
1057480-33-LQ25;ADQUISICIÓN DE DETERMINACIONES DE EXÁMENES DE QUÍMICA INCLUYENDO ELECTROLITOS PLASMÁTICOS CON EQUIPO EN COMODATO PARA EL HOSPITAL DE MELIPILLA.;Hospital de Melipilla;61.602.123-0;Hospital de Melipilla;Bienes y Servicios;Melipilla;Región Metropolitana de Santiago;LQ;Publicada;EL HOSPITAL REQUIERE GENERAR UN CONVENIO POR LA ADQUISICIÓN DE DETERMINACIONES DE EXÁMENES DE QUÍMICA INCLUYENDO ELECTROLITOS PLASMÁTICOS, CON EQUIPO EN COMODATO PARA EL HOSPITAL DE MELIPILLA;2025-04-10T09:38:55.737;2025-04-21T17:00:00;2025-06-21T17:00:00;;CLP;0;0
3130-7-LE25;ANALIZADOR DE DESFIBRILADOR MARCAPASOS;DIRECCION DE ABASTECIMIENTO DE LA ARMADA;61.102.029-5;HOSPITAL DE LAS FF.AA. CIRUJANO GUZMAN;AVDA. BULNES 0256;Punta Arenas;Región de Magallanes y de la Antártica;LE;Publicada;NECESIDADES DEL SERVICIO (BIOMEDICA);2025-04-10T09:32:11.313;2025-04-21T16:00:00;2025-06-05T16:00:00;;CLP;0;0
1002-24-LP25;CONVENIO DE EPP FUNCIONARIOS CUADRILLAS;MINISTERIO DE OBRAS PUBLICAS DIREC CION GRAL DE OO PP DCYF;61.202.000-0;Dirección de Vialidad - X Región - Dirección Regional;Av. Bdo OHiggins 451, 4 Piso;Puerto Montt;Región de los Lagos;LP;Publicada;CONVENIO DE EPP FUNCIONRIOS DE CUADRILLAS, QUE CUMPLE FUNCIONES DE CONSERVACIÓN DE LA RED VIAL, REGION DE LOS LAGOS.;2025-04-10T09:22:18.797;2025-04-22T15:00:00;2025-05-02T18:00:00;;CLP;0;0
4968-27-LE25;SERVICIOS DE ODONTOLOGOS Y ASISTENTES DENTAL;HOSPITAL DE QUILPUE;61.606.604-8;HOSPITAL DE QUILPUE;SAN MARTÍN 1270 - QUILPUÉ;Quilpué;Región de Valparaíso;LE;Publicada;Las presentes Bases de licitación orientan, fijan y determinan las normas y procedimientos por las que deben regirse las personas naturales o jurídicas interesadas en participar en el llamado a licitación para contratar SERVICIOS DE ODONTOLOGOS Y ASISTENTES DENTAL PRÓTESIS REMOVIBLE, por un periodo de 8 meses, con el objeto de cumplir con indicadores.;2025-04-10T09:16:23.53;2025-04-21T15:02:00;2025-05-22T15:03:00;;CLP;0;0
3756-13-LP25;CONSTRUCCIÓN PLAZA CIRCUITO DE CALISTENIA PELARCO;I MUNICIPALIDAD DE PELARCO;69.110.600-4;I MUNICIPALIDAD DE PELARCO;Catedral 50, Pelarco;Pelarco;Región del Maule;LP;Publicada;LA MUNICIPALIDAD DE PELARCO SE ENCUENTRA EN PROCESO DE LICITACIÓN DEL PROYECTO CONSTRUCCIÓN PLAZA CIRCUITO DE CALISTENIA, PELARCO. EL TERRENO DONDE SE EMPLAZA EL PROYECTO TIENE UNA SUPERFICIE APROXIMADA DE 1277 M Y SE CONTEMPLA LA INSTALACIÓN DE UN CIRCUITO DE CALISTENIA CON ELEMENTOS ESPECÍFICOS COMO BANCA DE ABDOMINALES, BARRAS DE FLEXIÓN, BARRAS ALTAS, ESCALERA VERTICAL, BARRAS PARALELAS, POSTE DE ESTIRAMIENTO, BARRA DE RECORRIDO Y BARRA SIMPLE.;2025-04-10T09:04:25;2025-05-12T15:00:00;2025-07-11T15:00:00;105326610;CLP;0;0
2560-24-LP25;Servicio de equipos de Gestión de Filas;I MUNICIPALIDAD DE LAS CONDES;69.070.400-5;COMITÉ DE PROPUESTAS PÚBLICAS;Avda.Apoquindo N 3400;Las Condes;Región Metropolitana de Santiago;LP;Publicada;36 meses el servicio de equipos para la gestión de fila, el cual considera uso y goce de lo siguiente: a. 11 equipos de filas. b. 18 visores y 18 media player. y c. Despacho e Instalación de los 11 equipos de gestión de fila, 18 visores y 18 media player. d. Servicio de mantención preventiva, correctiva y continuidad operacional. e. Sla Además de mantención preventiva, y correctiva de equipos.;2025-04-10T09:11:34.017;2025-04-30T15:01:00;2025-07-29T20:00:00;1428.57;UTM;0;0
1004-14-LP25;arriendo de maquinaria MOTONIVELADORA para faenas de despeje de Nieve.;MINISTERIO DE OBRAS PUBLICAS DIREC CION GRAL DE OO PP DCYF;61.202.000-0;Dirección de Vialidad - XI Región - Provincia de Coyhaique;Pasaje La Concepción N199;Coyhaique;Región Aysén del General Carlos Ibáñez del Campo;LP;Publicada;Apoyo en las operaciones de despeje de nieve en la Provincia de Coyahique.;2025-04-10T09:07:17.403;2025-04-21T15:30:00;2025-04-25T16:00:00;;CLP;0;0
1079516-11-LE25;REPARACIÓN VEHÍCULO FISCAL AG-046 DE LA PREF. COP. VALPARAISO;DIRECCION DE LOGISTICA DE CARABINEROS;61.979.360-9;SECCIÓN COMPRAS ZONA DE CARABINEROS VALPARAISO;Vivaceta Nro. 2700;Independencia;Región de Valparaíso;LE;Publicada;REPARACIÓN VEHÍCULO FISCAL AG-046 DE LA PREF. COP. VALPARAISO;2025-04-10T09:02:39.76;2025-04-17T20:00:00;2025-05-21T17:28:00;;CLP;0;0
1181-4-LE25;LICITACIÓN DE ASEO Y ESTAFETA;MINISTERIO DE OBRAS PUBLICAS DIREC CION GRAL DE OO PP DCYF;61.202.000-0;SEREMI COQUIMBO;Cirujano Videla N 200 - La Serena;La Serena;Región de Coquimbo;LE;Publicada;Que, Debido a las necesidades del Servicio La Secretaría Regional Ministerial, necesita contratar el Servicio de Mantención de Aseo y Estafeta, con la finalidad de mantener y asegurar el correcto funcionamiento de las oficinas, de esta Secretaría Regional Ministerial y sus Servicios Dependientes: Subdivisión de Informática y Telecomunicaciones, Servicio de Bienestar y clínica Dental.;2025-04-10T08:52:05.52;2025-04-17T10:00:00;2025-04-28T10:00:00;;CLP;0;0
735949-1-LE25;CONTRATO DE SUMINISTRO INSUMOS DEPTO RURAL;I MUNICIPALIDAD DE VILLARRICA;69.191.500-k;PRODER;PEDRO DE VALDIVIA N 810;Angol;Región de la Araucanía;LE;Publicada;CONTRATACION Y PROVISION DE INSUMOS AGRICOLAS, PRODUCTOS VETERINARIOS, MATERIALES DE RIEGO Y CONSTRUCCION PARA SUMINISTRAR LAS ACTIVIDADES DE LOS PROGRAMAS QUE SON EJECUTADOS POR EL DEPTO DE DESARROLLO RURAL.;2025-04-10T09:00:14.637;2025-04-21T15:05:00;2025-04-25T17:00:00;46971000;CLP;0;0
1057536-25-LE25;MEDROXIPROGESTERONA ACETATO 15000 MG INYECTABLE;SERVICIO SALUD DEL RELONCAVI;61.607.700-7;Servicio de Salud del Reloncaví;ESMERALDA 269, PISO 5 POBL. ESMERALDA;Puerto Montt;Región de los Lagos;LE;Publicada;ADQUISICION DE 3310 UNIDADES DE MEDROXIPROGESTERONA ACETATO 150,00 MG1 ML SUSPENSIÓN INYECTABLE. DIRECCION DE ENTREGA SEMINARIO SN EX HOSPITAL DE PUERTO MONTT, BODEGA DROGUERIA . EL PROVEEDOR DEBERÁ ADJUNTAR A SU OFERTA CARTA DE COMPROMISO RELACIONADA CON POLÍTICA DE CANJE POR VENCIMIENTO DEL FÁRMACO LICITADO, EL CUAL DEBE DAR CUMPLIMIENTO, DE LO CONTRARIO EL PROVEEDOR ESTÁ SUJETO A MULTAS POR INCUMPLIMIENTOS EN LA CONTRATACIÓN. CABE MENCIONAR QUE SERÁ CARGO DEL PROVEEDOR EL RETIRO Y REPOSICIÓN DEL FÁRMACO.;2025-04-10T08:54:43.467;2025-04-17T09:30:00;2025-05-26T18:45:00;10268510;CLP;0;0
1057402-88-LQ25;CONCENTRADO DE BICARBONATO EN POLVO PARA HEMODIALI;HOSPITAL CLINICO DE MAGALLANES DR. LAUTARO NAVARRO AVARIA;61.607.901-8;Bienes y Servicios;;;Región de Magallanes y de la Antártica;LQ;Publicada;El propósito de la licitación es contar con un contrato de suministro por la adquisición de SOLUCIONES HEMODIÁLISIS HCM 2025-2027, que permita el aprovisionamiento oportuno de los productos necesarios en la atención de los usuarios del Hospital para los años 2025 - 2027, en las circunstancias que estos productos no fueran provistos por la Central Nacional de Abastecimiento de los Servicios de Salud, ni se encuentren disponibles en catálogos electrónicos del Convenio Marco, en las Compras Coordinadas y/o Compras Conjuntas del Ministerio de Salud, o bien su adquisición sea desventajosa respecto al resultado de la presente licitación, ni existen en propiedad de otros organismo del Estado o servicios compartidos que permitan satisfacer el requerimiento, cuyas condiciones más ventajosas serán informadas en la oportunidad correspondiente a la Dirección de Compras, en conformidad con lo dispuesto en el D.S. N 661, de 2024, del Ministerio de Hacienda.;2025-04-10T08:44:49.917;2025-04-30T15:00:00;2025-09-02T18:00:00;;CLP;0;0
1004-15-LQ25;HORMIGÓN G-30 CON FIBRA ESTRUCTURAL;MINISTERIO DE OBRAS PUBLICAS DIREC CION GRAL DE OO PP DCYF;61.202.000-0;Dirección de Vialidad - XI Región - Provincia de Coyhaique;Pasaje La Concepción N199;Coyhaique;Región Aysén del General Carlos Ibáñez del Campo;LQ;Publicada;Que se requiere adquirir hormigón de cemento hidráulico tipo G-30 con fibra estructural, según Especificaciones Técnicas adjuntas, para la construcción de una capa de protección para la calzada (pavimento) de hormigón ultra delgado de 10 cm de espesor en la ruta Ruta X-587, km 0 al 1,5;2025-04-10T08:43:58.65;2025-04-21T15:35:00;2025-05-28T15:31:00;;CLP;0;0
438-30-LE25;ADQUISICION DE TINTAS TONER DRUMCINTA Y CARTRIDGES PARA USO DE IMPRESORA O FOTOCOPIADORAS;I MUNICIPALIDAD DE SAN RAMON;69.253.900-1;Secretaria de Planificación San Ramón;Avenida Ossa 1771;San Ramón;Región Metropolitana de Santiago;LE;Publicada;ESTA LICITACION CONSISTE EN LA ADQUISICION DE TINTAS, TONER, DRUM,CINTA Y CARTRIDGES, PARA USO DE IMPRESORA O FOTOCOPIADORAS;2025-04-10T08:36:15.577;2025-04-17T09:00:00;2025-05-16T19:00:00;15000000;CLP;0;0
1280-7-LQ25;GRAVILLA Y POLVO ROCA;MINISTERIO DE OBRAS PUBLICAS DIREC CION GRAL DE OO PP DCYF;61.202.000-0;Direccion de Vialidad - XI Región - Provincia de Cochrane;Esmeralda 316;Cochrane;Región Aysén del General Carlos Ibáñez del Campo;LQ;Publicada;La Dirección de Vialidad, necesita adquirir 1200m3 de gravilla (3/8 pulgadas), 1300 m3 gravilla (3/4 pulgada) 700 m3 de polvo roca, para la ejecución de faenas por administración directa en trabajo de sello asfaltico CAPRO en la Red Provincial de Vialidad Capitán Prat, según las características, señaladas en las especificaciones técnicas.;2025-04-10T08:30:14.67;2025-04-21T16:00:00;2025-04-25T14:30:00;250000000;CLP;0;0
1057539-81-LQ25;SERVICIOS MEDICOS DE CIRUGÍAS NEUROQUIRURGICO GES;HOSPITAL PUERTO MONTT SERVICIO DE SALUD DEL RELONCAVI;61.975.100-0;Bienes y Servicios;;;Región de los Lagos;LQ;Publicada;ADQUISICIÓN DE SERVICIOS MEDICOS DE CIRUGÍAS NEUROQUIRÚRGICA GES;2025-04-10T08:41:57.823;2025-04-30T15:00:00;2025-08-28T15:00:00;166934170;CLP;0;0
875646-18-LR25;INSUMOS DESECHABLES PARA PABELLÓN II;Hospital Dr. Eduardo Pereira Ramirez;61.602.057-9;Hospital Dr. Eduardo Pereira Ramirez;Enrique Ibsen s/ n Cerro Delicias;Valparaíso;Región de Valparaíso;LR;Publicada;El Hospital llama a Licitación Pública para la adquisición de INSUMOS DESECHABLES PARA PABELLON II PARA LA UNIDAD DE PABELLON, para la Unidad pabellón, del Hospital Eduardo Pereira Ramirez.;2025-04-10T08:20:09.847;2025-05-12T15:09:00;2025-09-09T18:30:00;670000000;CLP;0;0
1057419-23-CO25;Servicio de mantención equipos de esterilización;SERVICIO DE SALUD BIO BIO HOSPITAL SANTA BARBARA;61.607.304-4;Bienes y Servicios;Salamanca S/N;Santa Bárbara;Región del Biobío;CO;Publicada;Mediante la presente, se pretende proveer el abastecimiento mediante Convenio de suministros del servicio de mantención preventiva y reparativa para los equipos de esterilización del Hospital de la Familia y la comunidad de Santa Bárbara, según Solicitud de Adquisición N 45.975, emitida por la Unidad de Esterilización, por el periodo de 30 meses.;2025-04-10T08:11:01.417;2025-04-15T15:30:00;2025-04-25T19:53:00;;CLP;0;0
1358-8-LP25;529 M3 MEZCLA ASFALTICA ALBA PONIENTE;MINISTERIO DE OBRAS PUBLICAS DIREC CION GRAL DE OO PP DCYF;61.202.000-0;Dirección de Vialidad - RM - Provincia de Chacabuco;Carretera Gral. San Martin Km 26,5;Colina;Región Metropolitana de Santiago;LP;Publicada;Suministro y Transporte de 529 m3 de mezcla asfáltica en caliente, para obra de conservación en camino Alba poniente, comuna de Colina, Provincia de Chacabuco, Región Metropolitana.;2025-04-10T07:53:24.93;2025-04-30T16:30:00;2025-06-06T07:00:00;69522455;CLP;0;0
2927-18-CO25;SERV. DE MOVILIZACION CEDIEM FUTA KECHE QUELLÓN;Ilustre Municipalidad De Quellón;69.230.700-3;ADQUISICIONES;22 de Mayo 351;Quellón;Región de los Lagos;CO;Publicada;SERVICIO DE MOVILIZACION CEDIAM FUTA KECHE 2025;2025-04-10T11:33:14.73;2025-04-17T14:00:00;2025-04-30T17:30:00;;CLP;0;0
3894-20-LE25;CONCESIÓN OTORGAMIENTO DE PERMISOS PARA USO DEL BIEN PÚBLICO Y MUNICIPAL PARA LA VENTA DE SOAP PROCESOS DE CIRCULACIÓN AÑOS 2025-2027 MUNICIPALIDAD DE LAMPA 2 LLAMADO;I MUNICIPALIDAD DE LAMPA;69.071.400-0;Secretaria de Planificación;Baquedano 964;Lampa;Región Metropolitana de Santiago;LE;Publicada;El presente certamen licitatorio tiene los siguientes objetivos: 1) La concesión asignada a la compañía deberá comprometerse a participar en todo el proceso de renovación de permiso de circulación, llevado adelante por el municipio, ya sea para la atención en los módulos, como en atenciones especiales, tales como visitas a domicilios y empresas. 2)Las compañías aseguradoras deberán proveer un módulo, de acuerdo a las características establecidas en las especificaciones técnicas. 3) Mantener el valor de venta del Seguro Obligatorio automotriz a la vista de los usuarios y deberá incluir a lo menos las correspondientes categorías, automóvil, station wagons, todo terreno, camionetas, furgones, minibús particular, taxis y station de turismo, motos, carros de arrastre (incluye casas rodantes).;2025-04-10T11:31:52.507;2025-04-21T15:10:00;2025-05-28T15:30:00;;CLP;0;0
812261-17-LR25;SERVICIO DE EXÁMENES DE LABORATORIO;HOSPITAL CLINICO METROPOLITANO DE LA FLORIDA DOCTORA ELOISA DIAZ;65.075.485-9;convenios , operaciones , informatica;FROILAN ROA 6542;La Florida;Región Metropolitana de Santiago;LR;Publicada;Las presentes bases de licitación son formuladas para establecer la regulación del proceso de adquisición de SERVICIO DE EXÁMENES DE LABORATORIO PARA EL HOSPITAL LA FLORIDA, y reglamentan entre otros aspectos las condiciones que deben cumplir las ofertas, las etapas del proceso licitatorio, su forma de evaluación y adjudicación, las condiciones del contrato, y todos los aspectos necesarios para el correcto proceso de adquisición. Cabe hacer presente que el servicio asociado a esta adquisición debe ajustarse a las especificaciones de estas bases. No podrá el proveedor ofertar servicios distintos a los establecidos en estas bases de licitación ni complementos o extras no contemplados en los requerimientos técnicos, todo extra ofertado, no será considerado en la evaluación. Con todo, sin perjuicio de lo anterior, cualquier extra ofertado, no requerido por él Hospital, y que no pueda ser separado técnica o económicamente del Bien a adquirir, se entenderá, que no cumple con lo solicitado y dará causal para ser declarada inadmisible la oferta. Tampoco podrá el proveedor presentar dos insumos alternativos en una misma oferta, a menos que lo haga de forma separada en ofertas principal y alternativa, todo, conforme a bases, de lo contrario, la oferta será declarada inadmisible. Así también, si en un proceso se presentan ofertas simultáneas respecto de un mismo bien o servicio o ítem licitado por parte de empresas pertenecientes a un mismo grupo empresarial o relacionadas entre sí, según dispone el artículo 9 de la Ley de Compras, el Hospital considerará para efectos de la evaluación de la licitación pública o ítem ofertado, solo la oferta más conveniente de los respectivos proveedores del mismo grupo empresarial o relacionadas entre sí, según los criterios de evaluación establecidos en bases.;2025-04-10T11:30:07.1;2025-05-12T16:00:00;2025-06-17T17:30:00;2219598684;CLP;0;0
734-18-LE25;IMPRESORA CHILE CHICO;SERVICIO DE SALUD AYSEN CARLOS IBANEZ DEL CAMPO;61.607.800-3;DIRECCION;Dr. Jorge Ibar N 0168. Coyhaique.;Coyhaique;Región Aysén del General Carlos Ibáñez del Campo;LE;Publicada;El Servicio de Salud Aysén, solicita ofertas de interesados en participar del proceso de ADQUISICIÓN DE IMPRESORAS: LÁSER MULTIUSUARIO, LÁSER MONOUSUARIO, TÉRMICAS TARJETA PVC, IMPRESORA DE ETIQUETA, TÉRMICA VOUCHER, BRAZALETE, LECTOR DE CÓDIGOS DE BARRA Y HUELLEROS PARA NORMALIZACIÓN HOSPITAL CHILE CHICO, XI REGIÓN. CÓDIGO BIP 30039513-0., de acuerdo a los requerimientos de las presentes Bases de Licitación, en conformidad a lo establecido en la Ley N19.886 sobre compras y contrataciones públicas y su reglamento.;2025-04-10T11:28:55.53;2025-04-21T19:00:00;2025-05-12T18:00:00;;CLP;0;0
752-1-LE25;AITO Construcción Estadio Municipal ANFUR comuna Fresia;GOBIERNO REGIONAL DECIMA REGION LOS LAGOS;72.221.800-0;Gobierno Regional de Los Lagos;Avda. Décima Región #480, 4to Piso C.A.R.;Puerto Montt;Región de los Lagos;LE;Publicada;El Gobierno Regional de Los Lagos llama a participar de la licitación pública para la la contratación del servicio de Asesoría a la Inspección Técnica de Obras, para el proyecto CONSTRUCCIÓN ESTADIO MUNICIPAL ANFUR, COMUNA DE FRESIA, Código BIP 30134714-0.;2025-04-10T11:39:41.077;2025-04-21T15:30:00;2025-05-20T18:00:00;25200000;CLP;0;0
2311-77-LE25;Gift Card para Calzados personal Depto de Salud;ILUSTRE MUNICIPALIDAD DE MOLINA;69.110.100-2;Dirección Comunal de Salud;Independencia 1926;Molina;Región del Maule;LE;Publicada;Decreto alcaldicio N 1890 aprueba bases de licitación adquisición de Gift card para calzados personal de Salud;2025-04-10T11:38:53.173;2025-04-21T17:28:00;2025-05-09T17:29:00;;CLP;0;0
5188-2-LR25;CONVENIO DE SUMINISTRO DE ENERGIA ELECTRICA;SERVICIO SALUD OCCIDENTE HOSPITAL DR FELIX BULNES CERDA;61.608.205-1;ESCRITORIO, ASEO Y OTROS;Mapocho 7432 (entrada proveedores por Galvarino #1509);Cerro Navia;Región Metropolitana de Santiago;LR;Publicada;Las presentes Bases constituyen el instrumento guía destinado a celebrar un CONVENIO DE SUMINISTRO DE ENERGÍA ELÉCTRICA PARA EL HOSPITAL DR. FÉLIX BULNES CERDA, en adelante Hospital, éstas, establecen los fines, condiciones y requisitos que deberán ser cumplidos por los oferentes, en todas y cada una de las partes que conformen su oferta, además de regular el todo el proceso licitatorio hasta la suscripción del correspondiente contrato.;2025-04-10T11:35:28.06;2025-05-20T16:00:00;2025-07-18T17:30:00;22834000000;CLP;0;0
3497-7-LE25;VULCANIZACION Y MANTENCION DE VEHICULOS;I MUNICIPALIDAD DE COBQUECURA;69.140.400-5;ADQUISICIONES;INDEPENDENCIA 300;Cobquecura;Región del Ñuble;LE;Publicada;la contratación del Suministro De Vulcanización Y Mantención De Vehículos Municipales, Año 2025 median la suscripción del respectivo contrato, que estará caracterizado por las prestaciones que se indican mas adelante, sin perjuicio de las enumeraciones detallada que emana de otras partes de las presentes bases y sus anexos. Se pretende, además, generar un marco jurídico, administrativo y técnico en el cual se desarrolle de la mejor manera posible la relación contractual entre el municipio y empresas para el benéfico de ambos y para que la calidad de constancia del servicio.;2025-04-07T21:03:05.657;2025-04-14T15:30:00;2025-04-15T15:00:00;15000000;CLP;0;0
3316-4-LE25;SERVICIO DE ARRIENDO SOFTWARE DE GESTION ACADEMICA;DIRECCION DE LOGISTICA DE CARABINEROS;61.979.960-7;Escuela de Suboficiales de Carabineros;Calle Irarrazaval N 4250, Ñuñoa;Ñuñoa;Región Metropolitana de Santiago;LE;Publicada;LLEVAR A CABO LA CONTRATACION DE LOS SERVICIOS DE ARRIENDO DE SOFTWARE DE GESTION ACADEMICA PARA LA ESCUELA DE SUBOFICIALES DE CARABINEROS DE CHILE S.O.M. FABRICIANO GONZALEZ URZUA Y SUS SEDES DE ANTOFAGASTA Y CONCEPCION;2025-04-07T18:02:29.2;2025-04-17T15:30:00;2025-04-24T12:00:00;21565100;CLP;0;0
564162-24-L125;REACTIVOS PARA USO LABORATORIO / CDP 82438 CC 112;UNIVERSIDAD DE SANTIAGO DE CHILE;60.911.000-7;VICERRECTORIA DE INVESTIGACION Y DESARROLLO;EL Belloto con Enrique Kirberg. EDIFICIO REMS;Estación Central;Región Metropolitana de Santiago;L1;Publicada;REACTIVOS PARA USO LABORATORIO / CDP 82438 CC 112;2025-04-07T18:01:12.987;2025-04-14T15:00:00;2025-05-29T18:00:00;4505496;CLP;0;0
1019-39-LQ25;ADQUISICIÓN DE AQUACALC MOLINETES Y TORNOS;MINISTERIO DE OBRAS PUBLICAS DIREC CION GRAL DE OO PP DCYF;61.202.000-0;MINISTERIO DE OBRAS PUBLICAS DIREC CION GRAL DE OO;Morandé 59, piso 8;Santiago;Región Metropolitana de Santiago;LQ;Publicada;El objetivo general de esta licitación pública es la adquisición de aquacalc, molinetes y tornos, para labores de medición en las estaciones que forman parte del SHN, de acuerdo con las disposiciones que se especifican en las presentes Bases Técnicas y Administrativas.;2025-04-07T17:54:55.043;2025-04-28T17:00:00;2025-05-12T19:00:00;138000000;CLP;0;0
614795-1-LE25;EVALUACIÓN RIESGO AMBIENTAL RELAVE ENCON V REGION;SUBSECRETARIA DEL MEDIO AMBIENTE;61.979.930-5;Seremi Valparaiso;Quillota 198, piso 2, Viña del Mar;Viña del Mar;Región de Valparaíso;LE;Publicada;E1O2RT9 EVALUACIÓN SITIO ESPECÍFICA DEL RIESGO AMBIENTAL PARA EL RELAVE ENCON, COMUNA DE SAN FELIPE, REGIÓN DE VALPARAÍSO, destinado a determinar la presencia de contaminantes para el relave ENCON, aplicando la guía metodológica para la gestión de sitios con potencial presencia de contaminantes;2025-04-07T17:33:31.12;2025-04-17T19:56:00;2025-04-30T19:57:00;16000000;CLP;0;0
3729-22-LE25;SERVICIO DE ALARMAS PARA DEPENDENCIAS MUNICIPALES;I MUNICIPALIDAD DE CHIMBARONGO;69.090.300-8;Secpla;JAVIERA CARRERA 511;Chimbarongo;Región del Libertador General Bernardo OHiggins;LE;Publicada;Se requiere la instalación, monitoreo de sistema de alarmas para nueve dependencias de la Municipalidad de Chimbarongo, por el periodo de 36 meses, según lo señalado en las Especificaciones Técnicas, anexas. Decreto 1.219 y 1.220 de fecha 07/04/2025 que aprueba y designa, respectivamente.;2025-04-07T17:29:28.67;2025-04-17T10:00:00;2025-05-29T10:07:00;21000000;CLP;0;0
1398-27-LQ25;Exámenes de Medicina Nuclear;SERVICIO DE SALUD LIBERTADOR BDO OHIGGINS;61.606.800-8;Servicio de Salud Ohiggins;Av. Bombero Villalobos 240.;Rancagua;Región del Libertador General Bernardo OHiggins;LQ;Publicada;Servicio de Salud OHiggins requiere la adquisición de resolución de exámenes de Medicina Nuclear de lista de espera NO GES.;2025-04-07T17:34:05.62;2025-04-28T15:01:00;2025-05-19T15:01:00;;CLP;0;0
1057509-112-LE25;CONVENIO COMPRA SERVICIOS PROFESIONALES MÉDICOS PARA TURNOS DE URGENCIA CON EXPERIENCIA EN PEDIATRÍA;HOSPITAL CLINICO HERMINDA MARTIN;61.607.001-0;Bienes y Servicios;Francisco Ramirez N10;Chillán;Región del Ñuble;LE;Publicada;la Ley N18.575 denominada Orgánica Constitucional de Bases Generales de la Administración del Estado la Ley N 19.886 sobre Bases de Contratos Administrativos de Suministro y Prestación de Servicios su reglamento y sus modificaciones, D.S. 661/2024 del Ministerio de Hacienda la Resolución N36/2024 de Contraloría General de la República que fija Normas sobre Exención del Trámite de Toma de Razón Art. 36 del D.F.L. 1/2005, que fija el texto refundido, coordinado y sistematizado del D.L. N 2763 de 1979, que crea, entre otros, los Servicios de Salud Art. 46 del D.S. 140/2004, Reglamento Orgánico de los Servicios de Salud D.S. N 38/2005, Reglamento Orgánico de los Establecimientos de Salud de Menor Complejidad y Establecimientos de Autogestión en Red, ambos del Ministerio de Salud la Resolución Exenta N 1169 del 31 de diciembre del 2007, que otorga la calidad de Establecimiento de Autogestión en Red la Resolución Exenta N1169 del 31 de diciembre del 2007, que otorga la calidad de Establecimiento de Autogestión en Red La Resolución Exenta RA N 434/403/2023 de la Dirección de Servicio de Salud Ñuble de fecha 06 de Junio 2023 que nombra en cargo de Alta Dirección Pública al Director del Hospital Clínico Herminda Martín Las Bases Administrativas y Técnicas de Licitación Pública ID: 1057509-112-LE25 por CONVENIO COMPRA SERVICIOS PROFESIONALES MÉDICOS PARA TURNOS DE URGENCIA CON EXPERIENCIA EN PEDIATRÍA y;2025-04-07T17:09:34.497;2025-04-28T15:00:00;2025-05-09T17:30:00;;CLP;0;0
2111-104-LE25;MANT. PREV. Y CORR. CENTRAL DE MONITOREO SPACELABS;HOSPITAL DE URGENCIA ASISTENCIA PUBLICA DR ALEJANDRO DEL RIO;61.608.602-2;Hospital de Urgencia Asistencia Pública;Curico N345 Bodega Central;Santiago;Región Metropolitana de Santiago;LE;Publicada;SE REQUIERE LA CONTRATACION DEL SERVICIO DE MANTENIMIENTO PREVENTIVO Y CORRECTIVO DE CENTRAL DE MONITOREO SPACELABS PARA EL HUAP;2025-04-07T17:31:26.2;2025-04-14T15:00:00;2025-05-05T15:00:00;;CLP;0;0
2852-27-LE25;Fiesta de la Murta 2025;I MUNICIPALIDAD DE PUERTO VARAS;69.220.200-7;Adquisiciones Municipalidad;San Francisco 413;Puerto Varas;Región de los Lagos;LE;Publicada;La presente licitación pública tiene por objeto contratar los servicios de producción de eventos para la realización de Fiesta de la Murta 2025 , con la finalidad de dar cumplimiento a las necesidades y plan de actividades del Departamento de Eventos, considerando la contratación de artistas, bandas musicales, amplificación e iluminación, arriendo de decoración, seguridad, servicio de aseo, arriendo de carpas, reconocimientos, generador, entre otras, de acuerdo a las condiciones establecidas en las presentes Bases Administrativas, Requerimientos Técnicos y anexos que forman parte de ellas y las aclaraciones que se hicieran a éstos. El sistema de contratación será licitado en propuesta Pública y publicada en el portal www.mercadopublico.cl.;2025-04-07T18:22:04.613;2025-04-14T15:03:00;2025-04-21T18:04:00;;CLP;0;0
1058125-4-L125;Medicamentos Farmacia Abril;SERVICIO DE SALUD OSORNO HOSPITAL PURRANQUE;61.607.602-7;Fármarcos;21 DE MAYO 468;Purranque;Región de los Lagos;L1;Publicada;El Hospital de Purranque requiere la compra de medicamentos para su Unidad de Farmacia y de esta forma mantener stock para usuarios;2025-04-07T20:13:19.707;2025-04-14T15:00:00;2025-04-23T16:45:00;;CLP;0;0
2123-15-LE25;E102RT9 REVISION Y CALIFICACION DISCAPACIDAD;SUBSECRETARIA DE SALUD PUBLICA;61.601.000-K;Seremi de Salud V Región;Melgarejo 669, piso 6;Valparaíso;Región de Valparaíso;LE;Publicada;La SEREMI Salud Región de Valparaíso, a través del Departamento COMPIN Regional para las Subcomisiones de Valparaíso, Viña del Mar y Aconcagua, requiere contratar servicios de revisión, aplicación de IVADEC y elaboración de propuesta de calificación de discapacidad a nivel nacional que cubra la demanda exponencial de estos trámites, asociado a nuevos requerimientos de políticas públicas, ley TEA, subsidio de discapacidad, entre otros.;2025-04-07T17:08:52.24;2025-04-21T15:30:00;2025-07-21T15:31:00;;CLP;0;0
2986-23-LE25;Contrato sum. protesis dentales base metalic;I MUNICIPALIDAD DE LOS LAGOS;69.200.600-3;Unidad de Salud;Arturo Prat N 162;Los Lagos;Región de Los Ríos;LE;Publicada;Contrato suministro protesis dentales base metalica.;2025-04-07T17:05:29.597;2025-04-14T16:00:00;2025-04-28T18:48:00;;CLP;0;0
587-25-LE25;SELICO 251-2025 Switches 48 puertos;SUBSECRETARIA DEL MINISTERIO DE LA VIVIENDA Y URBANISMO;61.801.000-7;Ministerio de Vivienda y Urbanismo(766);;;Región Metropolitana de Santiago;LE;Publicada;Adquisición de dieciséis 16 switches HPE Aruba modelo CX6000 de 48 puertas, código R8N86A o equivalentes, con el propósito de realizar la renovación de switches de comunicaciones en su red de datos LAN, por obsolescencia o mal funcionamiento.;2025-04-07T17:03:50.187;2025-04-25T15:10:00;2025-06-10T19:00:00;28560;USD;0;0
2133-42-LE25;PPTA 110-25 DFL 36 C.S CIRUGÍAS BILIOPANCREÁTICAS;HOSPITAL DOCTOR HERNAN HENRIQUEZ ARAVENA;61.602.232-6;HOSPITAL DR HERNAN HENRIQUEZ A COMPRA DE SERVICIO;Manuel Montt 115;Temuco;Región de la Araucanía;LE;Publicada;El objetivo principal de esta Propuesta Pública es la COMPRA DE SERVICIOS DE CIRUGÍAS BILIOPANCREÁTICAS DE URGENCIA, con el propósito de resolver la atención de pacientes que ingresen por el servicio de urgencias o que estén hospitalizados y presenten un cuadro de urgencia en horario que no exista especialista disponible o que este se encuentre en pabellón resolviendo otra urgencia. En este sentido, este servicio tiene como propósito abordar patologías que afectan al sistema digestivo, en particular aquellas relacionadas con el hígado, la vesícula biliar y el páncreas. Por lo que no contar con esta compra, generaría una falta de acceso a las cirugías Biliopancreáticas de Urgencia, pudiendo ocasionar graves consecuencias en la atención y salud de pacientes, como infecciones sistémicas, hemorragias masivas, daño a órganos vitales y, en última instancia, un aumento del riesgo de mortalidad. Por lo tanto, la intervención oportuna resulta esencial para evitar complicaciones fatales y asegurar una recuperación adecuada del paciente. Por lo que es crucial disponer de este servicio, ya que, en el contexto actual de la dotación institucional, cuando se resuelven urgencias, se ven obligados a suspender los procedimientos programados previamente, lo que afecta directamente a los pacientes que se encuentran en lista de espera. Por ello, se requiere contar con un equipo quirúrgico, que garantice estas intervenciones a pacientes que presenten un cuadro de urgencia en horarios sin disponibilidad de especialista;2025-04-07T16:51:28.013;2025-04-14T15:00:00;2025-07-11T18:00:00;67393950;CLP;0;0
1947-82-LP25;ADQUISICIÓN DE ACCESORIOS E INSUMOS PARA MONITORES DEL HOSPITAL DE NIÑOS DR. ROBERTO DEL RÍO;SERVICIO DE SALUD NORTE HOSPITAL ROBERTO DEL RIO;61.608.004-0;Abastecimiento;Av. Profesor Zañartu 1085;Independencia;Región Metropolitana de Santiago;LP;Publicada;ADQUISICIÓN DE ACCESORIOS E INSUMOS PARA MONITORES DEL HOSPITAL DE NIÑOS DR. ROBERTO DEL RÍO;2025-04-07T16:49:55.833;2025-04-28T15:02:00;2025-05-27T15:04:00;;CLP;0;0
1175-54-LP25;LIC. 58.25 ADQ. EQUIPOS DE MONITOREO BOROA FILULA;SERVICIO DE SALUD ARAUCANIA SUR;61.607.400-8;Dirección Servicio Salud Araucanía Sur;MANUEL BULNES N 590;Temuco;Región de la Araucanía;LP;Publicada;Se requiere la ADQUISICIÓN DE EQUIPOS DE MONITOREO PARA REPOSICIÓN CENTRO DE SALUD INTERCULTURAL BOROA FILULAWEN, NUEVA IMPERIAL, nuevo y sin uso. Las características técnicas, se detallan en el ANEXO N3 de las presentes bases. Debe cumplir con todas las características marcadas como obligatorias para que la oferta sea admisible.;2025-04-07T16:47:03.097;2025-04-29T15:30:00;2025-07-29T18:00:00;;CLP;0;0
757818-5-LE25;TALLERES ARTISTICOS Y CULTURALES;I MUNICIPALIDAD DE PALMILLA;69.091.000-4;DIDECO;AV. JUAN GUILLERMO DAY S/N;Palmilla;Región del Libertador General Bernardo OHiggins;LE;Publicada;Se requiere contratar los servicios de monitores para desarrollar los talleres artísticos y culturales de la comuna de Palmilla.;2025-04-07T19:06:56.083;2025-04-14T15:00:00;2025-04-14T15:03:00;;CLP;0;0
1043030-1-LE25;SERVICIO DE CURSOS DE CAPACITACION;SUBSECRETARIA DEL MINISTERIO DE EDUCACION PUBLICA;62.000.480-4;Secretaria Regional Ministerial Ñuble;Av. OHiggins N 549;Chillán;Región del Ñuble;LE;Publicada;La Secretaría Regional Ministerial de Educación de Ñuble, en adelante La SECREDUC Ñuble, realiza, año a año, a través del Comité Bipartito de Capacitación, actividades de capacitación asociadas al perfeccionamiento y mejora de las competencias laborales de los funcionario(a)s y honorarios que se desempeñan en La SECREDUC Ñuble.;2025-04-07T16:36:17.7;2025-04-17T15:30:00;2025-04-28T17:00:00;;CLP;0;0
956-28-LE25;Adquisición de Instrumental ORL CAE para el nuevo Hospital Claudio Vicuña de San Antonio;SERVICIO DE SALUD VALPARAISO SAN ANTONIO;61.606.500-9;SERVICIO DE SALUD VALPARAISO SAN ANTONIO;Av. Brasil 1435;Valparaíso;Región de Valparaíso;LE;Publicada;La necesidad de realizar un proceso de licitación para la Adquisición de Instrumental ORL CAE para el nuevo Hospital Claudio Vicuña de San Antonio, requerido por la Subdirección de Desarrollo Institucional de la Dirección del Servicio de Salud Valparaíso San Antonio.;2025-04-07T16:30:02.87;2025-04-17T16:00:00;2025-06-16T16:00:00;26975289;CLP;0;0
2933-24-LE25;Insumos Productos y Equipos Vet. Alhué año 2025;I MUNICIPALIDAD DE ALHUE;69.073.200-9;DPTO. MUNICIPALIDAD;Pintor Onofre Jarpa N55;Alhué;Región Metropolitana de Santiago;LE;Publicada;suministro de insumos farmacéuticos, productos químicos, materiales y útiles quirúrgicos destinados al funcionamiento del Centro Veterinario Municipal y Clínica móvil Veterinaria que serán detallados en cuanto a tipo y cantidad en el punto 19 de las presentes bases, dicho suministros tendrá vigencia desde el momento de la adjudicación hasta el 31 de diciembre de 2025 o hasta agotar el presupuesto disponible para cada línea;2025-04-07T16:29:46.94;2025-04-15T09:00:00;2025-04-30T17:30:00;;CLP;0;0
2200-11-LP25;NORMALIZACIÓN ELÉCTRICA COSAM SAN FELIPE Y OFICINAS ADMINISTRATIVAS CESFAM SAN FELIPE EL REAL - RRFF;SERVICIO DE SALUD ACONCAGUA;61.606.700-1;Servicio de Salud Aconcagua;dipresrecepcion@custodium.com,asociar OC a Factura;Algarrobo;Región de Valparaíso;LP;Publicada;1. El Servicio de Salud Aconcagua requiere la contratación para el proyecto de remodelación eléctrica del Centro Comunitario de Salud Mantal Familiar (COSAM) San Felipe y de las Oficinas Administrativas del CESFAM San Felipe El Real. 2. La Solicitud de Compra N05, Oficina de Partes N83 (Interno N107), presentada por la Referente Técnico del Departamento Recursos Físicos, fue debidamente aprobada y autorizada por el Jefe del Departamento Recursos Físicos, el Jefe del Departamento de Finanzas y el Subdirector de Recursos Físicos y Financieros, quienes respaldan la contratación de los servicios solicitados. 3. Que, en cumplimiento de la normativa vigente en compras públicas, se revisó el Catálogo Electrónico de Convenio Marco y se constató que los producto(s) y/o servicio(s) requeridos no se encuentran disponibles en dicho catálogo. 4. Que, según lo establecido en el reglamento, los organismos de la administración del Estado deberán adjudicar los contratos celebrados para la adquisición de producto(s) o contratación de servicio(s) mediante licitación pública, cuando no sea procedente el mecanismo de Convenio Marco, o bien, de forma excepcional, mediante licitación privada, trato directo u otro procedimiento especial de contratación 5. Que, en cumplimiento a lo dispuesto la ley N19.886 y su reglamento aprobado por Decreto 661 del 2024 del Ministerio de Hacienda,se confeccionan las Bases que se aprueban en este acto, que observan los principios de libre concurrencia de los oferentes al llamado administrativo y de igualdad que rigen los procedimientos concursales, y cumplen con los requerimientos técnicos y jurídicos para verificar la realización de la presente licitación pública. 6. Que,en consecuencia ,y concurriendo los fundamentos requeridos por normativa legal y reglamentaria vigente;2025-04-07T16:35:40.973;2025-04-28T17:00:00;2025-05-16T17:00:00;;CLP;0;0
2665-51-LP25;Servicio de traslado de alumnos Tomé 2025;I MUNICIPALIDAD DE TOME;69.150.101-9;Dirección de Educación Municipal;Ignacio Serrano 1055, 2 Piso.;Tomé;Región del Biobío;LP;Publicada;Se requiere contratar el servicio de traslado de alumnos para las rutas 11, 12 y 13, según o establecido en las bases de licitación;2025-04-07T16:19:51.543;2025-04-21T15:01:00;2025-04-30T18:40:00;103500000;CLP;0;0
1057489-140-LQ25;Convenio de Suministro de Mascarillas Facial Total y Accesorios por 36 meses para Hospital del Salvador;SERVICIO DE SALUD ORIENTE HOSPITAL DEL SALVADOR;61.608.406-2;Bienes y Servicios;AV SALVADOR 364;Providencia;Región Metropolitana de Santiago;LQ;Publicada;Que, el Hospital del Salvador necesita contar con un Convenio de Suministro de Mascarillas Facial Total y Accesorios por 36 meses para Hospital del Salvador con la finalidad de satisfacer de manera adecuada y eficiente la labor asistencial Que, por la cuantía determinada, la presente licitación se ubica en el tramo para contrataciones iguales o superiores a 1.000 UTM e inferiores a 5.000 UTM, de conformidad al Artículo 36 del Reglamento de la Ley N19.886 Que, hechas las consultas respectivas, la provisión de Convenio de Suministro de Mascarillas Facial Total y Accesorios por 36 meses para Hospital del Salvador no se encuentra disponible por Convenio Marco ofrecidos en el Sistema de Información de la Dirección de Compras, www.mercadopublico.cl Que, esta compra está vinculada al proyecto 1057489-95-PC25 Línea 4, correspondiente al plan anual de compras del año 2025;2025-04-07T16:13:10.037;2025-04-28T16:00:00;2025-07-28T19:51:00;70000000;CLP;0;0
1019-38-LQ25;ADQUISICIÓN DE MOLINETES OTT O EQUIVALENTE;MINISTERIO DE OBRAS PUBLICAS DIREC CION GRAL DE OO PP DCYF;61.202.000-0;MINISTERIO DE OBRAS PUBLICAS DIREC CION GRAL DE OO;Morandé 59, piso 8;Santiago;Región Metropolitana de Santiago;LQ;Publicada;ADQUISICIÓN DE MOLINETES OTT O EQUIVALENTE El objetivo general de esta licitación pública es la adquisición de molinetes OTT o equivalentes, de acuerdo con las disposiciones que se especifican en las presentes Bases Técnicas y Administrativas.;2025-04-07T16:12:34.317;2025-04-28T16:00:00;2025-05-19T19:00:00;150000000;CLP;0;0
591-4-LE25;CURSO: PLAN DE SALUD MENTAL: TRABAJO EN EQUIPO;FONDO NACIONAL DE SALUD;61.603.000-0;FONASA, Nivel Central;;;Región Metropolitana de Santiago;LE;Publicada;Se requiere el diseño e implementación para realizar curso para 54 personas, dividido en 5 grupos, en modalidad mixta, de 8 horas sincrónicas e-learning y 4 horas presencial, dividida en 2 horas cada jornada, con un total de 12 horas cronológicas. Para la modalidad presencial el o los relatores deberán desplazarse a las sucursales. El curso debe realizarse entre los meses de mayo y junio 2025.;2025-04-07T16:15:57.53;2025-04-17T16:00:00;2025-04-22T20:00:00;11000000;CLP;0;0
2069-58-LP25;IGS SUMINISTRO DE CONTENEDORES PARA RESIDUOS HBLT;SERVICIO DE SALUD METROPOLITANO SUR HOSP;61.608.101-2;HOSPITAL BARROS LUCO TRUDEAU;Gran Avenida 3204;San Miguel;Región Metropolitana de Santiago;LP;Publicada;El objetivo de la presente licitación es contratar durante 24 veinticuatro meses SUMINISTRO DE CONTENEDORES PARA RESIDUOS PELIGROSOS Y RESIDUOS ESPECIALES PARA EL HOSPITAL BARROS LUCO TRUDEAU, con las características que se señalan en las Bases Técnicas, respecto a los procedimientos, términos y exigencias del suministro de los productos solicitados, que apoyen el correcto funcionamiento de este servicio y con esto responder a las necesidades del Hospital Barros Luco Trudeau. Que, además para los fines precedentes, el proveedor que contraten, serán responsables de cumplir estricta y cabalmente con los requerimientos y especificaciones consagrados en los documentos de la presente licitación. Sin perjuicio de lo anterior, el suministro a contratar deberá permitir la opción de ser ampliado o reducido, de acuerdo a las necesidades del Hospital, en consideración a la demanda variable del Hospital.;2025-04-07T15:59:00.357;2025-04-29T16:00:00;2025-07-11T17:00:00;;CLP;0;0
1952-35-LE25;CONVENIO SUMINISTRO PAN PARA DESAYUNOS Y CENAS PARA EL HOSPITAL VILLARRICA;Hospital Villarrica;61.602.248-2;Hospital Villarrica;San Martín 460;Villarrica;Región de la Araucanía;LE;Publicada;El hospital de Villarrica, a través de su departamento de abastecimiento, requiere la adquisición de CONVENIO SUMINISTRO PAN PARA DESAYUNOS Y CENAS, PARA EL HOSPITAL VILLARRICA, El contrato se cursará por un periodo de 18 meses, pudiendo ser renovado hasta por 12 meses, por razones fundadas, en la medida que existan disponibilidad financiera y los resultados de los informes de evaluación, mínimo un al año, así lo amerite. [Las características técnicas se detallan en el ANEXO N3 de las presentes Bases. La oferta debe cumplir con todas las características marcadas como obligatorias para que la oferta sea admisible.];2025-04-07T15:56:16.297;2025-04-21T17:00:00;2025-06-23T17:00:00;46318500;CLP;0;0
1288-10-LP25;CONECTIVIDAD SATELITAL PARA EL NUEVO HOSPITAL SAN JOSÉ DE MELIPILLA;SERVICIO SALUD METROPOLITANO OCCIDENTE;61.608.200-0;Servicio de Salud Metropolitano Occidente;Libertador Bernardo OHiggnis N 2429, Santiago;Santiago;Región Metropolitana de Santiago;LP;Publicada;el Servicio de Salud Metropolitano Occidente se encuentra en la necesidad de contratar los servicios de CONECTIVIDAD SATELITAL PARA EL NUEVO HOSPITAL SAN JOSÉ DE MELIPILLA de la Comuna de Melipilla, en el marco del proyecto de universalización de salud coordinado desde el Ministerio de Salud y liderado desde la Unidad de Proyecto Hospitalario (en adelante, UPH) del Servicio de Salud Metropolitano Occidente;2025-04-07T15:54:42.54;2025-04-21T15:01:00;2025-05-26T18:00:00;;CLP;0;0
3921-9-LE25;SUPLEMENTOS ALIMENTICIOS FARMACIA MUNIC VILLARRICA;I MUNICIPALIDAD DE VILLARRICA;69.191.500-K;salud;Valentin Letelier 415;Villarrica;Región de la Araucanía;LE;Publicada;Las presentes Bases Administrativas Especiales han sido sujetas a revisión previa de las entidades correspondientes del Departamento de Salud y la Ilustre Municipalidad de Villarrica. Considerando que la presente documentación acompañará todo el proceso de la Licitación de Propuestas Públicas. Las presentes Bases Administrativas se refieren a la compra de suplementos alimenticios para abastecimiento de Farmacia Municipal dependiente del Departamento de Salud de Villarrica.;2025-04-07T15:53:08.663;2025-04-14T15:05:00;2025-05-21T14:26:00;13530300;CLP;0;0
1288505-6-LE25;Servicio Consultoría en Museografía para el MRM;SERVICIO NACIONAL DEL PATRIMONIO CULTURAL;60.905.000-4;DIRECCIÓN REGIONAL DE MAGALLANES;Hornillas 42 Punta Arenas;Punta Arenas;Región de Magallanes y de la Antártica;LE;Publicada;El Servicio Nacional del Patrimonio Cultural, a través del Museo Regional de Magallanes MRM, licita públicamente el Servicio de Consultoría en Museografía, para el Museo Regional de Magallanes, para cuyo efecto invita a personas naturales y jurídicas del rubro a formular ofertas conforme a lo que se señala en las presentes Bases Técnicas.;2025-04-07T15:48:47.13;2025-04-21T20:00:00;2025-04-28T15:00:00;7000000;CLP;0;0
886954-140-B225;CONVENIO SUMINISTRO CATÉTER PARA MEDICIÓN DE PIC PT02 y T CON MONITORES EN COMODATO;HOSPITAL GUILLERMO GRANT BENAVENTE DE CO;61.602.189-3;Abastecimiento Insumos;San Martin 1436;Concepción;Región del Biobío;B2;Publicada;La necesidad de abastecer del insumo para la atención oportuna del paciente.;2025-04-07T15:54:23.72;2025-04-28T15:00:00;2025-06-27T19:00:00;220000000;CLP;0;0
874750-15-LP25;SERVICIO PROFESIONAL PARA EL HOSPITAL DE PORVENIR;SERVICIO DE SALUD MAGALLANES;61.607.903-4;Hospital de Porvenir;Carlos Wood N 480;Porvenir;Región de Magallanes y de la Antártica;LP;Publicada;Servicio de apoyo a la Unidad de Laboratorio y APS del Hospital de Porvenir, para ello la empresa deberá contar con el recurso humano capacitado en materia de la presente licitación y así cumplir con las necesidades propias de los distintas unidades, dando cumplimiento y continuidad de los servicios que va en directa relación con la atención de usuarios del Hospital.;2025-04-07T15:29:57.107;2025-04-17T15:31:00;2025-04-25T18:00:00;161259000;CLP;0;0
3260-11-L125;Convenio de Suministro Materiales de Escritorio yo Artículos de papelería;I MUNICIPALIDAD DE RIO HURTADO;69.041.000-1;Departamento de Salud;Unica Samo Alto S/N;Río Hurtado;Región de Coquimbo;L1;Publicada;Con el objetivo de adquirir material para el desarrollo de las diversas actividades organizadas por los diferentes programas insertos en la APS;2025-04-07T15:34:59.72;2025-04-14T15:30:00;2025-04-16T15:30:00;;CLP;0;0
4884-9-LE25;Apoyo Metodológico PNDAE 2025;SUBSECRETARÍA DE LAS CULTURAS Y LAS ARTES;61.978.230-5;Consejo Regional de la Cultura y las Artes L.G. B. OHiggins;Oficiales Gamero 551 Rancagua;Rancagua;Región del Libertador General Bernardo OHiggins;LE;Publicada;Servicio de sistematización, apoyo y acompañamiento de las actividades del Programa Nacional de Desarrollo Artístico en la Educación PNDAE 2025 y de la política nacional de educación artística, de la Unidad de Educación y Formación en Artes y Cultura;2025-04-07T15:11:15.893;2025-04-17T12:00:00;2025-04-25T20:00:00;;CLP;0;0
2296-25-LE25;ADQUISICIÓN DE INSUMOS VETERINARIOS PARA PROGRAMA PRESTACIONES VETERINARIAS PARA MASCOTAS CONCHALINAS 2025 SEGUNDO LLAMADO;I MUNICIPALIDAD DE CONCHALI;69.070.200-2;Depto. Adquisiciones;Independencia 3499;Conchalí;Región Metropolitana de Santiago;LE;Publicada;ADQUISICIÓN DE INSUMOS VETERINARIOS PARA PROGRAMA PRESTACIONES VETERINARIAS PARA MASCOTAS CONCHALINAS 2025, SEGUNDO LLAMADO, SEGUN ESPECIFICACIONES TECNICAS ADJUNTAS;2025-04-07T15:34:58.943;2025-04-14T15:00:00;2025-04-17T17:30:00;15000000;CLP;0;0
3076-6-LE25;ADQUISICIÓN DE FILTROS PURIFICADORES DE AGUA;DIRECCION DE ABASTECIMIENTO DE LA ARMADA;61.102.022-8;CENTRO DE ABASTECIMIENTO (T) (ADQ);JORGE MONTT S/N;Talcahuano;Región del Biobío;LE;Publicada;SATISFACER LA NECESIDAD DE ADQUISICIÓN DE FILTROS PURIFICADORES PARA UNA UNIDAD DE LA ARMADA;2025-04-07T15:31:14.77;2025-04-17T12:00:00;2025-05-15T12:00:00;23100000;CLP;0;0
1405-15-LE25;CONVENIO DE SUMINISTRO DE ELECTRODOMESTICOS LÍNEA BLANCA Y OTROS.;DELEGACIÓN PRESIDENCIAL PROVINCIAL DE CAPITÁN PRAT;60.511.113-0;DELEGACIÓN PRESIDENCIAL PROVINCIAL DE CAPITÁN PRAT;;;Región Aysén del General Carlos Ibáñez del Campo;LE;Publicada;Con el objeto de contar con un proveedor estable para hacer entrega electrodomésticos y menajes de diversa índole, estufas a combustión lenta y accesorios correspondientes y telas diversas y otros productos afines y similares a los rubros indicados, durante el año 2025 a los beneficiarios de los distintos programas sociales de esta unidad del Gobierno del Interior, tales como ORASMI, Gobierno en Terreno, entre otros, como asimismo para Pasos Fronterizos y para necesidades propias del servicio, la Delegación Presidencial Provincial de Capitán Prat invita a los proveedores inscritos en el portal Mercado Público a participar de la presente licitación.;2025-04-07T15:09:57.203;2025-04-16T12:00:00;2025-04-23T09:33:00;7000000;CLP;0;0
4309-107-LP25;CONVENIO FLUOROURACILO;HOSPITAL GUILLERMO GRANT BENAVENTE DE CO;61.602.189-3;Abastecimiento Fármacos;San Martin 1436;Concepción;Región del Biobío;LP;Publicada;ABASTECER HGGB;2025-04-07T15:27:43.39;2025-04-28T18:36:00;2025-08-29T18:37:00;;CLP;0;0
1070620-61-LP25;PZM- SUM. CUCHILLO CORTADOR DE VELLOS;HOSPITAL DOCTOR ERNESTO TORRES GALDAMES;62.000.530-4;Hospital Dr. Ernesto Torres Galdames;Av. Héroes de la Concepción 502;Iquique;Región de Tarapacá;LP;Publicada;El Hospital Dr. Ernesto Torres Galdames requiere contar con insumos de cuchillo cortador de vellos con equipo en comodato para la preparación pre quirúrgica de los pacientes que se requieren de mayor asistencia y hospitalización.;2025-04-07T15:23:50.8;2025-04-21T16:14:00;2025-05-16T16:15:00;95628400;CLP;0;0
2048-27-LE25;Convenio de suministro compras en supermercado;SERVICIO DE SALUD CHILOE;61.975.800-5;Hospital de Ancud;;;Región de los Lagos;LE;Publicada;La presente propuesta pública tiene por finalidad el suscribir un convenio de suministro compras en supermercado para el Servicio de Alimentación y Hogar Protegido del Hospital de Ancud;2025-04-07T15:26:39.67;2025-04-21T17:00:00;2025-06-23T17:00:00;;CLP;0;0
3117-22-L125;REPARACIÓN DE CUBIERTA HOTEL MARE NOSTRUM;DIRECCION DE ABASTECIMIENTO DE LA ARMADA;61.102.006-6;DEPTO. DE BIENESTAR SOCIAL (V);CRUZ DEL SUR #19, FUERTE VERGARA;Viña del Mar;Región de Valparaíso;L1;Publicada;REPARACIÓN DE CUBIERTA HOTEL MARE NOSTRUM, DEPENDIENTE DEL DEPARTAMENTO DE BIENESTAR SOCIAL IRA ZONA NAVAL..;2025-04-07T15:04:37.527;2025-04-17T11:15:00;2025-04-25T15:12:00;5798275;CLP;0;0
2080-184-LE25;COMPRA INSUMOS DE SISTEMAS DE ALIMENTACION UPS;SERVICIO DE SALUD DEL LIBERTADOR B O'HIGGINS HOSPITAL REG RANCAGUA;61.602.138-9;Hospital Regional Rancagua - HRR;Avenida Salvador Allende N 350;Rancagua;Región del Libertador General Bernardo OHiggins;LE;Publicada;El objeto de esta Licitación es contar con una adecuada adquisición del COMPRA INSUMOS DE SISTEMAS DE ALIMENTACION UPS PARA EL HOSPITAL DR. FRANCO RAVERA ZUNINO, durante el curso del contrato.;2025-04-07T15:04:43.357;2025-04-17T14:00:00;2025-06-17T18:00:00;;CLP;0;0
4497-10-LE25;CONSTRUCCIÓN REDUCTORES DE VELOCIDAD DIV. SECTORES;I MUNICIPALIDAD DE SAN PEDRO;69.073.100-2;Secpla;Av. Cristobal Colón N 04, Comuna San Pedro. Provincia Melipilla;San Pedro;Región Metropolitana de Santiago;LE;Publicada;Contratar la ejecución de las obras que comprende el proyecto CONSTRUCCIÓN REDUCTORES DE VELOCIDAD DIVERSOS SECTORES, COMUNA SAN PEDRO, código BIP 40066788-0, según lo establecido en las bases de licitación y antecedentes técnicos del proyecto.;2025-04-07T14:55:33.343;2025-04-22T10:00:00;2025-05-22T17:30:00;31933000;CLP;0;0
2986-22-LE25;CONTRATO DE SUMINISTRO SERVICIOS DE MANTENCION Y R;I MUNICIPALIDAD DE LOS LAGOS;69.200.600-3;Unidad de Salud;Arturo Prat N 162;Los Lagos;Región de Los Ríos;LE;Publicada;Contrato Suministro de Servicio de Mantención y Reparación Equipos Odontológicos año 2025 del Departamento de Salud Municipal de la comuna de Los Lagos.;2025-04-07T14:45:37.523;2025-04-14T15:00:00;2025-05-15T17:00:00;10000000;CLP;0;0
4631-17-LE25;REPOSICION JARDIN INFANTIL PULGARCITO;I MUNICIPALIDAD DE COPIAPO;69.030.200-4;Secpla;Calle Miraflores N745,Población Pedro León Gallo;Copiapó;Región de Atacama;LE;Publicada;ADQUISICIÓN DE MATERIALES DIDÁCTICOS Y OTROS PARA REPOSICIÓN JARDÍN INFANTIL PULGARCITO, ESTACIÓN PAIPOTE, COPIAPÓ CÓDIGO BIP 40021575 SEGUN BASES ADJUNTAS;2025-04-07T14:09:00.797;2025-04-14T15:30:00;2025-04-28T17:00:00;;CLP;0;0
2790-31-LP25;CONTRATACIÓN DE SERVICIOS DE MAMOGRAFÍA PROYECCIONES Y ECOTOMOGRAFÍA MAMARIA PARA EL DEPARTAMENTO DE SALUD MUNICIPAL DE PAINE;I MUNICIPALIDAD DE PAINE;69.072.600-9;DEPARTAMENTO DE SALUD MUNICIPAL;AVDA. GENERAL BAQUEDANO # 490;Paine;Región Metropolitana de Santiago;LP;Publicada;CONTRATACIÓN DE SERVICIOS DE MAMOGRAFÍA, PROYECCIONES Y ECOTOMOGRAFÍA MAMARIA PARA EL DEPARTAMENTO DE SALUD MUNICIPAL DE PAINE(DECRETO N2092, 04.04.2025 QUE AUTORIZA LLAMADO A LICITACIÓN / SDP 132/2025);2025-04-07T13:56:06.45;2025-04-28T15:00:00;2025-05-28T18:00:00;;CLP;0;0
1907-1-L125;Servicio de arriendo de dispensadores de agua;SERVICIO DE REGISTRO CIVIL E IDENTIFICACION;61.002.004-6;Dirección Regional del Maule VII Región;3 Sur N 1188, entre 4 y 5 Oriente Talca;Talca;Región del Maule;L1;Publicada;Servicio de arriendo por 24 meses de dispensadores de agua purificada fría y caliente conectados a la red de agua potable para abastecer a 10 oficinas del Servicio de Registro Civil e Identificación del Maule.;2025-04-07T14:45:20.927;2025-04-15T15:00:00;2025-04-23T17:00:00;6000000;CLP;0;0
1076710-9-LE25;SUMINISTRO DE MEDICAMENTOS INYECTABLES NO INTERMEDIADOS POR CENABAST PARA EL CRS HOSPITAL PROVINCIA CORDILLERA.;CENTRO DE REFERENCIA DE SALUD HOSPITAL PROVINCIA CORDILLERA;61.980.620-4;FÁRMACOS CRS HPC;Eyzaguirre 2061;Puente Alto;Región Metropolitana de Santiago;LE;Publicada;EL CRS Hospital Provincia Cordillera requiere abastecer de forma oportuna de medicamentos inyectables no intermediados por CENABAST, para la correcta gestión del CRS Hospital Provincia Cordillera, esta adquisición presenta los siguientes objetivos: Contar con medicamentos necesarios para cumplir con la demanda en la atención de pacientes ambulatorios y con ello dar comienzo o la continuidad de los tratamientos o la prevención de las patologías que presentan o puedan presentar nuestros pacientes. Asegurar la entrega oportuna de los medicamentos para la continuidad de tratamientos de los pacientes ambulatorios del CRS Hospital Provincia Cordillera según lo indicado por el médico tratante. Dar cumplimiento a la legislación vigente. Contar con medicamentos inyectables no intermediados por CENABAST pertenecientes al arsenal farmacológico de la institución que no pertenecen al catálogo CENABAST.;2025-04-07T14:43:09.447;2025-04-17T15:01:00;2025-05-19T20:00:00;30000000;CLP;0;0
3486-14-LE25;ODONTOLOGICO GES 2025;I MUNICIPALIDAD DE NUEVA IMPERIAL;69.190.400-8;Departamento De Salud;ARTURO PRAT 65;Nueva Imperial;Región de la Araucanía;LE;Publicada;CONTRATAR SERVICIOS ODONTOLOGIO PARA EJECUTAR EL PROGRAMA GES ODONTOLOGICO AÑO 2025;2025-04-07T13:27:37.64;2025-04-14T15:30:00;2025-04-30T18:42:00;;CLP;0;0
681017-1-L125;Adquisición y distribución de bidones de agua purificada y entrega de dispensadores en comodato para el Juzgado de Letras del Trabajo de Copiapó;CORP ADMINISTRATIVA DEL PODER JUDICIAL;60.301.001-9;Jdo de Letras del Trabajo de Copiapo;Av. Copayapu 1134;Copiapó;Región de Atacama;L1;Publicada;Adquisición y distribución de bidones de agua purificada y entrega de dispensadores en comodato para el Juzgado de Letras del Trabajo de Copiapó. Convenio de precios.;2025-04-07T14:07:42.413;2025-05-05T20:24:00;2025-05-27T20:24:00;426179;CLP;0;0
2428-37-LE25;ADQUISICIÓN POSTES BASQUETBOL JIRAFAS MOVILES;I. MUNICIPALIDAD DE QUILPUE;69.061.300-K;I. MUNICIPALIDAD DE QUILPUE;Augusto Carozzi 841, Quilpué;Quilpué;Región de Valparaíso;LE;Publicada;Par de Jirafas profesionales FIBA JRS 200. Equipamiento deportivo para las instalaciones municipales del departamentos de Deporte y Recreación.-;2025-04-07T13:02:56.89;2025-04-14T16:23:00;2025-04-17T13:24:00;;CLP;0;0
45-38-LE25;SERVICIO DE SUMINISTRO DE CATERING PARA ACTIVIDADES DE DIVERSAS UNIDADES YO DEPARTAMENTOS DE SENCE NIVEL CENTRAL 2025;SERVICIO NACIONAL DE CAPACITACION Y EMPLEO;61.531.000-K;Servicio Nacional de Capacitación y Empleo;;;Región Metropolitana de Santiago;LE;Publicada;La presente licitación pública tiene por objeto la adquisición de servicio de alimentación, del tipo catering para las actividades propias de diversas unidades y departamentos del nivel central de SENCE, quienes de manera separada administraran una cuota presupuestaria, para el desarrollo autónomo de sus actividades.;2025-04-07T13:25:19.897;2025-04-17T15:01:00;2025-05-16T18:00:00;20250000;CLP;0;0
3842-10-LP25;CONST EXTENC AGUA POTABLE Y ALCANT SARGENTO ALDEA;I MUNICIPALIDAD DE PUNITAQUI;69.040.900-3;Oficina de Proyectos;Caupolican 1147;Punitaqui;Región de Coquimbo;LP;Publicada;Construcción de la extensión de la matriz de agua potable y extensión de red de alcantarillado de la empresa concesionaria de la zona, dejando instalados las uniones domiciliarias y arranques de agua potable para los beneficiarios del proyecto 3 viviendas. La extensión de red de agua potable se realizará en tubería de pvc hidráulico diámetro 110 mm, con una longitud estimada de 138,3 ml. Mientras que el colector de alcantarillado será en pvc sn4 d200 mm y longitud 197,4 ml aproximadamente. La ejecución de estas obras dará factibilidad a lo menos a otras 6 propiedades del sector, para su futura conexión a las redes de agua potable y alcantarillado, además de los beneficiarios directos del proyecto.;2025-04-07T13:37:49.72;2025-04-28T16:14:00;2025-07-30T16:15:00;;CLP;0;0
1079694-9-LE25;REPARACIÓN DE VEHÍCULOS POLICIALES;DIRECCION DE LOGISTICA DE CARABINEROS;60.505.523-0;SECCIÓN COMPRAS ZONA DE CARABINEROS DE LOS RIOS;BEAUCHEF N 1025, VALDIVIA XIV;Valdivia;Región de Los Ríos;LE;Publicada;Se requiere efectuar la contratación de servicio de reparación de vehículos policiales de cargo de unidades y destacamentos dependientes de la Prefectura Valdivia Nro. 23, con la finalidad de mantener los vehículos policiales en óptimas condiciones para el desarrollo de los servicios policiales.;2025-04-07T12:53:31.637;2025-04-17T15:00:00;2025-04-30T16:13:00;;CLP;0;0
2296-24-LE25;ADQUISICION DE 7.000 SACOS DE MULCH DECORATIVO;I MUNICIPALIDAD DE CONCHALI;69.070.200-2;Depto. Adquisiciones;Independencia 3499;Conchalí;Región Metropolitana de Santiago;LE;Publicada;Adquisición de Mulch Decorativo para recuperación e intervención de espacios públicos de la comuna de Conchalí.;2025-04-07T12:56:50.56;2025-04-17T15:00:00;2025-04-22T17:30:00;;CLP;0;0
1058134-52-LQ25;CONVENIO SUMINISTRO DE MEDICAMENTO ASCIMINIB 20 MG;SERVICIO DE SALUD VALDIVIA HOSPITAL BASE;61.607.502-0;Fármarcos;Bienes y Servicios;Valdivia;Región de Los Ríos;LQ;Publicada;CONVENIO SUMINISTRO DE MEDICAMENTO ASCIMINIB 20 MG PARA EL HOSPITAL BASE VALDIVIA;2025-04-07T12:58:23.093;2025-04-17T19:00:00;2025-07-07T19:59:00;166000000;CLP;0;0
2360-22-L125;ADQUISICIÓN DE INSUMOS CARRO DE PARO;I MUNICIPALIDAD DE TALCAHUANO;69.150.800-5;DISAM;BULNES N 266 TALCAHUANO CENTRO;Talcahuano;Región del Biobío;L1;Publicada;LA NECESIDAD DE ABASTECER CON INSUMOS CARRO DE PARO POR CONVENIO SAR LOS CERROS;2025-04-07T12:52:40.547;2025-04-14T15:30:00;2025-04-21T17:00:00;;CLP;0;0
2434-10-LE25;IMPLEMENTACIÓN SOCIOEDUCATIVA MEDIOAMBIENTAL;I MUNICIPALIDAD ESTACION CENTRAL;69.254.300-9;SECRETARIA COMUNAL DE PLANIFICACION;Av. Libertador Bernardo O'Higgins N3920;Estación Central;Región Metropolitana de Santiago;LE;Publicada;El objeto de la presente licitación es la Implementación socio educativa medioambiental en Polígono Casco Histórico, comuna de Estación Central. Dicha implementación, se llevará a cabo inicialmente, diagnosticando el impacto ambiental y las necesidades de la comunidad en el territorio, a través de acciones participativas que contribuyan a la transformación del medioambiente en una instancia espacial de valor y reconocimiento barrial. Así también, formular y diseñar líneas de acción para el mejoramiento y cuidado del entorno ambiental a través de la creación de una Brigada Ecológica , con el involucramiento de la diversidad social en el polígono, dirigido para 80 personas establecimientos educacionales, organizaciones sociales, empresas y comunidad residente. Además, implementar diversas actividades de carácter participativo y comunitario en el polígono, a través de distintas acciones de capacitación y sensibilización social como a través de intervenciones o actividades de recuperación en el territorio. Así las cosas, se deberá evaluar al término del desarrollo de la iniciativa de manera participativa las distintas acciones, actividades e intervenciones realizadas en el territorio, su efectividad y las lecciones aprendidas, con la finalidad, que se hayan implementado estrategias de comunicación y concientización socioambiental dirigidas a toda la comunidad, con foco en la relación e importancia entre patrimonio material e inmaterial y el cuidado del medio ambiente. La presente iniciativa se deberá ejecutar, llevando a cabo las siguientes etapas, cuyo detalle se encuentra en los Términos de Referencia: - Etapa N1: Diagnostico Territorial - Etapa N2: Formulación y diseño participativo - Etapa N3: Implementación - Etapa N4: Cierre y evaluación.;2025-04-07T12:45:21.587;2025-04-22T15:00:00;2025-08-25T18:51:00;;CLP;0;0
2045-9-LP25;Convenio Mantención Preven y correct Vehíulos;SERVICIO DE SALUD DEL MAULE HOSPITAL DE CUREPTO;61.606.910-1;Hospital de Curepto;Pedro Ant. González N 24;Curepto;Región del Maule;LP;Publicada;El Hospital de Curepto dispone de una flota de 5 vehículos 4 ambulancias y 1 camioneta, para lo cual requiere contratar servicio de Mantención Preventiva y Correctiva Anual de vehículos de acuerdo con las marcas y modelos que detallan en la presente licitación.;2025-04-07T12:37:36.417;2025-04-28T19:52:00;2025-04-29T19:53:00;;CLP;0;0
2483-56-LE25;ADQUISICIÓN E IMPLEMENTACIÓN DE PLATAFORMA DE DESPACHO Y CONTROL DE EMERGENCIAS PARA MODERNIZACIÓN DE LA CENTRAL DE COMUNICACIONES DE LA DIRECCIÓN DE SEGURIDAD PÚBLICA Y COMUNITARIA DE LA MUNICIPALIDAD DE QUILICURA;I MUNICIPALIDAD DE QUILICURA;69.071.300-4;DEPARTAMENTO COMPRAS PÚBLICAS;;;Región Metropolitana de Santiago;LE;Publicada;ADQUISICIÓN E IMPLEMENTACIÓN DE PLATAFORMA DE DESPACHO Y CONTROL DE EMERGENCIAS PARA MODERNIZACIÓN DE LA CENTRAL DE COMUNICACIONES DE LA DIRECCIÓN DE SEGURIDAD PÚBLICA Y COMUNITARIA DE LA MUNICIPALIDAD DE QUILICURA;2025-04-07T12:42:37.757;2025-04-17T15:01:00;2025-05-29T18:00:00;;CLP;0;0
528208-27-LE25;SERVICIO DE COBRANZA JUDICIAL Y PREJUDICIAL.;I.MUNICIPALIDAD DE CERRO NAVIA;69.254.200-2;SECPLAC 2;Del Consistorial 6645;Cerro Navia;Región Metropolitana de Santiago;LE;Publicada;SERVICIO DE COBRANZA JUDICIAL Y PREJUDICIAL.;2025-04-07T12:37:17.04;2025-04-21T15:31:00;2025-06-30T15:32:00;;CLP;0;0
1111089-10-LE25;RENOVACION SOFTWARE ESCRITORIO ANID;Comisión Nacional de Investigación Científica y Tecnológicas - CONICYT;60.915.000-9;Agencia Nacional de Investigación y Desarrollo;facturacion@anid.cl;Santiago;Región Metropolitana de Santiago;LE;Publicada;La Agencia Nacional de Investigación y Desarrollo, ANID, requiere renovar el licenciamiento de Software de escritorio especiales, de modo de mantener la continuidad operativa de los sistemas computacionales.;2025-04-07T12:24:17.66;2025-04-21T15:01:00;2025-05-12T15:00:00;;CLP;0;0
2963-19-LE25;SERVICIOS DE TELEFONÍA MÓVIL I. MUN. DE LA GRANJA.;I MUNICIPALIDAD DE LA GRANJA;69.072.400-6;SECPLA;Americo Vespucio 002 - dideco;La Granja;Región Metropolitana de Santiago;LE;Publicada;La Municipalidad La Granja, requiere contratar el SERVICIOS DE TELEFONÍA MÓVIL PARA LA I. MUNICIPALIDAD DE LA GRANJA, por un plazo de 24 meses, 2 años. Este es un servicio de voz y datos para telefonía móvil, con minutos y datos con una cuota mensual o ilimitados por equipo, de tal forma que el personal de la Municipalidad de La Granja, por razones propias del servicio.;2025-04-07T12:35:45.197;2025-04-17T10:00:00;2025-05-20T10:30:00;;CLP;0;0
1663-108-LE25;MANT. SISTEMA EXTINCION DE INCENDIOS-2DO LLAMADO;SERVICIO DE SALUD CHILOE;61.602.276-8;Hospital de Quellón;;;Región de los Lagos;LE;Publicada;2do llamado Mantenimiento Preventivo Sistema de Extinción de Incendios NHQ, para asegurar que todos los equipos y componentes de los sistemas de protección contra incendios estén operativos, en perfecto estado y listos para su uso en caso de emergencia.;2025-04-07T12:22:57.11;2025-04-17T16:40:00;2025-05-21T15:00:00;;CLP;0;0
1070-9-LE25;ADQUISICION DE PIEZAS DE MADERA;MINISTERIO DE OBRAS PUBLICAS DIREC CION GRAL DE OO PP DCYF;61.202.000-0;Dirección de Vialidad - XII Región - Provincia de Magallanes;J.J. Perez 05047, Villa Las Nieves;Punta Arenas;Región de Magallanes y de la Antártica;LE;Publicada;Se requiere para reparar la totalidad del rodado de puente Modular Bailey Mabey MK-II, denominado El Bote ubicado en el km 56,128 de la ruta Y-560, sector de Isla Riesco, de 24 metros de longitud, madera nativa, según especificaciones.;2025-04-07T11:49:44.253;2025-04-17T16:00:00;2025-04-24T15:00:00;;CLP;0;0
1057540-33-LE25;CONVENIO DE MANTENIMIENTO PREVENTIVO Y CORRECTIVO PARA CENTRAL DE MONITOREO UTI;SERVICIO SALUD TALCAHUANO HOSPITAL PENCO-LIRQUEN;61.602.198-2;Hospital Penco - Lirquen;Camino a Tome s/n;Penco;Región del Biobío;LE;Publicada;CONVENIO DE MANTENIMIENTO PREVENTIVO Y CORRECTIVO PARA CENTRAL DE MONITOREO UTI;2025-04-07T11:44:14.363;2025-04-16T16:00:00;2025-05-20T12:15:00;;CLP;0;0
1224957-22-LE25;Servicio ATE Liceo Rep. Siria sede media 2025;CORP MUNICIPAL DE DESARROLLO SOCIAL DE NUNOA;70.932.800-K;CMDS Nivel Central;Manuel de Salas 451;Ñuñoa;Región Metropolitana de Santiago;LE;Publicada;La Corporación Municipal de Desarrollo Social de Ñuñoa, en adelante e indistintamente CMDS o Corporación, llama a licitación pública del contrato denominado: PROGRAMA DE ACOMPAÑAMIENTO PEDAGÓGICO Y MONITOREO DE APRENDIZAJES LICEO REPÚBLICA DE SIRIA SEDE EDUCACIÓN MEDIA 2025, para monitorear de forma permanente los aprendizajes efectivos entre nuestros estudiantes. Buscamos la consolidación e información personalizada de los avances curriculares y la oportuna detección de las distintas habilidades y contenidos no consolidados entre nuestros estudiantes, de esta forma generaremos en conjunto acciones de acompañamiento pedagógico y nuevas estrategias que nos permitan la consolidación de los aprendizajes efectivos y habilidades entre nuestros estudiantes. La licitación será a suma alzada, y en pesos chilenos. Se deberá ofertar por la totalidad del servicio requerido en las bases técnicas.;2025-04-07T12:02:57.94;2025-04-17T16:00:00;2025-05-18T16:00:00;43000000;CLP;0;0
1247197-18-LP25;Servicios de Impresión Copia y Escaneo;CORP MUNICIPAL DE CONCHALI DE EDUCACION SALUD Y ATENCION DE MENORES;70.878.100-2;Planificación;Juan Muñoz 4645;Conchalí;Región Metropolitana de Santiago;LP;Publicada;La Corporación Municipal de Conchalí requiere contratar por 19 meses un servicio integral de impresión, copia y escaneo, con 83 equipos nuevos: 5 a color de alto volumen y 78 en blanco y negro, distribuidos en 23 dependencias de Salud, Casa Central, Dirección de Protección Especializada a la Niñez y programas asociados. RES. Aprueba Bases 126-2025.;2025-04-07T12:03:31.233;2025-04-21T15:01:00;2025-06-02T17:30:00;145095206;CLP;0;0
956-26-LP25;Adquisición de Instrumental Oftalmológico para el nuevo Hospital Claudio Vicuña de San Antonio;SERVICIO DE SALUD VALPARAISO SAN ANTONIO;61.606.500-9;SERVICIO DE SALUD VALPARAISO SAN ANTONIO;Av. Brasil 1435;Valparaíso;Región de Valparaíso;LP;Publicada;La necesidad de realizar un proceso de licitación para la Adquisición de Instrumental Oftalmológico para el nuevo Hospital Claudio Vicuña de San Antonio, requerido por la Subdirección de Desarrollo Institucional de la Dirección del Servicio de Salud Valparaíso San Antonio.;2025-04-07T11:24:47.447;2025-04-28T16:00:00;2025-06-27T16:00:00;252286000;CLP;0;0
316-16-LP25;SERVICIO DE SALA CUNA PARA HIJOS AS DE FUNCIONARIAS MUNICIPALES MUNICIPALIDAD DE VILLA ALEMANA;I MUNICIPALIDAD DE VILLA ALEMANA;69.061.500-2;ADQUISICIONES;;;Región de Valparaíso;LP;Publicada;La Municipalidad de Villa Alemana requiere contratar el Servicio de Sala Cuna para los hijos(as) de sus funcionarios con edades desde los 85 días hasta los dos años, dando cumplimiento al Art. 203 del Código del Trabajo. La Sala Cuna podrá disponer de un local en la comuna de Villa Alemana, con el fin de facilitar el traslado de los funcionarios, para cumplir con su jornada laboral. La infraestructura y equipamiento debe cumplir con las normas sanitarias y de seguridad y poseer la dotación adecuada de personal especializado para la atención de niños(as). Además, deberá contar con Póliza de Seguros de Accidentes Personales para Salas Cunas y Jardines Infantiles. Servicio que se hará efectivo por un periodo de 3 años, a contar de la fecha del contrato de adjudicación respectivo. El Servio Requerido a la fecha contempla aproximadamente 3 niños(as), sin embargo, deberá considerarse nuevas incorporaciones o egresos durante el transcurso del contrato.;2025-04-07T11:49:30.907;2025-04-24T12:30:00;2025-06-24T18:00:00;98841600;CLP;0;0
1058134-51-LE25;SUMINISTRO MEDICAMENTOS Y SUPLEMENTOS VITAMINICOS;SERVICIO DE SALUD VALDIVIA HOSPITAL BASE;61.607.502-0;Fármarcos;Bienes y Servicios;Valdivia;Región de Los Ríos;LE;Publicada;SUMINISTRO DE MEDICAMENTOS Y SUPLEMENTOS VITAMINICOS PARA EL HOSPITAL BASE VALDIVIA PROGRAMAS MINISTERIALES;2025-04-07T11:39:15.15;2025-04-14T19:00:00;2025-07-07T19:59:00;62561400;CLP;0;0
3241-20-LE25;SUMINISTRO E INSTALACIÓN DE VENTANAS;DIRECCION DE ABASTECIMIENTO DE LA ARMADA;61.102.028-7;DEPTO. DE BIENESTAR SOCIAL (M);Av. Manuel Bulnes N 05376;Punta Arenas;Región de Magallanes y de la Antártica;LE;Publicada;EL DEPTO. DE BSTAR. SOCIAL M REQUIERE EL SUMINISTRO E INSTALACIÓN DE VENTANAS PVC TERMOPANEL A VIVIENDAS FISCALES ASIGNADAS CON LOS NÚMEROS 216, 236, 237 Y 239 DE LA POB. NAVAL RÍO DE LOS CIERVOS.;2025-04-07T11:16:00;2025-04-23T14:35:00;2025-05-26T17:43:00;9722622;CLP;0;0
3692-15-LE25;Adquisición de Medicamentos para UAPO El Quisco;I MUNICIPALIDAD DE EL QUISCO;69.061.700-5;Departamento de Salud;Av. I. Dubournais 240;El Quisco;Región de Valparaíso;LE;Publicada;Adquisición de Medicamentos para UAPO El Quisco, Lagrimas artificiales sin preservantes.;2025-04-07T11:26:42.117;2025-04-14T15:00:00;2025-05-14T15:00:00;19000000;CLP;0;0
3784-18-LE25;LICENCIA DE SOFTWARE CAD;I MUNICIPALIDAD DE COELEMU;69.150.200-7;Adquisiciones;Pedro Leon Gallo 609;Coelemu;Región del Ñuble;LE;Publicada;ADQUISICIÓN DE LICENCIAS PARA DISEÑOS CAD, LICENCIA ANUAL O SOFTWARE PERPETUO, HERRAMIENTA DE PLANIMETRIA Y DIBUJO TÉCNICO, IGUAL O EQUIVALENTES CARACTERISTICAS PARA LA DIRECCIÓN DE SECPLAN Y DOM.;2025-04-07T11:09:54.053;2025-04-14T15:15:00;2025-04-15T12:00:00;3000000;CLP;0;0
4192-55-LE25;SUM.DE MATERIALES Y UTILES DE ASEO PARA LA IMC;I MUNICIPALIDAD DE CALDERA;69.030.300-0;Secpla;Cousiño 395;Caldera;Región de Atacama;LE;Publicada;Las presentes bases tienen por objetivo determinar y definir las condiciones generales que se deberán tener presente en la licitación para del SUMINISTRO DE MATERIALES Y UTILES DE ASEO PARA LA I. MUNICIPALIDAD DE CALDERA, AÑO 2025, para la Ilustre Municipalidad de Caldera. La presente licitación, y los derechos y obligaciones de las partes se regularán por las presentes bases administrativas, las bases técnicas, las aclaraciones y la respectiva oferta. Supletoriamente se aplicará la Ley de Compras Públicas N19.886 y su respectivo Reglamento.;2025-04-07T11:03:16.637;2025-04-22T16:30:00;2025-04-30T16:00:00;;CLP;0;0
2080-174-LE25;SERV. MANTENIMIENTO EXTINTORES EN 2DA LIC. HDFRZ;SERVICIO DE SALUD DEL LIBERTADOR B O'HIGGINS HOSPITAL REG RANCAGUA;61.602.138-9;Hospital Regional Rancagua - HRR;Avenida Salvador Allende N 350;Rancagua;Región del Libertador General Bernardo OHiggins;LE;Publicada;Con el objeto de cumplir con su fin asistencial el Hospital, Establecimiento Autogestionado en Red, y acorde a la naturaleza de las prestaciones otorgadas por este a sus beneficiarios, se requiere una oportuna e inmediata resolución de las atenciones, que no pueden ser diferidas en el tiempo, lo que nos compromete a disponer de los servicios necesarios para responder adecuadamente a la demanda asistencial. En este contexto, resulta imprescindible para el Hospital, considerando la escasez de profesionales que puedan realizar el servicio encomendado como parte de la dotación del Hospital, por lo cual debe adoptar las medidas necesarias que permitan la realización de las Mantenciones de los extintores del establecimiento, con el objeto de que se encuentren en perfecto y normal estado de funcionamiento.;2025-04-07T11:09:01.73;2025-04-14T15:00:00;2025-06-16T19:00:00;;CLP;0;0
1019-36-LE25;SUMINISTRO DE REACTIVOS E INSUMOS PARA LABORATORIO;MINISTERIO DE OBRAS PUBLICAS DIREC CION GRAL DE OO PP DCYF;61.202.000-0;MINISTERIO DE OBRAS PUBLICAS DIREC CION GRAL DE OO;Morandé 59, piso 8;Santiago;Región Metropolitana de Santiago;LE;Publicada;El objeto de la presente licitación, es mantener abastecido al Laboratorio Ambiental de todos los materiales: reactivos e insumos necesarios para su correcto funcionamiento los que son listados en el Anexo A, indicando cantidades y fechas de entrega.;2025-04-07T10:50:01.627;2025-04-17T16:30:00;2025-05-05T19:00:00;23000000;CLP;0;0
608-67-LR25;DHR- Adquisición de Válvulas Aorticas Biológicas de origen Bovino;HOSPITAL DR GUSTAVO FRICKE DE VINA DEL MAR;61.606.602-1;Hospital Dr. Gustavo Fricke;ALVAREZ 1532;Viña del Mar;Región de Valparaíso;LR;Publicada;Estas Bases establecen las condiciones técnicas que impone el Hospital Dr. Gustavo Fricke, para la propuesta pública ADQUISICIÓN DE VÁLVULAS AORTICAS BIOLOGICAS DE ORIGEN BOVINO. En ellas se determinan los requisitos técnicos para satisfacer los requerimientos de dispositivos, garantizando con este convenio la calidad y suministro de los productos licitados.;2025-04-07T10:40:34.09;2025-05-07T17:00:00;2025-07-31T12:00:00;;CLP;0;0
2778-16-LE25;MOBILIARIO ESCUELA VICENTE HUIDOBRO;I MUNICIPALIDAD DE RENGO;69.081.200-2;ADQUISICION MUNI-EDUCACION;SERRANO 450- COMUNA DE RENGO.;Chépica;Región del Libertador General Bernardo OHiggins;LE;Publicada;ADQUISICION MOBILIARIO PARA LA ESCUELA VICENTE HUIDOBRO DE LA COMUNA DE RENGO, FINANCIAMIENTO SUBVENCION ESCOLAR PREFERENCIAL (SEP);2025-04-07T10:30:07.967;2025-04-17T11:00:00;2025-05-07T18:00:00;12000000;CLP;0;0
1142-21-LE25;Servicio de Suministro de Agua Potable para SSR de LIEN mediante Camiones Aljibes en la comuna de Curepto;DELEGACIÓN PRESIDENCIAL REGIONAL DEL MAULE;60.511.070-3;Ministerio del Interior - DPR Maule;1 Oriente 1150;Talca;Región del Maule;LE;Publicada;Servicio de Suministro de Agua Potable para SSR de LIEN mediante Camiones Aljibes en la comuna de Curepto;2025-04-07T10:30:00;2025-04-14T15:01:00;2025-04-14T23:59:00;;CLP;0;0
4375-58-LE25;MARCADORES PARA INSTRUMENTAL;HOSPITAL GUILLERMO GRANT BENAVENTE DE CO;61.602.189-3;Abastecimiento General;San Martín 1436 Concepcion;Santiago;Región del Biobío;LE;Publicada;La necesidad de efectuar licitación pública para contar con un convenio suministro para adquirir marcadores de instrumental para ser utilizados en los distintos servicios del HGGB, consumo para cubrir programación en Bodega de Escritorio por 24 meses.;2025-04-07T10:15:50.117;2025-04-17T17:00:00;2025-06-18T17:00:00;;CLP;0;0
1201-12-L125;CONTROL TÉCNICO DE COMPETENCIA REGIONAL DE ATLETISMO JDE, AYSÉN 2025;INSTITUTO NACIONAL DE DEPORTES DE CHILE;61.107.000-4;I.N.D. REGION XI;Avenida Grecia N2030;Antofagasta;Región de Antofagasta;L1;Publicada;Contar con el servicio de Control técnico para la disciplina de atletismo, durante el desarrollo de la etapa regional escolar categoría sub 14 de los juegos deportivos escolares 2025.;2025-04-07T10:46:18.207;2025-04-15T15:00:00;2025-04-22T15:00:00;;CLP;0;0
1274907-15-LE25;Suministro de Artículos de Ferretería;CORPORACIÓN MUNICIPAL DE EDUCACIÓN, SALUD Y ATENCIÓN DE MENORES CHONCHI;71.299.000-7;ADQUISICIONES;Direccion no aplica a productos virtuales;Santiago;Región de los Lagos;LE;Publicada;Se requiere proveer de artículos de ferretería para la corporación municipal de Chonchi;2025-04-07T10:40:49.75;2025-04-16T19:57:00;2025-05-30T19:58:00;20000000;CLP;0;0
1969-22-LE25;Pan Fresco Para Gendarmeria de Chile C.D.P Mulchen;DIRECCION GENERAL DE GENDARMERIA DE CHIL;61.004.068-3;Región del Bio Bío;Compañia 1048, piso 7;Santiago Centro;Región del Biobío;LE;Publicada;ADQUISICION Y CONTRATACIÓN DEL CONVENIO SUMINISTRO DE PROVEEDURIA DE PAN Y EMPANADAS DE HORNO AÑO 2025-2026, PARA GENDARMERÍA DE CHILE C.D.P. MULCHEN Conforme a bases de Licitación autorizada mediante Resolución Exenta 515 de fecha 31.03.2025. Despacho: Villagra 098 Ciudad de Mulchén.;2025-04-07T10:05:33.993;2025-04-16T15:00:00;2025-05-14T15:05:00;;CLP;0;0
359-44-LQ25;ADQ KIT SOLUCIONES INSUMO ANATOMIA PATOLOGICA 2025;Instituto Nacional del Cancer;61.608.404-6;Inst Nacional del Cancer Adquisiciones;Av. Profesor Zañartu 1010, Independencia;Independencia;Región Metropolitana de Santiago;LQ;Publicada;El Instituto Nacional del Cáncer requiere contratar la Adquisición Vía Suministro de Kit, Soluciones e Insumos para Anatomía Patológica Plan Anual 2025, necesarios para el óptimo funcionamiento de la Unidad de Anatomía Patológica del Instituto Nacional del Cáncer;2025-04-07T10:10:35.95;2025-04-28T16:00:00;2025-06-05T17:00:00;;CLP;0;0
1867-21-LE25;Mant. y Rep. casa- cantón de Antofagasta;DIRECCION GENERAL DE MOVILIZACIONN NACIONAL;61.110.000-0;DIRECCION GENERAL DE MOVILIZACIONN NACIONAL;Vergara 262;Santiago Centro;Región Metropolitana de Santiago;LE;Publicada;La DGMN convoca a personas naturales o jurídicas, ya sea que se presenten de manera individual o unidas mediante Uniones Temporales de Proveedores integradas por una o más empresas de menor tamaño, chilenas o extranjeras, que al momento de ofertar se encuentren hábiles en el Registro de Proveedores a cargo de la Dirección de Compras y Contratación Pública, para contratar los servicios de mantenimiento y reparación de la fachada de la casa- cantón de Antofagasta de la DGMN.;2025-04-07T10:14:49.03;2025-04-21T15:05:00;2025-04-30T17:30:00;;CLP;0;0
3138-9-L125;SERVICIO DE DESRATIZACIÓN, PREVENCIÓN Y CONTROL DE ROEDORES EDIFICIO PRAT N620;DIRECCION DE ABASTECIMIENTO DE LA ARMADA;61.953.100-0;DIRECCION DE INGENIERIA DE SISTEMAS NAVALES;AVDA. ALTAMIRANO 1005;Valparaíso;Región de Valparaíso;L1;Publicada;SERVICIO DE DESRATIZACIÓN, PREVENCIÓN Y CONTROL DE ROEDORES EDIFICIO PRAT N620;2025-04-07T10:06:29.17;2025-04-14T15:01:00;2025-04-24T19:45:00;6200000;CLP;0;0
906816-26-L125;CONSTRUCCIÓN DE ACCESIBILIDAD UNIVERSAL SECTOR CALLE SERRANO ADQUISICIÓN DE HORMIGÓN;I MUNICIPALIDAD DE TALTAL;69.020.500-9;Secplac;arturo prat 515;Taltal;Región de Antofagasta;L1;Publicada;CONSTRUCCIÓN DE ACCESIBILIDAD UNIVERSAL SECTOR CALLE SERRANO, ADQUISICIÓN DE HORMIGÓN;2025-04-07T09:05:00;2025-04-17T15:00:00;2025-04-25T20:00:00;6500000;CLP;0;0
2126-53-LE25;ADQUISICION DE NEFROSCOPIO;SERVICIO DE SALUD COQUIMBO HOSPITAL DE COQUIMBO;61.606.403-7;Hospital Coquimbo;;;Región de Coquimbo;LE;Publicada;Según documento adjunto.;2025-04-07T08:40:39.957;2025-04-22T16:00:00;2025-12-30T12:00:00;;CLP;0;0
948354-40-LE25;MANTENIMIENTO CORRECTIVO PARA ENDOSCOPIO OLYMPUS;FONDO HOSPITAL DE LA DIRECCION DE PREVISION DE CARABINEROS DE CHILE;61.513.003-6;Unidad de Compra de Bienes y Servicios;Avenida Vital Apoquindo N 1200;Las Condes;Región Metropolitana de Santiago;LE;Publicada;El Hospital de la Dirección de Previsión de Carabineros de Chile, ubicado en Vital Apoquindo N1.200, Comuna de Las Condes, Región Metropolitana, en adelante EL HOSPITAL, llama a Licitación Pública para Contratación del Servicio de Mantenimiento Correctivo para Endoscopio Olympus, Modelo CF-H170L-C, N de serie 2238349, en adelante EL SERVICIO, cuyas características y requisitos técnicos constan en las Bases Administrativas y Técnicas de esta Licitación con sus respectivos anexos.;2025-04-07T08:57:39.8;2025-04-14T16:00:00;2025-05-29T15:00:00;7200000;CLP;0;0
1127-4-LP25;CONTRATACIÓN DE UN SERVICIO DE APOYO EMPRENDEDOR PARA PROGRAMA MI PRIMER NEGOCIO RURAL AÑO 2025 REGION DE LOS LAGOS;INSTITUTO DE DESARROLLO AGROPECUARIO;61.307.000-1;Unidad de Compra Región de los Lagos;Avenida Portales 774, Puerto Montt;Puerto Montt;Región de los Lagos;LP;Publicada;CONTRATACIÓN DE UN SERVICIO DE APOYO EMPRENDEDOR PARA PROGRAMA MI PRIMER NEGOCIO RURAL AÑO 2025, REGION DE LOS LAGOS;2025-04-07T08:43:26.3;2025-05-05T15:30:00;2025-05-26T18:00:00;;CLP;0;0
875646-17-LP25;ADQUISICIÓN DE PERÓXIDO DE HIDRÓGENO;Hospital Dr. Eduardo Pereira Ramirez;61.602.057-9;Hospital Dr. Eduardo Pereira Ramirez;Enrique Ibsen s/ n Cerro Delicias;Valparaíso;Región de Valparaíso;LP;Publicada;El Hospital llama a Licitación Pública para la ADQUISICIÓN DE PERÓXIDO DE HIDRÓGENO, para la Unidad de esterilización, del Hospital Eduardo Pereira Ramírez.;2025-04-07T07:42:03.003;2025-04-28T15:48:00;2025-08-26T18:49:00;320000000;CLP;0;0
5855-14-LE25;ADQ. CONSUMIBLES IMPRESORAS Y MULTIFUNCIONALES;Ilustre Municipalidad de Camarones;69.251.000-3;Unidad de Adquisiciones;Avanzada de Cuya s/n;Camarones;Región de Arica y Parinacota;LE;Publicada;La Municipalidad de Camarones, necesita contar con el stock de insumos consumibles para impresoras e impresoras multifuncionales de la diferentes direcciones, departamentos y unidades, las cuales son de uso diario y que forman parte fundamental de las herramientas de trabajo para los funcionarios y prestadores de servicios de esta institución pública.;2025-04-07T03:28:39.27;2025-04-14T15:00:00;2025-04-15T10:30:00;;CLP;0;0
1388961-33-LE25;ADQUISICIÓN DE SILLAS ERGONÓMICAS DE TIPO GAMER;ASOCIACION DE MUNICIPALIDADES PARA LA SEGURIDAD CIUDADANA EN LA ZONA ORIENTE;65.118.035-K;Asociación de Municipalidades para la Seguridad en la Zona Oriente;Av El Rodeo 13541, costado BICRIM.;Lo Barnechea;Región Metropolitana de Santiago;LE;Publicada;El objeto de la presente licitación es la adquisición de 45 sillas ergonómicas tipo Gamer, las cuales deben cumplir con los más altos estándares de calidad y ergonomía para asegurar el confort y bienestar de los equipos encargados de la seguridad y la prevención de la violencia en la zona.;2025-04-08T18:41:14.67;2025-04-16T16:00:00;2025-04-22T20:00:00;;CLP;0;0
5048-14-O125;EI CONSTRUCCIÓN ENLACE CARELMAPU,ACCESO NTE CHACAO;MINISTERIO DE OBRAS PUBLICAS DIREC CION GRAL DE OO PP DCYF;61.202.000-0;Dirección de Vialidad - Nivel Central - Licitación de Obras;Morandé 59 piso 2 oficina 217;Santiago Centro;Región de los Lagos;O1;Publicada;El estudio de ingeniería considera el proyecto de una pista de acceso y estacionamiento para empalmar con el acceso a edificio Réplica del Puente Chacao y una obra de atravieso;2025-04-08T18:29:55.84;2025-05-07T09:30:00;2025-06-30T14:18:00;;CLP;0;0
1549-34-LR25;ADQ EMPAGLIFOZINA 10MG PARA EL HOSPITAL SAN JOSE;SERVICIO DE SALUD METROPOLITANA NORTE HOSPITAL SAN JOSE;61.608.002-4;Hospital San José;San José 1030;Independencia;Región Metropolitana de Santiago;LR;Publicada;de acuerdo con lo establecido en la Resolución N410 del 31 de enero de 2025 que aprueba el Plan Anual de Compras y Contrataciones año 2025 para el Complejo Hospitalario San José, se requiere la adquisición de EMPAGLIFOZINA 10MG. Lo anterior, según consta en el certificado de fecha 18 de marzo de 2025, de la Unidad de Abastecimiento.;2025-04-07T08:08:40.097;2025-05-07T15:00:00;2025-06-23T15:03:00;;CLP;0;0
3355-15-LE25;SERVICIO DE MANTENIMIENTO Y REPARACIÓN DEL SISTEMA DE CALEFACCIÓN;COMANDO DE APOYO A LA FUERZA;61.101.076-1;Destacamento Montaña N 17 Los Ángeles-DESMÑA N17;Avenida Ercilla S/N;Los Angeles;Región del Biobío;LE;Publicada;SERVICIO DE MANTENIMIENTO, REPARACIÓN Y RECUPERACIÓN DEL SISTEMA DE CALEFACCIÓN DEL REFUGIO MILITAR LA CORTINA;2025-04-08T20:19:34.84;2025-04-14T15:01:00;2025-04-25T21:00:00;;CLP;0;0
2981-59-LE25;SUMINISTRO MATERIALES DE ASEO;POLICIA DE INVESTIGACIONES DE CHILE;60.506.000-5;DEPARTAMENTO ADMINISTRATIVO;;;Región Metropolitana de Santiago;LE;Publicada;SUMINISTRO DE MATERIALES DE ASEO;2025-04-08T18:16:12.697;2025-04-21T15:30:00;2025-05-01T19:35:00;46000000;CLP;0;0
1057417-85-LE25;Convenio Suministro Línea Medición Presión Arterial Invasiva;COMPLEJO ASISTENCIAL DR.VICTOR RIOS RUIZ;61.607.301-K;Bienes y Servicios;AVDA.RICARDO VICUÑA 147 Los Angeles;Los Angeles;Región del Biobío;LE;Publicada;Convenio Suministro Línea Medición Presión Arterial Invasiva;2025-04-08T17:55:39.15;2025-04-15T17:00:00;2025-06-16T17:00:00;;CLP;0;0
1992-4-LE25;Frutas y Verduras Hosp. Toltén;SERVICIO SALUD ARAUCANIA SUR HOSPITAL TOLTEN;61.602.243-1;Hospital Toltén;Elvira Leal 636, Toltén;Toltén;Región de la Araucanía;LE;Publicada;Se necesita contratar servicio de Suministro de Frutas y Verduras. De acuerdo a especificaciones y requisitos de Bases N04/25 Adjuntas;2025-04-08T17:56:50.953;2025-04-16T15:00:00;2025-04-30T17:00:00;;CLP;0;0
707416-4-LE25;ADQUISICION DE INSUMOS INFORMATICOS REGION ATACAMA;FUNDACION EDUCACIONAL PARA EL DESAROLLO INTEGRAL DE LA NIÑEZ;70.574.900-0;Regional Atacama;Ohiggins 401 piso 2 y 3;Copiapó;Región de Atacama;LE;Publicada;Fundación Integra requiere la adquisición de insumos informáticos para oficina regional y jardines infantiles de Fundación Integra en la región de Atacama, de conformidad a lo señalado en las presentes Bases Administrativas y a las especificaciones indicadas en las Bases Técnicas respectivas.;2025-04-08T17:42:55.987;2025-04-28T15:01:00;2025-05-12T19:00:00;;CLP;0;0
1667-10-H225;Arriendo Aspirador Ultrasónico para Neurocirugía;HOSPITAL GUILLERMO GRANT BENAVENTE DE CO;61.602.189-3;Compra de Servicios Clínicos;dte@bsale.cl;Concepción;Región del Biobío;H2;Publicada;El HGGB requiere adquirir un Servicio de apoyo neuroquirúrgico para los pacientes con tumor cerebral y medular blandos y duros y lesiones óseas patologías vertebrales y craneales óseas que incluyen patologías degenerativas de raquiestenosis de columna vertebral. Este equipo tiene la finalidad de mejorar los procedimientos quirúrgicos sin dañar los tejidos adyacentes. Servicio debe considerar asistencia integral de operador de equipo que cumpla funciones técnicas y logísticas respecto al funcionamiento del equipo.;2025-04-08T17:38:28.797;2025-04-29T15:00:00;2025-06-30T19:53:00;;CLP;0;0
1260688-19-LE25;ADQUISICIÓN DE INSUMOS COMPUTACIONALES EBES;CORP MUNICIPAL DE DESARROLLO SOCIAL DE POZO ALMONTE;71.497.400-9;ADQUISICIONES EDUCACION;CALA CALA # 112;Pozo Almonte;Región de Tarapacá;LE;Publicada;CORMUDESPA llama a los proveedores interesados a presentar sus ofertas a la presente Licitación Pública a través del Sistema de Compras y Contratación Pública, en adelante Portal Mercado Público www.mercadopublico.cl, con el fin de proceder a la ADQUISICIÓN DE INSUMOS, REPUESTOS Y ACCESORIOS COMPUTACIONALES ORIGINALES PARA LA ESCUELA BASICA ESTRELLA DEL SUR, de acuerdo a las características entregadas en las presentes Bases Administrativas y Técnicas Adjuntas.;2025-04-08T17:44:34.213;2025-04-17T17:43:00;2025-05-18T17:44:00;;CLP;0;0
730736-13-L125;CONTRATO DE SUMINISTRO DE IMPLEMENTOS DEPORTIVOS 2025;I MUNICIPALIDAD DE PAREDONES;69.090.900-6;Adquisiciones;Avenida Doctor Moore N 15;Paredones;Región del Libertador General Bernardo OHiggins;L1;Publicada;La necesidad del Municipio de Paredones manifestada por la Dirección de Desarrollo Comunitario de suscribir Contrato de Suministro de Implementos Deportivos, para ser utilizados en distintas actividades deportivas de todo tipo durante el presente año, suministro que tendrá vigencia desde la fecha de aceptación de la Orden de Compra que formalizará el proceso hasta el 31 de diciembre del año 2025.;2025-04-08T17:17:41.027;2025-04-15T12:00:00;2025-04-21T17:15:00;;CLP;0;0
2455-33-LR25;INTERVENCIÓN Y MANEJO DE ARBOLADO URBANO;ILUSTRE MUNICIPALIDAD DE QUINTA NORMAL;69.071.000-5;SECRETARIA COMUNAL DE PLANIFICACIÓN;Av. Carrascal 4447, Quinta Normal;Quinta Normal;Región Metropolitana de Santiago;LR;Publicada;El presente certamen licitatorio tiene por finalidad convocar a los interesados, para que presenten sus ofertas para el SERVICIO DE INTERVENCIÓN Y MANEJO DE ARBOLADO URBANO DE LA COMUNA DE QUINTA NORMAL. Los servicios requeridos se encuentran descritos en las Especificaciones Técnicas de la presente propuesta. El periodo de contratación de los servicios será de 2 años 24 meses, a partir de la fecha establecida como inicio de los servicios.;2025-04-08T17:20:15.38;2025-05-09T09:00:00;2025-06-30T18:00:00;600000000;CLP;0;0
520149-9-LE25;Cursos Perfeccionamiento -PC 5104-CAPACITACION-sla;SUBSECRETARIA DE RELACIONES EXTERIORES;60.601.000-1;DICOMPRAS;;;Región Metropolitana de Santiago;LE;Publicada;La Subsecretaría de Relaciones Exteriores, requiere contratar servicios de capacitación y formación, en dos líneas de servicio: 1 Curso de Perfeccionamiento para Segundas y Segundos Secretarios de la Subsecretaría de Relaciones Exteriores. 2 Programa de Perfeccionamiento y Alta Dirección para Consejeras y Consejeros de la Subsecretaría de Relaciones Exteriores.;2025-04-08T17:15:32.413;2025-04-21T15:01:00;2025-05-13T19:00:00;20000000;CLP;0;0
4891-9-LE25;SER.DISEÑO IMPLEMENTACION ARTES ESCENICAS Y O DANZ;SUBSECRETARÍA DE LAS CULTURAS Y LAS ARTES;61.978.780-3;Consejo Regional de la Cultura y Las Artes R. Metropolitana;AHUMADA 48 PISO 4, SANTIAGO CENTRO;Santiago Centro;Región Metropolitana de Santiago;LE;Publicada;SERVICIO DE DISEÑO, PLANIFICACIÓN E IMPLEMENTACIÓN DE ACTIVIDADES PEDAGÓGICAS EN EL ÁREA DE LAS ARTES ESCÉNICAS YO DANZA, PARA LA PROGRAMACIÓN DEL AÑO 2025, DEL CENTRO DE CREACIÓN CECREA, DE LA SECRETARÍA REGIONAL MINISTERIAL DE LAS CULTURAS, LAS ARTES Y EL PATRIMONIO, REGIÓN METROPOLITANA.;2025-04-08T17:21:42.337;2025-04-23T15:30:00;2025-04-30T18:00:00;8000000;CLP;0;0
3729-24-LE25;ADQUISICIÓN DE MEDALLAS COPAS Y TROFEOS;I MUNICIPALIDAD DE CHIMBARONGO;69.090.300-8;Secpla;JAVIERA CARRERA 511;Chimbarongo;Región del Libertador General Bernardo OHiggins;LE;Publicada;Se requiere la adquisición de medallas, copas y trofeos para actividades deportivas organizadas por la Unidad, junto con stock para apoyar a organizaciones deportivas del territorio local. Según lo señalado en los Decretos N1.235 y N1.236, de fecha 08 de abril de 2025, que aprueba primer llamado y designa comisión respectivamente.;2025-04-08T17:07:19.75;2025-04-17T13:50:00;2025-05-30T13:50:00;18000000;CLP;0;0
838104-17-LE25;CMCP COMPRA UTENSILIOS DE COCINA RESTAURANTE BAR;COMANDO DE APOYO A LA FUERZA;73.923.800-5;División de Bienestar ZB Región Metropolitana BSoc;Avda. Neptuno N 097, Villa Militar Oeste, Estación Central;Estación Central;Región Metropolitana de Santiago;LE;Publicada;CMCP COMPRA UTENSILIOS DE COCINA, RESTAURANTE Y BAR RECEPCIÓN CMCP: SG1 MANUEL GALAZ JARA E-MAIL: magj1975magj@gmail.com FONO: +569 6351 4516 FACTURAR Y DESPACHAR: C.C. 1100080053 FONDOS PAF C.F. 350090 BIENESTAR SOCIAL DEL EJÉRCITO GIRO: HOTELERÍA Y SERVICIOS AFINES RUT.: 73.923.800-5 DIRECCIÓN: LAS PALMAS 384, COMUNA PEÑALOLÉN SE SOLICITA ACEPTAR ORDEN DE COMPRA EN EL SISTEMA.;2025-04-08T16:59:40.583;2025-04-17T17:00:00;2025-04-28T17:00:00;;CLP;0;0
5702-7-LE25;SERVICIO DE CLORACION ESTANQUE DE AGUA C.P.F.;DIRECCION GENERAL DE GENDARMERIA DE CHIL;61.979.020-0;Región de Arica y Parinacota;Rafael Sotomayor N798;Arica;Región de Arica y Parinacota;LE;Publicada;SERVICIO DE MANTENCION, OPERACION Y FUNCIONALIDAD DE SISTEMA DE CLORACION ESTANQUE DE AGUA POTABLE DEL CENTRO PENITENCIARIO FEMENINO DE ARICA Y PARINACOTA.;2025-04-08T16:59:35.87;2025-04-23T16:00:00;2025-06-02T18:00:00;;CLP;0;0
3959-13-L125;VESTUARIO INSTITUCIONAL AÑO 2025;I MUNICIPALIDAD DE NAVIDAD;69.073.800-7;Unidad de Salud;PLAZA GENERAL BONILLA N 24;Navidad;Región del Libertador General Bernardo OHiggins;L1;Publicada;VESTUARIO INSTITUCIONAL AÑO 2025;2025-04-08T16:52:02.153;2025-04-14T19:50:00;2025-04-25T19:50:00;6830599;CLP;0;0
608-202-LR24;MVE FORMULARIOS;HOSPITAL DR GUSTAVO FRICKE DE VINA DEL MAR;61.606.602-1;Hospital Dr. Gustavo Fricke;Alvarez 1532;Viña del Mar;Región de Valparaíso;LR;Publicada;FORMULARIOS;2025-04-08T16:47:40.3;2025-05-12T15:01:00;2025-07-17T19:56:00;;CLP;0;0
3517-2-LE25;SUMINISTRO TRASLADOS PROG. REPARACIÓN LOF DIDAICO;MUNICIPALIDAD DE TRAIGUEN;69.180.700-2;SALUD;Saavedra S/N, lado edificio municipal de Basilio Urrutia;Traiguén;Región de la Araucanía;LE;Publicada;La necesidad de contratar el suministro de traslado de usuarios a consultas médicas de especialidad y exámenes, el traslado del equipo multidisciplinario del Programa Reparación DDHH Lof Didaico, búsqueda e lawen y asistencia a ceremonias ancestrales propias de la Cultura Mapuche, que es dependiente del Departamento de Salud Municipal, para el año 2025.;2025-04-08T16:58:52.43;2025-04-22T17:30:00;2025-04-25T17:30:00;;CLP;0;0
3693-79-LE25;AUDITORÍA FORENSE A LA EJECUCIÓN PRESUPUESTARIA;I MUNICIPALIDAD DE EL QUISCO;69.061.700-5;Departamento SECPLA;Avenida Francia 011;El Quisco;Región de Valparaíso;LE;Publicada;AUDITORÍA FORENSE A LA EJECUCIÓN PRESUPUESTARIA, ESTADO DE SITUACIÓN FINANCIERA Y PROCESOS DE LA I. MUNICIPALIDAD DE EL QUISCO, ÁREA MUNICIPAL, SALUD Y EDUCACIÓN, PERIODO 2021-2024;2025-04-08T16:59:12.507;2025-04-21T15:01:00;2025-05-16T16:37:00;;CLP;0;0
2626-15-LE25;MATERIALES PARA MEJORAMIENTO PUENTE GRANALLAS;I MUNICIPALIDAD DE PUTAENDO;69.050.700-5;OFICINA DE ADQUISICIONES;ARTURO PRAT 1;Putaendo;Región de Valparaíso;LE;Publicada;Que, la Municipalidad de Putaendo requiere adquirir materiales para mejoramiento de Puente Granallas;2025-04-08T16:58:40.92;2025-04-21T15:01:00;2025-05-19T15:10:00;11800000;CLP;0;0
426-1-L125;Suministro de Oxigeno Medico año 2025 para Hospital de Petorca;HOSPITAL DE PETORCA;61.606.612-9;H_Petorca;MANUEL MONTT 860, PETORCA V REGION;Andacollo;Región de Coquimbo;L1;Publicada;Suministro de Oxigeno Medico año 2025 para Hospital de Petorca;2025-04-08T16:35:24.907;2025-04-15T16:00:00;2025-04-17T17:00:00;6800000;CLP;0;0
1057503-40-LQ25;Contratación de Servicio de Personal de Apoyo para Dirección y otras Unidades del Hospital Padre Alberto Hurtado;HOSPITAL PADRE ALBERTO HURTADO;61.958.500-3;Bienes y Servicios;ESPERANZA 2150;San Ramón;Región Metropolitana de Santiago;LQ;Publicada;El objetivo de la presente licitación es proveer la Contratación de Servicio de Personal de Apoyo para Dirección y otras Unidades del Hospital Padre Alberto Hurtado, que cumplan con las exigencias precisadas en las Bases Administrativas y Técnicas de la Propuesta.;2025-04-08T16:31:08.287;2025-04-21T17:00:00;2025-05-22T17:00:00;240000000;CLP;0;0
2274-13-L125;SERVICIO DE MONITORIZACION PRESION ARTERIAL 5-S 2025;I MUNICIPALIDAD DE LA PINTANA;69.253.800-5;DEPARTAMENTO ADQUISICIONES SALUD;baldomero lillo 1871;La Pintana;Región Metropolitana de Santiago;L1;Publicada;CESFAM COMUNA DE LA PINTANA;2025-04-08T16:33:29.49;2025-04-15T15:05:00;2025-07-14T14:09:00;6700000;CLP;0;0
1180703-6-LE25;ADQUISICIÓN DE INSTRUMENTAL MÉDICO PARA PROYECTO DE CONSTRUCCIÓN DEL CENTRO DE SALUD AMBIENTAL OT 283 CÓDIGO BIP 30400725-0;SERVICIO DE SALUD DE ARICA Y PARINACOTA;61.606.000-7;Compras Convenio GORE Arica y Parinacota;Arturo Prat 305;Arica;Región de Arica y Parinacota;LE;Publicada;La presente adquisición se realiza en virtud del convenio mandato suscrito entre el Servicio de Salud Arica y Parinacota y el Gobierno Regional de Arica y Parinacota aprobado por la Resolución Exenta N 3298, de fecha 15 de Noviembre del 2021, modificado por Resolución Exenta N338, de fecha 29 de Enero del 2025, ambos del Gobierno Regional de Arica y Parinacota, en el cual se asigna al Servicio el siguiente presupuesto que se menciona a continuación para la adquisición de equipamiento financiados a través del presupuesto del Gobierno Regional año 2025 Construcción Centro de Salud Ambiental, Comuna de Arica, código BIP 30400725-0;2025-04-08T16:41:58.03;2025-04-21T15:30:00;2025-05-19T18:00:00;35978800;CLP;0;0
3945-12-LE25;ADQUISICIÓN PRODUCTOS FARMACEUTICOS MATERIALES Y ÚTILES QUIRURGICOS PROGRAMA TENENCIA RESPONSABLE DE MASCOTAS MUNICIPALIDAD DE LOS ÁLAMOS.;I MUNICIPALIDAD DE LOS ALAMOS DEPTO COMUNAL;69.160.400-4;Administración y Finanzas;Libertad N300;Los Alamos;Región del Biobío;LE;Publicada;La necesidad de adquirir productos farmacéuticos, materiales y útiles quirúrgicos, destinados a apoyar las atenciones médicas veterinarias a los usuarios del Programa Tenencia Responsable de Mascotas de la municipalidad de Los Álamos, conforme a Bases Administrativas y anexos adjuntos;2025-04-08T16:40:18.59;2025-04-14T15:01:00;2025-04-17T17:00:00;7000000;CLP;0;0
4193-21-LE25;SUMINISTRO GASAS Y OTROS UNIDAD DE ESTERILIZACIÓN;I MUNICIPALIDAD DE CALDERA;69.030.300-0;Departamento de Salud;Canal Beagle S/N Cesfam Caldera;Caldera;Región de Atacama;LE;Publicada;Abastecer con gasas y otros insumos la unidad de esterilización de CESFAM Rosario Corvalán de Caldera.;2025-04-08T16:29:33.013;2025-04-15T19:00:00;2025-04-30T17:00:00;;CLP;0;0
3287-18-LE25;Equipamiento de vivienda Programa Habitabilidad.;I MUNICIPALIDAD DE LICANTEN;69.100.500-3;Departamento de Finanzas;Juan E. Montero 25;Licantén;Región del Maule;LE;Publicada;la necesidad de adquirir equipamiento para beneficiarios del Programa Habitabilidad;2025-04-08T16:18:00.173;2025-04-21T15:01:00;2025-04-23T17:30:00;16450000;CLP;0;0
2295-54-LE25;ADQUISICIÓN INSUMOS PODOLÓGICOS Y KINESIOLÓGICOS PARA PROGRAMAS DEPENDIENTES DE LA DIDECO;I MUNICIPALIDAD DE TALCA;69.110.400-1;SECRETARIA COMUNAL DE PLANIFICACION;Edificio Don Ambrosio N1247, 2 Oriente Talca;Talca;Región del Maule;LE;Publicada;ADQUISICIÓN INSUMOS PODOLÓGICOS Y KINESIOLÓGICOS PARA PROGRAMAS DEPENDIENTES DE LA DIDECO;2025-04-08T16:28:42.447;2025-04-22T11:00:00;2025-06-21T18:00:00;26000000;CLP;0;0
4511-16-LE25;PLAN NACIONAL DE ESTERILIZACIONES RESPONSABILIDAD COMPARTIDA 2023 COMUNA DE RETIRO;ILUSTRE MUNICIPALIDAD DE RETIRO;69.130.800-6;Secpla;Av. Errázuriz N 240 Retiro;Retiro;Región del Maule;LE;Publicada;Se refiere a la ejecución de un plan de atención veterinaria canina o felina, machos y hembras, principalmente de esterilización de una población de 450 animales de compañía (250 perros y 200 gatos). El área de intervención del proyecto serán las localidades urbanas y rurales de la comuna de Retiro, tales como, Retiro urbano, Copihue, Camelias, Los Robles, El Lucero, Romeral, Santa Delfina y Santa Adriana. Se considera la implementación de 450 chip, 1 lector de chip y 1 pistola lectora código de barra láser, equipamiento, insumos, servicios profesionales y difusión. La intervención tiene calidad itinerante.;2025-04-08T16:23:31.69;2025-04-21T15:01:00;2025-05-22T18:00:00;12750000;CLP;0;0
699-2-L125;CONTRATO DE SUMINISTRO POR EL SERVICIO DE MANTENCION PREVENTIVA Y CORRECTIVA DEL VEHICULO FISCAL DEL INE DIRECCION REGIONAL DE TARAPACA POR UN PERIODO DE 24 MESES (SEGUNDO LLAMADO);INSTITUTO NACIONAL DE ESTADISTICAS;60.703.000-6;INE - I REGION;Serrano 389 OF. 1101, Iquique;Iquique;Región de Tarapacá;L1;Publicada;El presente documento establece los requisitos administrativos y técnicos para la contratación del servicio de mantención preventiva y correctiva del vehículo fiscal del Instituto Nacional de Estadísticas Dirección Regional de Tarapacá, con el objetivo de garantizar su operatividad, prolongar su vida útil y minimizar tiempos de inactividad.;2025-04-08T16:19:37.04;2025-04-14T15:00:00;2025-04-24T18:00:00;5000000;CLP;0;0
847-18-LE25;CHEE_Mantención yo Reparación Aire Acondicionado Jardines Infantiles_SC 57473;JUNTA NACIONAL DE JARDINES INFANTILES;70.072.600-2;Junji - V Región;Calle ALVAREZ 646, TERCER PISO, EDIFICIO ALCAZAR;Viña del Mar;Región de Valparaíso;LE;Publicada;La Subdirección de Cobertura y Habilitación de Espacios Educativos de la Junta Nacional de Jardines Infantiles, solicita la ADQUISICIÓN DEL SERVICIO DE MANTENCION Y REPARACION DE SISTEMAS DE AIRE ACONDICIONADO DE JARDINES INFANTILES, para La Junta Nacional de Jardines Infantiles.;2025-04-08T16:23:05.467;2025-04-21T18:00:00;2025-05-05T23:59:00;;CLP;0;0
626529-2-LE25;SERV. TRANSPORTE PROGRAMAS PRLAC Y DISCAPACIDAD;I MUNICIPALIDAD DE SAN PEDRO;69.073.100-2;DIDECO;Cristobal Colon 04 San Pedro Provincia Melipilla;San Pedro;Región Metropolitana de Santiago;LE;Publicada;CONTRATAR LOS SERVICIOS DE TRANSPORTE PARA LOS PROGRAMAS RED LOCAL DE APOYOS Y CUIDADOS (PRLAC) Y DISCAPACIDAD E INCLUSIÓN, SEGÚN LO ESTABLECIDO EN LAS BASES DE LICITACIÓN.;2025-04-08T16:19:19.337;2025-04-15T15:02:00;2025-04-25T17:30:00;19816977;CLP;0;0
734-16-LE25;SISTEMA DE VIDEOCONFERENCIA PARA NORMALIZACIÓN HO;SERVICIO DE SALUD AYSEN CARLOS IBANEZ DEL CAMPO;61.607.800-3;DIRECCION;Dr. Jorge Ibar N 0168. Coyhaique.;Coyhaique;Región Aysén del General Carlos Ibáñez del Campo;LE;Publicada;El Servicio de Salud Aysén, solicita ofertas de interesados en participar del proceso de adquisición de SISTEMA DE VIDEOCONFERENCIA PARA NORMALIZACIÓN HOSPITAL CHILE CHICO, XI REGIÓN. CÓDIGO BIP 30039513-0., de acuerdo a los requerimientos de las presentes Bases de Licitación, en conformidad a lo establecido en la Ley N19.886 sobre compras y contrataciones públicas y su reglamento. El objetivo de la presente licitación es adquirir Equipos clínicos para la ejecución del Proyecto Normalización Hospital Chile Chico, XI Región - Código BIP 30039513- 0.;2025-04-08T16:04:07.273;2025-04-29T19:00:00;2025-05-20T18:00:00;;CLP;0;0
3065-15-LE25;ADQUIRIR SERVICIO DE CALIBRACIÓN.;DIRECCION DE ABASTECIMIENTO DE LA ARMADA;61.102.012-0;COMANDANCIA AVIACION NAVAL;Camino Internacional s/n;Concón;Región de Valparaíso;LE;Publicada;ADQUIRIR SERVICIO DE CALIBRACIÓN PARA 9 EQUIPOS DE INSTRUMENTOS DE AVIACIÓN, VERIFICANDO SU CORRECTO FUNCIONAMIENTO Y CUMPLIMIENTO CON LA NORMA NCH-ISO 17025, QUE EXIGE LA ACREDITACIÓN DEL LABORATORIO DE CALIBRACIÓN, LA CALIBRACIÓN DE LOS EQUIPOS DEBE INCORPORARSU RESPECTIVO CERTIFICADO DE CALIBRACIÓN CORRESPONDIENTE.;2025-04-08T16:11:13.11;2025-04-21T15:01:00;2025-06-05T15:00:00;7221350;CLP;0;0
4142-1-LE25;SERVICIO MANTENCION Y REPARACION DE VEHICULOS;I MUNICIPALIDAD DE PALMILLA;69.091.000-4;Salud;Anibal Pinto S/N;Palmilla;Región del Libertador General Bernardo OHiggins;LE;Publicada;La I. Municipalidad de Palmilla, a través de su Departamento de Salud Municipal en adelante DSM, invita a los oferentes relacionados con el rubro TALLER DE MANTENCION Y REPARACIÓN DE VEHICULOS,;2025-04-08T16:02:47.09;2025-04-21T18:47:00;2025-04-30T18:48:00;;CLP;0;0
705290-18-LR25;ENFERMERIA Y AUXILIARES PARA CAMAS INDIFERENCIADAS;SERVICIO SALUD OCCIDENTE HOSPITAL DR FELIX BULNES CERDA;61.608.205-1;PRESTACIÓN DE SERVICIOS;;;Región Metropolitana de Santiago;LR;Publicada;Las presentes Bases constituyen el instrumento guía destinado a celebrar un CONTRATO DE PRESTACIÓN DE SERVICIOS DE ENFERMERIA Y AUXILIARES PARA CAMAS INDIFERENCIADAS, AGUDAS, CRITICAS, PSIQUIATRICAS, QUIRURGICAS Y DE URGENCIA ADULTO DEL HOSPITAL DR. FÉLIX BULNES CERDA, en adelante Hospital, éstas, establecen los fines, condiciones y requisitos que deberán ser cumplidos por los oferentes, en todas y cada una de las partes que conformen su oferta, además de regular el todo el proceso licitatorio hasta la suscripción del correspondiente contrato.;2025-04-08T16:01:07.22;2025-05-08T16:10:00;2025-07-07T17:30:00;553129906;CLP;0;0
4891-8-LE25;SER.DISEÑO IMPLEMENTACION TECNOLOGIA CECREA;SUBSECRETARÍA DE LAS CULTURAS Y LAS ARTES;61.978.780-3;Consejo Regional de la Cultura y Las Artes R. Metropolitana;AHUMADA 48 PISO 4, SANTIAGO CENTRO;Santiago Centro;Región Metropolitana de Santiago;LE;Publicada;SERVICIO DE DISEÑO, PLANIFICACIÓN E IMPLEMENTACIÓN DE ACTIVIDADES PEDAGÓGICAS EN EL ÁREA DE LAS TECNOLOGÍAS, PARA LA PROGRAMACIÓN DEL AÑO 2025, DEL CENTRO DE CREACIÓN CECREA, DE LA SECRETARÍA REGIONAL MINISTERIAL DE LAS CULTURAS, LAS ARTES Y EL PATRIMONIO, REGIÓN METROPOLITANA.;2025-04-08T15:50:32.223;2025-04-21T16:00:00;2025-04-29T18:00:00;8000000;CLP;0;0
1057494-15-LQ25;MANTENCION DE EQUIPOS MARCA TOSHIBA SIEMENS Y SG;SERVICIO DE SALUD SUR HOSPITAL EXEQUIEL;61.608.102-0;Bienes y Servicios;Gran Avenida Jose Miguel Carrera N3300;San Miguel;Región Metropolitana de Santiago;LQ;Publicada;CONTRATACIÓN DEL SERVICIO DE MANTENCION INTEGRAL DE EQUIPOS MARCA TOSHIBA, SIEMENS Y SG HEALTHCARE, PARA EL HOSPITAL DR. EXEQUIEL GONZÁLEZ CORTÉS.;2025-04-08T16:03:08.55;2025-04-28T16:00:00;2025-06-09T16:00:00;;CLP;0;0
2295-53-LE25;ADQUISICIÓN DE AYUDAS TÉCNICAS PARA LA OFICINA DE LA DISCAPACIDAD DEPENDIENTE DE LA DIRECCIÓN DE DESARROLLO COMUNITARIO;I MUNICIPALIDAD DE TALCA;69.110.400-1;SECRETARIA COMUNAL DE PLANIFICACION;Edificio Don Ambrosio N1247, 2 Oriente Talca;Talca;Región del Maule;LE;Publicada;ADQUISICIÓN DE AYUDAS TÉCNICAS PARA LA OFICINA DE LA DISCAPACIDAD DEPENDIENTE DE LA DIRECCIÓN DE DESARROLLO COMUNITARIO;2025-04-08T15:44:45.2;2025-04-21T15:30:00;2025-05-21T15:32:00;32000000;CLP;0;0
2401-53-LE25;SUM. DE JUEGOS MOBILIARIO URBANO Y OTRO RECUP. BN;I MUNICIPALIDAD DE RANCAGUA;69.080.100-0;SECCION ADQUISICIONES;REPÚBLICA DE CHILE No. 592, EDIF. TOMAS GUAGLEN,;Rancagua;Región del Libertador General Bernardo OHiggins;LE;Publicada;La Ilustre Municipalidad de Rancagua, convoca a licitación pública para el SUMINISTRO DE JUEGOS, MOBILIARIO URBANO Y OTROS PARA RECUPERACIÓN DE BNUP 2025, la que se desarrollará de acuerdo a las presentes Bases Administrativas y Especificaciones Técnicas, respuesta a las consultas yo aclaraciones en caso de haberlas, junto a los demás antecedentes que la conforman.;2025-04-08T15:45:13.587;2025-04-21T16:30:00;2025-05-13T17:30:00;60000000;CLP;0;0
812261-16-LR25;SERVICIO DE ERCP Y APOYO TÉCNICO PARA ENDOSCOPÍA;HOSPITAL CLINICO METROPOLITANO DE LA FLORIDA DOCTORA ELOISA DIAZ;65.075.485-9;convenios , operaciones , informatica;FROILAN ROA 6542;La Florida;Región Metropolitana de Santiago;LR;Publicada;Las presentes bases de licitación son formuladas para establecer la regulación del proceso de adquisición de SERVICIO DE ERCP Y APOYO TÉCNICO PARA ENDOSCOPÍA DE LLAMADO PARA EL HOSPITAL LA FLORIDA, y reglamentan entre otros aspectos las condiciones que deben cumplir las ofertas, las etapas del proceso licitatorio, su forma de evaluación y adjudicación, las condiciones del contrato, y todos los aspectos necesarios para el correcto proceso de adquisición. Cabe hacer presente que el servicio asociado a esta adquisición debe ajustarse a las especificaciones de estas bases. No podrá el proveedor ofertar servicios distintos a los establecidos en estas bases de licitación ni complementos o extras no contemplados en los requerimientos técnicos, todo extra ofertado, no será considerado en la evaluación. Con todo, sin perjuicio de lo anterior, cualquier extra ofertado, no requerido por él Hospital, y que no pueda ser separado técnica o económicamente del Bien a adquirir, se entenderá, que no cumple con lo solicitado y dará causal para ser declarada inadmisible la oferta. Tampoco podrá el proveedor presentar dos insumos alternativos en una misma oferta, a menos que lo haga de forma separada en ofertas principal y alternativa, todo, conforme a bases, de lo contrario, la oferta será declarada inadmisible. Así también, si en un proceso se presentan ofertas simultáneas respecto de un mismo bien o servicio o item licitado por parte de empresas pertenecientes a un mismo grupo empresarial o relacionadas entre sí, según dispone el artículo 9 de la Ley de Compras, el Hospital considerará para efectos de la evaluación de la licitación pública o item ofertado, solo la oferta más conveniente de los respectivos proveedores del mismo grupo empresarial o relacionadas entre sí, según los criterios de evaluación establecidos en bases.;2025-04-08T15:33:25.697;2025-05-08T16:00:00;2025-06-13T17:30:00;358200000;CLP;0;0
953-6-LE25;Serv. Mantención Habilitación Sist. eléctrico CFAN;DELEGACIÓN PRESIDENCIAL REGIONAL DE COQUIMBO;60.511.040-1;Ministerio del Interior - Delegación Reg Coquimbo;Arturo Prat N 350;La Serena;Región de Coquimbo;LE;Publicada;Servicio de mantención y habilitación permanente de los sistemas de generación y distribución eléctrica del Complejo Fronterizo Agua Negra.;2025-04-08T15:18:47.573;2025-04-16T15:30:00;2025-04-25T16:00:00;;CLP;0;0
3047-13-LE25;PANTALONES BLANCOS PARA GRUMETES;DIRECCION DE ABASTECIMIENTO DE LA ARMADA;61.930.100-5;ACADEMIA POLITECNICA NAVAL;;;Región de Valparaíso;LE;Publicada;PANTALONES BLANCOS PARA GRUMETES DE LA ACADEMIA POLITÉCNICA NAVAL;2025-04-08T15:28:00.063;2025-04-15T15:00:00;2025-05-15T16:38:00;22560853;CLP;0;0
2708-7-L125;ADQUISICION DE FORMULARIOS PARA LICENCIAS DE CONDUCIR;MUNICIPALIDAD DE OVALLE;69.040.700-0;Municipalidad de Ovalle - imoadq;ARIZTIA PONIENTE N7 OVALLE;Ovalle;Región de Coquimbo;L1;Publicada;ORDEN INTERNA N7341 UNIDAD TESORERIA ADQUISICION DE FORMULARIOS PARA LICENCIAS DE CONDUCIR , SEGUN TERMINOS DE REFERENCIA ADJUNTOS DECRETO PUBLICACIÓN N 1272;2025-04-08T15:42:23.76;2025-04-14T15:11:00;2025-04-30T17:11:00;6000000;CLP;0;0
2030-2-LE25;Servicios de cafetería año 2025;SUBSECRETARIA DEL MINISTERIO DE EDUCACION PUBLICA;60.902.052-0;Departamento Provincial Limari;Miguel Aguirre N651, Ovalle;Ovalle;Región de Coquimbo;LE;Publicada;El Departamento Provincial de Educación Limarí requiere contratar Servicio de cafetería para sus actividades 2025, para cualquier de las 5 comunas de la Provincia del Limarí de acuerdo con solicitudes emergentes y términos de referencia adjunto. Se hará envío de órdenes de compra de acuerdo con las solicitudes. El presupuesto señalado es un estimado empírico, y no es vinculante al gasto anual.;2025-04-08T15:12:53.533;2025-04-15T16:01:00;2025-04-17T18:00:00;8000000;CLP;0;0
761391-75-LE25;EE36EDUCVOSERV. REPARACIÓN CIRCUITO REFRIGERACIÓN CAMARAS DE CONSERVACION CASINO ALUMNOS;FUERZA AEREA DE CHILE COMANDO LOGISTICO;61.103.032-0;Base Aérea El Bosque;Gran Av. José Miguel Carrera N 10.525 Par. 32 1/2, El Bosque, Región Metropolitana de Santiago;El Bosque;Región Metropolitana de Santiago;LE;Publicada;SERV. REPARACIÓN CIRCUITO REFRIGERACIÓN CAMARAS DE CONSERVACION DEL CASINO ALUMNOS DE LA ESCUELA DE ESPECIALIDADES, DE ACUERDO A BASES ADM., BASES TÉCNICAS, ANEXOS Y VISITA A TERRENO OBLIGATORIA.-;2025-04-08T15:23:53.707;2025-04-14T15:00:00;2025-05-30T20:00:00;7235200;CLP;0;0
4132-4-LE25;ADQUISICIÓN DE 157 KIT DE VESTUARIO DEPORTIVO;DIRECCION DE LOGISTICA DE CARABINEROS;61.979.300-5;Escuela de Formación Carabineros Grupo Ancud;Portales 440;Ancud;Región de los Lagos;LE;Publicada;La presente compra, tiene como finalidad que los Carabinero Alumnos cuenten con los elementos de vestuario que le permitan ser parte de las distintas actividades académicas propias del proceso de formación inicial como Carabinero Alumno, considerando un vestuario cómodo, de buena calidad y propicio para su uso bajo condiciones climáticas adversas, con frecuentes y constantes lluvias, y humedad durante el desarrollo del año.;2025-04-08T15:15:29.387;2025-04-14T15:00:00;2025-04-22T19:55:00;20352000;CLP;0;0
1658-148-L125;S2-25/ RURAL/PRODER/ CURSO DE CAPACITACIÓNEN PRODUCCIÓN Y MANEJO FITOSANITARIO DE HORTALIZAS, SEGÚN ESPECIFICACIONES TÉCNICAS ADJUNTAS;I MUNICIPALIDAD DE TEMUCO;69.190.700-7;I MUNICIPALIDAD DE TEMUCO;CALLE IMPERIAL 40;Temuco;Región de la Araucanía;L1;Publicada;CURSO DE CAPACITACIÓNEN PRODUCCIÓN Y MANEJO FITOSANITARIO DE HORTALIZAS, SEGÚN ESPECIFICACIONES TÉCNICAS ADJUNTAS;2025-04-08T14:47:08.533;2025-04-16T17:00:00;2025-05-02T17:00:00;4800000;CLP;0;0
3810-34-LE25;ADQUISICIÓN DE TRAJES DE SURF PARA ESC. MUNICIPAL;ILUSTRE MUNICIPALIDAD DE PICHILEMU;69.091.200-7;Ilustre Municipalidad de Pichilemu;Ángel Gaete N365;Pichilemu;Región del Libertador General Bernardo OHiggins;LE;Publicada;ADQUISICIÓN DE TRAJES DE SURF PARA ESCUELA MUNICIPAL DE SURF 2025;2025-04-08T14:49:00;2025-04-21T15:21:00;2025-04-29T13:22:00;;CLP;0;0
734-13-LE25;GRUPO 15: EQUIPAMIENTO DE MEDICINA FISICA Y REHABI;SERVICIO DE SALUD AYSEN CARLOS IBANEZ DEL CAMPO;61.607.800-3;DIRECCION;Dr. Jorge Ibar N 0168. Coyhaique.;Coyhaique;Región Aysén del General Carlos Ibáñez del Campo;LE;Publicada;El Servicio de Salud Aysén, solicita ofertas de interesados en participar del proceso de adquisición de GRUPO 15: EQUIPAMIENTO DE MEDICINA FISICA Y REHABILITACION PARA NORMALIZACIÓN HOSPITAL CHILE CHICO, XI REGIÓN. CÓDIGO BIP 30039513-0., de acuerdo a los requerimientos de las presentes Bases de Licitación, en conformidad a lo establecido en la Ley N19.886 sobre compras y contrataciones públicas y su reglamento;2025-04-08T14:49:24.657;2025-04-21T18:00:00;2025-05-08T18:00:00;;CLP;0;0
1057544-106-LR25;Compra de Insumos en Consignación para Hemodinamia;SERVICIO DE SALUD DE TALCAHUANO HOSPITAL;61.607.202-1;Bienes y Servicios;Alto Horno 777 - Higueras;Talcahuano;Región del Biobío;LR;Publicada;Comprar y contar para su gestión de insumos clínicos en consignación en forma permanente para procedimientos cardiológicos a pacientes beneficiarios de la Unidad de Medicina Cardiovascular Integrada (Hemodinamia), con el objeto de cumplir y satisfacer debidamente la demanda asistencial que legalmente le ha sido encomendada al Hospital Las Higueras;2025-04-08T14:23:33.28;2025-05-08T15:00:00;2025-06-09T17:00:00;580000000;CLP;0;0
1030-12-L125;CARPA PARA TOLVA SALERA;MINISTERIO DE OBRAS PUBLICAS DIREC CION GRAL DE OO PP DCYF;61.202.000-0;Dirección de Vialidad - XII Región - Provincia U. Esperanza;Señoret 146;Puerto Natales;Región de Magallanes y de la Antártica;L1;Publicada;Carpa para tolva salera del camión internacional de la dirección de Vialidad de Puerto Natales. SE ADJUNTA FOTOS DE LA CARPA SOLICITADA;2025-04-08T14:49:21.74;2025-04-14T15:37:00;2025-04-16T15:37:00;2600000;CLP;0;0
1274285-12-LE25;Servicio Endoscopía digestiva alta;CORPORACION MUNICIPAL DE EDUCACION Y SALUD DE SAN BERNARDO;70.925.500-2;SALUD;AVENIDA MAIPÚ 440;San Bernardo;Región Metropolitana de Santiago;LE;Publicada;Servicio Endoscopía digestiva alta para usuarios de los centros de salud pertenecientes a la Corporación Municipal de Educación y Salud de San Bernardo;2025-04-08T13:54:05.08;2025-04-16T17:00:00;2025-04-25T16:00:00;;CLP;0;0
1106-11-LE25;Servicio de Arriendo de 02 Tractores Desbrozadores;MINISTERIO DE OBRAS PUBLICAS DIREC CION GRAL DE OO PP DCYF;61.202.000-0;Dirección de Vialidad - RM - Dirección Regional;Bombero Salas 1351 piso 1;Santiago Centro;Región Metropolitana de Santiago;LE;Publicada;Servicio de Arriendo de Dos 02 Tractores Desbrozadores para ser usados en operaciones que se ejecutan en la Red Vial de Caminos de Conservación y Administración Directa, de la Dirección de Vialidad Región Metropolitana, por un periodo de 35 días hábiles cada uno, por un periodo de cuatro 04 meses, conforme a los requerimientos administrativos y técnicos descritos en las presentes Bases de Licitación.;2025-04-08T13:41:54.11;2025-04-14T20:00:00;2025-05-05T20:00:00;;CLP;0;0
3693-78-LE25;IMPLEMENTACIÓN DEPORTIVA UNIDAD DE DEPORTES;I MUNICIPALIDAD DE EL QUISCO;69.061.700-5;Departamento SECPLA;Avenida Francia 011;El Quisco;Región de Valparaíso;LE;Publicada;IMPLEMENTACIÓN DEPORTIVA UNIDAD DE DEPORTES;2025-04-08T13:40:27.08;2025-04-21T16:00:00;2025-05-15T17:42:00;;CLP;0;0
4858-36-LE25;CONTRATO DE SUMINISTROS INSUMOS AGRICOLA;I MUNICIPALIDAD DE TIRUA;69.160.700-3;Finanzas;Avenida Costanera 080, Tirua;Tirúa;Región del Biobío;LE;Publicada;CONTRATO DE SUMINISTROS PARA LA ADQUISICIÓN DE INSUMOS AGRICOLA AÑO 2025, DESTINADOS A CUBRIR LAS NECESIDAD DEL PROGRAMA DE DESARROLLO TERRITORIAL INDÍGENA.;2025-04-08T13:22:29.5;2025-04-21T19:54:00;2025-04-28T19:55:00;;CLP;0;0
729-52-LE25;TUERCAS Y PERNOS VARIOS 7-12659 ECU;EMPRESA DE TRANSPORTE DE PASAJEROS METRO S A;61.219.000-3;Compras Técnicas;Av. Lib. Bernardo OHiggins 1414;Santiago;Región Metropolitana de Santiago;LE;Publicada;Se requieren ofertas que cumplan con las especificaciones técnicas solicitadas (Solo una oferta por proveedor), es de suma importancia adjuntar fichas técnicas, formulario PEP firmado, declaración de vínculos firmado e indicar plazo de entrega en días hábiles bancarios. Se recuerda que la única Orden de Compra válida es la emitida por Metro S.A. La adjudicación será notificada por Gestor de Compras mediante correo electrónico. PARA LOS REPUESTOS QUE NO SE FABRIQUEN Y NO SE COMERCIALICEN EN EL MERCADO NACIONAL, SE ACEPTARAN COTIZACIONES EN OTRAS MONEDAS, EL TIPO DE CAMBIO PARA EFECTOS DE COMPARACION, CORRESPONDERÁ AL DIA DE LA APERTURA ECONOMICA. En el anexo B, se deben completar los siguientes formularios: 4, 5,7 y 8.;2025-04-08T13:32:23.05;2025-04-22T13:18:00;2025-05-28T13:19:00;;CLP;0;0
1202333-33-LE25;MANTENCIÓN CHIPEADORA;I MUNICIPALIDAD DE QUINTERO;69.060.700-K;LICITACIONES;NORMANDIE 1916 QUINTERO;Quintero;Región de Valparaíso;LE;Publicada;MANTENCION CHIPEADORA;2025-04-08T13:22:55.973;2025-04-14T15:00:00;2025-04-16T19:00:00;;CLP;0;0
3291-1-LQ25;CLUB SOCIAL PDI - NORMALIZACION ELECTRICA;POLICIA DE INVESTIGACIONES DE CHILE;60.506.000-5;JEFATURA NACIONAL DE BIENESTAR Y CALIDAD DE VIDA;Av. Libertador OHiggins N 1449 Torre 7;Santiago;Región Metropolitana de Santiago;LQ;Publicada;Normalización Eléctrica Club Social PDI.;2025-04-08T13:04:36.76;2025-04-28T15:00:00;2025-05-19T15:30:00;150000000;CLP;0;0
3882-26-LE25;CONSTRUCCIÓN MURO DE CONTENCION SECTOR ORIENTE CEMENTERIO MUNICIPAL COMUNA DE LLAY LLAY;I MUNICIPALIDAD DE LLAY LLAY;69.060.400-0;Ilustre Municipalidad de Llay Llay;Avda. Balmaceda 174;Llay-Llay;Región de Valparaíso;LE;Publicada;Se requiere contratar empresa idonea para ejecutar obras de Construcción de muro de contención sector oriente, junto a los nuevos mausoleos, bóvedas, sepulturas familiares e individuales existentes en el sector oriente, con el objetivo de prevenir deslizamientos de tierra que podrían comprometer la estabilidad del terreno y la integridad de las modalidades de sepulturas., siguiendo como bases TTRR del presente proceso.;2025-04-08T13:04:50.033;2025-04-28T15:00:00;2025-05-08T17:00:00;;CLP;0;0
3659-3-L125;SERVICIO PRODUCCION DE EVENTO;ILUSTRE MUNICIPALIDAD DE CHILLAN VIEJO;69.266.500-7;Ilustre Municipalidad de Chillan Viejo;Ignacio Serrano N 300;Chillán Viejo;Región del Ñuble;L1;Publicada;SERVICIO PRODUCCION DE EVENTO CUENTA PUBLICA GESTION 2024 DE ACUERDO A TERMINOS DE REFERENCIA ADJUNTOS.;2025-04-08T13:00:37.103;2025-04-15T09:31:00;2025-07-07T14:03:00;;CLP;0;0
1070620-62-LP25;SOC BOLSAS DE SANGRE UMT;HOSPITAL DOCTOR ERNESTO TORRES GALDAMES;62.000.530-4;Hospital Dr. Ernesto Torres Galdames;Av. Héroes de la Concepción 502;Iquique;Región de Tarapacá;LP;Publicada;la necesidad u objetivo de la presente contratación se sustenta en un procedimiento médico de rutina en el cual el paciente recibe sangre donada por medio de un tubo estrecho colocado en una vena del brazo, con la finalidad de entregar una atención oportuna a pacientes considerando el aumento en atenciones y prestaciones ejecutadas actualmente.;2025-04-08T12:57:25.863;2025-04-22T15:00:00;2025-06-02T12:00:00;;CLP;0;0
2360-23-L125;ADQUISICIÓN DE INSUMOS PIE DIABÉTICO;I MUNICIPALIDAD DE TALCAHUANO;69.150.800-5;DISAM;BULNES N 266 TALCAHUANO CENTRO;Talcahuano;Región del Biobío;L1;Publicada;LA NECESIDAD DE CONTAR CON INSUMOS PARA PIE DIABÉTICO;2025-04-08T13:05:02.84;2025-04-15T10:00:00;2025-04-22T17:00:00;;CLP;0;0
5056-22-LP25;COMPRA DE SERVICIO CIRUGÍA ANEURISMA CEREBRAL ROTO;SERVICIO DE SALUD DEL MAULE HOSPITAL DE TALCA;61.606.901-2;Servicios;1 Norte N 1990;Talca;Región del Maule;LP;Publicada;El objetivo de la presente licitación es la Compra de servicios de equipo para realizar cirugías de aneurisma cerebral roto, fuera del horario laboral, a pacientes del Hospital Regional de Talca, con riesgo vital cuyo traslado implica posibilidad de desangramiento y que deben ser operados con urgencia post confirmación de diagnóstico, siempre y cuando se cuente con pabellón de urgencia, equipo médico y que las condiciones clínicas del paciente sean estables, de tal manera que permitan la cirugía.;2025-04-08T12:53:57.05;2025-04-21T15:01:00;2025-04-30T17:30:00;;CLP;0;0
1106-10-LE25;Servicio de Arriendo de Fresadora de Pavimento;MINISTERIO DE OBRAS PUBLICAS DIREC CION GRAL DE OO PP DCYF;61.202.000-0;Dirección de Vialidad - RM - Dirección Regional;Bombero Salas 1351 piso 1;Santiago Centro;Región Metropolitana de Santiago;LE;Publicada;La Dirección de Vialidad Región Metropolitana, solicita ofertas para la contratación del Servicio de Arriendo de Fresadora para ser utilizada en Caminos de las Provincias de Maipo, Chacabuco y Santiago para operaciones CAD, de la Dirección de Vialidad Región Metropolitana, por un periodo de 25 días hábiles, conforme a los requerimientos administrativos y técnicos descritos en las presentes Bases de Licitación;2025-04-08T12:38:34.253;2025-04-14T20:00:00;2025-05-05T20:00:00;;CLP;0;0
3680-5-LE25;INSTALACIÓN EMPALME TRIFÁSICO ESCUELA EL CORAZÓN;I MUNICIPALIDAD DE SAN ESTEBAN;69.051.400-1;Educacion;AVDA. 26 DE DICIEMBRE #654;San Esteban;Región de Valparaíso;LE;Publicada;La presente licitación tiene por objetivo la contratación del servicio de instalación de empalme trifásico, para Mejorar la estabilidad, eficiencia y seguridad del suministro eléctrico en Escuela El Corazón, con cargo a fondos de Aporte Municipal, según las siguientes especificaciones técnicas presentes en estas bases.;2025-04-08T12:52:50.79;2025-04-21T15:01:00;2025-04-28T10:05:00;;CLP;0;0
3747-2-LE25;ECOTOMOGRAFIAS ABDOMINALES Y MAMARIAS POR PID 2025;I MUNICIPALIDAD DE SAN IGNACIO;69.141.300-4;Salud;MANUEL JESUS ORTIZ 599;San Ignacio;Región del Ñuble;LE;Publicada;ECOTOMOGRAFIAS ABDOMINALES Y MAMARIAS POR PROGRAMA IMAGENES DIAGNOSTICAS AÑO 2025, PARA USUARIOS DE ESTABLECIMIENTOS DE SALUD.;2025-04-08T12:30:33.217;2025-04-21T15:30:00;2025-04-30T10:00:00;11987588;CLP;0;0
1904-4-LE25;MICROESFERAS DROP-ON TIPO III;MINISTERIO DE OBRAS PUBLICAS DIREC CION GRAL DE OO PP DCYF;61.202.000-0;Dirección de Vialidad - RM - Provincia de Santiago;Camino a Melipilla 9229;Santiago;Región Metropolitana de Santiago;LE;Publicada;Que se requiere la Adquisición de 500 sacos de Microesferas Drop-on III, para obras de Demarcación de Calzadas, en caminos de la red vial de tuición de la Dirección Regional de Vialidad.;2025-04-08T12:38:22.23;2025-04-15T18:30:00;2025-04-17T15:06:00;;CLP;0;0
2793-50-LQ25;SERVICIO DE MANTENCIÓN Y SERVICIOS EVENTUALES DEL;Municipalidad de Huechuraba;69.255.400-0;Municipalidad de Huechuraba;Premio Nóbel 5555;Huechuraba;Región Metropolitana de Santiago;LQ;Publicada;La presente Propuesta Pública requiere de la contratación del SERVICIO DE MANTENCIÓN Y SERVICIOS EVENTUALES DEL SISTEMA DE CONTROL DE TRÁNSITO Y MATERIAL SEMAFÓRICO DE LA COMUNA DE HUECHURABA, I.D.: 2793-50-LQ25, el cual consiste en mantener el sistema de control de tránsito y lograr la máxima eficiencia administrativa y operativa, con el objetivo de resguardar a los vecinos y usuarios del sistema de la comuna.;2025-04-08T12:42:59.503;2025-04-30T11:00:00;2025-07-30T22:00:00;;CLP;0;0
3602-3-LE25;Servicio vía suministro de Imágenes Diagnósticas Programa Resolutividad .;I MUNICIPALIDAD DE PAPUDO;69.050.300-K;Municipalidad de Papudo - Salud;Calle Chorrillos N 09;Papudo;Región de Valparaíso;LE;Publicada;En el marco de la Reforma de Salud, cuyos principios orientadores apuntan a la Equidad, Participación, Descentralización y Satisfacción de los Usuarios, de las prioridades programáticas, emanadas del Ministerio de Salud y de la modernización de la Atención Primaria e incorporando a la Atención Primaria como área y pilar relevante en el proceso de cambio a un nuevo modelo de atención, el Ministerio de Salud, a través del Servicio de Salud Viña del Mar Quillota conviene en asignar a la Municipalidad recursos destinados a financiar el Programa de Imágenes Diagnósticas en APS y Programa Resolutividad;2025-04-08T12:29:56.013;2025-04-22T15:30:00;2025-05-15T17:31:00;;CLP;0;0
5147-21-LP25;Servicios de Internet y telefonía satelital;ILUSTRE MUNICIPALIDAD DE TIMAUKEL;69.251.600-1;ILUSTRE MUNICIPALIDAD DE TIMAUKEL;Cameron S/N;Timaukel;Región de Magallanes y de la Antártica;LP;Publicada;Las presentes bases tienen por objeto establecer las normas administrativas y técnicas que regirán la presentación de las ofertas, la adjudicación, valores y los requerimientos técnicos para los servicios de internet y telefonía satelital para complejos de la Municipalidad de Timaukel ubicados en Villa Cameron y Pampa Guanaco.;2025-04-08T12:00:33.09;2025-04-28T20:00:00;2025-05-05T20:00:00;;CLP;0;0
1224953-5-LE25;SERV. DE MANT. Y O REP. CALDERAS CALEF. EST. SALUD;CORP MUNICIP ANCUD PARA LA EDUCAC SALUD;71.420.700-8;Unidad de Compras Públicas;Yerbas buenas 915;Ancud;Región de los Lagos;LE;Publicada;MANTENER EN BUEN ESTADO LAS CALDERAS DE LOS ESTABLECIMIENTOS DE SALUD, QUE PERMITAN UN OPTIMO FUNCIONAMIENTO EN LA ATENCION A LOS USUARIOS Y LA PRESTACION DE SERVICIO DE LOS FUNCIONARIOS.;2025-04-08T12:03:05.677;2025-04-16T18:00:00;2025-04-21T12:00:00;16000000;CLP;0;0
2713-47-LE25;CONVENIO DE SUMINISTRO DE LEÑA DE LENGA LARGA SECA;I MUNICIPALIDAD DE AYSEN;69.240.100-K;I.MUNICIPALIDAD AYSEN-ADQUISICIONES;Serrano Montaner 535;Aysén;Región Aysén del General Carlos Ibáñez del Campo;LE;Publicada;La Ilustre Municipalidad de Aysén llama a presentar ofertas para contratar un CONVENIO DE SUMINISTRO DE LEÑA DE LENGA, LARGA, SECA, por 500 metros cúbicos, la cual es necesaria para ayudas sociales en caso de emergencia, imprevisto, necesidad manifiesta , indigencia o pobreza, situación evaluada por la unidad asistencial de la Dirección de Desarrollo Comunitario.;2025-04-08T12:06:35.343;2025-04-21T15:30:00;2025-05-07T16:30:00;;CLP;0;0
1058095-56-LE25;REPOSICIÓN MEDICAMENTOS PARA 3 MESES 10;COMPLEJO ASISTENCIAL DR. SOTERO DEL RIO;61.608.502-6;Fármarcos;CONCHA Y TORO 3459;Puente Alto;Región Metropolitana de Santiago;LE;Publicada;COTIZAR: PRECIOS UNITARIOS NETOS, SOLO COTIZAR PRODUCTOS CON STOCK PARA DESPACHO INMEDIATO, Y CON VENCIMIENTO MAYOR A 12 MESES, INDICAR FACTOR EMPAQUE EN CADA LÍNEA COTIZADA E INDICAR EL NOMBRE DE LA MARCA OFERTADA.;2025-04-08T11:51:31.973;2025-04-14T15:01:00;2025-04-30T16:15:00;;CLP;0;0
2111-97-LE25;ADQUISICIÓN DE CARROS DE CURACIÓN;HOSPITAL DE URGENCIA ASISTENCIA PUBLICA DR ALEJANDRO DEL RIO;61.608.602-2;Hospital de Urgencia Asistencia Pública;Curico N345 Bodega Central;Santiago;Región Metropolitana de Santiago;LE;Publicada;La adquisición de carros de curación y esterilización para el Hospital de Urgencia Asistencia Pública.;2025-04-08T11:50:05.94;2025-04-15T15:01:00;2025-05-15T18:00:00;;CLP;0;0
1058095-59-LE25;REPOSICIÓN MEDICAMENTOS PARA 3 MESES 13;COMPLEJO ASISTENCIAL DR. SOTERO DEL RIO;61.608.502-6;Fármarcos;CONCHA Y TORO 3459;Puente Alto;Región Metropolitana de Santiago;LE;Publicada;COTIZAR: PRECIOS UNITARIOS NETOS, SOLO COTIZAR PRODUCTOS CON STOCK PARA DESPACHO INMEDIATO, Y CON VENCIMIENTO MAYOR A 12 MESES, INDICAR FACTOR EMPAQUE EN CADA LÍNEA COTIZADA E INDICAR EL NOMBRE DE LA MARCA OFERTADA.;2025-04-08T11:52:26.707;2025-04-14T15:01:00;2025-04-30T18:37:00;;CLP;0;0
1746-5-L125;CURSO DE CAPACITACIÓN EN HERRAMIENTAS BÁSICAS DE POWER BI PARA ANÁLISIS DE DATOS;SUBSECRETARIA DE SALUD PUBLICA;61.601.000-K;Seremi de Salud XI Región;CARRERA 257, 4TO. PISO;Coyhaique;Región Aysén del General Carlos Ibáñez del Campo;L1;Publicada;CURSO DE CAPACITACIÓN EN HERRAMIENTAS BÁSICAS DE POWER BI PARA ANÁLISIS DE DATOS PARA LOS FUNCIONARIOS DE LA SEREMI DE SALUD AYSÉN.;2025-04-08T11:53:38.403;2025-04-15T15:00:00;2025-04-17T18:00:00;2000000;CLP;0;0
1058095-58-LE25;REPOSICIÓN MEDICAMENTOS PARA 3 MESES 12;COMPLEJO ASISTENCIAL DR. SOTERO DEL RIO;61.608.502-6;Fármarcos;CONCHA Y TORO 3459;Puente Alto;Región Metropolitana de Santiago;LE;Publicada;COTIZAR: PRECIOS UNITARIOS NETOS, SOLO COTIZAR PRODUCTOS CON STOCK PARA DESPACHO INMEDIATO, Y CON VENCIMIENTO MAYOR A 12 MESES, INDICAR FACTOR EMPAQUE EN CADA LÍNEA COTIZADA E INDICAR EL NOMBRE DE LA MARCA OFERTADA.;2025-04-08T11:52:04.847;2025-04-14T15:01:00;2025-04-30T19:55:00;;CLP;0;0
1058095-49-LE25;REPOSICIÓN MEDICAMENTOS PARA 3 MESES 3;COMPLEJO ASISTENCIAL DR. SOTERO DEL RIO;61.608.502-6;Fármarcos;CONCHA Y TORO 3459;Puente Alto;Región Metropolitana de Santiago;LE;Publicada;COTIZAR: PRECIOS UNITARIOS NETOS, SOLO COTIZAR PRODUCTOS CON STOCK PARA DESPACHO INMEDIATO, Y CON VENCIMIENTO MAYOR A 12 MESES, INDICAR FACTOR EMPAQUE EN CADA LÍNEA COTIZADA E INDICAR EL NOMBRE DE LA MARCA OFERTADA.;2025-04-08T11:46:32.06;2025-04-14T15:07:00;2025-04-30T15:08:00;;CLP;0;0
1240098-6-LP25;CONVENIO DE MANTENCIÓN PREVENTIVA Y CORRECTIVA DE EQUIPOS DE ULTRASONIDO Y ANGIÓGRAFO RETINAL PARA EL HOSPITAL PROVINCIAL DE OVALLE;SERVICIO DE SALUD COQUIMBO HOSPITAL DE O;61.606.404-5;Servicios de Mantenciones;Avenida Manuel Peñafiel N1550 OVALLE;Ovalle;Región de Coquimbo;LP;Publicada;Conforme a la Ley de Compras Públicas N 19.886, su Reglamento y modificaciones, el Hospital Provincial de Ovalle llama a licitación pública a empresas o proveedores del rubro, personas naturales o jurídicas, chilenas o extranjeras, así como a Uniones Temporales de Proveedores, para celebrar CONVENIO DE MANTENCIÓN PREVENTIVA Y CORRECTIVA DE EQUIPOS DE ULTRASONIDO Y ANGIÓGRAFO RETINAL, para el Hospital Provincial de Ovalle, por un periodo de 24 (veinticuatro) meses, o hasta agotar el presupuesto referencial, para un oportuno y adecuado suministro de estos productos y así garantizar el correcto funcionamiento del establecimiento.;2025-04-08T11:33:50.11;2025-04-28T15:25:00;2025-06-09T19:47:00;;CLP;0;0
3968-29-LE25;MOVILIZACION CECI MUNDO MAGICO;I MUNICIPALIDAD DE HUALANE;69.100.600-K;Depto. Educacion Municipal;Avenida 11 De Septiembre s/n;Hualañé;Región del Maule;LE;Publicada;El Departamento de Educación Municipal de Hualañé necesita contratar el servicio de transporte para el traslado de Párvulos del Ceci Mundo mágico desde sus hogares hasta el establecimiento y viceversa, desde el 02 de mayo hasta el 31 de diciembre del 2025;2025-04-08T11:21:26.403;2025-04-16T15:00:00;2025-04-24T17:46:00;;CLP;0;0
1098710-13-LE25;DISEÑO IMPLEMENTACIÓN Y ADMINISTRACIÓN DE DATOS;SUBSECRETARIA DE CIENCIA, TECNOLOGIA, CONOCIMIENTO E INNOVACION;62.000.740-4;SUBSECRETARIA DE CIENCIA, TECNOLOGIA, CONOCIMIENTO E INNOVACION;Morandé 226;Santiago;Región Metropolitana de Santiago;LE;Publicada;DISEÑO E IMPLEMENTACIÓN DE GOBIERNO Y ADMINISTRACIÓN DE DATOS GAD;2025-04-08T11:33:25.59;2025-04-21T15:01:00;2025-05-06T18:00:00;30000000;CLP;0;0
729-51-LE25;REPUESTOS VARIOS 2-18955-18956 ECU;EMPRESA DE TRANSPORTE DE PASAJEROS METRO S A;61.219.000-3;Compras Técnicas;Av. Lib. Bernardo OHiggins 1414;Santiago;Región Metropolitana de Santiago;LE;Publicada;Se requieren ofertas que cumplan con las especificaciones técnicas solicitadas (Solo una oferta por proveedor), es de suma importancia adjuntar fichas técnicas, formulario PEP firmado, declaración de vínculos firmado e indicar plazo de entrega en días hábiles bancarios. Se recuerda que la única Orden de Compra válida es la emitida por Metro S.A. La adjudicación será notificada por Gestor de Compras mediante correo electrónico. PARA LOS REPUESTOS QUE NO SE FABRIQUEN Y NO SE COMERCIALICEN EN EL MERCADO NACIONAL, SE ACEPTARAN COTIZACIONES EN OTRAS MONEDAS, EL TIPO DE CAMBIO PARA EFECTOS DE COMPARACION, CORRESPONDERÁ AL DIA DE LA APERTURA ECONOMICA. En el anexo B, se deben completar los siguientes formularios: 4, 5,7 y 8.;2025-04-08T11:18:12.023;2025-04-22T12:15:00;2025-05-28T12:16:00;;CLP;0;0
5482-43-L125;ADQUISICIÓN DE SEIS MESAS DE AJEDREZ PARA LA COMUNA DE ÑUÑOA;I MUNICIPALIDAD DE NUNOA;69.070.500-1;SECPLANUNOA;POR DEFINIR DE ACUERDO A OBSERVACIONES;Ñuñoa;Región Metropolitana de Santiago;L1;Publicada;La I. Municipalidad de Ñuñoa requiere la adquisición de 6 mesas de ajedrez Tipo Atrio 1300 con asientos en base a hormigón con resistencia G30 certificada por laboratorios autorizados según la NCh170.;2025-04-08T11:00:49.337;2025-04-15T20:00:00;2025-04-17T20:00:00;2500000;CLP;0;0
5403-6-LE25;Asesoría y gestión del plan de comunicaciones CNA;COMISION NACIONAL DE ACREDITACION;61.978.810-9;COMISION NACIONAL DE ACREDITACION;Merced N 480, Piso 8;Santiago;Región Metropolitana de Santiago;LE;Publicada;La Comisión Nacional de Acreditación, en adelante la Comisión o CNA, es un organismo público autónomo, creado mediante la Ley N20.129, de 2006, cuya función es la evaluar, acreditar y promover la calidad de las Universidades, Institutos Profesionales y Centros de Formación Técnica autónomos y de las carreras y programas que ellos ofrecen. A su vez, el artículo 11 de la citada ley establece que la Comisión cuenta con una Secretaría Ejecutiva, cuya función es apoyar el desarrollo de los procesos que la ley encomienda a la CNA. Las presentes bases tienen por objetivo determinar y definir las condiciones generales que se deberán aplicar para la licitación, contratación y ejecución del Servicio de asesoría y gestión del plan de comunicaciones externas y difusión social de la Comisión Nacional de Acreditación. Asimismo, la CNA en su Plan Anual de Compras y Contrataciones para el año 2025, contempla la contratación del servicio antes descrito. II.- DEFINICIONES;2025-04-08T10:58:42.65;2025-04-21T16:00:00;2025-05-14T17:00:00;63000000;CLP;0;0
1350104-2-LE25;VERMICOMPOSTERAS PARA ESTABLECIMIENTOS EDUCACIONAL;ASOCIACIÓN DE MUNICIPALIDADES DE LA PROVINCIA DE LLANQUIHUE;65.084.447-5;ASOCIACIÓN DE MUNICIPALIDADES DE LA PROVINCIA DE LLANQUIHUE;5 Sur, Km 1012. Empalme La Laja;Puerto Varas;Región de los Lagos;LE;Publicada;Requiere contratar referido a la compra de 50 vermicomposteras de 2 módulos, de una capacidad mínima de 300 L. Deben ser vermicomposteras diseñadas para el sur de chile, que aseguran durabilidad y debe estar construida para evitar completamente el ingreso de roedores.;2025-04-08T10:51:48.483;2025-04-23T15:00:00;2025-04-25T12:00:00;;CLP;0;0
1887-2-LE25;SERVICIO DE ASEO PARA DEF. LOCAL DE PUERTO AYSEN;DEFENSORIA PENAL PUBLICA;61.941.900-6;Defensoría Regional de Aysén;Freire 274;Coyhaique;Región Aysén del General Carlos Ibáñez del Campo;LE;Publicada;El objeto de esta licitación pública es la contratación del SERVICIO DE ASEO PARA LA DEFENSORÍA LOCAL DE PUERTO AYSÉN en sus dependencias ubicadas en calle Ciro Arredondo sn, Rivera Sur, de la ciudad de Puerto Aysén, para otorgar las condiciones adecuadas a los funcionariosas y al público, mediante la provisión del correspondiente personal e implementos para las dependencias donde funcionan actualmente o puedan funcionar en el futuro, las oficinas de la Defensoría Local de Puerto Aysén.;2025-04-08T10:58:33.447;2025-04-21T15:01:00;2025-04-25T17:00:00;9720000;CLP;0;0
4768-20-LE25;Adquisición Instalación de Cámaras Teleprotección;I MUNICIPALIDAD DE LA ESTRELLA;69.091.400-K;D.A.F;Diego portales 619;La Estrella;Región del Libertador General Bernardo OHiggins;LE;Publicada;La Ilustre Municipalidad de La Estrella, llama a Licitación Publica por ADQUISICION E INSTALACION DE CAMARAS DE TELEPROTECCIÓN, para la ejecución del proyecto financiado por la Subsecretaria de Prevención del Delito.;2025-04-08T11:12:12.03;2025-04-21T15:01:00;2025-04-23T14:26:00;49960365;CLP;0;0
3085-19-LE25;CAMBIO DE TECHUMBRE A 4 VIVIENDAS FISCALES EN AVENIDA TELLEZ- ISLA QUIRIQUINA;DIRECCION DE ABASTECIMIENTO DE LA ARMADA;61.102.023-6;DEPTO. DE BIENESTAR SOCIAL (T);JORGE MONTT 126 BASE NAVAL;Talcahuano;Región del Biobío;LE;Publicada;CAMBIO DE TECHUMBRE A 4 VIVIENDAS FISCALES EN AVENIDA TELLEZ- ISLA QUIRIQUINA;2025-04-08T10:35:40.323;2025-04-21T15:43:00;2025-05-30T17:44:00;41954194;CLP;0;0
1627-17-LQ25;PRESTACIONES DE SERVICIOS PROFESIONALES MÉDICOS ES;SERVICIO DE SALUD HOSPITAL DE SAN FERNANDO;61.602.145-1;Hospital de San Fernando Abastecimiento;Negrete 1401;San Fernando;Región del Libertador General Bernardo OHiggins;LQ;Publicada;PRESTACIONES DE SERVICIOS PROFESIONALES MÉDICOS ESPECIALISTAS DE PEDIATRÍA PARA EJECUCIÓN DE HORAS MÉDICAS EN TURNOS DEL SERVICIO DE PEDIATRÍA, UTI PEDIÁTRICA Y EMERGENCIA PEDIÁTRICA DEL HOSPITAL DE SAN FERNANDO;2025-04-08T10:36:51.447;2025-04-21T15:27:00;2025-05-13T14:28:00;;CLP;0;0
948806-21-LE25;ADQUISICIÓN DE PRÓTESIS DE REEMPLAZO CORPORAL O VERTEBRAL EN MODALIDAD DE CONSIGNACIÓN EN TRÁNSITO POR SISTEMA DE SUMINISTRO PARA EL HOSPITAL DIPRECA;FONDO HOSPITAL DE LA DIRECCION DE PREVISION DE CARABINEROS DE CHILE;61.513.003-6;Unidad de Compra Insumos en Consignación;Av. Vital Apoquindo N1200;Las Condes;Región Metropolitana de Santiago;LE;Publicada;El Hospital de la Dirección de Previsión de Carabineros de Chile, ubicado en Vital Apoquindo N1.200, Comuna de las Condes, Región Metropolitana, en adelante EL HOSPITAL, llama a Licitación Pública para la Adquisición de Prótesis de Reemplazo Corporal o Vertebral en Modalidad de Consignación en Tránsito, por Sistema de Suministro, en adelante LOS INSUMOS, para un periodo de 36 meses o hasta que se consuma la totalidad del monto contratado, según lo que primero ocurra, para el referido Centro Asistencial, cuyas características y requisitos técnicos constan en las bases administrativas y técnicas de esta licitación con sus respectivos anexos.;2025-04-08T10:51:02.333;2025-04-21T16:00:00;2025-07-21T20:00:00;40000000;CLP;0;0
707422-2-LE25;ADQUISICIÓN DE INSUMOS DE ASEO;FUNDACION EDUCACIONAL PARA EL DESAROLLO INTEGRAL DE LA NIÑEZ;70.574.900-0;Regional Bio-Bio;Diagonal Pedro Aguirre Cerda N 1225;Concepción;Región del Biobío;LE;Publicada;Fundación Integra requiere la adquisición de insumos de aseo para jardines infantiles, salas cuna y oficina regional del Biobío, de conformidad a lo señalado en las presentes bases administrativas y a las especificaciones indicadas en las bases técnicas respectivas.;2025-04-08T10:52:30.077;2025-04-21T15:01:00;2025-05-05T17:30:00;65000000;CLP;0;0
619133-90-LP25;CONVENIO AUDÍFONOS PEDIÁTRICOS Y ADULTOS HOSCA;SERVICIO SALUD SAN FELIPE LOS ANDES HOSP;61.602.038-2;Hospital San Camilo de San Felipe;AVENIDA MIRAFLORES 2085;San Felipe;Región de Valparaíso;LP;Publicada;Las presentes Bases Administrativas rigen el llamado a licitación pública CONVENIO COMPRA AUDÍFONOS PEDIÁTRICOS Y ADULTOS CON CÁMARA SILENTE EN COMODATO HOSPITAL SAN CAMILO, ubicado en Av. Miraflores 2085 San Felipe, Quinta región, aplicando los procedimientos establecidos en la Ley de Compras N 19.886 de la Administración Pública.;2025-04-08T10:48:07.043;2025-04-28T17:33:00;2025-05-30T17:34:00;;CLP;0;0
3191-14-LE25;LE REAC INSUMOS CLINICOS Y REACTIVOS.;DIRECCION DE ABASTECIMIENTO DE LA ARMADA;61.102.017-1;HOSPITAL NAVAL ALMIRANTE NEF;SUBIDA ALESSANDRI S/N;Viña del Mar;Región de Valparaíso;LE;Publicada;SATISFACER LAS NECESIDADES DEL HOSPITAL NAVAL ALMTE NEF;2025-04-08T10:19:08.557;2025-04-14T15:00:00;2025-05-14T18:00:00;50000000;CLP;0;0
4322-6-LE25;CONSTRUCCIÓN NICHOS CEMENTERIO MUNICIPAL;I MUNICIPALIDAD DE PERQUENCO;69.190.300-1;Adquisiciones;Esmeralda 497;Perquenco;Región de la Araucanía;LE;Publicada;CONSTRUCCIÓN NICHOS CEMENTERIO MUNICIPAL;2025-04-08T10:08:58.9;2025-04-14T15:00:00;2025-04-30T17:30:00;;CLP;0;0
3757-2-LE25;CONV. SUM. SERV. REPARACION Y MANTENCION VEHICULOS;I MUNICIPALIDAD DE QUINCHAO;69.230.900-6;Departamento de Obras;Amunategui 18;Quinchao;Región de los Lagos;LE;Publicada;Convenio suministro para Servicio de Reparación y Mantención de Vehículos Municipales;2025-04-08T10:22:22.36;2025-04-17T09:00:00;2025-05-15T15:00:00;15000000;CLP;0;0
1350296-17-LQ25;ARRIENDO DE SOFTWARE DE GESTION DE CALIDAD ANALITICO Y SUMINISTRO DE CONTROLES DE CALIDAD INTERNO DE TERCERA OPINIÓN PARA EL LABORATORIO CLÍNICO DEL HOSPITAL ALTO HOSPICIO POR 36 MESES;HOSPITAL DE ALTO HOSPICIO;65.228.694-1;ABASTECIMIENTO HAH;Anibal Pinto 815;Iquique;Región de Tarapacá;LQ;Publicada;ARRIENDO DE SOFTWARE DE GESTION DE CALIDAD ANALITICO Y SUMINISTRO DE CONTROLES DE CALIDAD INTERNO DE TERCERA OPINIÓN PARA EL LABORATORIO CLÍNICO DEL HOSPITAL ALTO HOSPICIO POR 36 MESES;2025-04-08T10:15:44.47;2025-04-29T09:00:00;2025-08-27T22:00:00;;CLP;0;0
3573-16-LE25;ADQUISICIÓN DE TUBERÍAS CORRUGADAS HDPE;I MUNICIPALIDAD DE PANGUIPULLI;69.201.200-3;Secretaria Comunal de Planificación;BERNARDO O'HIGGINS 793;Panguipulli;Región de Los Ríos;LE;Publicada;ADQUISICIÓN DE TUBERÍAS CORRUGADAS HDPE, LAS QUE SERÁN UTILIZADAS PARA EL MEJORAMIENTO Y MANTENCIÓN DE DISTINTOS CAMINOS DE USO PUBLICO DE LA COMUNA DE PANGUIPULLI SEGÚN TTR;2025-04-08T09:51:33.307;2025-04-17T12:00:00;2025-04-24T15:00:00;14000000;CLP;0;0
1057489-142-LE25;Convenio de Suministro de Curetas de Desbridamiento por 48 meses para Hospital del Salvador;SERVICIO DE SALUD ORIENTE HOSPITAL DEL SALVADOR;61.608.406-2;Bienes y Servicios;AV SALVADOR 364;Providencia;Región Metropolitana de Santiago;LE;Publicada;Que, el Hospital del Salvador necesita contar con un Convenio de Suministro de Curetas de Desbridamiento por 48 meses para Hospital del Salvador con la finalidad de satisfacer de manera adecuada y eficiente la labor asistencial Que, por la cuantía determinada, la presente licitación se ubica en el tramo para aquellas contrataciones iguales o superiores a 100 UTM e inferiores a 1.000 UTM, en conformidad al Artículo 36 del Reglamento de la Ley N19.886 Que, hechas las consultas respectivas, la provisión de Convenio de Suministro de Curetas de Desbridamiento por 48 meses para Hospital del Salvador no se encuentra disponible por Convenio Marco ofrecidos en el Sistema de Información de la Dirección de Compras, www.mercadopublico.cl Que, esta compra está vinculada al proyecto 1057489-95-PC25, Insumos Clínicos, correspondiente al plan anual de compras del año 2025;2025-04-08T09:56:47.217;2025-04-21T15:30:00;2025-07-18T19:00:00;15000000;CLP;0;0
2328-28-LE25;Lic E24 Adquisicion uniforme Esc Las Camelias;I MUNICIPALIDAD DE PUERTO MONTT;69.220.100-0;Unidad de Adquisiciones Dirección de Educación;Avda. Presidente Ibañez N600 4TO PISO;Puerto Montt;Región de los Lagos;LE;Publicada;Adquisición de uniforme escolar, consistente en faldas y poleras para estudiantes de la Escuela Las Camelias;2025-04-08T09:58:29.443;2025-04-17T11:00:00;2025-06-17T12:00:00;;CLP;0;0
1210674-12-LE25;Servicio de limpieza de alcantarillado para AADD;SERVICIO NACIONAL DE PROTECCIÓN ESPECIALIZADA A LA NIÑEZ Y ADOLESCENCI;62.000.890-7;ADMINISTRACIÓN DIRECTA REGIÓN METROPOLITANA;Av.Libertador Bernardo O'Higgins N1449,Torre 7 P3;Santiago;Región Metropolitana de Santiago;LE;Publicada;Contar con el Servicio de limpieza de alcantarillado para los centros de administración directa de la dirección regional metropolitana del servicio de protección especializada a la niñez y adolescencia;2025-04-08T10:00:46.983;2025-04-14T15:00:00;2025-04-21T16:39:00;;CLP;0;0
2467-50-L125;ADQUISICIÓN DE EQUIPAMIENTO PARA IMPLEMENTACIÓN DE;I MUNICIPALIDAD DE CHILLAN;69.140.900-7;IMUNI_CHILLAN ADQUISICIONES;18 de Septiembre 510;Chillán;Región del Ñuble;L1;Publicada;El objetivo de esta compra es la Adquisición de equipamiento para la implementación de la oficina del proyecto QUIERO MI BARRIO ubicado en el barrio Arturo Pratt.;2025-04-08T09:29:39.403;2025-04-15T13:57:00;2025-05-01T10:58:00;;CLP;0;0
1057489-141-LQ25;Servicio de Arriendo de Huelleros digitales y Pistola Escáner Lector Códigos de Barras por treinta y seis 36 meses para el Hospital del Salvador e Instituto Nacional de Geriatría Presidente Eduardo Frei Montalva;SERVICIO DE SALUD ORIENTE HOSPITAL DEL SALVADOR;61.608.406-2;Bienes y Servicios;AV SALVADOR 364;Providencia;Región Metropolitana de Santiago;LQ;Publicada;Que el Hospital del Salvador como centro de referencia nacional que integra la Red Asistencial Oriente, le corresponde asegurar la atención permanente y continua de los beneficiarios del Sistema Público de Salud de la jurisdicción y especialmente considerando que la atención directa a pacientes que acudan al Hospital del Salvador, es de aquellos servicios cuya característica principal es mantener la continuidad de la atención directa a las personas en salud, y el servicio de atención a los pacientes, por su propia naturaleza, no puede ser objeto de esperas o prórrogas, ya que se requiere de una atención inmediata, oportuna e integral, otorgada por especialistas calificados Que, esta modalidad de contratación es la única que permite al Hospital del Salvador dar efectivo cumplimiento al imperativo constitucional consagrado en el Artículo 19, numeral 9 de la Carta Fundamental Que, Instituto Nacional del Geriatría, RUT N61.608.403-8, a través del Ordinario N183, de fecha 25 de marzo de 2025 mandata al Hospital del Salvador a realizar compra conjunta mediante licitación pública para la adquisición del Servicio de Arriendo de Huelleros digitales y Pistola Escáner Lector Códigos de Barras por treinta y seis (36) meses para el Hospital del Salvador e Instituto Nacional de Geriatría Presidente Eduardo Frei Montalva, para el nuevo Complejo Hospitalario Salvador-Geriátrico. Que, existe la necesidad de suministrar el Servicio de Arriendo de Huelleros digitales y Pistola Escáner Lector Códigos de Barras por treinta y seis (36) meses para el Hospital del Salvador e Instituto Nacional de Geriatría Presidente Eduardo Frei Montalva, para ambos establecimientos en forma conjunta, para utilizar la misma tecnológica entre ambas instituciones, ante el traslado a las nuevas instalaciones Que, por la cuantía determinada, la presente licitación se ubica en el tramo para contrataciones iguales o superiores a 1.000 UTM e inferiores a 5.000 UTM, en conformidad al Artículo 36 del Reglamento de la Ley N19.886 Que, hechas las consultas respectivas, el Servicio de Arriendo de Huelleros digitales y Pistola Escáner Lector Códigos de Barras por treinta y seis (36) meses para el Hospital del Salvador e Instituto Nacional de Geriatría Presidente Eduardo Frei Montalva, no se encuentra disponible en el catálogo de bienes y servicios ofrecidos en el Sistema de Información de la Dirección de Compras www.mercadopublico.cl.;2025-04-08T09:47:16.413;2025-04-28T16:00:00;2025-07-31T19:58:00;305160072;CLP;0;0
3664-10-LE25;ADQUISICIÓN DE NOTEBOOK;I MUNICIPALIDAD DE REQUINOA;69.081.300-9;Educación;Pablo Rubio 499 (DEPARTAMENTO DE EDUCACION);Requinoa;Región del Libertador General Bernardo OHiggins;LE;Publicada;ADQUISICIÓN DE 30 NOTEBOOK ESCUELA REPUBLICA DE FRANCIA;2025-04-08T09:46:49.77;2025-04-21T15:30:00;2025-05-05T16:00:00;10000000;CLP;0;0
5803-1-L125;SERVICIO DE TRANSPORTE DE TRASLADO DE ALUMNOS CAMPUS SANTIAGO, SANTA ELENA 2222 - SAN JOAQUIN UNIVERSIDAD DE TALCA.;UNIVERSIDAD DE TALCA;70.885.500-6;CAMPUS SANTIAGO UTAL;Av. Alamenda Bernardo O higgins 1198 - Talca;Talca;Región del Maule;L1;Publicada;La presente licitación tiene por objeto la contratación de los servicios de transporte para el traslado de alumnos de las dependencias del Campus Santiago, Santa Elena 2222, San Joaquín, hacia el lugar donde los alumnos realizaran las actividades deportivas, por un período dos meses o hasta la total utilización de los recursos, según las características que se han definido en las presentes bases administrativas, bases técnicas y anexos.;2025-04-08T09:20:00.24;2025-04-14T15:00:00;2025-04-15T15:00:00;6800000;CLP;0;0
4469-33-LE25;SC 35742 PC LP. ADQ. EQUIPAMIENTO LABORATORIO.;UNIVERSIDAD DE PLAYA ANCHA DE CIENCIAS DE LA EDUCACION;70.754.700-6;ADQUISICIONES;BLANCO 737 VALPARAISO;Valparaíso;Región de Valparaíso;LE;Publicada;SC 36742 PC -LP ADQ. EQUIPAMIENTOS PARA LABORATORIO DE CARRERA TEC. ELECTRICIDAD PROYECTO UPA22991;2025-04-08T08:38:38.19;2025-04-21T15:01:00;2025-05-08T10:00:00;;CLP;0;0
1853-2-LE25;Servicio de Aseo Integral para SEA Antofagasta;SERVICIO DE EVALUACION AMBIENTAL;72.443.600-5;Sea - II Región;Avda. República de Croacia N 0336;Antofagasta;Región de Antofagasta;LE;Publicada;El objeto de la presente licitación es la contratación de un servicio de aseo integral, estafeteria y mantenciones menores en las dependencias del Servicio de Evaluación Ambiental de la Región de Antofagasta, , para el período comprendido entre el 01.05.2025 al 30.04.2027;2025-04-08T08:42:47.357;2025-04-14T20:00:00;2025-04-25T11:00:00;20640000;CLP;0;0
2743-19-LE25;MEJORAMIENTO DEL SISTEMA DE FILTRACION EN APR EL JUNQUILLAR COMUAN DE ANGOL APORTE MUNICIPAL;I MUNICIPALIDAD DE ANGOL;69.180.100-4;SECPLA;Pedro Aguirre Cerda N 509;Angol;Región de la Araucanía;LE;Publicada;MEJORA EL SISTEMA DE FILTRACION EN EL APR;2025-04-08T08:42:57.107;2025-04-21T15:31:00;2025-04-30T15:32:00;;CLP;0;0
886954-143-LE25;CONVENIO SUMINISTRO ELECTRODO MONOPOLAR MICRODISECCIÓN;HOSPITAL GUILLERMO GRANT BENAVENTE DE CO;61.602.189-3;Abastecimiento Insumos;San Martin 1436;Concepción;Región del Biobío;LE;Publicada;LA NECESIDAD DE ABASTECER DEL INSUMO PARA LA ATENCIÓN OPORTUNA DE PACIENTES;2025-04-08T08:40:17.543;2025-04-14T15:30:00;2025-06-13T17:30:00;67429000;CLP;0;0
3958-46-L125;Ruta 5B Liceo Pablo Neruda transporte escolar (abril, mayo y junio 2025);I MUNICIPALIDAD DE NAVIDAD;69.073.800-7;Unidad de Educacion;Juan Montes #693 Liceo Pablo Neruda;Navidad;Región del Libertador General Bernardo OHiggins;L1;Publicada;Ver detalles en documento denominado Licitación Simplificada;2025-04-08T08:30:33.23;2025-04-14T15:00:00;2025-04-16T00:05:00;1279080;CLP;0;0
3958-49-L125;Ruta 10C transporte escolar DAEM (abril, mayo y junio 2025);I MUNICIPALIDAD DE NAVIDAD;69.073.800-7;Unidad de Educacion;Juan Montes #693 Liceo Pablo Neruda;Navidad;Región del Libertador General Bernardo OHiggins;L1;Publicada;Más detalles, en documento Licitación Simplificada .;2025-04-08T08:31:54.727;2025-04-14T15:00:00;2025-04-16T00:55:00;2877930;CLP;0;0
3958-44-L125;Ruta 5A Liceo Pablo Neruda transporte escolar (abril, mayo y junio 2025);I MUNICIPALIDAD DE NAVIDAD;69.073.800-7;Unidad de Educacion;Juan Montes #693 Liceo Pablo Neruda;Navidad;Región del Libertador General Bernardo OHiggins;L1;Publicada;Descripción en documento adjunto Licitación Simplificada.;2025-04-08T08:30:09.12;2025-04-14T20:56:00;2025-04-16T20:56:00;2718045;CLP;0;0
2446-91-LQ25;PROPUESTA PÚBLICA N 51-2025 CUENTAS CORRIENTES;I MUNICIPALIDAD DE COQUIMBO;69.040.300-5;IMUNI_COQUIMBO;BILBAO 348;Coquimbo;Región de Coquimbo;LQ;Publicada;PROPUESTA PÚBLICA N 51-2025 SERVICIO DE APERTURA Y MANTENCIÓN DE CUENTAS CORRIENTES Y OTROS SERVICIOS BANCARIOS PARA LA MUNICIPALIDAD DE COQUIMBO;2025-04-07T18:50:16.087;2025-05-07T12:00:00;2025-05-30T19:54:00;;CLP;0;0
3890-25-L125;ADQUISICION PREMIOS PARA ACTIV. PROGRAMAS DIDECO;I MUNICIPALIDAD DE FREIRE;69.190.900-K;MUNICIPALIDAD DE FREIRE;AVDA SCHLEYER N336;Freire;Región de la Araucanía;L1;Publicada;ADQUISICION PREMIOS PARA ACTIV. PROGRAMAS DIDECO PROGRAMA CENTRO INTEGRAL DEL ADULTO MAYOR - PROGRAMA ADULTO MAYOR- PROGRAMA OFICINA LOCAL DE LA JUVENTUD;2025-04-07T18:32:04.24;2025-04-14T16:00:00;2025-05-29T20:22:00;3326000;CLP;0;0
4642-37-LE25;REP. DEL SISTEMA INALÁMBRICO LLAMADO DE PACIENTES;DIRECCION DE LOGISTICA DE CARABINEROS;60.514.000-9;Fondos Hospitales;Valencia Nro. 2430;Ñuñoa;Región Metropolitana de Santiago;LE;Publicada;REX. NRO. 464 02-04-2025 APROBATORIA DE BAES PARA LA REPARACIÓN DEL SISTEMA INALÁMBRICO DE LLAMADO DE PACIENTES PARA LAS UNIDADES DE TRAUMATOLOGÍA HOSPITALIZADOS, PEDIATRÍA HOSPITALIZADOS, ENDOSCOPÍA URGENCIA Y UCA URGENCIA DEL HOSPITAL DE CARABINEROS, UBICADO EN AVENIDA ANTONIO VARAS 2500, ÑUÑOA. CDP 278 - 2025, SOLICITUD NRO.2500371;2025-04-07T18:09:49.157;2025-04-28T16:00:00;2025-05-19T17:00:00;;CLP;0;0
740-21-LP25;E1O2RT9 SAT VIÑATEROS SAN JAVIER 1 INDAP MAULE;INSTITUTO DE DESARROLLO AGROPECUARIO;61.307.000-1;Unidad de Compra Región del Maule;San Pablo 785;Talca;Región del Maule;LP;Publicada;Se requiere de la contratación de un oferente del ramo que provea los servicios profesionales de asesoría técnica para la ejecución del Programa SAT, para usuarios de la UO SAT VIÑATEROS SAN JAVIER 1, de acuerdo con la Norma Técnica y Procedimiento Operativo del Programa Servicio de Asesorías Técnicas SAT, aprobada por Resolución Exenta N 0070-0042192024 del 01 de febrero 2024 y su modificación.;2025-04-07T19:33:01.85;2025-04-28T15:30:00;2025-05-28T18:00:00;82664064;CLP;0;0
778992-20-LE25;ADQUISICIÓN DE 02 DOS CÁMARAS HIPERBÁRICAS PORTÁTILES;COMANDO DE APOYO A LA FUERZA;61.953.000-4;Brigada Motorizada N 1 Calama - BRIMOT N 1;Av. Chorrillos N 716;Calama;Región de Antofagasta;LE;Publicada;Que, existe la necesidad para la Brigada Motorizada N.1 Calama de ADQUIRIR 02 (DOS) CÁMARAS HIPERBÁRICAS PORTÁTILES. Que, los recursos presupuestarios disponibles y autorizados para la presente Licitación son de un monto máximo de por $10.000.000.- (Diez millones de pesos) IVA incluido.;2025-04-07T19:34:11.11;2025-04-17T12:15:00;2025-04-24T12:16:00;;CLP;0;0
757818-4-LE25;SERVICIOS DE MONITORES PARA ORQUESTA SINFONICA;I MUNICIPALIDAD DE PALMILLA;69.091.000-4;DIDECO;AV. JUAN GUILLERMO DAY S/N;Palmilla;Región del Libertador General Bernardo OHiggins;LE;Publicada;SE REQUIERE LA CONTRATACION DE SERVICIOS DE MONITORES PARA DESARROLLAR LOS TALLERES DE ORQUESTA SINFONICA INFANTIL- JUVENIL DE LA COMUNA DE PALMILLA.;2025-04-07T18:51:48.6;2025-04-14T15:01:00;2025-04-15T08:30:00;17854065;CLP;0;0
1658-145-L125;S8-25/TURISMO PATRIMONIO Y CULTURA/SERVICIO DE PRODUCCION TALLER DE COCINA CHILENA, RESCATANDO EL PATRIMONIO CULINARIO.;I MUNICIPALIDAD DE TEMUCO;69.190.700-7;I MUNICIPALIDAD DE TEMUCO;CALLE IMPERIAL 40;Temuco;Región de la Araucanía;L1;Publicada;SERVICIO DE PRODUCCION TALLER DE COCINA CHILENA, RESCATANDO EL PATRIMONIO CULINARIO PARA EL 24 DE ABRIL, SEGUN ESPECIFICACIONES TECNICAS ADJUNTAS.;2025-04-07T19:31:03.333;2025-04-15T15:00:00;2025-04-24T17:00:00;6000000;CLP;0;0
740-20-LP25;E1O2RT9 SAT PECUARIOS 2020 LINARES INDAP VII;INSTITUTO DE DESARROLLO AGROPECUARIO;61.307.000-1;Unidad de Compra Región del Maule;San Pablo 785;Talca;Región del Maule;LP;Publicada;Se requiere de la contratación de un oferente del ramo que provea los servicios profesionales de asesoría técnica para la ejecución del Programa SAT, para usuarios de la UO SAT PECUARIOS LINARES 2020, de acuerdo con la Norma Técnica y Procedimiento Operativo del Programa Servicio de Asesorías Técnicas SAT, aprobada por Resolución Exenta N 0070-0042192024 del 01 de febrero 2024 y su modificación.;2025-04-07T19:32:09.637;2025-04-28T15:30:00;2025-05-28T18:00:00;76180608;CLP;0;0
2378-27-LP25;SUMINISTRO DE HORMIGÓN PREMEZCLADO PARA PROYECTOS;I MUNICIPALIDAD DE LA FLORIDA;69.070.700-4;SECRETARIA DE PLANIFICACION;AMERICO VESPUCIO 6886;La Florida;Región Metropolitana de Santiago;LP;Publicada;Las presentes bases reglamentan la propuesta pública denominada SUMINISTRO DE HORMIGÓN PREMEZCLADO PARA PROYECTOS DE ESPACIO PÚBLICO, COMUNA DE LA FLORIDA. La presente licitación tiene por objeto la adquisición de suministro de hormigón premezclado, necesario para diversos proyectos de la comuna de La Florida En términos de prelación, las especificaciones técnicas priman por sobre las bases administrativas especiales, sin perjuicio, que deben entenderse de una forma armónica.;2025-04-07T18:57:14.123;2025-04-21T15:10:00;2025-07-21T23:59:00;108800000;CLP;0;0
4455-32-CO25;Servicio Contratacion Seguros Establecimientos;I MUNICIPALIDAD DE ARAUCO;69.160.100-5;Ilustre Municipalidad de Arauco - Educación;;;Región del Biobío;CO;Publicada;Que corresponde al Departamento de Educación Municipal, mantener vigente la contratación de los seguros de edificios, bienes muebles, inmuebles a 14 Establecimientos Educacionales rurales de la comuna Arauco.;2025-04-07T19:19:00.263;2025-04-17T17:00:00;2025-04-28T18:00:00;;CLP;0;0
4079-21-LE25;CS MANT PREVENTIVA ASCENSORES CABRERO;I MUNICIPALIDAD DE CABRERO;69.151.000-k;Administración y Finanzas;Las Delicias n 355, Cabrero;Cabrero;Región del Biobío;LE;Publicada;SE REQUIERE SERVICIO DE MANTENCION PREVENTIVA, DIAGNOSTICO DE MANTENCIONES PREVENTIVAS Y CERTIFICACION DE ASCENSORES;2025-04-07T19:54:45.653;2025-04-17T11:09:00;2025-04-30T11:10:00;;CLP;0;0
4507-2-LE25;SERVICIO DE ASEO Y MANTENCIÓN SEREMI ATACAMA;SUBSECRETARIA DEL MINISTERIO DE AGRICULT;61.301.000-9;SEREMI III Región;Chacabuco N 546 depto. 32;Copiapó;Región de Atacama;LE;Publicada;E102RT9 contar con un servicio de aseo integral que permita mantener en perfecto estado de presentación las dependencias de la Secretaría Regional Ministerial de Agricultura Región de Atacama, en adecuadas condiciones de higiene, limpieza y orden de los recintos.;2025-04-07T19:19:07.38;2025-04-17T15:00:00;2025-05-09T18:00:00;15120000;CLP;0;0
729-50-LE25;REPUESTOS VARIOS 2-18959 ECU;EMPRESA DE TRANSPORTE DE PASAJEROS METRO S A;61.219.000-3;Compras Técnicas;Av. Lib. Bernardo OHiggins 1414;Santiago;Región Metropolitana de Santiago;LE;Publicada;Se requieren ofertas que cumplan con las especificaciones técnicas solicitadas (Solo una oferta por proveedor), es de suma importancia adjuntar fichas técnicas, formulario PEP firmado, declaración de vínculos firmado e indicar plazo de entrega en días hábiles bancarios. Se recuerda que la única Orden de Compra válida es la emitida por Metro S.A. La adjudicación será notificada por Gestor de Compras mediante correo electrónico. PARA LOS REPUESTOS QUE NO SE FABRIQUEN Y NO SE COMERCIALICEN EN EL MERCADO NACIONAL, SE ACEPTARAN COTIZACIONES EN OTRAS MONEDAS, EL TIPO DE CAMBIO PARA EFECTOS DE COMPARACION, CORRESPONDERÁ AL DIA DE LA APERTURA ECONOMICA. En el anexo B, se deben completar los siguientes formularios: 4, 5,7 y 8.;2025-04-07T18:43:29.24;2025-04-17T11:09:00;2025-05-28T11:10:00;;CLP;0;0
1658-144-L125;S7-25/TURISMO PATRIMONIO Y CULTURA/CAMPAÑA COMUNICACIONAL EN MEDIOS RADIALES.;I MUNICIPALIDAD DE TEMUCO;69.190.700-7;I MUNICIPALIDAD DE TEMUCO;CALLE IMPERIAL 40;Temuco;Región de la Araucanía;L1;Publicada;CAMPAÑA COMUNICACIONAL EN MEDIOS RADIALES, SEGUN ESPECIFICACIONES TECNICAS ADJUNTAS.;2025-04-07T18:41:30.36;2025-04-14T15:00:00;2025-04-23T17:00:00;5600000;CLP;0;0
1213002-24-LE25;INSUMOS Y MEDICAMENTOS 1ER SEMESTRE;CORP MUNICIPAL DE EDUCACION Y SAL;70.880.300-6;Departamento de Adquisiciones;Avda. Concha y Toro 02548;Pirque;Región Metropolitana de Santiago;LE;Publicada;Contar con un servicio de Medicamentos e Insumos para los usuarios de los Centros de Salud dependientes de la Corporación, tanto de Cesfam Balmaceda, CSR El Principal, Posta La Puntilla, Santa Rita y San Vicente.;2025-04-07T18:05:18.747;2025-04-17T09:00:00;2025-04-19T18:00:00;29000000;CLP;0;0
740-19-LE25;E1O2RT9 SAT HORTALIZAS Y CT SAN CLEMENTE INDAP VII;INSTITUTO DE DESARROLLO AGROPECUARIO;61.307.000-1;Unidad de Compra Región del Maule;San Pablo 785;Talca;Región del Maule;LE;Publicada;Se requiere de la contratación de un oferente del ramo que provea los servicios profesionales de asesoría técnica para la ejecución del Programa SAT, para usuarios de la UO SAT SAT HORTALIZAS Y CULTIVOS TRADICIONALES SAN CLEMENTE, de acuerdo con la Norma Técnica y Procedimiento Operativo del Programa Servicio de Asesorías Técnicas SAT, aprobada por Resolución Exenta N 0070-0042192024 del 01 de febrero 2024 y su modificación.;2025-04-07T19:31:37.82;2025-04-22T15:30:00;2025-05-22T18:00:00;66455424;CLP;0;0
4414-44-LE25;ARRIENDO CAMION 3.4 CABINA SIMPLE;I MUNICIPALIDAD DE ARAUCO;69.160.100-5;Finanzas Municipalidad de Arauco;esmeralda 411;Arauco;Región del Biobío;LE;Publicada;SERVICIO DE ARRIENDO CAMION 3.4, CABINA SIMPLE, USO PERSONAL Y TRABAJOS PROGRAMA PMU;2025-04-07T18:02:47.607;2025-04-15T09:30:00;2025-04-17T19:00:00;;CLP;0;0
3447-69-LE25;Edición Cuenta Publica 2024 Alto Hospicio;MUNICIPALIDAD DE ALTO HOSPICIO;69.265.100-6;Direccion de Administracion y Finanzas;Av. Ramón Pérez Opazo N 3125 Alto Hospicio;Alto Hospicio;Región de Tarapacá;LE;Publicada;Art. 4 La Municipalidad de Alto Hospicio, llama a Licitación Pública a los proveedores del rubro para celebrar contrato para ejecución del SERVICIO INTEGRAL DE EDICIÓN, DISEÑO E IMPRESIÓN DEL LIBRO DE LA CUENTA PÚBLICA DEL AÑO 2024. Lo anterior, de acuerdo con las características entregadas en las presentes Bases Administrativas y Técnicas adjuntas, en virtud de una mejor y eficiente Gestión Municipal.;2025-04-07T17:48:12.583;2025-04-14T17:00:00;2025-05-29T18:00:00;;CLP;0;0
1209395-6-LQ25;ADMINISTRACIÓN Y ENTREGA DE BENEFICIOS DE GIFTCARD;SERVICIO NACIONAL DE PROTECCIÓN ESPECIALIZADA A LA NIÑEZ Y ADOLESCENCI;62.000.890-7;ADMINISTRACIÓN DIRECTA REGIÓN DE LA ARAUCANIA;CAUPOLICÁN 1077;Temuco;Región de la Araucanía;LQ;Publicada;El Servicio Nacional de Protección Especializada a la Niñez y Adolescencia Región de la Araucanía, en adelante El Servicio o El Servicio de Protección, requiere la CONTRATACIÓN DE ADMINISTRACIÓN Y ENTREGA DE BENEFICIOS DE GIFTCARD PARA FAE DEL SERVICIO NACIONAL DE PROTECCION ESPECIALIZADA A LA NIÑEZ Y ADOLESCENCIA, REGION DE LA ARAUCANIA, de acuerdo con las condiciones establecidas en las presentes bases administrativas, técnicas y sus anexos. La presente licitación pública corresponde a aquellas contrataciones mayores a 2.000 UTM y menores a 5.000 UTM.;2025-04-07T17:57:54.07;2025-04-21T15:01:00;2025-06-23T19:00:00;;CLP;0;0
2279-37-LE25;SP 91 Arriendo de gabinete psicotécnico;MUNICIPALIDAD DE PUDAHUEL;69.071.100-1;IMUNI_PUDAHUEL ADQUISICIONES;SAN PABLO 8444;Pudahuel;Región Metropolitana de Santiago;LE;Publicada;Arriendo con mantención de un equipo de gabinete psicotécnico para el Dpto. de Licencias de Conducir;2025-04-07T17:49:00;2025-04-15T10:00:00;2025-04-30T10:00:00;10084034;CLP;0;0
5251-62-CO25;Reactivos material de vidrio e insumos de laboratorio;UNIVERSIDAD TECNOLOGICA METROPOLITANA;70.729.100-1;DEPARTAMENTO DE ABASTECIMIENTO;Calle Dieciocho N178, Santiago;Santiago;Región Metropolitana de Santiago;CO;Publicada;El Departamento de Biotecnología de la Universidad Tecnológica Metropolitana requiere la compra de los insumos detallados en los archivos adjuntos, con el fin de contar con los requisitos mínimos necesarios para desarrollar de manera correcta las actividades que se realizan en los laboratorios docentes, Laboratorio Biología, Microbiología y Biotecnología. Laboratorio de Alimentos y Planta Piloto. El material ofertado por cada proveedor debe contar con las especificaciones técnicas necesarias, detalladas para cada uno de los ítems. Lo solicitado es utilizado en las actividades prácticas de laboratorio que se imparten para las carreras de Ingeniería en Alimentos, Ingeniería en Biotecnología, Ingeniería Química y Química Industrial.;2025-04-07T17:46:27.017;2025-04-17T20:00:00;2025-05-19T16:30:00;18000000;CLP;0;0
1641-185-LE25;GABINETE DE BIOSEGURIDAD - BIOLOGÍA MOLECULAR;SERVICIO DE SALUD OCCIDENTE HOSPITAL SAN JUAN DE DIOS;61.608.204-3;SERVICIO DE SALUD OCCIDENTE HOSPITAL SAN JUAN DE D;Avda Compañía de Jesús 3265;Santiago;Región Metropolitana de Santiago;LE;Publicada;cumplir de manera continua la labor asistencial que ha sido encomendada a nuestra Institución, estableciendo las condiciones que permitan alcanzar la combinación más ventajosa entre todos los beneficios del bien o servicio a adquirir, y todos sus costos asociados, presentes y futuros Art. 37 del Reglamento, según el siguiente detalle:;2025-04-07T17:58:33.253;2025-04-14T16:00:00;2025-05-14T16:00:00;8460900;CLP;0;0
3838-25-LS25;CONTRATACIÓN DE PROFESIONAL DISEÑADOR GRÁFICO;I MUNICIPALIDAD DE SANTA CRUZ;69.090.600-7;I MUNICIPALIDAD DE SANTA CRUZ;;;Región del Libertador General Bernardo OHiggins;LS;Publicada;SERVICIOS ESPECIALIZADOS CONTRATACIÓN DE PROFESIONAL DISEÑADOR GRÁFICO, SEGÚN BASES ADMINISTRATIVAS, BASES TÉCNICAS Y FORMATOS ADJUNTOS.;2025-04-07T18:00:00;;;17399997;CLP;0;0
1238111-2-LE25;TECHUMBRE Y CLIMATIZACIÓN BIBLIOTECA LA REINA;CORPORACION CULTURAL DE LA REINA;70.978.700-4;Administración y finanzas;SANTA RITA 1153, LA REINA;La Reina;Región Metropolitana de Santiago;LE;Publicada;Se requiere mediante la presente licitación la contratación de una empresa que entregue solución definitiva para problema de filtración de aguas lluvias y aislamiento térmico de Biblioteca Pública de La Reina, así como la provisión e instalación de sistema de climatización -equipos de aire acondicionado- en concordancia con las posibilidades eléctricas del recinto.;2025-04-07T17:37:54.147;2025-05-05T15:06:00;2025-05-09T10:07:00;;CLP;0;0
635-36-L125;SERVICIO DE MANTENCIÓN PREVENTIVA ANUAL A CÁMARA RETINAL NO MIDRIÁTICA UAPO, OT 408;SERVICIO DE SALUD DE ARICA Y PARINACOTA;61.606.000-7;SERVICIO DE SALUD DE ARICA;Por correo electrónico;Las Condes;Región Metropolitana de Santiago;L1;Publicada;Servicio de mantención preventiva anual a Cámara Retinal No Midriática de UAPO, para equipo marca: Topcon, Modelo: TRC-NW8, Número de Serie: Z830797, según Términos de Referencia adjuntos.;2025-04-07T17:43:45.957;2025-04-14T15:00:00;2025-04-29T18:00:00;;CLP;0;0
2793-61-LR25;CONTRATACIÓN DE SERVICIO DE TRANSPORTE COMUNAL CO;Municipalidad de Huechuraba;69.255.400-0;Municipalidad de Huechuraba;Premio Nóbel 5555;Huechuraba;Región Metropolitana de Santiago;LR;Publicada;La presente licitación requiere esta contratación con el objeto de proporcionar un sistema de transporte público comunal con tarifa costo 0 para los usuarios, mediante la contratación de un servicio de transporte con una flota de 2 buses 100% eléctricos, y que permita dar un servicio de acercamiento al centro cívico, servicios municipales y estación de metro Los Libertadores.;2025-04-07T17:43:26.09;2025-05-08T11:00:00;2025-08-29T22:00:00;;CLP;0;0
711841-5-LE25;SERVICIO DE CAMPAÑA DE DIFUSIÓN DEL RSH;SUBSECRETARIA DE SERVICIOS SOCIALES;60.103.000-4;SUBSECRETARIA DE SERVICIOS SOCIALES;Catedral 1575, primer piso;Santiago Centro;Región Metropolitana de Santiago;LE;Publicada;Implementar una campaña comunicacional con el objetivo de informar a la ciudadanía los alcances del Módulo de Cuidados de Registro Social de Hogares.;2025-04-07T17:35:25.04;2025-04-17T15:30:00;2025-05-19T18:00:00;40000000;CLP;0;0
48-15-LQ25;Serv. de Fiscalización Téc. de Obras Agrup. 234;SERVICIO DE VIVIENDA Y URBANIZACION AREA METROPOLITANA;61.812.000-7;SERVIU Metropolitano;;;Región Metropolitana de Santiago;LQ;Publicada;SERVIU Metropolitano llama a Licitación Pública para contratar el Servicio de fiscalización técnica de obras agrupación N234, con el propósito de contratar a la fiscalización técnica de Obra, en adelante FTO, Capítulo I y III, regulado por el D.S. N 27, (V. y U.), de 2016, y Resolución Ex. N 490/2023, para varias comunas de la Región Metropolitana. E1O2RT9.;2025-04-07T17:48:10.82;2025-04-28T15:00:00;2025-06-18T19:00:00;3905.47;CLF;0;0
5416-6-LE25;Seguro catastrófico de enfermedades de alto costo;UNIVERSIDAD DE LA SERENA;70.783.100-6;DEPARTAMENTO DE ABASTECIMIENTO;Benavente N 980;La Serena;Región de Coquimbo;LE;Publicada;Servicio de cobertura de seguro catastrófico de enfermedades de alto costo para los funcionarios de la Universidad de La Serena. Según SC 46525. Se solicita leer la totalidad de las Bases, adjuntar los antecedentes necesarios para poder ser evaluado.;2025-04-07T17:36:08.81;2025-04-17T20:00:00;2025-06-03T18:00:00;;CLP;0;0
2268-8-LR25;SERVICIO DE REMODELACION CENTRO RECREACIONAL DE CENABAST;CENTRAL DE ABASTECIMIENTO DEL SISTEMA NACIONAL DE SERVICIO DE SALUD;61.608.700-2;Servicios Internos (2268);Jose Domingo Cañas N2681;Ñuñoa;Región Metropolitana de Santiago;LR;Publicada;Que, se hace necesario la contratación del servicio de remodelación del centro recreacional de CENABAST, ubicado en Avenida Antonio Núñez Fonseca N 2217, camino Cartagena MZ E ST 5, Pelancura, comuna de San Antonio.;2025-04-07T17:49:35.357;2025-05-07T18:00:00;2025-05-26T18:00:00;;CLP;0;0
1415858-4-LE25;SERV DE FERIA SEGURIDAD Y SALUD - PLAZA PTE ALTO;INSTITUTO DE SEGURIDAD LABORAL;61.533.000-0;ISL Departamento de Prevención Riesgos Laborales;Teatinos N 726, Santiago, Región Metropolitana;Santiago;Región Metropolitana de Santiago;LE;Publicada;Se requiere Servicio de producción de Eventos para ejecutar la Feria de Seguridad y Salud en el Trabajo por el Mes de la Prevención, la cual se realizará el día miércoles 23 de abril de 2025 en la plaza de Armas de la Municipalidad de Puente Alto. E1O2RT9;2025-04-07T17:36:12.943;2025-04-17T10:00:00;2025-04-18T12:00:00;32000000;CLP;0;0
1663-54-LQ25;SUMINISTRO DE INSUMOS DE DIALISIS 2025-2026;SERVICIO DE SALUD CHILOE;61.602.276-8;Hospital de Quellón;;;Región de los Lagos;LQ;Publicada;Realizar la compra de insumos médicos para DIALISIS con la finalidad de mantener una óptima atención del servicio de hemodiálisis, para esto se han elaborado las presentes bases técnicas.;2025-04-07T17:38:20.203;2025-04-17T19:11:00;2025-05-16T20:00:00;;CLP;0;0
1211839-27-LE25;ADQUISICION BUZOS Y POLERAS PARA ESTUDIANTES;CORP MUNIC EDUC SALUD Y ATENCION;70.856.400-1;DEPARTAMENTO DE ABASTECIMIENTO;Gandarillas 93;Puente Alto;Región Metropolitana de Santiago;LE;Publicada;La Corporación Municipal de Educación, Salud y Atención de Menores de Puente Alto, en adelante la Corporación, o, la mandante, requiere adquirir por medio del presente llamado a licitación pública, buzos y poleras para los estudiantes de los establecimientos educacionales administrados por esta, en las condiciones establecidas en las presentes bases.;2025-04-07T17:34:13.12;2025-04-21T15:01:00;2025-05-16T11:12:00;30300600;CLP;0;0
2111-92-LP25;SUMINISTRO STENT AUTOEXPANDIBLE PARA USO EN VENAS;HOSPITAL DE URGENCIA ASISTENCIA PUBLICA DR ALEJANDRO DEL RIO;61.608.602-2;Hospital de Urgencia Asistencia Pública;Curico N345 Bodega Central;Santiago;Región Metropolitana de Santiago;LP;Publicada;SE REQUIERE CONTRATAR EL SUMINISTRO DE GUÍA TEFLONADA Y SET AUTOEXPANDIBLE EN VENAS PARA EL HOSPITAL DE URGENCIA DE ASISTENCIA PUBLICA.;2025-04-07T17:29:38.26;2025-04-21T15:01:00;2025-05-22T18:00:00;;CLP;0;0
1046-16-LE25;CONSERVACIÓN ESTACIÓN METEOROLOGICA SAN MIGUEL;MINISTERIO DE OBRAS PUBLICAS DIREC CION GRAL DE OO PP DCYF;61.202.000-0;Dirección General de Aguas - III Región;Av. Circunvalación Esquina Rancagua N 499, piso 1;Copiapó;Región de Atacama;LE;Publicada;Reconstrucción y rehabilitación de la EM Quebrada San Miguel, con el fin de robustecer la red meteorológica regional.;2025-04-07T17:29:22.627;2025-04-14T15:33:00;2025-04-21T15:34:00;7000000;CLP;0;0
2595-31-LE25;MATERIALES VARIOS PROGRAMA AUTOCONSUMO 2024.;I MUNICIPALIDAD DE PARRAL;69.130.700-K;I MUNICIPALIDAD DE PARRAL;Dieciocho N 720;Parral;Región del Maule;LE;Publicada;ADQUISICIONES DE MATERIALES DE CONSTRUCCIÓN, PRODUCTOS SILVOAGROPECUARIOS,MAQUINARIAS YO HERRAMIENTAS PROGRAMA AUTOCONSUMO 2024. SEGÚN ESPECIFICACIONES TÉCNICCAS Y DEMÁS ANTECEDENTES.;2025-04-07T17:26:07.633;2025-04-14T15:20:00;2025-04-24T10:07:00;;CLP;0;0
1110404-52-LE25;PROVISIÓN DE PLATAFORMA DE COMPRA Y GESTIÓN PRESUPUESTARIA DE PROGRAMA 01 Y 02 DEL SLEP CHINCHORRO DE LA CIUDAD DE ARICA POR UN PERIODO DE 36 MESES;SERVICIO LOCAL DE EDUCACION DE CHINCHORRO;62.000.660-2;SLEPCH - EE - Programa 02;Calle Codpa N 2173;Arica;Región de Arica y Parinacota;LE;Publicada;SOLICITUD DE COMPRA (P02) N 552 Establecimiento : 0 - Administración Central SLEP Fuente de financiamiento : SEP Materia de compra : 2208999999 Otros servicios generales: Plataformas y otros servicios;2025-04-07T17:23:52.623;2025-04-15T10:00:00;2025-05-06T19:00:00;53560800;CLP;0;0
838104-14-LE25;CMCP COMPRA DE MUEBLES Y DECORACIONES;COMANDO DE APOYO A LA FUERZA;73.923.800-5;División de Bienestar ZB Región Metropolitana BSoc;Avda. Neptuno N 097, Villa Militar Oeste, Estación Central;Estación Central;Región Metropolitana de Santiago;LE;Publicada;CMCP COMPRA DE MUEBLES Y DECORACIONES PARA EL SALÓN COLONIAL RECEPCIÓN CMCP: SG1 MANUEL GALAZ JARA E-MAIL: magj1975magj@gmail.com FONO: +569 6351 4516 FACTURAR Y DESPACHAR: C.C. 1100080053 FONDOS PAF C.F. 350090 BIENESTAR SOCIAL DEL EJÉRCITO GIRO: HOTELERÍA Y SERVICIOS AFINES RUT.: 73.923.800-5 DIRECCIÓN: LAS PALMAS 384, COMUNA PEÑALOLÉN SE SOLICITA ACEPTAR ORDEN DE COMPRA EN EL SISTEMA.;2025-04-07T17:22:55.277;2025-04-16T17:00:00;2025-04-25T17:00:00;;CLP;0;0
2427-42-LE25;ADQUSICION DE STAND TURISTICO DEPTO. TURISMO.;I MUNICIPALIDAD DE VALPARAISO;69.060.900-2;ABASTECIMIENTO;;;Región de Valparaíso;LE;Publicada;PEDIDO N 8 DEPARTAMENTO TURISMO.;2025-04-07T17:22:38.083;2025-04-17T09:00:00;2025-04-21T19:00:00;15000000;CLP;0;0
744835-38-L125;RECARGA DE EXTINTORES;I MUNICIPALIDAD DE LO ESPEJO;69.255.100-1;Departamento de Adquisiciones;Av. Cardenal Raúl Silva Henríquez N 8321;Lo Espejo;Región Metropolitana de Santiago;L1;Publicada;Solicitud de Materiales N 1100/62/027/027/2025 Dirección de Servicios Generales Departamento de Servicios;2025-04-07T17:23:00;2025-04-14T17:28:00;2025-05-06T17:27:00;;CLP;0;0
778992-19-LE25;ADQUISICION DE REPUESTOS VEHICULOS UTILIZADOS EN MZN 8VA PRORROGA;COMANDO DE APOYO A LA FUERZA;61.953.000-4;Brigada Motorizada N 1 Calama - BRIMOT N 1;Av. Chorrillos N 716;Calama;Región de Antofagasta;LE;Publicada;Que, existe la necesidad institucional para la ADQUISICION DE REPUESTOS PARA VEHICULOS UTILIZADOS EN MZN 8VA PRORROGA, para la Brigada Motorizada N.1 Calama. Que, los recursos presupuestarios disponibles y autorizados para la presente Licitación son de un monto de $24.142.800 (Veinticuatro millones ciento cuarenta y dos mil ochocientos pesos) IVA incluido.;2025-04-07T17:24:15.477;2025-04-17T12:17:00;2025-04-23T12:18:00;;CLP;0;0
4371-15-LQ25;SUMINISTRO DE TALA VOLTEO DESTRONQUE DE TOCÓN Y;I MUNICIPALIDAD DE SAN VICENTE;69.081.000-k;Ilustre Municipalidad de San Vicente de Tagua Tagu;Tagua Tagua 222;San Vicente de Tagua Tagua;Región del Libertador General Bernardo OHiggins;LQ;Publicada;La Ilustre Municipalidad de San Vicente de Tagua Tagua, a través de la Secretaría Comunal de Planificación, requiere contratar de SUMINISTRO DE TALA, VOLTEO, DESTRONQUE DE TOCÓN Y DISPOSICIÓN FINAL DE LOS RESTOS GENERADOS. El contrato se celebrará bajo la modalidad de precios unitarios, conforme a los formatos económicos establecidos, con vigencia hasta el agotamiento del presupuesto asignado, a partir de la fecha de aprobación del contrato. Este contrato se regirá estrictamente por la normativa laboral vigente, en concordancia con las bases administrativas y las especificaciones técnicas que se detallan en los documentos anexos a esta licitación. El contratista seleccionado deberá garantizar el cumplimiento de los plazos establecidos para la ejecución de los trabajos, así como la calidad de los servicios prestados. Además, será responsable de la correcta implementación de todas las actividades derivadas de este servicio, asegurando que cada etapa del proceso se realice de acuerdo con los estándares técnicos y operativos requeridos.;2025-04-07T17:11:49.05;2025-04-28T15:01:00;2025-05-28T16:39:00;;CLP;0;0
2111-83-LP25;MANTENIMIENTO DE SISTEMA CCTV;HOSPITAL DE URGENCIA ASISTENCIA PUBLICA DR ALEJANDRO DEL RIO;61.608.602-2;Hospital de Urgencia Asistencia Pública;Curico N345 Bodega Central;Santiago;Región Metropolitana de Santiago;LP;Publicada;SERVICIO DE MANTENIMIENTO PREVENTIVO PROGRAMADO Y MANTENIMIENTO CORRECTIVO DE SISTEMA CCTV;2025-04-07T17:15:26.08;2025-04-21T15:01:00;2025-05-22T18:00:00;;CLP;0;0
5663-12-O125;AMPLIACIÓN Y MEJORAM. SSSR CARIQUIMA, 3ER LLAMADO;MINISTERIO DE OBRAS PUBLICAS DIREC CION GRAL DE OO PP DCYF;61.202.000-0;Dirección de Obras Hidráulicas- I Región de Tarapacá;Tarapacá 130;Iquique;Región de Tarapacá;O1;Publicada;AMPLIACIÓN Y MEJORAMIENTO SISTEMA SERVICIO SANITARIO RURAL DE CARIQUIMA, 3 LLAMADO.;2025-04-07T17:25:35.007;2025-05-08T10:00:00;2025-07-29T18:12:00;;CLP;0;0
966539-13-LE25;INSTALACION DE LUMINARIAS PUBLICAS COMUNA DE MARCHIGUE SEGUNDO LLAMADO;I MUNICIPALIDAD DE MARCHIGUE;69.091.300-3;Secretaría Comunal de Planificación;Libertad N490;Marchigue;Región del Libertador General Bernardo OHiggins;LE;Publicada;SE REQUIERE CONTRATAR LA EJECUCION DEL PROYECTO DENOMINADO INSTALACION DE LUMINARIAS PUBLICAS, COMUNA DE MARCHIGUE, SEGUNDO LLAMADO;2025-04-07T17:16:12.103;2025-04-17T15:30:00;2025-05-02T14:30:00;42000000;CLP;0;0
1070329-8-LE25;LICITACIÓN CONVENIO MANTENIMIENTO EQUIPOS MéDICOS;CESFAM LIRQUEN;61.980.370-1;BIENES Y SERVICIOS;RUTA 150 S/N;Penco;Región del Biobío;LE;Publicada;Efectuar el mantenimiento preventivo, yo correctivo al equipamiento clínico del CESFAM LIRQUEN, en función a lo indicado en las pautas técnicas de cada fabricante. Emitir informes técnicos de los trabajos realizados, detallando el estado en que se encuentra el equipo, asegurar el rendimiento óptimo, entregando una copia a la unidad técnica del establecimiento.;2025-04-07T17:19:06.05;2025-04-17T10:00:00;2025-04-23T12:00:00;;CLP;0;0
1725-74-LE25;SOPORTE TÉCNICO PARA EQUIPOS FORTINET;SUBSECRETARÍA DE LAS CULTURAS Y LAS ARTES;60.901.002-9;SUBSECRETARIA DE LAS CULTURAS Y LAS ARTES;SOTOMAYOR 233;Valparaíso;Región de Valparaíso;LE;Publicada;ADQUISICIÓN DE SOPORTE TÉCNICO PARA EQUIPOS FORTINET DE LA SUBSECRETARÍA DE LAS CULTURAS Y LAS ARTES.;2025-04-07T17:14:38.343;2025-04-21T15:01:00;2025-05-13T18:00:00;24000000;CLP;0;0
633-25-LP25;SERVICIO DE CERTIFICACIÓN. CÓDIGO E102RT9.;CORP NACIONAL FORESTAL;61.313.000-4;Conaf - Oficina Central - Abastecimiento;Av. Bulnes 285, Oficina 801.;Santiago;Región Metropolitana de Santiago;LP;Publicada;SERVICIO DE CERTIFICACIÓN, REVISIÓN Y REPARACIÓN DE ELECTRÓNICA E INSTRUMENTOS DE AERONAVES. CÓDIGO E102RT9.;2025-04-07T17:14:19.273;2025-04-28T16:00:00;2025-05-22T18:30:00;150000000;CLP;0;0
3151-10-LP25;ARRIENDOS OFICINAS MUNICIPALES;I MUNICIPALIDAD DE LONCOCHE;69.191.100-4;I MUNICIPALIDAD DE LONCOCHE;Manuel Bulnes N 385;Loncoche;Región de la Araucanía;LP;Publicada;ARRIENDO DE INMUEBLES, 01 PARA OFICINAS DE DIRECCION DE DESARROLLO ECONOMICO LOCAL, 01 ORGANIZACIONES COMUNITARIAS PERIODO DE 36 MESES, AMBAS SEGUN BASES ADMINISTRATIVAS Y REQUERIMIENTOS TECNICOS ADJUNTOS;2025-04-07T17:21:00.793;2025-04-21T16:30:00;2025-04-24T17:29:00;90729936;CLP;0;0
580075-7-CO25;MANTENCION Y REPARACION VEHICULOS DISAM 2025;I MUNICIPALIDAD DE LITUECHE;69.091.100-0;DIRECCION DE SALUD MUNICIPAL;Cardenal Caro 796;;Región del Libertador General Bernardo OHiggins;CO;Publicada;MANTENCION Y REPARACION VEHICULOS DISAM 2025;2025-04-07T17:21:27.873;2025-04-17T19:54:00;2025-04-22T19:55:00;;CLP;0;0
4120-5-LE25;COMPUTADORES IMPRESORAS Y OTROS PARA LA ESCUELA G;I MUNICIPALIDAD DE NINHUE;69.140.301-7;Municipalidad De Ninhue-Educacion;Arturo Prat 405;Ninhue;Región del Ñuble;LE;Publicada;SE REQUIEREN COMPUTADORES, IMPRESORAS Y OTROS PARA LA ESCUELA GLORIAS NAVALES SEGUN REQUERIMIENTO ADJUNTO;2025-04-07T17:11:22.69;2025-04-17T10:06:00;2025-04-24T10:07:00;;CLP;0;0
564953-60-LE25;AUDITORÍA ESTADOS FINANCIEROS 2024 PARA LA CORP LC;Corporación de Educación y Salud de Las Condes;70.902.000-5;Corporación de Educación y Salud de Las Condes;RIO LOA 8350 (360 RAM);Las Condes;Región Metropolitana de Santiago;LE;Publicada;El objeto de la presente licitación, tiene como finalidad obtener una opinión referente al estado de situación financiera 2024 mediante un proceso que implica la revisión, análisis y evaluación detallada de la información.;2025-04-07T17:03:59.27;2025-04-16T18:00:00;2025-04-21T10:00:00;;CLP;0;0
1110404-54-LE25;ADQUISICIÓN DE SERVICIOS DE TURISMO NAUTICO;SERVICIO LOCAL DE EDUCACION DE CHINCHORRO;62.000.660-2;SLEPCH - EE - Programa 02;Calle Codpa N 2173;Arica;Región de Arica y Parinacota;LE;Publicada;Promover el cuidado, respeto y valoración del ecosistema marino de nuestra región mediante actividades lúdicas, recreativas y deportivas que permitan aprender a través de la acción. Esta iniciativa, dirigida a estudiantes de educación básica de escuelas y liceos rurales, se desarrollará en un ambiente de sana convivencia, con un enfoque pedagógico y orientado a favorecer el desarrollo integral de los y las estudiantes. Todo esto en el marco del Mes de la Convivencia Escolar y el Mes de la Actividad Física.;2025-04-07T17:03:22.713;2025-04-14T15:00:00;2025-04-15T16:00:00;;CLP;0;0
4239-15-LE25;ADQUISICION DE SELLO VERDE ESCUELA D-758 Y E-776 C;I MUNICIPALIDAD DE CURANILAHUE;69.160.201-K;Dpto. Educación;Cardenio Avello 720;Curanilahue;Región del Biobío;LE;Publicada;ADQUISICIÓN DEL SELLO VERDE DE LAS COCINAS DE LOS ESTABLECIMIENTOS EDUCACIONALES MUNICIPALIZADOS DE CURANILAHUE D 758 RAMIRO ROA y E 776 PABLO NERUDA, SEGUN BASES ADMINISTRATIVAS ADJUNTAS;2025-04-07T16:54:56.73;2025-04-17T17:43:00;2025-05-19T17:44:00;17750000;CLP;0;0
1013353-15-LE25;SERVICIOS DE PRODUCCIÓN DE EVENTOS PARA EL SLEPB;SERVICIO LOCAL DE EDUCACION LAS BARRANCAS;65.154.021-6;SERVICIO EDUCATIVO PROGRAMA 2;San Pablo 9176;Pudahuel;Región Metropolitana de Santiago;LE;Publicada;Servicio de Producción de Eventos 2025, diseñados para propiciar la Participación y Vinculación Territorial con los distintos actores que conforman la comunidad educativa de Barrancas, pertenecientes a las comunas de Cerro Navia Lo Prado y Pudahuel y Producción Cuenta Pública 2025.;2025-04-07T17:03:31.93;2025-04-14T15:30:00;2025-04-16T20:00:00;;CLP;0;0
2914-17-LE25;servicio traslado pacientes dialisis;ILUSTRE MUNICIPALIDAD DE DIEGO DE ALMAGRO;69.250.500-k;Salud;Juan Martínez de Rosa 1403, I. MUNICIPALIDAD DE DIEGO DE ALMAGRO;Diego De Almagro;Región de Atacama;LE;Publicada;La Ilustre Municipalidad de Diego de Almagro, en adelante como La Municipalidad, llama a licitación pública para solicitar el servicio de traslado de pacientes, de lunes, miércoles y viernes, ida y regreso entre el domicilio y Centro de Diálisis Municipal de salud.;2025-04-07T16:59:52.907;2025-04-14T16:00:00;2025-04-17T16:00:00;;CLP;0;0
4086-27-LE25;CONEXIONES ELÉCTRICAS PARA PLANTA DE CAPTACIÓN DE AGUA APR LOLCURA COMUNA DE MAULLÍN;I MUNICIPALIDAD DE MAULLIN;69.220.500-6;Administracion y Finanzas;Bernardo O'Higgins 641;Maullín;Región de los Lagos;LE;Publicada;CONEXIONES ELÉCTRICAS PARA PLANTA DE CAPTACIÓN DE AGUA APR LOLCURA COMUNA DE MAULLÍN;2025-04-07T17:03:22.203;2025-04-22T15:00:00;2025-05-29T11:10:00;24590466;CLP;0;0
2310-4-LE25;CONTRATO DE SUMINISTRO AMPLIFICACION DAEM;ILUSTRE MUNICIPALIDAD DE MOLINA;69.110.100-2;Dirección Comunal De Educación;MAIPU N1846;Molina;Región del Maule;LE;Publicada;CONTRATO DE SUMINISTRO DE AMPLIFICACION, ILUMINACION,PANTALLA AUDIOVISUAL Y OTROS PARA UNIDADES EDUCATIVAS,ESTABLECIMIENTOS EDUCACIONALES, JARDINES VTF Y PROGRAMACION DAEM.;2025-04-07T16:55:18.587;2025-04-17T16:36:00;2025-04-18T16:37:00;;CLP;0;0
1057384-37-LE25;Toma y Análisis de muestras de planta de agua;SERVICIO DE SALUD ANTOFAGASTA HOSPITAL M;61.606.203-4;Bienes y Servicios;Calle Santa Rosa S/N;Tocopilla;Región de Antofagasta;LE;Publicada;El Hospital Marcos Macuada de Tocopilla requiere adquirir la contratación del Servicio de Toma y Análisis de muestras de planta de agua y Red de distribución en Unidad de Diálisis del Hospital Tocopilla, de acuerdo con las especificaciones señaladas en las presentes bases administrativas y técnicas.;2025-04-07T17:02:33.997;2025-04-16T13:22:00;2025-04-22T13:23:00;;CLP;0;0
812799-27-LE25;SERVICIO DE PRODUCCIÓN ACTIVIDAD RECREATIVA MAYO;I MUNICIPALIDAD DE MEJILLONES;69.020.400-2;Secoplac;;;Región de Antofagasta;LE;Publicada;La dirección de Desarrollo Comunitario en su afán de aportar con espacios de recreación y entretenimiento, requiere la contratación de un show para toda la comunidad, con enfoque en el reconocimiento del rol de la madre. La adjudicación se llevará a cabo conforme a lo detallado en las presentes bases.;2025-04-07T16:54:31.037;2025-04-17T12:30:00;2025-05-09T23:00:00;;CLP;0;0
2126-64-LR25;CS. IMPLANTES MAMARIOS Y OTROS POR 24 MESES;SERVICIO DE SALUD COQUIMBO HOSPITAL DE COQUIMBO;61.606.403-7;Hospital Coquimbo;Avenida Videla s/n;Coquimbo;Región de Coquimbo;LR;Publicada;Abastecer al Hospital San Pablo de Coquimbo de los Insumos necesarios, para continuar con su normal funcionamiento.;2025-04-07T16:59:26.137;2025-05-08T15:10:00;2025-09-08T15:00:00;;CLP;0;0
1057540-36-LE25;CONVENIO MANTENIMIENTO CHILLER Y EQUIPO DRY COOLER;SERVICIO SALUD TALCAHUANO HOSPITAL PENCO-LIRQUEN;61.602.198-2;Hospital Penco - Lirquen;Camino a Tome s/n;Penco;Región del Biobío;LE;Publicada;CONVENIO MANTENCIÓN PREVENTIVA, ATENCIONES DE EMERGENCIA Y MANTENCIÓN CORRECTIVA DE CHILLER Y EQUIPO DRY COOLER DEL HOSPITAL PENCO LIRQUÉN. CC.CC.;2025-04-07T16:56:00;2025-04-17T18:51:00;2025-05-19T18:52:00;;CLP;0;0
2310-5-LQ25;SUMINISTRO DE MATERIALES DE LIBRERIA DAEM;ILUSTRE MUNICIPALIDAD DE MOLINA;69.110.100-2;Dirección Comunal De Educación;MAIPU N1846;Molina;Región del Maule;LQ;Publicada;SUMINISTRO DE LIBRERIA PARA UNIDADES EDUCATIVAS, JARDINES INFANTILES VTF, ESCUELAS, LICEOS Y PROGRAMAS DAEM.;2025-04-07T17:03:16.93;2025-04-28T18:39:00;2025-04-29T18:40:00;;CLP;0;0
3232-18-LE25;SERVICIO DE TRANSPORTE DE ESCOLARES -SANTO DOMINGO;I MUNICIPALIDAD DE SANTO DOMINGO;69.073.500-8;I MUNICIPALIDAD DE SANTO DOMINGO;Avenida Santa Teresa N 1;Santo Domingo;Región de Valparaíso;LE;Publicada;La presente Licitación Pública es la contratación de un servicio de transporte de escolares para estudiantes de la comuna de santo domingo por el periodo escolar 2025, este servicio busca satisfacer la constante preocupación de la Municipalidad de Santo Domingo, por facilitar a todos los estudiantes las mejores oportunidades para su máximo desarrollo material y espiritual, hace necesario brindarles un servicio de transporte gratuito que garanticé el acceso y asistencia de los escolares a sus escuelas en la Comuna de Santo Domingo, que brinde un sistema de transporte seguro, eficiente y eficaz, que cumpla con los estándares que la normativa vigente exige, para los niños y niñas de la Comuna.;2025-04-07T16:58:11.797;2025-04-21T16:00:00;2025-04-30T19:00:00;;CLP;0;0
2341-9-L125;ADQ 186 SP 34 FINANZAS - ADMINISTRATIVO SERVICIO DE PULIDO Y VITRIFICADO CANCHA TECHADA DEL GIMNASIO MUNICIPAL;I MUNICIPALIDAD DE SAN BERNARDO;69.072.700-5;OFICINA DE ADQUISICIONES;EYZAGUIRRE 450;San Bernardo;Región Metropolitana de Santiago;L1;Publicada;SOLICITADO POR LA DIRECCION DE DIDECO;2025-04-07T16:59:32.083;2025-04-14T15:05:00;2025-05-20T17:30:00;6800000;CLP;0;0
2780-23-H225;SERVICIO DE MECANICO PARA VEHICULOS DEL DESAM;I MUNICIPALIDAD DE LA LIGUA;69.050.100-7;DEPARTAMENTO DE SALUD MUNICIPAL;CALLE PORTALES 555, LA LIGUA;La Ligua;Región de Valparaíso;H2;Publicada;SERVICIO DE MANTENCION Y REPARACION, CAMBIO DE PIEZAS E INSUMOS PARA LOS VEHICULOS DEL DESAM, COMUNA LA LIGUA PARA LOS MESES DE ABRIL A DICIEMBRE 2025;2025-04-07T16:53:22.297;2025-04-15T18:46:00;2025-04-15T19:47:00;;CLP;0;0
5413-35-LE25;ADECUACION OFICINA DGAC CAMPUS CHUYACA UNIVERSIDAD DE LOS LAGOS;UNIVERSIDAD DE LOS LAGOS;70.772.100-6;CAMPUS OSORNO;Avenida Fuschlocher 1305, Osorno;Osorno;Región de los Lagos;LE;Publicada;Universidad de Los Lagos, requiere de Adecuación oficina DGAC en Campus Chuyaca. Según Saservi N78833, y formulario para Licitación Pública Obras.;2025-04-07T16:54:23.26;2025-04-17T15:30:00;2025-04-25T19:00:00;;CLP;0;0
4454-12-LE25;CONTRATO SUMINISTRO SERVICIO ARRIENDO CAMIÓN GRÚA- DIRECCIÓN DE TRANSITO;I MUNICIPALIDAD DE HUALQUI;69.150.600-2;ADMINISTRACION Y FINANZAS - DEPTO ADQUISICIONES;Freire 351;Hualqui;Región del Biobío;LE;Publicada;CONTRATO SUMINISTRO SERVICIO DE ARRIENDO DE CAMION GRÚA PARA TRASLADO DE VEHICULOS ABANDONADOS Y RETIRADOS DE LA VIA PÚBLICA A CORRALÓN MUNICIPAL - DIRECCIÓN DE TRANSITO Y TRANSPORTE PUBLICO;2025-04-07T16:49:47.757;2025-04-16T15:30:00;2025-04-17T17:30:00;34000000;CLP;0;0
2905-14-LE25;ADQUISICIÓN MAQUINARIA AVANZADA CANCHA SINTETICA;I MUNICIPALIDAD DE LANCO;69.200.300-4;Administración y Finanzas;Libertad 251;Lanco;Región de Los Ríos;LE;Publicada;MAQUINA DE MANTENIMIENTO AVANZADO PARA CANCHA SINTETICA Similar o equivalente a marca SMG- modelo SC2BL accesorios accesorio rotativo de limpieza de la superficie de 6.900 C -Cepillo plano extra ancho para levantado de fibra y redistribución de la carga 2.100 C (Accesorio descompactador de púas metálicas flexibles 2.450 C- Cepillo trasero, para eliminar la marca de las ruedas 1.100 C;2025-04-07T16:49:21.937;2025-04-17T12:00:00;2025-04-30T17:45:00;55964497;CLP;0;0
1663-97-LQ25;SUMINISTRO DE DIALISIS 2025-2026;SERVICIO DE SALUD CHILOE;61.602.276-8;Hospital de Quellón;;;Región de los Lagos;LQ;Publicada;Realizar la compra de insumos médicos para DIALISIS con la finalidad de mantener una óptima atención del servicio de hemodiálisis, para esto se han elaborado las presentes bases técnicas.;2025-04-07T16:41:32.847;2025-04-17T19:10:00;2025-05-16T20:00:00;;CLP;0;0
1180703-8-LE25;ADQUISICION DE EQUIPOS DENTALES PARA PROYECTO DE CONSTRUCCIÓN DEL CENTRO DE SALUD AMBIENTAL OT 225 CODIGO BIP 30400725-0;SERVICIO DE SALUD DE ARICA Y PARINACOTA;61.606.000-7;Compras Convenio GORE Arica y Parinacota;Arturo Prat 305;Arica;Región de Arica y Parinacota;LE;Publicada;La presente adquisición se realiza en virtud del convenio mandato suscrito entre el Servicio de Salud Arica y Parinacota y el Gobierno Regional de Arica y Parinacota aprobado por la Resolución Exenta N 3298, de fecha 15 de noviembre del 2021, modificado por Resolución Exenta N338, de fecha 29 de enero del 2025, ambos del Gobierno Regional de Arica y Parinacota, en el cual se asigna al Servicio el siguiente presupuesto que se menciona a continuación para la adquisición de equipos financiados a través de Subtitulo 29, Ítem 05 Máquinas y Equipos para el proyecto denominado Construcción Centro de Salud Ambiental, Comuna de Arica, código BIP 30400725-0;2025-04-07T16:43:15.88;2025-04-17T15:30:00;2025-05-19T20:00:00;;CLP;0;0
4858-37-LE25;CONTRATO DE SUMINISTROS INSUMOS APÍCOLA;I MUNICIPALIDAD DE TIRUA;69.160.700-3;Finanzas;Avenida Costanera 080, Tirua;Tirúa;Región del Biobío;LE;Publicada;CONTRATO DE SUMINISTROS PARA LA ADQUISICIÓN DE INSUMOS APÍCOLA AÑO 2025, DESTINADOS A CUBRIR LAS NECESIDAD DEL PROGRAMA DE DESARROLLO TERRITORIAL INDÍGENA.;2025-04-07T16:40:36.583;2025-04-17T18:49:00;2025-04-24T18:50:00;;CLP;0;0
729-49-LE25;REPUESTOS VARIOS PARA ESCALAS MECANICAS 2-18887 ECU;EMPRESA DE TRANSPORTE DE PASAJEROS METRO S A;61.219.000-3;Compras Técnicas;Av. Lib. Bernardo OHiggins 1414;Santiago;Región Metropolitana de Santiago;LE;Publicada;Se requieren ofertas que cumplan con las especificaciones técnicas solicitadas (Solo una oferta por proveedor), es de suma importancia adjuntar fichas técnicas, formulario PEP firmado, declaración de vínculos firmado e indicar plazo de entrega en días hábiles bancarios. Se recuerda que la única Orden de Compra válida es la emitida por Metro S.A. La adjudicación será notificada por Gestor de Compras mediante correo electrónico. PARA LOS REPUESTOS QUE NO SE FABRIQUEN Y NO SE COMERCIALICEN EN EL MERCADO NACIONAL, SE ACEPTARAN COTIZACIONES EN OTRAS MONEDAS, EL TIPO DE CAMBIO PARA EFECTOS DE COMPARACION, CORRESPONDERÁ AL DIA DE LA APERTURA ECONOMICA. En el anexo B, se deben completar los siguientes formularios: 4, 5,7 y 8.;2025-04-07T16:40:41.4;2025-04-17T19:53:00;2025-05-28T19:54:00;;CLP;0;0
1114-13-LQ25;CONST. SONDAJES DE OBSERV Y MEDICIÓN DE NIVELES;MINISTERIO DE OBRAS PUBLICAS DIREC CION GRAL DE OO PP DCYF;61.202.000-0;Dirección General de Aguas - Región Metropolitana;Bombero Salas 1351, 5 piso;Santiago;Región Metropolitana de Santiago;LQ;Publicada;CONSTRUCCIÓN SONDAJES DE OBSERVACIÓN Y MEDICIÓN DE NIVELES DE AGUAS SUBTERRÁNEAS, EN SECTORES HIDROGEOLÓGICOS DE APROVECHAMIENTO COMÚN SHAC CHOLQUI EN COMUNA DE MELIPILLA, Y PIRQUE EN COMUNA DE PIRQUE, REGIÓN METROPOLITANA DE SANTIAGO;2025-04-07T16:36:51.043;2025-04-28T15:30:00;2025-05-13T17:00:00;;CLP;0;0
1211839-28-LE25;SERVICIO DE CONTACT CENTER ÁREA DE SALUD;CORP MUNIC EDUC SALUD Y ATENCION;70.856.400-1;DEPARTAMENTO DE ABASTECIMIENTO;Gandarillas 93;Puente Alto;Región Metropolitana de Santiago;LE;Publicada;La presente licitación corresponde a la contratación del servicio de contact center para el área de Salud de la Corporación Municipal de Puente Alto, que permita garantizar continuidad de la atención de usuarios de la comuna a través de un agendamiento, confirmación de horas médicas y otros profesionales, además de requerimientos de solicitud de ambulancias y atención en unidad de cuidados paleativos.;2025-04-07T16:37:58.147;2025-04-17T17:00:00;2025-06-17T18:00:00;45240216;CLP;0;0
1040538-13-L125;SERVICIO DE STANDS PARA ACTIVIDAD DE PROMOCIÓN EN LA FERIA SANTA VENDIMIA, PLAZA ÑUÑOA 2025;SERVICIO NACIONAL DE TURISMO;60.704.000-1;Dirección Regional de Ñuble;Carrera 556;Chillán;Región del Ñuble;L1;Publicada;SERVICIO DE STANDS PARA ACTIVIDAD DE PROMOCIÓN EN LA FERIA SANTA VENDIMIA, PLAZA ÑUÑOA2025, SEGÚN BASES DE LICITACIÓN ADJUNTAS;2025-04-07T16:42:10.24;2025-04-14T15:00:00;2025-04-16T23:59:00;6800000;CLP;0;0
608897-21-LE25;RECOPILACIÓN PARA NORMA DE EMISIÓN DE METANO;SUBSECRETARIA DEL MEDIO AMBIENTE;61.979.930-5;Subsecretaría del Medio Ambiente;San Martín 73, piso 1;Santiago;Región Metropolitana de Santiago;LE;Publicada;E102RT9 Proveer insumos técnicos y económicos que permitan elaborar una norma de emisión de metano de rellenos sanitarios, conforme a lo establecido en los artículos 14 y 15 de la Ley 21.455-2022, el Decreto Supremo 12 del 2024 y en el Plan Sectorial de Mitigación del Ministerio de Salud.;2025-04-07T16:44:24.747;2025-04-17T15:30:00;2025-05-19T17:00:00;44000000;CLP;0;0
2483-67-LE25;SUMINISTRO DE IMPLEMENTOS Y MATERIALES PARA TALLERES DE DIDECO;I MUNICIPALIDAD DE QUILICURA;69.071.300-4;DEPARTAMENTO COMPRAS PÚBLICAS;;;Región Metropolitana de Santiago;LE;Publicada;SUMINISTRO DE IMPLEMENTOS Y MATERIALES PARA TALLERES DE DIDECO, DECRETO ALCALDICIO E. N1323 APRUEBA BASES;2025-04-07T16:39:10.443;2025-04-14T15:00:00;2025-05-30T18:00:00;;CLP;0;0
1114-14-LQ25;CONST. SONDAJES DE OBSERV Y MEDICIÓN DE NIVELES;MINISTERIO DE OBRAS PUBLICAS DIREC CION GRAL DE OO PP DCYF;61.202.000-0;Dirección General de Aguas - Región Metropolitana;Bombero Salas 1351, 5 piso;Santiago;Región Metropolitana de Santiago;LQ;Publicada;CONSTRUCCIÓN SONDAJES DE OBSERVACIÓN Y MEDICIÓN DE NIVELES DE AGUAS SUBTERRÁNEAS, EN SECTORES HIDROGEOLÓGICOS DE APROVECHAMIENTO COMÚN SHAC TIL TIL EN COMUNA DE TIL TIL, Y ESTERO COVARRUBIAS EN COMUNA DE LO BARNECHEA, REGIÓN METROPOLITANA DE SANTIAGO.;2025-04-07T16:37:01.64;2025-04-28T15:00:00;2025-05-12T16:00:00;;CLP;0;0
3668-12-H225;MEJORAMIENTO PLAZA BARRIAL VALLE DE TANGO-LOS TILOS COMUNA CALERA DE TANGO CÓDIGO BIP 40063953-0;I MUNICIPALIDAD DE CALERA DE TANGO;69.072.800-1;Secretaria De Planificacion;Av. Calera de Tango 345;Calera De Tango;Región Metropolitana de Santiago;H2;Publicada;MEJORAMIENTO PLAZA BARRIAL VALLE DE TANGO-LOS TILOS COMUNA CALERA DE TANGO CÓDIGO BIP 40063953-0;2025-04-07T16:43:02.71;2025-05-09T09:30:00;2025-06-09T17:28:00;;CLP;0;0
711841-6-LE25;CAMPAÑA PLAN PROTEGE CALLE - CÓDIGO AZUL 2025;SUBSECRETARIA DE SERVICIOS SOCIALES;60.103.000-4;SUBSECRETARIA DE SERVICIOS SOCIALES;Catedral 1575, primer piso;Santiago Centro;Región Metropolitana de Santiago;LE;Publicada;El Ministerio de Desarrollo Social y Familia, a través de la Subsecretaría de Servicios Sociales y su Oficina Nacional de Calle, implementa el Plan Protege Calle, uno de los componentes del Programa Noche Digna, cuyo propósito es brindar alternativas de hospedaje y atención básica en la vía pública a personas en situación de calle en adelante también PSC, mitigando los efectos negativos que tiene para su salud el dormir a la intemperie sin los resguardos necesarios ante precipitaciones y bajas temperaturas. En este contexto, y considerando el aumento de episodios climáticos extremos en los últimos años, se ha fortalecido la implementación del Código Azul, una estrategia de activación extraordinaria que intensifica las acciones de protección ante eventos meteorológicos adversos. Este mecanismo complementa las iniciativas regulares del Plan Protege Calle, permitiendo la movilización de recursos y la articulación intersectorial para una respuesta rápida y efectiva en situaciones de emergencia climática;2025-04-07T16:44:13.443;2025-04-17T15:30:00;2025-06-02T18:00:00;;CLP;0;0
2337-20-LQ25;EQUIPOS Y EQUIPAMIENTO PARA EL HOGAR DE ANCIANOS;I MUNICIPALIDAD DE LINARES;69.130.300-4;SECRETARIA COMUNAL DE PLANIFICACION;Manuel Rodriguez 695;Linares;Región del Maule;LQ;Publicada;La necesidad de efectuar la contratación de: EQUIPOS Y EQUIPAMIENTOS PARA EL HOGAR DE ANCIANOS SAN CAMILO, LINARES financiado a través del Fondo Nacional de Desarrollo Regional.-;2025-04-07T16:46:44.507;2025-04-28T15:30:00;2025-07-31T17:35:00;;CLP;0;0
2467-52-L125;ADQUISICIÓN DE CASCOS BALISTICOS PARA PROCEDIMIENT;I MUNICIPALIDAD DE CHILLAN;69.140.900-7;IMUNI_CHILLAN ADQUISICIONES;18 de Septiembre 510;Chillán;Región del Ñuble;L1;Publicada;La I. Municipalidad de Chillán, requiere adquirir 14 cascos balísticos, con objeto de brindar un elemento de protección personal a aquellos funcionarios que desempeñan funciones de inspección y patrullaje preventivo en terreno dependientes de la Dirección de Seguridad e Inspección Municipal, según lo indicado en bases técnicas.;2025-04-07T16:36:03.987;2025-04-14T18:14:00;2025-05-30T18:15:00;;CLP;0;0
3853-10-L125;Contrato de Servicios Confección Prótesis Dentales;I MUNICIPALIDAD DE RIO BUENO;69.201.000-0;Depto. Salud;Avenida Prat 723;Río Bueno;Región de Los Ríos;L1;Publicada;El Departamento de Salud Municipal de Río Bueno, requiere adquirir Contrato de Confección de Prótesis Dentales , para el Programa Salud Bucal-Mejoramiento del Acceso a la Atención Odontológica, Prótesis - Año 2025 , de la Salud Primaria Municipal.;2025-04-07T16:35:55.2;2025-04-14T15:40:00;2025-05-05T16:00:00;6683040;CLP;0;0
5555-5-LE25;SERVICIOS DE SUMINISTRO PRODUCCIÓN DE EVENTOS FERIAS INSTITUTO DE SEGURIDAD LABORAL EN EL MARCO DE LA PARTICIPACIÓN CIUDADANA;INSTITUTO DE SEGURIDAD LABORAL;61.533.000-0;ISL Región Libertador General Bernardo O'Higgins;Juan Nicolás Rubio N 329;Rancagua;Región del Libertador General Bernardo OHiggins;LE;Publicada;E1O2RT9 El Instituto de Seguridad Laboral con motivo de difundir e informar en materias Seguridad y la Salud en el Trabajo y Seguro Escolar realizará 3 actividades de difusión masivas orientadas fundamentalmente a trabajadores y empleadores de las entidades que enteran en el Instituto de Segundad Laboral las cotizaciones previstas en la citada ley.;2025-04-07T16:35:52.327;2025-04-17T15:00:00;2025-04-29T15:00:00;12000000;CLP;0;0
3928-42-LE25;ADQUISICION DE NEUMATICOS PARA LOS VEHICULOS DEL D;ILUSTRE MUNICIPALIDAD DE PICHILEMU;69.091.201-5;Educación Municipal;ANGEL GAETE 365;Pichilemu;Región del Libertador General Bernardo OHiggins;LE;Publicada;ADQUISICION DE NEUMATICOS PARA LOS VEHICULOS DEL DAEM.;2025-04-07T16:31:29.6;2025-04-21T17:05:00;2025-04-28T17:05:00;13000000;CLP;0;0
2655-10-LP25;Relatorías Para Servicios Públicos y Empresas Priv;INSTITUTO DE SEGURIDAD LABORAL;61.533.000-0;ISL Región Metropolitana;SAN PABLO 2471 3ER PISO;Santiago Centro;Región Metropolitana de Santiago;LP;Publicada;SERVICIO DE RELATORÍAS EN MATERIAS DE SEGURIDAD Y SALUD EN EL TRABAJO, PARA SERVICIOS PÚBLICOS Y EMPRESAS PRIVADAS ADHERIDAS, BAJO EL ENFOQUE DE COMPETENCIAS PARA SER IMPARTIDAS A PERSONAS TRABAJADORAS ADHERIDAS AL INSTITUTO DE SEGURIDAD LABORAL, DIRECCIÓN REGIONAL METROPOLITANA;2025-04-07T16:31:00;2025-05-07T15:00:00;2025-05-30T18:00:00;;CLP;0;0
4642-35-LE25;Provisión e instalación de un equipo de climatización destinados al SEDILE y un compresor de climatización para el Servicio de Neonatología del Hospital de Carabineros.;DIRECCION DE LOGISTICA DE CARABINEROS;60.514.000-9;Fondos Hospitales;Valencia Nro. 2430;Ñuñoa;Región Metropolitana de Santiago;LE;Publicada;Provisión e instalación de un equipo de climatización destinados al SEDILE y un compresor de climatización para el Servicio de Neonatología, del Hospital de Carabineros. Res Ex 433 del 31.03.2025 que aprueba bases de licitación SOL 2500579-2500746 CDP 186-217;2025-04-07T16:25:22.783;2025-04-28T16:00:00;2025-05-19T17:00:00;;CLP;0;0
3882-33-LE25;SERVICIO DE RECOLECCIÓN SELECTIVA DE ENVASES Y EMBALAJES COMUNA DE LLAY LLAY.;I MUNICIPALIDAD DE LLAY LLAY;69.060.400-0;Ilustre Municipalidad de Llay Llay;Avda. Balmaceda 174;Llay-Llay;Región de Valparaíso;LE;Publicada;Se requiere la contratación del servicio de recolección selectiva de residuos reciclables en la comuna de Llay Llay, asegurando la cobertura de todos los sectores. El servicio incluirá la gestión y recolección de residuos desde jaulas de reciclaje distribuidas en la comuna, así como la retirada del excedente de residuos de las campanas de reciclaje, no gestionado por la empresa encargada de su operación principal, garantizando una adecuada recolección y gestión de los residuos reciclables generados en la comuna.;2025-04-07T16:30:02.6;2025-04-16T12:00:00;2025-04-22T12:00:00;;CLP;0;0
2686-54-LP25;SUMINISTRO DE ARTICULOS DE ESCRITORIOS Y OFICINA;I MUNICIPALIDAD DE COLINA;69.071.500-7;SECPLAN;AVENIDA COLINA N. 700.;Colina;Región Metropolitana de Santiago;LP;Publicada;SUMINISTRO DE ARTICULOS DE ESCRITORIOS Y OFICINA PARA LA MUNICIPALIDAD DE COLINA;2025-04-07T16:27:42.97;2025-05-02T15:05:00;2025-06-02T20:00:00;;CLP;0;0
2133-40-LP25;PPTA 154-25 DFL N36 COMPRA DE SERVICIO INTEGRAL GESTIÓN DEL CUIDADO TÉCNICOS DE ENFERMERÍA AUXILIARES Y KINESIÓLOGOS CCRR MÉDICO;HOSPITAL DOCTOR HERNAN HENRIQUEZ ARAVENA;61.602.232-6;HOSPITAL DR HERNAN HENRIQUEZ A COMPRA DE SERVICIO;Manuel Montt 115;Temuco;Región de la Araucanía;LP;Publicada;El objetivo principal de esta Propuesta Pública es la compra de servicio integral gestión del cuidado de Kinesiólogos, Auxiliares y Técnicos en Enfermería, para el CCRR Médico, a fin de no caer en la falta de servicio, pues con la dotación institucional no es posible dar cobertura necesaria para la atención clínica en los servicios de Hospitalización Domiciliaria, Infectología, Salud Mental, Medicina Interna y Peritoneodiálisis, Este servicio busca mantener el estándar de calidad y seguridad de la atención brindada a los pacientes, disminuyendo, el riesgo de eventos adversos, incluyendo además el ausentismo provocado por la sobrecarga laboral del personal otorgando atención a los pacientes según el estándar recomendado por nivel de complejidad en Ordinario C21/N 2110, del 17 de julio 2012. Cabe destacar que no contar con la prestación dificulta la atención de pacientes y pone en riesgo la oportunidad de la prestación de acciones del área de enfermería, área médica y de los procesos de atención kinésica afectando directamente en la recuperación de los usuarios. El servicio se realizará en dependencias del Hospital, en las mejores condiciones posibles para ambas partes, según se detalla en las bases técnicas y las cantidades en el Anexo N 1. El respectivo contrato estará sujeto a las disposiciones del Decreto con Fuerza de Ley N 36, del 10 de Julio de 1980 del Ministerio de Salud y sus modificaciones introducidas por la Ley N 18.417, en este sentido, El Prestador de Acciones de Salud se obligará a proporcionar por cuenta y a nombre del Hospital, y por la vía de la delegación, conforme a lo requerido por el inc. 1 del art. 2 del DFL 36/80 a los Beneficiarios del Régimen de Prestaciones de Salud de la Ley N 18.469, las acciones de prevención, fomento, recuperación, protección o de rehabilitación de salud que por este acto se licitan.;2025-04-07T16:29:11.983;2025-04-17T16:30:00;2025-07-14T17:00:00;217152340;CLP;0;0
895-6-LP25;CONSTRUC. ESTAC. FLUV. RIO CHOAPA ANTES EST CANELA;MINISTERIO DE OBRAS PUBLICAS DIREC CION GRAL DE OO PP DCYF;61.202.000-0;Dirección General de Aguas - IV Región;CIRUJANO VIDELA N 200 SEGUNDO PISO, LA SERENA;La Serena;Región de Coquimbo;LP;Publicada;Actualmente, la sección de la Estación Fluviométrica Río Choapa antes Estero La Canela no posee escurrimiento de las aguas superficiales, producto de un apozamiento en la sección del cauce del río Choapa en donde está emplazada, razón por la cual, en dicha sección no se puede aforar. El estancamiento de las aguas superficiales del río Choapa en la zona donde se ubica la estación, se debe principalmente a que a menos de 50 metros aguas abajo, existe una bocatoma artesanal, que mediante un pretil trasversal al río, permite la captación de casi la totalidad de las aguas del río Choapa, retardando el flujo y generando un represamiento. Por otro lado, la sección de la estación presenta un socavón en su lecho y se presume que la estación podría presentar problemas en su diseño, ya que no existe una pendiente adecuada para el escurrimiento de caudales bajos. Por lo tanto el objetivo de la presente licitación es reestablecer el monitoreo fluviométrico en el sector del Río Choapa ante del Estero Canela mediante el perfilamiento del cauce de la estación, considerando el nuevo diseño de la estación en condiciones hidráulicas estandarizadas para un período de retorno de 50 años.;2025-04-07T16:27:50.683;2025-04-28T16:00:00;2025-05-12T15:00:00;90000000;CLP;0;0
1110404-53-LR25;CONSERVACIÓN ESCUELA REPÚBLICA DE ISRAEL ARICA.;SERVICIO LOCAL DE EDUCACION DE CHINCHORRO;62.000.660-2;SLEPCH - EE - Programa 02;Calle Codpa N 2173;Arica;Región de Arica y Parinacota;LR;Publicada;La escuela república de Israel, establecimiento del Servicio Local de Educación Pública Chinchorro ubicado en calle Magallanes N1860, Arica. Presenta una infraestructura de tipología clásica de la sociedad constructora de establecimientos educacionales, en estructura metálica, albañilería en ladrillos, ventanas metálicas y cubiertas con estructura metálica, entramado en madera y cielos entablillado de madera. Desde el año 1996 se intervino ampliado con tres pabellones con la nueva tipología en dos pisos y el patio techado con infraestructura deportiva. En el sector de parvulario existe una cantidad significativas de falencias en cuanto a la habitabilidad y confort en los servicios higiénicos, enfermería, aulas de clases y patio recreativo que se encuentra en estado crítico en cuanto a la seguridad.;2025-04-07T16:29:28.62;2025-05-08T16:00:00;2025-05-29T10:00:00;;CLP;0;0
4642-33-LE25;contratación del servicio de mantención preventiva y correctiva para un equipo esterilizador por óxido de etileno marca 3m modelo sterie vac 5xle serie n722270 de cargo del Servicio de Esterilización del Hospital de Carabineros por un periodo de 24;DIRECCION DE LOGISTICA DE CARABINEROS;60.514.000-9;Fondos Hospitales;Valencia Nro. 2430;Ñuñoa;Región Metropolitana de Santiago;LE;Publicada;REX N398, 26.03.25 Aprobatoria de Bases para la contratación del servicio de mantención preventiva y correctiva para un equipo esterilizador por óxido de etileno, marca 3m, modelo sterie vac 5xle, serie N722270, de cargo del Servicio de Esterilización del Hospital de Carabineros, por un periodo de 24 meses, Ubicado en avenida Antonio Varas N2500 Ñuñoa solicitud 2500088-CDP 126-25;2025-04-07T16:25:07.37;2025-04-28T16:00:00;2025-05-19T17:30:00;;CLP;0;0
588809-5-CO25;EVALUACIONES MÉDICAS PIE 2025;CORPORACION MUNIC DE EDUC SALUD ATENCION;69.071.801-4;Corporación Municipal de Educación de Talagante;Balmaceda 1356;Talagante;Región Metropolitana de Santiago;CO;Publicada;1.- GENERALIDADES: La Corporación Municipal de Educación, Salud y Atención de Menores de Talagante, requiere mediante licitación pública contratar un Servicio de Evaluaciones Médicas PIE 2025 en el contexto de una educación integral e inclusiva de calidad y gestión efectiva en el proceso de ingreso al Programa de Integración Escolar PIE y de conformidad con la normativa vigente establecida en el Decreto 1702009, cuyo objetivo es garantizar el acceso a una educación de alto estándar y cumplir con el principio de igualdad de oportunidades. La Corporación de Educación requiere identificar de manera formal y profesional a aquellos estudiantes que presentan necesidades educativas especiales de carácter transitorio y permanente, con el propósito de brindar los apoyos y recursos necesarios a dichos estudiantes. Las especialidades requeridas son: Médico de Familia yo Pediatría , Neurólogo Infanto Juvenil, Neurólogo o Psiquiatra Adulto y Psiquiatra Infantil. En virtud de lo expuesto, a través de la Coordinación Comunal del PIE, se llevarán a cabo evaluaciones médicas integrales a los estudiantes que ingresan al Programa de Integración Escolar en el año 2025. Estas evaluaciones afectarán a aproximadamente, 1.335 niñas, niños, jóvenes y adultos, distribuidos en 10 Establecimientos Educacionales Municipales de la Comuna de Talagante.;2025-04-07T16:24:43.307;2025-04-14T15:13:00;2025-04-18T12:14:00;31033365;CLP;0;0
660-5-LE25;SEGUIMIENTO REVISIÓN Y FISCALIZACIÓN DE PROYECTOS;SUBSECRETARIA DEL MINISTERIO DE LA VIVIENDA Y URBANISMO;61.834.000-7;SEREMI IX REGION;Manuel Bulnes N 853 Temuco;Temuco;Región de la Araucanía;LE;Publicada;APOYO SERVIU MALLECO PARA EL SEGUIMIENTO, REVISIÓN Y FISCALIZACIÓN DE PROYECTOS HABITACIONALES ENFOCADO EN LAS METAS REGIONALES Y MINISTERIALES;2025-04-07T16:24:15.257;2025-04-21T17:10:00;2025-04-29T14:26:00;38400000;CLP;0;0
4469-32-L125;S.C. N 37054, (U.F.), TALA DE ARBOL, PINO UBICADO EN CASA CENTRAL. UPLA.;UNIVERSIDAD DE PLAYA ANCHA DE CIENCIAS DE LA EDUCACION;70.754.700-6;ADQUISICIONES;Avda.Playa Ancha N850, Playa Ancha,Valparaíso;Valparaíso;Región de Valparaíso;L1;Publicada;S.C. N 37054, (U.F.), TALA DE ARBOL, PINO UBICADO EN CASA CENTRAL. UPLA.;2025-04-07T16:24:12.647;2025-04-15T16:00:00;2025-04-25T17:27:00;4499999;CLP;0;0
1180964-1-LQ25;REPOSICION CLINICAS DENTALES MOVILES SSA;SERVICIO DE SALUD ARAUCO;61.954.500-1;COMPRAS CONVENIO GORE SSARAUCO;Avenida Arturo Prat N 525;Concepción;Región del Biobío;LQ;Publicada;El Servicio de Salud Arauco requiere reponer dos 2 Clínicas Dentales Móviles, que debe contar con características obligatorias mínimas de un Vehículo tipo Furgón con techo alto y estas son CADA UNA DE LAS CLINICAS ADEMAS DEBE CONTAR CON LO SIGUEINTE Motor adecuado con cilindrada desde 1.900L, Frenos ABS Equipado con: 1 sillón dental mas compresor Debe contar con micromotor Equipo de destartraje Lámpara fotocurado Taburete dental Carro trimodular ETC.;2025-04-07T16:23:58.53;2025-04-28T15:01:00;2025-05-19T19:00:00;;CLP;0;0
2583-74-L125;SP N 89/Adquis. de elementos de seguridad vial/Transito y t/ptg;I MUNICIPALIDAD DE MAIPU;69.070.900-7;I. MUNI MAIPU DEPARTAMENTO DE ADQUISICIONES;Por correo electrónico;Las Condes;Región Metropolitana de Santiago;L1;Publicada;Adquisición de elementos de seguridad vial en la comuna.;2025-04-07T16:22:46.373;2025-04-14T15:00:00;2025-04-29T15:08:00;3000000;CLP;0;0
1867-22-LE25;Servicio de Mantenimiento de vehículos de la DGMN;DIRECCION GENERAL DE MOVILIZACIONN NACIONAL;61.110.000-0;DIRECCION GENERAL DE MOVILIZACIONN NACIONAL;Vergara 262;Santiago Centro;Región Metropolitana de Santiago;LE;Publicada;La DGMN convoca a personas naturales o jurídicas, ya sea que se presenten de manera individual o unidas mediante Uniones Temporales de Proveedores integradas por una o más empresas de menor tamaño, chilenas o extranjeras, que al momento de ofertar se encuentren hábiles en el Registro de Proveedores a cargo de la Dirección de Compras y Contratación Pública, para contratar el servicio de mantenimiento preventivo o correctivo de 16 vehículos motorizados de uso de esta Dirección.;2025-04-07T16:21:07.267;2025-04-15T14:00:00;2025-04-25T17:00:00;;CLP;0;0
1099402-12-LE25;SERV. ODONT.PARA MÁS SONRISAS Y SEMBRANDO SONRISAS;CENTRO DE SALUD FAMILIAR CESFAM LLAY LLAY;62.000.620-3;Bienes y Servicios;AGUSTIN EDWARDS 59;Llay-Llay;Región de Valparaíso;LE;Publicada;Programa Estrategias de Salud Bucal en su Estrategia Sembrando Sonrisas y Atención Integral en su componente Más Sonrisas para Chile, del Centro de Salud Familiar Llay-Llay.;2025-04-07T16:22:45.943;2025-04-17T11:00:00;2025-04-25T19:58:00;;CLP;0;0
1292-12-LE25;Material Granular Comuna de San Rafael;MINISTERIO DE OBRAS PUBLICAS DIREC CION GRAL DE OO PP DCYF;61.202.000-0;Dirección de Vialidad - VII Región - Provincia de Talca;Longitudinal Sur s/n km. 253,2 Cruce Varoli;Talca;Región del Maule;LE;Publicada;La Dirección de Vialidad Región del Maule, invita a presentar propuestas a licitación pública para la adquisición de COMPRA DE MATERIAL GRANULAR COMUNA DE SAN RAFAEL PARA OBRAS POR PROYECTO DE ADMINISTRACION DIRECTA AÑO 2025 DE LA DIRECCION PROVINCIAL DE VIALIDAD TALCA, Región del Maule, conforme a los requerimientos administrativos y técnicos descritos en las presente Bases de Licitación.;2025-04-07T16:20:17.337;2025-04-17T15:02:00;2025-04-22T15:00:00;48000000;CLP;0;0
3090-9-LE25;MATERIALES Y ÚTILES QUIRÚRGICOS;DIRECCION DE ABASTECIMIENTO DE LA ARMADA;61.102.067-8;CENTRAL ODONTOLOGICA IIA. ZONA NAVAL;MICHIMALONCO S/N BASE NAVAL DE TALCAHUANO;Talcahuano;Región del Biobío;LE;Publicada;La necesidad de adquirir Materiales y Útiles Quirúrgicos que permitan abastecer las diversas especialidades que se realizan en las clínicas dependientes de la Central Odontológica de la Segunda Zona Naval.;2025-04-07T16:20:11.08;2025-04-15T16:00:00;2025-04-23T18:00:00;14500000;CLP;0;0
1562-21-LE25;insumos impresora de credenciales MC210 DS DLamin;SERVICIO NACIONAL DE GEOLOGIA Y MINERIA;61.702.000-9;Servicio Nacional de Geología y Minería;Avda. Santa María N 0180;Providencia;Región Metropolitana de Santiago;LE;Publicada;Se requiere la compra de insumos para la impresión de 4.000 credenciales por ambas caras en la impresora de credenciales MC210 DS DLamin asociada a los cursos que desarrolla, cambios de categoría y renovación de credenciales del Centro de Capacitación de Minería y Geología del SERNAGEOMIN. Los oferentes deberán presentar sus ofertas incluyendo todos los insumos y sus cantidades descritos a continuación. 2.1 Características técnicas de los insumos. Los oferentes deberán presentar sus ofertas incluyendo todos los insumos y sus cantidades descritos a continuación, es decir, el no cumplir con uno de estos insumos dejará al oferente fuera de evaluación: 2.1.1 Patch Laminación CLR 500i CANTIDAD: 16 2.1.2 Ribbon Color YMCKO 250i CANTIDAD: 32 2.1.3 Kit Limpieza MC310 Extend CANTIDAD: 4;2025-04-07T16:16:00;2025-04-22T15:00:00;2025-05-02T19:00:00;9900000;CLP;0;0
4290-49-LE25;Levantamiento de roles aplicación de impuesto;I MUNICIPALIDAD DE LIMACHE;69.061.100-7;Secpla - MUNICIPALIDAD LIMACHE;Palmira Romano Sur N 340;Limache;Región de Valparaíso;LE;Publicada;Levantamiento de roles para aplicación de impuesto territorial y permiso de edificación de acuerdo a Ley de Rentas Municipales.;2025-04-07T16:14:08.35;2025-04-21T16:00:00;2025-05-09T17:00:00;;CLP;0;0
1075337-20-LE25;ARRIENDO DE RELOJ BIOMÉTRICO DE ASISTENCIA;SERVICIO DE SALUD ARAUCANIA NORTE HOSPITAL DE ANGOL;61.602.222-9;Bienes y Servicio;GENERAL BONILLA #695;Angol;Región de la Araucanía;LE;Publicada;El objetivo de la presente licitación es la contratación del servicio de arriendo de relojes biométricos para el registro y control de asistencia de los funcionarios del Hospital Dr. Mauricio Heyermann Torres de Angol.;2025-04-07T16:10:02.443;2025-04-17T15:05:00;2025-05-05T17:00:00;;CLP;0;0
5586-44-LE25;BR ADQUISICIÓN DE EXTRUSOR DE MORTERO CON CAUDAL 6-12 IMIN Y CONTENEDOR 50 L;UNIVERSIDAD DE LA FRONTERA;87.912.900-1;Universidad de la Frontera;AVENIDA FRANCISCO SALAZAR 1145;Temuco;Región de la Araucanía;LE;Publicada;ADQUISICIÓN DE EXTRUSOR DE MORTERO CON CAUDAL 6-12 I/MIN Y CONTENEDOR 50 L, DE ACUERDO A REQUERIMIENTO ADJUNTO;2025-04-07T16:08:57.557;2025-04-17T10:00:00;2025-05-09T17:00:00;;CLP;0;0
3181-14-LP25;SEGUNDO LLAMADO LICITACIÓN PÚBLICA OBRA DE CONFIANZA MEJORAMIENTO BORDE CEMENTERIO E IMPLEMENTACIÓN VIAL BARRIO NORORIENTE COMUNA DE MACHALÍ;ILUSTRE MUNICIPALIDAD DE MACHALI;69.080.200-7;ILUSTRE MUNICIPALIDAD DE MACHALI;;;Región del Libertador General Bernardo OHiggins;LP;Publicada;SEGUNDO LLAMADO LICITACIÓN PÚBLICA OBRA DE CONFIANZA MEJORAMIENTO BORDE CEMENTERIO E IMPLEMENTACIÓN VIAL BARRIO NORORIENTE, COMUNA DE MACHALÍ;2025-04-07T16:07:00;2025-04-28T15:00:00;2025-05-16T18:00:00;82800000;CLP;0;0
3666-8-LP25;SERVICIO DE TELEFONÍA FIJA IP E INTERNET DEDICADO;I MUNICIPALIDAD DE TIL TIL;69.071.600-3;Secretaria Comunal Planificacion;AV. ARTURO PRAT 200;Til Til;Región Metropolitana de Santiago;LP;Publicada;Se requiere la implementación de servicio de internet dedicado y telefonía fija IP para la Ilustre Municipalidad de Tiltil y dependencias;2025-04-07T16:04:28.167;2025-04-28T15:00:00;2025-06-09T15:30:00;110548584;CLP;0;0
4172-21-LE25;INSUMOS DENTALES PANIMAVIDA;ILUSTRE MUNICIPALIDAD DE COLBUN;69.130.500-7;Salud;Adolfo Novoa 236;Colbún;Región del Maule;LE;Publicada;se solicita adquirir insumos dentales para el cesfam de Panimávida, según Programa Estrategias de Salud Bucal año 2025.;2025-04-07T16:07:27.54;2025-04-15T17:34:00;2025-04-30T17:35:00;;CLP;0;0
2080-185-LE25;COMPRA INSUMOS PARA TERAPIA OCUPACIONAL;SERVICIO DE SALUD DEL LIBERTADOR B O'HIGGINS HOSPITAL REG RANCAGUA;61.602.138-9;Hospital Regional Rancagua - HRR;Avenida Salvador Allende N 350;Rancagua;Región del Libertador General Bernardo OHiggins;LE;Publicada;El Hospital Dr. Franco Ravera Zunino, en adelante el Hospital, llama a licitación pública para el Suministro de Inmunoglobulinas para el Hospital Dr. Franco Ravera Zunino;2025-04-07T16:05:49.23;2025-04-17T15:00:00;2025-06-23T19:00:00;;CLP;0;0
4469-25-L125;S.C. N37009 (U.F.), REACTIVOS, SOLUCIONES Y OTROS PARALABORATORIO HUB AMBIENTAL. PROY. FONDECYT.UPLA.;UNIVERSIDAD DE PLAYA ANCHA DE CIENCIAS DE LA EDUCACION;70.754.700-6;ADQUISICIONES;Avda.Playa Ancha N850, Playa Ancha,Valparaíso;Valparaíso;Región de Valparaíso;L1;Publicada;S.C. N37009 (U.F.), REACTIVOS, SOLUCIONES Y OTROS PARALABORATORIO HUB AMBIENTAL. PROY. FONDECYT.UPLA. ART. 38 SEGUN LEY 21094 DE UNIVERSIDADES ESTATALES.;2025-04-07T16:09:29.107;2025-04-15T16:00:00;2025-04-25T17:37:00;3932758;CLP;0;0
1079580-7-LE25;ADQUISICIÓN DE REPUESTOS Y ACCESORIOS PARA EL MANTENIMIENTO Y REPARACIÓN DE VEHÍCULOS DE LA ZONA DE CARABINEROS ÑUBLE.;DIRECCION DE LOGISTICA DE CARABINEROS;62.000.520-7;SECCIÓN COMPRAS ZONA DE CARABINEROS ÑUBLE;GAMERO NRO. 1196, CHILLAN;Chillán;Región del Ñuble;LE;Publicada;ADQUISICIÓN DE REPUESTOS Y ACCESORIOS PARA EL MANTENIMIENTO Y REPARACIÓN DE VEHÍCULOS DE LA ZONA DE CARABINEROS ÑUBLE;2025-04-07T16:04:40.127;2025-04-14T18:51:00;2025-05-15T18:52:00;10657125;CLP;0;0
618775-3-LE25;ELABORACIÓN Y EJECUCIÓN DE UN PROGRAMA FORMATIVO PARA LA FORMULACIÓN DE PROYECTOS AMBIENTALES EN EL MARCO DEL FONDO DE PROTECCIÓN AMBIENTAL;SUBSECRETARIA DEL MEDIO AMBIENTE;61.979.930-5;Seremi Antofagasta;San Martín 73, piso 1;Santiago;Región de Antofagasta;LE;Publicada;desarrollar un programa formativo dirigido a personas representantes de organizaciones territoriales y funcionales de las comunas de Mejillones y Tocopilla, a fin de fortalecer capacidades, entregar competencias y herramientas necesarias para la formulación de proyectos ambientales;2025-04-07T16:05:27.693;2025-04-17T16:45:00;2025-05-05T17:46:00;5000000;CLP;0;0
1658-118-LQ25;P.410-2024 CONTRATO DE SUMINISTRO DE GRADERIAS ESCENARIOS SILLAS Y MESAS CON TRASLADO INSTALACIÓN Y RETIRO PARA LA MUNICIPALIDAD DE TEMUCO;I MUNICIPALIDAD DE TEMUCO;69.190.700-7;I MUNICIPALIDAD DE TEMUCO;Arturo Prat 650;Temuco;Región de la Araucanía;LQ;Publicada;CONTRATO DE SUMINISTRO DE GRADERIAS, ESCENARIOS, SILLAS Y MESAS CON TRASLADO, INSTALACIÓN Y RETIRO PARA LA MUNICIPALIDAD DE TEMUCO (SEGUNDO LLAMADO);2025-04-07T16:05:20.02;2025-04-28T15:00:00;2025-06-30T16:48:00;;CLP;0;0
4205-5-LE25;ADQUISICIÓN DE TINTAS Y TONER PARA ESCUELAS MUNICI;I MUNICIPALIDAD DE CURACAVI;69.073.900-3;Educación;Los Patriotas N2040;Curacaví;Región Metropolitana de Santiago;LE;Publicada;Decreto Exento N 502 de fecha 03 de marzo de 2025 que aprueba bases para la Adquisición de tintas y tóner para escuelas municipales de la comuna de Curacaví 2025.;2025-04-07T16:06:48.687;2025-04-17T12:00:00;2025-04-30T12:17:00;;CLP;0;0
1057547-170-LP25;CONVENIO DE SUMINISTRO DE ELEMENTOS DE PROTECCIÓN;SERVICIO DE SALUD VALDIVIA HOSPITAL BASE;61.607.502-0;Bienes y Servicios;Bienes y Servicios;Valdivia;Región de Los Ríos;LP;Publicada;CONVENIO DE SUMINISTRO DE ELEMENTOS DE PROTECCIÓN RADIOLÓGICA PERSONAL PARA FUNCIONARIOS Y PACIENTES DEL HOSPITAL BASE VALDIVIA;2025-04-07T16:04:27.43;2025-04-28T19:00:00;2025-07-07T19:59:00;84800000;CLP;0;0
1658-143-L125;S02-25/TURISMO, PATRIMONIO Y CULTURA/ MUSEO FERROVIARIO/ SERVICIO REPARACIONES ELECTRICAS EN PARQUE, CASINO Y GALERIA DE ARTE, SEGÚN ESPECIFICACIONES TÉCNICAS ADJUNTAS;I MUNICIPALIDAD DE TEMUCO;69.190.700-7;I MUNICIPALIDAD DE TEMUCO;CALLE IMPERIAL 40;Temuco;Región de la Araucanía;L1;Publicada;SERVICIO REPARACIONES ELECTRICAS EN PARQUE, CASINO Y GALERIA DE ARTE, SEGÚN ESPECIFICACIONES TÉCNICAS ADJUNTAS;2025-04-07T16:04:15.09;2025-04-15T17:00:00;2025-04-30T17:00:00;2950000;CLP;0;0
2115-19-LE25;SERVICIO DE ARRIENDO DE COMPUTADORES;CENTRO DE REFERENCIA DE SALUD DE MAIPU;65.061.030-k;Departamento de Abastecimiento;Camino Rinconada 1001;Maipú;Región Metropolitana de Santiago;LE;Publicada;El objeto de esta licitación es la implementación del SERVICIO DE ARRIENDO DE COMPUTADORES por un periodo de 24 meses, de acuerdo con lo requerido en las Bases Técnicas del presente llamado a Licitación Pública.;2025-04-07T15:59:40.64;2025-04-16T15:05:00;2025-05-16T14:29:00;;CLP;0;0
607-13-LR25;MANT. Y CONS. SISTEMA HÍDRICO DEL PARQUEMET;PARQUE METROPOLITANO DE SANTIAGO;61.809.000-0;Adquisiciones;PIO NONO N450 RECOLETA;Recoleta;Región Metropolitana de Santiago;LR;Publicada;MANTENCIÓN Y CONSERVACIÓN DEL SISTEMA HÍDRICO DEL PARQUE METROPOLITANO DE SANTIAGO;2025-04-07T16:00:32.72;2025-05-12T20:00:00;2025-06-04T17:30:00;655341000;CLP;0;0
2561-10-LE25;ADQUISICIÓN MAQUINA BIOIMPEDANCIOMETRÍA ESCUELA;DIRECCION GENERAL DE GENDARMERIA DE CHIL;61.004.035-7;Escuela de Gendarmería;Artemio Gutierrez 1153;Alhué;Región Metropolitana de Santiago;LE;Publicada;SE REQUIERE LA ADQUISICIÓN DE MAQUINAS BIOIMPEDANCIOMETRÍA, PARA PROCESO DE EVALUACIÓN PARA SELECCIÓN DE POSTULANTES A LA ESCUELA DE GENDARMERIA DE CHILE. E1O2RT9.;2025-04-07T15:59:34.453;2025-04-16T15:00:00;2025-04-25T18:00:00;;CLP;0;0
636811-2-LE25;MEJORAMIENTO SALAS DE BAÑO SERVICIOS DE INDIFERENC;SERVICIO DE SALUD DEL MAULE HOSPITAL DE MOLINA;61.606.908-k;Servicios Generales;AVDA. LUIS CRUZ MARTINEZ N2780, MOLINA;Molina;Región del Maule;LE;Publicada;MANTENCIÓN DE EDIFICACIONES SECTOR BAÑOS DE INDIFERNCIADOS HOSPITALIZADOS Se contempla visita a terreno obligatoria para el viernes 11 de abril a las 11:00 hrs.;2025-04-07T15:56:46.763;2025-04-21T15:01:00;2025-04-24T12:30:00;;CLP;0;0
1057536-17-H225;ADMINISTRACIÓN HOSPITAL DE DIA;SERVICIO SALUD DEL RELONCAVI;61.607.700-7;Servicio de Salud del Reloncaví;ESMERALDA 269, PISO 5 POBL. ESMERALDA;Puerto Montt;Región de los Lagos;H2;Publicada;SE REQUIERE LA ADMINISTRACIÓN DEL HOSPITAL DE DIA POR 12 MESES, MONTO REFERENCIAL DE CONTRATACIÓN $168.892.244 IVA INCLUIDO.;2025-04-07T15:55:37.643;2025-04-22T16:00:00;2025-05-29T17:29:00;168892944;CLP;0;0
4436-2-LE25;PROCEDIMIENTO DE MANTENCIÓN PARA EL CONTROL DE PLAGAS DEL MUSEO DEL LIMARÍ.;SERVICIO NACIONAL DEL PATRIMONIO CULTURAL;60.905.000-4;MUSEO DEL LIMARÍ;Covarrubias S/N;Ovalle;Región de Coquimbo;LE;Publicada;Servicio de mantención para control de plagas del museo del Limarí.;2025-04-07T15:54:44.583;2025-04-21T15:30:00;2025-05-22T20:00:00;;CLP;0;0
2159-6-CO25;SUMINISTRO REPUESTOS TALLER MECANICO 2025;CORP MUNICIPAL DE PANGUIPULLI;71.016.300-6;CMP;Sor Mercedes 136;Panguipulli;Región de Los Ríos;CO;Publicada;SUMINISTRO REPUESTOS TALLER MECANICO 2025;2025-04-07T15:46:16.01;2025-04-17T09:00:00;2025-04-23T18:00:00;;CLP;0;0
1274667-13-LE25;JJA-MOVIL PASAJEROS APS-SEGUNDO LLAMADO;CENTRO DE SALUD FAMILIAR PUERTO AYSÉN;62.000.940-7;CENTRO DE SALUD FAMILIAR PUERTO AYSÉN;ELEUTERIO RAMÍREZ 455;Aysén;Región Aysén del General Carlos Ibáñez del Campo;LE;Publicada;SE REQUIERE CUBRIR EL SERVICIO DE TRANSPORTE DE PERSONAL CON MINI BUS PARA LOS MESES DE MAYO HASTA DICIEMBRE 2025;2025-04-07T15:51:20.827;2025-04-22T10:01:00;2025-04-25T10:02:00;;CLP;0;0
1328668-6-LP25;ADQ. MATERIAL DE ENSEÑANZA NIÑAS Y NIÑOS ND;JUNTA NACIONAL DE JARDINES INFANTILES;70.072.600-2;JUNJI ARICA GORE;Ramon Carnicer Poniente #3186, Tierras Blancas;Arica;Región de Arica y Parinacota;LP;Publicada;El objeto de la presente licitación es realizar la compra de material de enseñanza para niñas y niños neurodivergentes de la Junta Nacional de Jardines Infantiles de Arica y Parinacota, ajustándose a los criterios de sustentabilidad de acuerdo con el Requisito Técnico NE1O2RT9;2025-04-07T15:51:08.51;2025-04-25T13:19:00;2025-06-04T23:50:00;86258209;CLP;0;0
1328668-7-LQ25;ADQ. MATERIAL DE ENSEÑANZA NIÑOS Y NIÑAS NT;JUNTA NACIONAL DE JARDINES INFANTILES;70.072.600-2;JUNJI ARICA GORE;Ramon Carnicer Poniente #3186, Tierras Blancas;Arica;Región de Arica y Parinacota;LQ;Publicada;El objeto de la presente licitación es realizar la compra de material de enseñanza para niñas y niños neurodivergentes de la Junta Nacional de Jardines Infantiles de Arica y Parinacota, ajustándose a los criterios de sustentabilidad de acuerdo con el Requisito Técnico NE1O2RT9;2025-04-07T15:51:17.013;2025-04-25T18:00:00;2025-06-04T23:50:00;;CLP;0;0
738-7-LE25;DIFUSION PROGRAMA FNDR DE APOYO CRIANCEROS;INSTITUTO DE DESARROLLO AGROPECUARIO;61.307.000-1;Unidad de Compra Región de Atacama;Las Heras 241;Alto Del Carmen;Región de Atacama;LE;Publicada;Se requiere la contratación de un oferente del ramo que provea los servicios de ejecución de plan de medios para difusión de programas de INDAP con el fin de comunicar beneficios y logros de ambos programas. Para estos efectos, se entenderá que son gastos de publicidad y difusión para el cumplimiento de las funciones de los referidos organismos, aquellos necesarios para el adecuado acceso, comunicación o concursabilidad de los incentivos que otorgan.;2025-04-07T15:51:33.487;2025-04-14T15:30:00;2025-04-25T18:00:00;;CLP;0;0
5020-3-L125;Contratación del Servicio de Retiro, Transporte y Eliminación de Residuos Especiales y Peligrosos para el Centro Clínico Militar Punta Arenas;COMANDO DE APOYO A LA FUERZA;65.940.830-9;Centro Clínico Militar Punta Arenas - CCM Pta Aren;Avda. 21 de mayo N1167;Punta Arenas;Región de Magallanes y de la Antártica;L1;Publicada;Contratación del Servicio de Retiro, Transporte y Eliminación de Residuos Especiales y Peligrosos para el Centro Clínico Militar Punta Arenas;2025-04-07T15:48:59.367;2025-04-14T17:00:00;2025-05-08T17:00:00;2000000;CLP;0;0
1077920-7-LQ25;DROGA DAC ABIRATERONA 500MG PARA EL C.O.N.;CENTRO ONCOLOGICO DEL NORTE;62.000.380-8;Farmaco;LOS PUMAS # 10255 CHIMBA ALTO ANTOFAGASTA;Antofagasta;Región de Antofagasta;LQ;Publicada;El Centro Oncológico del Norte, requiere la Adquisición de Droga DAC ABIRATERONA 500 MG en comprimido, para pacientes con cáncer prostático, y así resolver la demanda asistencial y dar continuidad al tratamiento de pacientes oncológicos. El objetivo de la presente Licitación es realizar un Convenio de Suministro con aquellos proveedores que resulten adjudicados, a fin de asegurar en cantidad, calidad y oportunamente, la droga requerida para la resolución de la demanda asistencial de las Unidades Clínicas del Centro Oncológico del Norte.;2025-04-07T15:44:17.927;2025-04-21T15:05:00;2025-06-09T19:47:00;173000000;CLP;0;0
4525-3-LE25;EVALUACIONES MEDICAS PROGRAMA DE INTEGRACION .;MUNICIPALIDAD DE HUALPEN;69.264.400-k;DAEM;LOS ESCRITORES 595 VILLA ACERO FRENTE escuela carabineros;Hualpén;Región del Biobío;LE;Publicada;EVALUACIONES MEDICAS, PROGRAMA DE INTEGRACIOMN ESCOLAR PIE, HUALPEN 2025.;2025-04-07T15:45:02.56;2025-04-17T18:48:00;2025-04-30T15:49:00;;CLP;0;0
1746-4-L125;RONDAS INTERLABORATORIO/ENSAYOS DE APTITUD;SUBSECRETARIA DE SALUD PUBLICA;61.601.000-K;Seremi de Salud XI Región;CARRERA 257, 4TO. PISO;Coyhaique;Región Aysén del General Carlos Ibáñez del Campo;L1;Publicada;RONDAS INTERLABORATORIO/ENSAYOS DE APTITUD;2025-04-07T15:54:19.06;2025-04-14T15:00:00;2025-04-16T17:00:00;3500000;CLP;0;0
2069-59-LE25;CGM MANTE PREV Y CORREC CAMARA MORTUARIA;SERVICIO DE SALUD METROPOLITANO SUR HOSP;61.608.101-2;HOSPITAL BARROS LUCO TRUDEAU;Gran Avenida 3204;San Miguel;Región Metropolitana de Santiago;LE;Publicada;El Hospital Barros Luco Trudeau, como Establecimiento Autogestionado en Red, desempeña funciones asistenciales ambulatorias, hospitalarias y de urgencia, haciendo uso de diversos equipos. Estos equipos son fundamentales para el desarrollo eficiente de las funciones asistenciales del hospital. En virtud de lo anterior, se busca contratar el Servicio de Mantenimiento Preventivo y Correctivo para sus cámaras de refrigeración mortuorias y su correspondiente carro elevadore de cadáveres. Este servicio deberá cumplir con las condiciones estipuladas en las bases de la licitación y seguir las recomendaciones del fabricante. El objetivo es garantizar el óptimo funcionamiento de los equipos, contribuir a la seguridad tanto del paciente como del personal, y prolongar la vida útil de los equipos. Los equipos sujetos a este servicio se detallan en el cuadro siguiente: En el ámbito técnico, se evaluará la oferta que cumpla con los requisitos establecidos en las bases, considerando la idoneidad y calidad técnica del oferente. El objetivo es asegurar que el adjudicatario se ajuste de manera precisa a los requisitos específicos que el Hospital Barros Luco Trudeau ha detallado para la ejecución del contrato licitado. En el ámbito económico, se espera recibir ofertas ventajosas que se encuentren dentro de los precios de mercado. Este factor también será evaluado para garantizar una propuesta que represente una relación costo-beneficio favorable para el Hospital. Es importante destacar que el Hospital adjudicará la licitación a un solo proveedor, para todos los ítems del proceso. El criterio de adjudicación se basará en el puntaje obtenido conforme a las pautas de evaluación que se detallarán más adelante. Cada oferente deberá presentar una oferta por la totalidad de los equipos detallados. En caso de no cumplir con este requisito, su oferta será declarada inadmisible.;2025-04-07T15:43:55.56;2025-04-17T16:00:00;2025-07-17T18:00:00;46000000;CLP;0;0
3833-13-LQ25;3er Llamado Sist. de Inf. Gestión Municipal;I MUNICIPALIDAD DE RIO BUENO;69.201.000-0;I MUNICIPALIDAD DE RIO BUENO;COMERCIO #603 I MUNICIPALIDAD DE RÍO BUENO;Río Bueno;Región de Los Ríos;LQ;Publicada;3ER LLAMADO: CONTRATO DE SUMINISTRO, MANTENCIÓN, ARRIENDO Y PROVISIÓN DE SISTEMA DE INFORMACIÓN DE GESTIÓN MUNICIPAL;2025-04-07T15:42:07.317;2025-04-17T17:00:00;2025-04-30T17:00:00;3620;CLF;0;0
1057532-26-LE25;SERVICIO DE EXAMENES CON INFORME RADIOLOGICO;SERVICIO DE SALUD OSORNO;61.607.600-0;Bienes y Servicios;Av. Juan Mackenna N825, Edificio Plaza Sur;Osorno;Región de los Lagos;LE;Publicada;La presente licitación tiene como objetivo de mantener la disponibilidad de exámenes de la especialidad de ecotomografía abdominal y mamaria para los usuarios de los Hospitales dependientes del Servicio de Salud Osorno.;2025-04-07T15:37:15.697;2025-04-17T15:00:00;2025-06-03T17:00:00;13000000;CLP;0;0
5657-3-LP25;ADQUISICIÓN DE PLANTAS PARA EL PLAN DE RESTAURACIÓN DE BOSQUES NATIVOS A GRAN ESCALA REGIÓN DE LOS RIOS;CORP NACIONAL FORESTAL;61.313.000-4;XIV región - Oficina Regional de Los Rios;Esmeralda 415;La Unión;Región de Los Ríos;LP;Publicada;Adquirir plantas de los oferentes, personas naturales o jurídicas, que sean contribuyentes de primera categoría, para abastecer los requerimientos de los diferentes Proyectos de la Corporación.;2025-04-07T15:36:41.79;2025-04-23T10:03:00;2025-04-28T10:04:00;96390000;CLP;0;0
3928-41-L125;SERVICIO DE TRASLADO ESCOLARES ENSEÑANZA BASICA Y MEDIA ESTABLECIMIENTOS ESDUCACIONALES MUNICIPALES AÑO 2025;ILUSTRE MUNICIPALIDAD DE PICHILEMU;69.091.201-5;Educación Municipal;Angel Gaete 365;Pichilemu;Región del Libertador General Bernardo OHiggins;L1;Publicada;CONTRATO DE SUMINISTRO SERVICIO DE TRASLADO ESCOLARES ENSEÑANZA BASICA Y MEDIA ESTABLECIMIENTOS ESDUCACIONALES MUNICIPALES AÑO 2025;2025-04-07T15:36:33.403;2025-04-14T16:00:00;2025-04-21T16:20:00;;CLP;0;0
937232-31-LE25;CONVENIO DE INSUMOS PARA GINECOLOGIA ESTERILIZABLE;CENTRO DE REFERENCIA DE SALUD HOSPITAL PROVINCIA CORDILLERA;61.980.620-4;Centro de Referencia de Salud Hospital Provincia Cordillera;;;Región Metropolitana de Santiago;LE;Publicada;EL CRS Hospital Provincia Cordillera requiere abastecer de forma oportuna las distintas unidades clínicas. Esta adquisición presenta los siguientes objetivos: Contar con productos solicitados e indicados por el médico tratante para procedimientos y tratamiento a pacientes ambulatorios. Contar con Pesarios para el tratamiento de prolapso en pacientes con diagnóstico de prolapso de órganos pelvianos. Asegurar la entrega oportuna insumos para por las diferentes unidades clínicas para continuar con los tratamientos de los pacientes ambulatorios.;2025-04-07T15:35:02.733;2025-04-17T15:00:00;2025-05-19T18:00:00;;CLP;0;0
3882-30-LE25;SERVICIO DE MANTENCIONES DE FLOTA VEHICULAR;I MUNICIPALIDAD DE LLAY LLAY;69.060.400-0;Ilustre Municipalidad de Llay Llay;Avda. Balmaceda 174;Llay-Llay;Región de Valparaíso;LE;Publicada;Se requiere con la intención de realizar un contrato de suministro con taller mecánico que realice mantenciones preventivas, como correctivas a la Flota de vehículos municipales por el periodo 2025 siguiendo como base las especificaciones Técnicas del presente proceso.;2025-04-07T15:30:03.167;2025-04-21T15:01:00;2025-04-25T12:00:00;;CLP;0;0
5539-12-LE25;Transporte Terrestre Pruebas Piloto 2025;UNIVERSIDAD DE CHILE;60.910.000-1;UCHILE Depto.Evaluac. y Medicion Educacional DEMRE;Avda. José Pedro Alessandri 685;Ñuñoa;Región Metropolitana de Santiago;LE;Publicada;El DEMRE de la Universidad de Chile requiere la contratación del Servicio de Transporte Terrestre para la Distribución de Pruebas Piloto año 2025.;2025-04-07T15:29:16.127;2025-04-17T16:00:00;2025-06-16T10:00:00;;CLP;0;0
2048-25-LE25;CONVENIO DE FRUTAS VERDURAS Y OTROS;SERVICIO DE SALUD CHILOE;61.975.800-5;Hospital de Ancud;;;Región de los Lagos;LE;Publicada;La presente propuesta pública tiene por finalidad el suscribir un convenio por la adquisición de frutas, verduras y otros para el Servicio de Alimentación y Hogar Protegido del Hospital de Ancud.;2025-04-07T15:24:34.17;2025-04-17T17:00:00;2025-06-17T17:00:00;;CLP;0;0
2282-48-LE25;PP 154-2024 Servicio de Tala y Poda árboles Cement;I MUNICIPALIDAD VALDIVIA;69.200.100-1;SECRETARIA PLANIFICACION MUNICIPAL;ARAUCO 642/ Liceo Santa María;Valdivia;Región de Los Ríos;LE;Publicada;Servicio de Tala y Poda de Árboles Cementerio I;2025-04-07T15:25:36.317;2025-04-21T15:30:00;2025-05-30T15:30:00;;CLP;0;0
2048-26-LE25;CONVENIO DE SUMINISTRO DE PAN;SERVICIO DE SALUD CHILOE;61.975.800-5;Hospital de Ancud;;;Región de los Lagos;LE;Publicada;La presente propuesta pública tiene por finalidad el suscribir un convenio para el suministro de Pan fresco entregado al Hospital de Ancud y Hogar Protegido.;2025-04-07T15:25:02.5;2025-04-21T17:00:00;2025-06-21T17:00:00;;CLP;0;0
2099-19-L125;SERVICIO DE PINTADO DE MUROS, PASAMANOS Y OTROS EN DEPENDENCIAS DEL EDIFICIO BIOCLIMATICO EN PUNTA ARENAS, SEREMI DE SALUD XII REGION DE MAGALLANES Y ANTARTICA CHILENA;SUBSECRETARIA DE SALUD PUBLICA;61.601.000-K;Seremi de Salud de XII Región;avda bulnes 0136;Punta Arenas;Región de Magallanes y de la Antártica;L1;Publicada;Se requiere el servicio de pintado de muros, pasamanos o otros para lograr el mejoramiento de la infraestructura exterior en dependencias del Edificio Bioclimático de la SEREMI de Salud de Magallanes, ubicado en Avenida Bulnes N0136, Punta Arenas.;2025-04-07T15:21:15.587;2025-04-23T22:00:00;2025-05-02T20:00:00;4000000;CLP;0;0
2981-55-LR25;JENATID - ADQUISICIÓN DE EQUIPOS COMPUTACIONALES;POLICIA DE INVESTIGACIONES DE CHILE;60.506.000-5;DEPARTAMENTO ADMINISTRATIVO;GENERAL MACKENNA 1370, Secc. Almacenes;Santiago Centro;Región Metropolitana de Santiago;LR;Publicada;LA ADQUISICIÓN YO RENOVACIÓN DEL EQUIPAMIENTO COMPUTACIONAL Y DE LICENCIAMIENTO PARA LA POLICÍA DE INVESTIGACIONES DE CHILE.;2025-04-07T15:22:25.667;2025-05-07T15:00:00;2025-05-19T17:30:00;1300000000;CLP;0;0
2099-20-L125;SERV. TRANSPORTE TERRESTRE DE SUSTANCIAS PELIGROSAS LABORATORIO XII REGION;SUBSECRETARIA DE SALUD PUBLICA;61.601.000-K;Seremi de Salud de XII Región;avda bulnes 0136;Punta Arenas;Región de Magallanes y de la Antártica;L1;Publicada;La Seremi de Salud de Magallanes desea contratar el convenio de suministro de servicio de transporte terrestre de sustancias peligrosas desde el Laboratorio de Salud Pública, Ambiental y Laboral de Punta Arenas hacia los Laboratorios Zonales de Puerto Natales y Porvenir y viceversa.;2025-04-07T15:20:22.06;2025-04-14T23:00:00;2025-04-23T23:00:00;1823000;CLP;0;0
843567-1-LE25;CONVENIO DE SUMINISTRO ENSERES DE CAMA;SUBSECRETARIA DEL INTERIOR;60.501.000-8;ORASMI;Agustinas 1235, piso 5;Santiago;Región Metropolitana de Santiago;LE;Publicada;PROVISIÓN DE MOBILIARIO DE DORMITORIO Y ENSERES DE CAMA;2025-04-07T15:19:42.22;2025-04-16T15:25:00;2025-06-16T12:00:00;50000000;CLP;0;0
548874-39-LE25;LICENCIA HERRAMIENTA HOTJAR O SIMILAR CHILEATIENDE;INSTITUTO DE PREVISION SOCIAL;61.979.440-0;IPS Oficina Central de Compras;Santo Domingo N 1285, piso 1;Santiago;Región Metropolitana de Santiago;LE;Publicada;E102RT9 - SERVICIO LICENCIAS DE HERRAMIENTA HOTJAR O SIMILAR PARA CHILEATIENDE;2025-04-07T15:14:24.587;2025-04-15T15:30:00;2025-05-23T17:00:00;16000000;CLP;0;0
507428-65-LE25;ADQUISICIÓN GABINETE DE SECADO ENDOSCOPIOS - NUEVO HOSPITAL DE QUELLÓN;SERVICIO DE SALUD CHILOE;61.979.210-6;Servicio de Salud Chiloé;Avda. Bernardo O'Higgins 504, Castro;Castro;Región de los Lagos;LE;Publicada;El Servicio de Salud Chiloé requiere la adquisición de un gabinete de secado de endoscopios para la habilitación del Nuevo Hospital de Quellón.;2025-04-07T15:12:31.17;2025-04-21T17:00:00;2025-05-21T17:00:00;;CLP;0;0
3561-20-L125;INSUMOS DENTALES PARA CONVENIO;I MUNICIPALIDAD DE LA CALERA;69.060.300-4;Departamento de Salud Municipal;San Diego N 147;La Calera;Región de Valparaíso;L1;Publicada;COMPRA DE INSUMOS DENTALES PARA CONVENIO ODONTOLOGICO;2025-04-07T15:12:27.623;2025-04-14T15:08:00;2025-04-21T14:09:00;5700000;CLP;0;0
996-24-LP25;CONVENIO OBRAS CIVILES DV IV REGION;MINISTERIO DE OBRAS PUBLICAS DIREC CION GRAL DE OO PP DCYF;61.202.000-0;Dirección de Vialidad - IV Región - Dirección Regional;Cirujano Videla # 200 piso 1;La Serena;Región de Coquimbo;LP;Publicada;CONVENIO OBRAS CIVILES DV IV REGION;2025-04-07T15:10:31.36;2025-04-28T15:00:00;2025-05-05T18:45:00;;CLP;0;0
1271359-62-L125;CONTRATACIÓN DE SERVICIO DE HOSTING Y PLATAFORMAS;CORP MUNICIPAL DE DESARROLLO SOCIAL DE LAMPA;70.954.200-1;LICITACIONES;SARGENTO ALDEA 898, LAMPA;Lampa;Región Metropolitana de Santiago;L1;Publicada;La Corporación Municipal de Desarrollo Social de Lampa mediante el departamento de abastecimiento y la oficina de comunicaciones, solicita la contratación de servicio de hosting, softwares y programas para mantener la información acorde de plataformas de internet de los distintos Establecimientos Educacionales y de Salud dependientes de la corporación de desarrollo social de Lampa.;2025-04-07T15:09:17.783;2025-04-15T15:00:00;2025-04-30T20:00:00;2000000;CLP;0;0
1057544-105-CO25;Licitación Privada CONTRATACIÓN DE SERVICIOS MÉDICOS PARA LA REALIZACIÓN DE CONSULTA MÉDICA DE ESPECIALIDAD EN OFTALMOLOGÍA;SERVICIO DE SALUD DE TALCAHUANO HOSPITAL;61.607.202-1;Bienes y Servicios;Alto Horno 777 - Higueras;Talcahuano;Región del Biobío;CO;Publicada;contratar servicios médicos especialista en oftalmología, con el fin de realizar, Consultas Oftalmológicas código Fonasa 01.01.204, que entreguen un diagnóstico para la confirmación de Vicio Refracción, de Cataratas, Retinopatía Diabética y Patología Retinal en general y de otros diagnósticos oftalmológicos, según sea el requerimiento, en paciente beneficiario Ges y No Ges, atendidos en Hospital Las Higueras.;2025-04-07T15:03:42.82;2025-04-21T15:01:00;2025-05-16T18:00:00;;CLP;0;0
690129-4-LE25;SERVICIO DE TRANSPORTE DE PERSONAL NOTIFICADOR;CORP ADMINISTRATIVA DEL PODER JUDICIAL;60.301.001-9;Jdo de Letras y Garantia de Pozo Almonte;Libertad 678;Pozo Almonte;Región de Tarapacá;LE;Publicada;Licitación para la suscripción de Convenio de Precios por Servicio de Transporte del Personal de Notificaciones y Traslados especiales del Juzgado de Letras, Garantía y Familia de Pozo Almonte;2025-04-07T15:02:19.523;2025-04-17T16:00:00;2025-04-27T16:00:00;871.2;CLF;0;0
956-27-LP25;Adquisición de Instrumental Cirugía Adulto I para el nuevo Hospital Claudio Vicuña de San Antonio;SERVICIO DE SALUD VALPARAISO SAN ANTONIO;61.606.500-9;SERVICIO DE SALUD VALPARAISO SAN ANTONIO;Av. Brasil 1435;Valparaíso;Región de Valparaíso;LP;Publicada;La necesidad de realizar un proceso de licitación para la Adquisición de Instrumental Cirugía Adulto I para el nuevo Hospital Claudio Vicuña de San Antonio, requerido por la Subdirección de Desarrollo Institucional de la Dirección del Servicio de Salud Valparaíso San Antonio.;2025-04-07T15:01:33.47;2025-04-28T16:00:00;2025-06-27T16:00:00;160340065;CLP;0;0
3156-29-LE25;MATERIALES PARA CONFECCIÓN DE ROPEROS GTES.;DIRECCION DE ABASTECIMIENTO DE LA ARMADA;61.102.024-4;ESCUELA DE GRUMETES;AVENIDA GRUMETE TELLEZ S/N;Talcahuano;Región del Biobío;LE;Publicada;ARTÍCULOS SEGÚN ANEXO ENTREPUENTE , PROVEEDOR DEBE OFERTAR LA TOTALIDAD DE LOS ÍTEMES, DEBE COMPLETAR Y SUBIR ANEXO INDICANDO LA TOTALIDAD DE LO REQUERIDO, ADJUNTAR CERTIFICADO DE HABILIDAD CON FECHA DE LA OFERTA, SE REQUIERE DESPACHO CON FLETE INCLUIDO;2025-04-07T15:01:30.44;2025-04-14T15:01:00;2025-05-19T19:57:00;27508132;CLP;0;0
2189-5-LE25;ADQ. EQUIP. EQUIPAM. ESTER. LAVANDERIA H. LICANTEN;SERVICIO DE SALUD DEL MAULE;61.606.900-4;Dpto. R. Físicos Dirección Serv. Salud del Maule;1 ORIENTE N 936;Talca;Región del Maule;LE;Publicada;Esta licitación tiene por objeto adquirir equipo-equipamiento para la implementación del Hospital modular de Licantén;2025-04-07T14:58:49.913;2025-04-21T15:01:00;2025-06-05T15:00:00;;CLP;0;0
1514-54-L125;Medicamentos Abril_faltantes;SERVICIO DE SALUD CHILOE;61.602.275-k;Hospital de Castro;Freire 852;Castro;Región de los Lagos;L1;Publicada;La necesidad de contar con los medicamentos para dar continuidad a la atención de los pacientes;2025-04-07T15:01:10.24;2025-04-14T21:15:00;2025-04-23T12:46:00;;CLP;0;0
803-7-LP25;Promoción y evaluación de proyectos de riego 2025;CORP NACIONAL DE DESARROLLO INDIGENA;72.396.000-2;O.A.I. San Pedro de Atacama CONADI;Abaroa 1990;Calama;Región de Antofagasta;LP;Publicada;Elaborar y aplicar un programa de seguimiento, asistencia técnica y capacitación, que permita a los beneficiarios del concurso XXIX CONCURSO SUBSIDIO PARA CONSTRUCCION DE OBRAS DE RIEGO YO DRENAJE PARA INDÍGENAS, PURI BETER 2025. del Fondo de Tierras y Aguas, Oficina de Asuntos Indígenas CONADI San Pedro de Atacama, ejecutar sus proyectos bajo las normativas de CONADI y el Fondo de Tierras.;2025-04-07T14:58:41.06;2025-04-21T15:01:00;2025-05-06T18:00:00;;CLP;0;0
2385-19-LE25;ADQUISICIÓN DE MATERIALES DE CONSTRUCCIÓN M-429;I MUNICIPALIDAD DE CALAMA;69.020.200-K;ADQUISICIONES;;;Región de Antofagasta;LE;Publicada;La Ilustre Municipalidad de Calama requiere adquirir material de construcción para mantención y reparación, la cual será entregado a nuestros usuarios en caso de necesidad manifiesta y/o emergencia, solicitados por la Dirección Desarrollo Comunitario para Programa Acción Social y Emergencia.;2025-04-07T14:56:14.547;2025-04-17T15:00:00;2025-05-16T17:00:00;11000000;CLP;0;0
4217-1-LE25;SERVICIO DE TRANSPORTE DE FUNCIONARIOS;DIRECCION GENERAL DE AERONAUTICA CIVIL;61.104.022-9;UNIDAD DE COMPRA BIENESTAR SOCIAL IQUIQUE;Aeropuerto Diego Aracena;Iquique;Región de Tarapacá;LE;Publicada;SERVICIO DE TRASLADO DE FUNCIONARIOS DEL AEROPUERTO DIEGO ARACENA BUS CON CONDUCTOR TRAMO IQUIQUE AL AEROPUERTO DIEGO ARACENA Y DE AEROPUERTO DIEGO ARACENA A IQUIQUE POR 12 MESES. Esta institución retiene el 2% del total facturado según Ley 16.752 en su Art. 37.;2025-04-07T14:56:44.463;2025-04-17T15:00:00;2025-04-25T17:00:00;;CLP;0;0
2933-23-LE25;Adq. EPP Oficina Aseo y Ornato 2025;I MUNICIPALIDAD DE ALHUE;69.073.200-9;DPTO. MUNICIPALIDAD;Pintor Onofre Jarpa N55;Alhué;Región Metropolitana de Santiago;LE;Publicada;La I. Municipalidad de Alhué, llama a Licitación Pública por la adquisición de Elementos de Protección Personal para ser utilizados en las distintas tareas diarias que lleva a cabo la oficina de aseo y ornato y nuestro personal, siendo estos elementos de suma importancia para el desarrollo de estas actividades;2025-04-07T14:56:44.867;2025-04-14T15:01:00;2025-04-30T19:57:00;;CLP;0;0
1514-46-LE25;Convenio De Reposición Ventilador Mecánico No Invasivo Para La Unidad De Paciente Crítico del Hospital De Castro;SERVICIO DE SALUD CHILOE;61.602.275-k;Hospital de Castro;Ramón Freire 852;Castro;Región de los Lagos;LE;Publicada;SE REQUIERE PARA EL NORMAL FUNCIONAMIENTO DE LA UNIDAD DE UPC DEL HOSPITAL;2025-04-07T14:55:45.797;2025-04-16T19:01:00;2025-05-30T19:00:00;;CLP;0;0
3789-11-LE25;SERVICIO MANTENCION EQUIPOS DENTALES Y AUTOCLAVES;I MUNICIPALIDAD DE PAILLACO;69.200.900-2;Dpto. Salud;Gabriela Mistral 1171;Paillaco;Región de Los Ríos;LE;Publicada;La I. Municipalidad de Paillaco, llama a Propuesta Publica para la contratación de SUMINISTRO DE SERVICIO DE MANTENCION, REPARACION DE EQUIPOS DENTALES, AUTOCLAVES Y OTROS DEL DEPARTAMENTO DE SALUD DE LA ILUSTRE MUNICIPALIDAD DE PAILLACO por un periodo de 12 meses;2025-04-07T14:55:22.67;2025-04-14T17:43:00;2025-04-21T17:44:00;;CLP;0;0
729-48-LE25;INSUMOS VARIOS DE PROTECCIÓN 2-18951 ECU;EMPRESA DE TRANSPORTE DE PASAJEROS METRO S A;61.219.000-3;Compras Técnicas;Av. Lib. Bernardo OHiggins 1414;Santiago;Región Metropolitana de Santiago;LE;Publicada;Se requieren ofertas que cumplan con las especificaciones técnicas solicitadas (Solo una oferta por proveedor), es de suma importancia adjuntar fichas técnicas, formulario PEP firmado, declaración de vínculos firmado e indicar plazo de entrega en días hábiles bancarios. Se recuerda que la única Orden de Compra válida es la emitida por Metro S.A. La adjudicación será notificada por Gestor de Compras mediante correo electrónico. PARA LOS REPUESTOS QUE NO SE FABRIQUEN Y NO SE COMERCIALICEN EN EL MERCADO NACIONAL, SE ACEPTARAN COTIZACIONES EN OTRAS MONEDAS, EL TIPO DE CAMBIO PARA EFECTOS DE COMPARACION, CORRESPONDERÁ AL DIA DE LA APERTURA ECONOMICA. En el anexo B, se deben completar los siguientes formularios: 4, 5,7 y 8.;2025-04-07T14:50:20.707;2025-04-16T14:24:00;2025-05-28T14:25:00;;CLP;0;0
1876-7-LP25;AUDITORIA EXTERNA CONTRATOS DE DEFENSA PENAL;DEFENSORIA PENAL PUBLICA;61.941.900-6;Defensoría Nacional;Alameda 1449 Piso 5;Santiago;Región Metropolitana de Santiago;LP;Publicada;La Defensoría Penal Pública, requiere de un servicio de auditoría externa, en adelante AE, con la finalidad de evaluar la calidad del servicio prestado en general, y en particular sobre el cumplimiento de los contratos de la defensa penal pública, de acuerdo a las condiciones establecidas en las bases del presente proceso. E1O2RT9;2025-04-07T14:48:25.253;2025-05-07T15:00:00;2025-05-27T19:00:00;100000000;CLP;0;0
1462-12-L125;CONVENIO DE MANTENIMIENTO PREVENTIVO Y CORRECTIVO DE BOILER AGUA CALIENTE SANITARIA;SERVICIO DE SALUD DEL MAULE HOSPITAL DE HUALANE;61.606.906-3;Hospital Hualañé;Direccion no aplica a productos virtuales;Santiago;Región Metropolitana de Santiago;L1;Publicada;El Hospital Chileno-japonés, ubicado en Avda. Libertad N402, comuna de Hualañé, Provincia de Curicó, Región del Maule, requiere ejecutar mantenimiento preventivo y correctivo de 2 boilers de agua caliente sanitaria de 1500 litros c/u ubicados en el exterior del Servicio de Medicina y 3 boilers de agua caliente sanitaria de 1000 litros c/u ubicados a un costado del Consultorio adosado, calefaccionados mediante calefactores eléctricos.;2025-04-07T14:48:22.787;2025-04-16T20:00:00;2025-04-23T18:00:00;;CLP;0;0
609-15-LE25;APOYO PROGRAMA SELLOS MANOS CAMPESINAS;INSTITUTO DE DESARROLLO AGROPECUARIO;61.307.000-1;Instituto de Desarrollo Agropecuario - INDAP;Agustinas #1465;Santiago;Región Metropolitana de Santiago;LE;Publicada;Acompañar a INDAP y al Comité Técnico Nacional en la implementación del Programa Sello Manos Campesinas, identificando puntos críticos y proponiendo mejoras que optimicen su operatividad, gobernanza y posicionamiento en el mercado.;2025-04-07T14:48:00;2025-04-17T15:30:00;2025-05-01T18:00:00;;CLP;0;0
4469-30-CO25;SC 36814 PC ADQ OFIC. MODULAR;UNIVERSIDAD DE PLAYA ANCHA DE CIENCIAS DE LA EDUCACION;70.754.700-6;ADQUISICIONES;BLANCO 737 VALPARAISO;Valparaíso;Región de Valparaíso;CO;Publicada;SC 36814 PC ADQ. DE OFICINA MODULAR ARMABLE TIPO CONTAINER.PROVENIENTE DE LICITACION 4469-10-LE25.;2025-04-07T14:47:57.75;2025-04-17T09:00:00;2025-05-02T10:00:00;;CLP;0;0
846-8-LP25;CMEE SC57297 MANTENCION Y REPARACIONES J.I. CHAÑARAL JUNJI ATACAMA;JUNTA NACIONAL DE JARDINES INFANTILES;70.072.600-2;Junji - III Región;Atacama N 390;Copiapó;Región de Atacama;LP;Publicada;El objeto de la presente licitación es suscribir un contrato de suministro, para responder con la debida prontitud y calidad de trabajos a los distintos requerimientos que se solicitan desde las unidades educativas y/u oficinas administrativas, a fin de brindar una atención adecuada a niños, niñas y comunidad educativa en general, con el objeto que en cada oportunidad la empresa contratista acuda a resolver la necesidad de mantención y/o reparación, según sea el caso, la que será denominada EVENTO. La MANTENCIÓN Y REPARACIÓN DE JARDINES INFANTILES Y OFICINAS, DE LA REGIÓN DE ATACAMA, PROVINCIA DE CHAÑARAL, MEDIANTE LA MODALIDAD CONTRATO DE SUMINISTRO, PARA LA JUNTA NACIONAL DE JARDINES INFANTILES, es bajo el sistema serie de precios unitarios.;2025-04-07T14:38:36.153;2025-04-29T17:00:00;2025-05-14T16:14:00;;CLP;0;0
3789-10-L125;Serv. Elaboracion de Protesis Prog. Dental;I MUNICIPALIDAD DE PAILLACO;69.200.900-2;Dpto. Salud;Gabriela Mistral 1171;Paillaco;Región de Los Ríos;L1;Publicada;En el Marco de la Reforma de Salud, cuyos principio orientadores apuntan a la equidad, participación y descentralización y satisfacción de los usuarios, de las prioridades programáticas, es por ello que el Ministerio de Salud a través del Servicio de Salud asigna a la Municipalidad de Paillaco recursos para la adquisición de 40 Prótesis Parciales las cuales serán destinadas a personas mayores de 20 años los cuales se encuentren beneficiados a través de los Programas Odontológicos 2025 en la Comuna de Paillaco.;2025-04-07T14:37:27.79;2025-04-14T16:22:00;2025-04-21T16:23:00;;CLP;0;0
607-20-LR25;LIMPIEZA ESTANQUES AGUA DE RIEGO Y DESARENADOR;PARQUE METROPOLITANO DE SANTIAGO;61.809.000-0;Adquisiciones;PIO NONO N450 RECOLETA;Recoleta;Región Metropolitana de Santiago;LR;Publicada;LIMPIEZA DE ESTANQUES AGUA DE RIE-GO Y DESARENADOR DEL PARQUE ME-TROPOLITANO DE SANTIAGO E1O2RT9;2025-04-07T14:35:16.077;2025-05-12T20:00:00;2025-06-04T17:30:00;517392000;CLP;0;0
1019-34-LE25;ADQUISICIÓN E INSTALACIÓN DE LAVADORA PARA MATERIAL DE LABORATORIO;MINISTERIO DE OBRAS PUBLICAS DIREC CION GRAL DE OO PP DCYF;61.202.000-0;MINISTERIO DE OBRAS PUBLICAS DIREC CION GRAL DE OO;Morandé 59, piso 8;Santiago;Región Metropolitana de Santiago;LE;Publicada;Adquirir lavadora para material vidrio y de plástico utilizado en Laboratorio Ambiental.;2025-04-07T14:31:45.36;2025-04-17T15:00:00;2025-04-29T18:00:00;;CLP;0;0
1076710-8-LE25;SUMINISTRO MEDICAMENTOS INHALADORES NEBULIZADORES Y SOLUCIONES NASALES INTERMEDIADOS POR CENABAST EN CASO DE NO DESPACHO CENABAST O AUMENTO DE CONSUMO PARA EL CRS HOSPITAL PROVINCIA CORDILLERA;CENTRO DE REFERENCIA DE SALUD HOSPITAL PROVINCIA CORDILLERA;61.980.620-4;FÁRMACOS CRS HPC;Eyzaguirre 2061;Puente Alto;Región Metropolitana de Santiago;LE;Publicada;EL CRS Hospital Provincia Cordillera requiere abastecer de forma oportuna de medicamentos Inhaladores, Nebulizadores y Soluciones Nasales intermediados por CENABAST, para la correcta gestión del CRS Hospital Provincia Cordillera, esta adquisición presenta los siguientes objetivos: Contar con medicamentos necesarios para cumplir con la demanda en la atención de pacientes ambulatorios y con ello dar comienzo o la continuidad de los tratamientos o la prevención de las patologías que presentan o puedan presentar nuestros pacientes. Asegurar la entrega oportuna de los medicamentos para la continuidad de tratamientos de los pacientes ambulatorios del CRS Hospital Provincia Cordillera según lo indicado por el médico tratante. Dar cumplimiento a la legislación vigente. Contar con medicamentos Inhaladores, Nebulizadores y Soluciones Nasales intermediados por CENABAST en caso de no despacho o aumento de consumo. Los medicamentos que forman parte de la presente licitación han sido intermediados a través de CENABAST, pero dado que el cumplimiento en los despachos no es seguro y continuo, se hace imprescindible contar con alguna modalidad alternativa de compra, para así tener un abastecimiento oportuno así como también poder dar respuesta a los aumentos de consumo.;2025-04-07T14:27:18.223;2025-04-17T15:01:00;2025-05-19T20:00:00;;CLP;0;0
1638-19-LP25;MEJORAMIENTO Y AMPLIACION SEDE VILLANUEVA DIEGO DE ALMAGRO SM 1125;ILUSTRE MUNICIPALIDAD DE DIEGO DE ALMAGRO;69.250.500-k;Municipio;Calle Juan Martínez n 1403;Diego De Almagro;Región de Atacama;LP;Publicada;MEJORAMIENTO Y AMPLIACION SEDE VILLANUEVA, DIEGO DE ALMAGRO;2025-04-07T14:28:53.16;2025-04-28T16:30:00;2025-05-05T17:30:00;80000000;CLP;0;0
1663-110-L125;SEÑALETICA DE TRÁNSITO EXTERIOR PARA EL HOSPITAL DE QUELLON;SERVICIO DE SALUD CHILOE;61.602.276-8;Hospital de Quellón;Dr Eduardo Ahues 305;Quellón;Región de los Lagos;L1;Publicada;Hospital de Quellón requiere comprar el mejoramiento de postes señalética metálica exterior para cumplir con aspectos legales Ley 16.744, D.S N 594.- Según formulario de requerimiento N 334.- enviado por prevención de riesgos.;2025-04-07T14:29:46.483;2025-04-16T19:02:00;2025-05-16T19:02:00;6000000;CLP;0;0
4469-28-CO25;SC 36848 DS ADQ. DE ESTACIÓN DE TRABAJO DE TRABAJO;UNIVERSIDAD DE PLAYA ANCHA DE CIENCIAS DE LA EDUCACION;70.754.700-6;ADQUISICIONES;BLANCO 737 VALPARAISO;Valparaíso;Región de Valparaíso;CO;Publicada;ADQUISICIÓN DE ESTACIÓN DE TRABAJO DE ALTO RENDIMIENTO, DE LA UNIVERSIDAD DE PLAYA ANCHA DE CIENCIAS DE LA EDUCACIÓN. PROVENIENTE DE LE 4469-12-LE25;2025-04-07T14:21:00;2025-04-17T09:00:00;2025-05-02T17:00:00;;CLP;0;0
1344190-6-LE25;G-16.1 Contrato de suministro NOTEBOOK MEMO 019;SERVICIO NACIONAL DE LA DISCAPACIDAD;72.576.700-5;COMPRAS DEL SUBTÍTULO 24;Catedral 1575, piso 1.;Santiago;Región Metropolitana de Santiago;LE;Publicada;El objetivo de la presente licitación es la compra DE AYUDAS TÉCNICAS NOTEBOOKS, GRUPO G-16, que garantice la entrega oportuna a los beneficiarios y así asegurar el derecho a la igualdad de oportunidades de las personas con discapacidad, con el fin de obtener su plena inclusión social, asegurando el disfrute de sus derechos y la eliminación de cualquier forma de discriminación fundada en su discapacidad.;2025-04-07T14:22:51.607;2025-04-17T17:00:00;2025-05-19T17:00:00;;CLP;0;0
2048-22-LE25;CONVENIO SUMINISTRO DE SUTURAS SONDAS Y MALLAS 2DO LLAMADO;SERVICIO DE SALUD CHILOE;61.975.800-5;Hospital de Ancud;;;Región de los Lagos;LE;Publicada;El siguiente convenio es para Suturas, sondas y mallas de bodega de insumos del Hospital de Ancud, que no se encuentran en el catálogo electrónico o su permanencia en el mismo es demasiado irregular, que son necesarios para los procedimientos clínicos que ocupa periódicamente el Hospital de Ancud y que de acuerdo con los requerimientos especificados en las Bases Administrativas y Técnicas de la presente licitación se pretende obtener la mejor calidad y oportunidad en la compra de Insumos a un precio conveniente.;2025-04-07T14:17:31.607;2025-04-21T17:00:00;2025-06-23T17:00:00;;CLP;0;0
2048-20-LQ25;Convenio de instrumental quirúrgico y accesorios - 2llamado;SERVICIO DE SALUD CHILOE;61.975.800-5;Hospital de Ancud;;;Región de los Lagos;LQ;Publicada;El siguiente convenio es de Instrumental quirúrgico y accesorios para pabellón, que no se encuentran en el catálogo electrónico o su permanencia en el mismo es demasiado irregular, necesarios para los procedimientos clínicos que ocupa periódicamente el Hospital de Ancud y de acuerdo con los requerimientos especificados en las Bases Administrativas y Técnicas de la presente licitación. Se pretende obtener la mejor calidad y oportunidad en la compra de instrumental a un precio conveniente.;2025-04-07T14:18:55.553;2025-04-28T17:00:00;2025-06-30T17:00:00;;CLP;0;0
1233613-57-LE25;INSTALACIÓN ESTANQUE VILLA CAMERON;Servicio Local de Educación Pública Magallanes;61.980.960-2;Servicio Local de Educación Pública Magallanes;Lautaro Navarro 1021;Punta Arenas;Región de Magallanes y de la Antártica;LE;Publicada;Conforme a la Ley de Compras Públicas 19.886, El Decreto N661 que fija el reglamento y sus modificaciones, el Servicio Local de Educación Pública de Magallanes, llama a licitación pública a personas naturales o jurídicas, empresas o proveedores del rubro, o unión temporal de proveedores, para establecer un contrato de Instalación y Certificación de Estanque de Petróleo de 10.0000 litros Villa Cameron de la comuna de Timaukel, con el fin de habilitar con las condiciones mínimas.;2025-04-07T14:14:22.327;2025-04-17T17:00:00;2025-04-24T17:00:00;;CLP;0;0
2287-18-LE25;OPERA ROCK JESUCRISTO SUPERSTAR 2025;ILUSTRE MUNICIPALIDAD DE MACUL;69.253.700-9;ILUSTRE MUNICIPALIDAD DE MACUL;AVENIDA QUILIN # 3248;Macul;Región Metropolitana de Santiago;LE;Publicada;LA MUNICIPALIDAD DE MACUL REQUIERE EL SERVICIO DE PRODUCCCION PARA LA OBRA OPERA ROCK JESUCRISTO SUPERSTAR 2025 DE LA I. MUNICIPALIDAD DE MACUL. SEGÚN BASES TÉCNICAS A DESARROLLARSE LOS DIAS 17 MONTAJE, 18 PRIMERA FUNCION, Y 19 SEGUNDA FUNCION DE ABRIL DEL 2025, SEGUN BAG, BAE Y BASES TECNICAS.;2025-04-07T13:52:07.643;2025-04-14T15:00:00;2025-04-29T18:00:00;7500000;CLP;0;0
2310-3-LQ25;SUMINISTRO DE MATERIALES DE FERRETERIA DAEM;ILUSTRE MUNICIPALIDAD DE MOLINA;69.110.100-2;Dirección Comunal De Educación;MAIPU N1846;Molina;Región del Maule;LQ;Publicada;SUMINISTRO DE MATERIALES DE FERRETERIA PARA REPARACION Y MANTENCION DE ESCUELAS PUBLICAS, JARDINES INFANTILES VTF Y EDIFICIO DAEM, COMUNA DE MOLINA.;2025-04-07T13:48:24.683;2025-04-28T18:41:00;2025-04-29T18:42:00;;CLP;0;0
2026-57-LP25;INSTRUMENTAL QUIRÚRGICO TRAUMATOLOGÍA HPMM;SERVICIO SALUD VINA DEL MAR QUILLOTA;61.606.600-5;Servicio de Salud Viña del Mar - Quillota;Limache 1307 esq. Peñablanca;Viña del Mar;Región de Valparaíso;LP;Publicada;Según lo indicado en Resolución Adjunta.;2025-04-07T13:48:12.003;2025-04-28T20:00:00;2025-07-07T20:00:00;;CLP;0;0
528208-28-LP25;MANTENCION DE SEMAFOROS Y BALIZAS 2025;I.MUNICIPALIDAD DE CERRO NAVIA;69.254.200-2;SECPLAC 2;Del Consistorial 6645;Cerro Navia;Región Metropolitana de Santiago;LP;Publicada;Contratar la ejecución del programa de mantenimiento de los semáforos de la Comuna de Cerro Navia, hasta el 31 de diciembre de 2025.;2025-04-07T13:47:00.733;2025-04-17T14:00:00;2025-05-30T18:37:00;;CLP;0;0
3486-13-LP25;ODONTOLOGICO INTEGRAL 2025;I MUNICIPALIDAD DE NUEVA IMPERIAL;69.190.400-8;Departamento De Salud;ARTURO PRAT 65;Nueva Imperial;Región de la Araucanía;LP;Publicada;CONTRATAR SERVICIOS ODONTOLOGICOS PARA EJECUTAR PROGRAMA ODONTOLOGICO INTEGRAL AÑO 2025;2025-04-07T13:39:51.553;2025-04-17T15:00:00;2025-05-12T16:21:00;;CLP;0;0
2428-17-LE25;MATERIALES CONSTRUCCION OPERACIONES;I. MUNICIPALIDAD DE QUILPUE;69.061.300-K;I. MUNICIPALIDAD DE QUILPUE;Augusto Carozzi 841, Quilpué;Quilpué;Región de Valparaíso;LE;Publicada;MATERIALES DE CONSTRUCCION PARA OPERACIONES TRABAJOS DEPENDENCIAS MUNICIPALES;2025-04-07T13:38:26.057;2025-04-14T16:17:00;2025-04-17T12:18:00;;CLP;0;0
729-47-LE25;CINTA AISANTE - TUBO TERMOCONTRAIBLE - EMPALME - AMARRA CABLES -ARANDELAS - HILO AC. PAV. 7-12658 12659 MVV;EMPRESA DE TRANSPORTE DE PASAJEROS METRO S A;61.219.000-3;Compras Técnicas;Av. Lib. Bernardo OHiggins 1414;Santiago Centro;Región Metropolitana de Santiago;LE;Publicada;Se requieren ofertas que cumplan con las especificaciones técnicas solicitadas (Solo una oferta por proveedor), es de suma importancia adjuntar Fichas técnicas es obligatoria o de lo contrario queda fuera del proceso, Plazos de entrega, Formulario PEP firmado cuando sea mayor a 1000 UF, declaración de vínculos obligatorio e indicar plazo de entrega en días hábiles bancarios. Se recuerda que la única Orden de Compra válida es la emitida por Metro S.A. La adjudicación será notificada por Gestor de Compras mediante correo electrónico, cabe destacar además que las fichas o información técnica deben ser subidas o de lo contrario quedara fuera del proceso, ojalá esta debe venir en un solo archivo mencionando el ítem. En el anexo B, se deben completar los siguientes formularios: 4, 5,7 y 8. PARA LOS REPUESTOS QUE NO SE FABRIQUEN Y NO SE COMERCIALICEN EN EL MERCADO NACIONAL, SE ACEPTARAN COTIZACIONES EN OTRAS MONEDAS, EL TIPO DE CAMBIO PARA EFECTOS DE COMPARACIÓN, CORRESPONDERÁ AL DÍA DE LA APERTURA ECONÓMICA.;2025-04-07T13:28:47.123;2025-04-17T17:45:00;2025-04-30T17:46:00;;CLP;0;0
3447-67-LE25;Suministro Articulos de Merchandising para DEPSA;MUNICIPALIDAD DE ALTO HOSPICIO;69.265.100-6;Direccion de Administracion y Finanzas;Av. Ramón Pérez Opazo N 3125 Alto Hospicio;Alto Hospicio;Región de Tarapacá;LE;Publicada;Art. 4 La Municipalidad de Alto Hospicio, llama a Licitación Pública a los proveedores del rubro para celebrar contrato de SUMINISTRO DE ARTÍCULOS DE MERCHANDISING PARA LOS RECINTOS DE SALUD DE LA MUNICIPALIDAD DE ALTO HOSPICIO, los cuales serán entregados en las diversas actividades que realiza el Área de Salud Municipal con la comunidad. Lo anterior, de acuerdo con las características entregadas en las presentes Bases Administrativas y Técnicas adjuntas, en virtud de una mejor y eficiente Gestión Municipal.;2025-04-07T13:25:50.373;2025-04-16T15:00:00;2025-07-15T18:00:00;;CLP;0;0
2395-18-L125;(Sol. Ped. 168) Mantenimiento Preventivo y Correctivo de Equipo de Rayos X Dental, Recintos CEMO Villa Sur y CESFAM LVN;I MUNICIPALIDAD PEDRO AGUIRRE CERDA;69.254.900-7;DIRECCION DE SALUD;CLOTARIO BLEST N 6035 (FARMACIA POPULAR UBICADA AL INTERIOR DEL CENTRO DE ESPECIALIDADES MÉDICAS VILLA SUR);Pedro Aguirre Cerda;Región Metropolitana de Santiago;L1;Publicada;Mantenimiento Preventivo y Correctivo de Equipo de Rayos X Dental, Recintos CEMO Villa Sur y CESFAM LVN;2025-04-07T13:20:25.987;2025-04-14T15:20:00;2025-04-24T16:15:00;4500000;CLP;0;0
3506-39-LR25;SERVICIO DE MANTENCION DE ALUMBRADO PUBLICO IMT;I MUNICIPALIDAD DE TOCOPILLA;69.020.100-3;UNIDAD DE ADQUISICIONES;ANIBAL PINTO 1305;Tocopilla;Región de Antofagasta;LR;Publicada;Desarrollar la contratación de un servicio externo que sea responsable de la mantención y reparación de las instalaciones de alumbrado público, peatonal, ornamental de caminos, plazas, bienes y espacios de uso público de la comuna de Tocopilla. Considerando para este servicio todos los bienes de administración municipal, tales como avenidas, calles, pasajes, parques y plazas, espacios públicos en general y edificios de la administración municipal;2025-04-07T13:13:35.003;2025-05-07T15:00:00;2025-05-14T17:00:00;592439137;CLP;0;0
2738-12-LE25;SERVICIO ALARMAS PARA EE.EE DE LA DAEM SAN FELIPE;I MUNICIPALIDAD DE SAN FELIPE;69.050.600-9;ADQUISICIONES EDUCACION;CARLOS CONDELL 218;San Felipe;Región de Valparaíso;LE;Publicada;SERVICIO DE INSTALACION Y MONITOREO DE ALARMAS PARA EE.EE DE LA DAEM DE SAN FELIPE;2025-04-07T13:17:18.48;2025-04-17T14:00:00;2025-05-23T18:00:00;;CLP;0;0
3260-10-L125;SERVICIO DE EXTRACCIÓN DE AGUAS SERVIDAS;I MUNICIPALIDAD DE RIO HURTADO;69.041.000-1;Departamento de Salud;Unica Samo Alto S/N;Río Hurtado;Región de Coquimbo;L1;Publicada;SUSCRIBIR UN CONVENIO DE SUMINISTRO DE SERVICIO DE EXTRACCION DE AGUAS SERVIDAS PARA LOS ESTABLECIMIENTOS DE SALUD DE LA COMUNA, ESTO CON EL OBJETIVO DE PROTEGER LA SALUD PUBLICA DE LAS PERSONAS Y EL CUIDADO DEL MEDIO AMBIENTE.;2025-04-07T13:09:57.413;2025-04-14T15:20:00;2025-04-15T16:21:00;;CLP;0;0
2189-14-LQ25;HABILITACIÓN COSAM PROVINCIA CAUQUENES;SERVICIO DE SALUD DEL MAULE;61.606.900-4;Dpto. R. Físicos Dirección Serv. Salud del Maule;1 ORIENTE N 936;Talca;Región del Maule;LQ;Publicada;HABILITACIÓN CENTRO DE SALUD MENTAL COMUNITARIO PROVINCIA CAUQUENES Se contempla la habilitación de un centro de salud mental comunitario en la comuna de Cauquenes, con el propósito principal de dar cumplimiento a los requerimientos establecidos en las normas técnicas básicas, normas de edificación y los lineamientos del Ministerio de Salud en términos de su infraestructura y equipamiento, con los estándares adecuado que regulan a estos establecimientos.;2025-04-07T13:08:12.153;2025-04-28T16:00:00;2025-05-28T17:00:00;;CLP;0;0
2307-25-LE25;ADQUISICIÓN DE MEDICAMENTOS PARA ESTABLECIMIENTOS DE SALUD REQ. 2358-2584-2595-2632;I MUNICIPALIDAD DE OSORNO;69.210.100-6;IMUNI_OSORNO DEPTO SALUD;JUAN MACKENNA # 851;Osorno;Región de los Lagos;LE;Publicada;Se solicita la adquisición de medicamentos correspondientes al arsenal farmacológico vigente del Departamento de Salud - Ilustre Municipalidad de Osorno, con el fin de dar continuidad en los tratamientos farmacológicos de los usuarios de la Red, según solicitud N2.358, N2584, N2595 y N2632.;2025-04-07T13:09:11.423;2025-04-14T15:00:00;2025-05-29T16:00:00;23198574;CLP;0;0
1355402-1-LE25;BICICLETAS SPINNING;CORPORACIÓN MUNICIPAL DE DEPORTES DE LO PRADO;65.157.825-6;CORPORACIÓN MUNICIPAL DE DEPORTES DE LO PRADO;Direccion no aplica a productos virtuales;Santiago;Región Metropolitana de Santiago;LE;Publicada;LA CORPORACION DE DEPORTES DE LO PRADO REQUIERE COMPRAR PARA SUS INSTALACIONES, BICILETAS DE SPINNING JOROTO O EQUIVALENTE XM30 MAGNETICA BELT 300 LBS FAVOR ENVIAR COTIZACION DETALLADA Y CON IMAGENES DE REFERENCIA.;2025-04-07T13:09:07.497;2025-04-14T15:01:00;2025-04-14T17:00:00;8000000;CLP;0;0
4314-21-LQ25;CONSTRUCCION PUESTOS VARIOS COCINERIA Y SS.HH. MERCADO DE CUREPTO;Ilustre Municipalidad de Curepto;69.110.300-5;DEPTO. ADM. Y FINANZAS;;;Región del Maule;LQ;Publicada;CONSTRUCCION PUESTOS VARIOS COCINERIA Y SS.HH. MERCADO DE CUREPTO;2025-04-07T13:07:15.107;2025-05-07T15:30:00;2025-05-16T15:30:00;185300000;CLP;0;0
611136-1-LE25;Servicio De Aseo Dependencias Seremi;SUBSECRETARIA DEL MEDIO AMBIENTE;61.979.930-5;Seremi Aysen;Portales N125, Coyhaique;Alhué;Región Aysén del General Carlos Ibáñez del Campo;LE;Publicada;Mantener el aseo integral en las dependencias de la Secretaría Regional Ministerial del Medio Ambiente de la Región de Aysén, ubicadas en calle Portales N125 y en Errázuriz N514, ambas de la comuna y ciudad de Coyhaique, para el normal desarrollo de actividades de la Institución;2025-04-07T13:06:39.98;2025-04-17T13:23:00;2025-04-25T13:24:00;19260000;CLP;0;0
2669-77-L125;PTR S-69. ADQUISICION DE INSTRUMENTAL DENTAL PARA LA UNIDAD DENTAL DE CESFAM VITACURA;I MUNICIPALIDAD DE VITACURA;69.255.600-3;SALUD;Puerto Rico 7847;Vitacura;Región Metropolitana de Santiago;L1;Publicada;DESCRIPCION TÉCNICA DEL INSTRUMENTAL REQUERIDO SE INDICAN EN BASES DE LICITACIÓN;2025-04-07T13:04:45.377;2025-04-14T15:00:00;2025-04-25T12:00:00;;CLP;0;0
1019-37-LQ25;REALIZACIÓN DE AFOROS Y CARACTERIZACIÓN DE OBRAS;MINISTERIO DE OBRAS PUBLICAS DIREC CION GRAL DE OO PP DCYF;61.202.000-0;MINISTERIO DE OBRAS PUBLICAS DIREC CION GRAL DE OO;Morandé 59, piso 8;Santiago;Región Metropolitana de Santiago;LQ;Publicada;La contratación tiene como finalidad realizar un seguimiento a los compromisos aprobados en los acuerdos de redistribución en la provincia de Elqui, Limarí y Choapa, mediante levantamiento de información en terreno, realización de serie de aforos, caracterización de los canales y obras de captación.;2025-04-07T12:58:31.497;2025-04-28T15:01:00;2025-05-23T19:00:00;150000000;CLP;0;0
897096-3-LR25;CREDITOS GCP PARA DRP DE MERCADOPUBLICO.CL;DIRECCION DE COMPRAS Y CONTRATACION PUBLICA;60.808.000-7;Departamento de Operaciones;Monjitas 392 piso 8;Santiago Centro;Región Metropolitana de Santiago;LR;Publicada;La Dirección de Compras y Contratación Pública, en adelante DCCP o ChileCompra, requiere la contratación de Créditos GCP para DRP de mercadopublico.cl y Soluciones de Analítica para Observatorio y Otros Servicios para la Dirección de Compras y Contratación Pública. E1O1RT9;2025-04-07T13:02:39.477;2025-05-08T15:00:00;2025-05-29T18:00:00;617248;USD;0;0
3946-6-LE25;ADQUISICION DE IMÁGENES DIAGNOSTICAS MAMOGRAFIAS MAGNIFICACIONES ECO MAMARIAS ECO ABDOMINALES Y RADIOGRAFIAS DE CADERA DESTINADAS A USUARIOS BENEFICIARIOS DEL DEPARTAMENTO DE SALUD DE LA COMUNA DE PICHIDEGUA AÑO 2025.;I MUNICIPALIDAD DE PICHIDEGUA;69.081.100-6;Administración y Finanzas;Independencia 525;Pichidegua;Región del Libertador General Bernardo OHiggins;LE;Publicada;ADQUISICION DE IMÁGENES DIAGNOSTICAS MAMOGRAFIAS MAGNIFICACIONES ECO MAMARIAS ECO ABDOMINALES Y RADIOGRAFIAS DE CADERA DESTINADAS A USUARIOS BENEFICIARIOS DEL DEPARTAMENTO DE SALUD DE LA COMUNA DE PICHIDEGUA AÑO 2025.;2025-04-07T13:02:07.383;2025-04-21T15:20:00;2025-04-25T17:00:00;;CLP;0;0
3212-7-LE25;CONTRATACION SERVICIO DE TRANSPORTE ESCOLAR DE 01 MINIBUS PARA ALUMNOS DEL CENTRO EDUCATIVO CULTURAL DE LA INFANCIA CECI AMULEPE TAIÑ NEWEN SECTOR CHIGUAIHUE COMUNA DE COLLIPULLI AÑO 2025;I MUNICIPALIDAD DE COLLIPULLI;69.180.500-k;Departamento de Educación;Avenida Marta Gonzalez #1591;Collipulli;Región de la Araucanía;LE;Publicada;Contratación servicio transporte escolar para los alumnos/as, programa centro educativo cultural de infancia (CECI) AMULEPE TAIÑ WE NEWEN, Sector Chiguaihue, desde los sectores: Sectores Bajo Malleco, Ignacio Lemun Alto, Colonia Manuel Rodríguez, Requen Pillan, Ignacio Lemun Bajo/Alto, Ranquilko, José Marileo, Villa Chiguaihue, hasta el establecimiento y de regreso a sus hogares, durante los meses de Mayo hasta Diciembre del año 2025. Esta adquisición se encuentra considerada y justificada en el Plan de Compras y Presupuesto año 2025.;2025-04-07T12:58:01.337;2025-04-17T13:09:00;2025-04-30T17:10:00;23250000;CLP;0;0
613925-1-LE25;DIFUSION PRONÓSTICO DE CALIDAD DEL AIRE GEC 2025;SUBSECRETARIA DEL MEDIO AMBIENTE;61.979.930-5;Seremi Los Rios;Av. Carlos Anwandter 466;Valdivia;Región de Los Ríos;LE;Publicada;1. Que el Ministerio del Medio Ambiente Subsecretaría del Medio Ambiente, requiere adquirir a través de licitación pública, DIFUSION DEL PRONÓSTICO DE CALIDAD DEL AIRE Y SENSIBILIZACION DE LA POBLACIÓN EN EL PERIODO DE GEC 2025 EN VALDIVIA, para Realizar cumplimiento a lo establecido en el Plan de Descontaminación Atmosférica de Valdivia D.S. N 17 2014 del Ministerio del Medio Ambiente, en el artículo 58, letra C, para el periodo GEC 2025. 2. Que, no se ha encontrado el servicio requerido en el Catálogo de Bienes y Servicios ofrecidos en el Sistema de Información Mercado Público en la modalidad Convenio Marco, acorde a lo dispuesto en el artículo el artículo 29 del Decreto Supremo N661, de 2024, del Ministerio de Hacienda. RESUELVO: 1.- APRUÉBANSE las Bases Administrativas, Bases Técnicas y sus documentos Anexos, para participar en la licitación pública de la adquisición denominada DIFUSION DEL PRONÓSTICO DE CALIDAD DEL AIRE Y SENSIBILIZACION DE LA POBLACIÓN EN EL PERIODO DE GEC 2025 EN VALDIVIA, cuyo texto es el siguiente:;2025-04-07T12:57:30.54;2025-04-17T15:30:00;2025-04-30T10:00:00;;CLP;0;0
1057780-1-LE25;ADQ. EQUIPOS REHABILITACIÓN FÍSICA H. CURACAUTÍN;SERVICIO DE SALUD ARAUCANIA NORTE;61.955.100-1;Activos Fijos;ILABACA 752;Angol;Región de la Araucanía;LE;Publicada;La presente licitación tiene como objetivo la adquisición de los equipo y/o equipamientos descritos y detallado en las especificaciones técnicas (Formulario N 5 Oferta Técnica) y en las presentes bases. Sólo se aceptarán ofertas por equipo y/o equipamiento nuevo.;2025-04-07T12:56:42.707;2025-04-17T15:30:00;2025-05-07T19:56:00;65200000;CLP;0;0
4642-36-LE25;Provisión e instalación de siete 7 equipos de clima de 60.000 BTU y la provisión e instalación de repuestos destinados a las unidades manejadoras de aire de los pabellones del Servicio de Soporte Quirúrgico del Hospital de Carabineros.;DIRECCION DE LOGISTICA DE CARABINEROS;60.514.000-9;Fondos Hospitales;Valencia Nro. 2430;Ñuñoa;Región Metropolitana de Santiago;LE;Publicada;Provisión e instalación de siete (7) equipos de clima de 60.000 BTU y la provisión e instalación de repuestos destinados a las unidades manejadoras de aire de los pabellones del Servicio de Soporte Quirúrgico del Hospital de Carabineros. Res Ex 468 del 02.04.2025 SOL 2500119-2500578 - CDP 42-185;2025-04-07T12:53:04.037;2025-04-22T16:00:00;2025-05-13T17:00:00;;CLP;0;0
2360-21-L125;ADQUISICIÓN DE INSUMOS DE CIRUGÍA PARA URGENCIA CONVENIO SAR SAN VICENTE;I MUNICIPALIDAD DE TALCAHUANO;69.150.800-5;DISAM;BULNES N 266 TALCAHUANO CENTRO;Talcahuano;Región del Biobío;L1;Publicada;LA NECESIDAD DE CONTAR CON INSUMOS DE CIRUGÍA PARA URGENCIA CONVENIO SAR SAN VICENTE.;2025-04-07T12:52:33.173;2025-04-14T15:10:00;2025-04-21T17:00:00;;CLP;0;0
2006-5-LE25;MATERIAL GRANULAR;MINISTERIO DE OBRAS PUBLICAS DIREC CION GRAL DE OO PP DCYF;61.202.000-0;Dirección de Vialidad - V Región - Provincia de San Antonio;La Marina 1770, Barrancas;San Antonio;Región de Valparaíso;LE;Publicada;Material de Base Granular para uso de Recebo con un CBR 100% TMáx abs 40máx L.L 25 máx. banda granular chancada tipo Achupallas IP 6 máx. 55% de chancado en Camino Cruce Ruta 78 Las Palmas-El Turco-Cruce G-970 Lo Zárate del Km 11,425 al Km 13,105 de la Comuna de Cartagena.;2025-04-07T12:49:56.51;2025-04-17T15:00:00;2025-04-22T15:00:00;;CLP;0;0
4906-7-LE25;Servicio de habilitación de contenedores del CRNH;SERVICIO SALUD DEL RELONCAVI;61.980.740-5;Consultorio Rio Negro Hornopiren;Calle Nueva S/N, Ciudad Hornopiren, Región de Los Lagos,;Hualaihué;Región de los Lagos;LE;Publicada;Se necesita adquirir servicio para habilitación de cambio de 3 contenedores del Cesfam Rio Negro Hornopirén.;2025-04-07T12:49:27.667;2025-04-17T13:26:00;2025-04-30T11:27:00;12500000;CLP;0;0
1469-54-LE25;Serv. de bus de acercamiento para alumnos Linares;UNIVERSIDAD DE TALCA;70.885.500-6;Universidad de Talca;Avda. Lircay S/N;Talca;Región del Maule;LE;Publicada;La presente licitación pública tiene por objeto la contratación de servicio de transporte de alumnos hacia y desde el Campus Linares de la Universidad Talca, dentro del radio urbano de la ciudad de Linares.;2025-04-07T12:49:18.333;2025-04-17T18:30:00;2025-05-28T18:30:00;26250000;CLP;0;0
4371-18-LE25;SUMINISTRO DE PUBLICIDAD Y DIFUSIÓN RADIAL M.;I MUNICIPALIDAD DE SAN VICENTE;69.081.000-k;Ilustre Municipalidad de San Vicente de Tagua Tagu;Tagua Tagua 222;San Vicente de Tagua Tagua;Región del Libertador General Bernardo OHiggins;LE;Publicada;La Ilustre Municipalidad de San Vicente de Tagua Tagua, a través de la Secretaria Comunal de Planificación, requiere celebrar contrato de suministro por servicios de publicidad y difusión radial, la cual consiste en la adquisición de los medios de comunicación locales necesarios para mantener a toda la comunidad tanto urbana como rural actualizada sobre las actividades, eventos e informaciones.;2025-04-07T12:47:03.1;2025-04-17T10:00:00;2025-04-18T15:00:00;;CLP;0;0
1057540-35-LE25;CONVENIO DE MANTENIMIENTO PREVENTIVO ATENCIONES DE EMERGENCIA Y MANTENCION CORRECTIVA DE UNIDADES MANEJADORAS DE AIRE FAN COILS VENTILADORES Y ELECTROVALVULAS;SERVICIO SALUD TALCAHUANO HOSPITAL PENCO-LIRQUEN;61.602.198-2;Hospital Penco - Lirquen;Camino a Tome s/n;Penco;Región del Biobío;LE;Publicada;CONVENIO DE MANTENIMIENTO PREVENTIVO, ATENCIONES DE EMERGENCIA Y MANTENCION CORRECTIVA DE UNIDADES MANEJADORAS DE AIRE, FAN COILS, VENTILADORES Y ELECTROVALVULAS;2025-04-07T12:46:22.833;2025-04-16T16:35:00;2025-05-20T12:18:00;;CLP;0;0
2735-43-LP25;ADQUISICIÓN 7 UNIDADES DENTALES;I MUNICIPALIDAD LO BARNECHEA;69.255.200-8;Municipalidad de lo Barnechea - Adquisiciones - Consistorial;El Rodeo N 12.777;Lo Barnechea;Región Metropolitana de Santiago;LP;Publicada;PROVISIÓN, INSTALACIÓN, PUESTA EN MARCHA Y MANTENCIÓN DE SIETE UNIDADES DENTALES;2025-04-07T12:46:46.277;2025-04-28T16:00:00;2025-06-30T21:00:00;;CLP;0;0
1057540-34-LE25;CONVENIO DE MANTENIMIENTO PREVENTIVO ATENCIONES DE EMERGENCIA Y MANTENCION CORRECTIVA DE CENTRAL TERMICA Y FRIA;SERVICIO SALUD TALCAHUANO HOSPITAL PENCO-LIRQUEN;61.602.198-2;Hospital Penco - Lirquen;Camino a Tome s/n;Penco;Región del Biobío;LE;Publicada;CONVENIO DE MANTENIMIENTO PREVENTIVO, ATENCIONES DE EMERGENCIA Y MANTENCION CORRECTIVA DE CENTRAL TERMICA Y FRIA;2025-04-07T12:46:07.27;2025-04-16T16:50:00;2025-05-20T19:57:00;;CLP;0;0
662237-13-LQ25;Décimo Sexto Estudio Nacional Dogas Pobl. Escolar;SERVICIO NACIONAL PARA LA PREVENCION Y REHABILITACION DEL CONSUMO DE D;61.980.170-9;SENDA NACIONAL;Agustinas 1235, piso 9;Santiago Centro;Región Metropolitana de Santiago;LQ;Publicada;El Servicio Nacional para la Prevención y Rehabilitación del Consumo de Drogas y Alcohol, en adelante el SENDA, requiere la realización del Décimo Sexto Estudio Nacional de Drogas en Población Escolar ENPE 2025.;2025-04-07T12:45:36.227;2025-04-28T15:00:00;2025-06-26T20:00:00;262000000;CLP;0;0
4883-13-LE25;Servicio de Producción Integral PAM 2025;SUBSECRETARÍA DE LAS CULTURAS Y LAS ARTES;65.523.750-k;Consejo Regional de la Cultura y las Artes Valparaíso;;;Región de Valparaíso;LE;Publicada;contratación de Servicio de Producción Integral, en el marco de la implementación a nivel regional del Programa de Apreciación de la Música Nacional 2025 para la realización de 14 Ciclos de Mediación, desde del 2 de mayo al 30 de septiembre de 2025, región de Valparaíso;2025-04-07T12:42:14.723;2025-04-17T14:02:00;2025-05-30T10:03:00;;CLP;0;0
4389-12-LE25;SERVICIO DE DISEÑO DE PAISAJISMO Y ESPACIOS EXTERIORES PARA EL NUEVO MUSEO REGIONAL DE ATACAMA;SERVICIO NACIONAL DEL PATRIMONIO CULTURAL;60.905.000-4;SUBDIRECCION DE MUSEOS;;;Región de Atacama;LE;Publicada;SERVICIO DE DISEÑO DE PAISAJISMO Y ESPACIOS EXTERIORES PARA EL NUEVO MUSEO REGIONAL DE ATACAMA;2025-04-07T12:41:53.717;2025-04-17T18:00:00;2025-05-02T18:00:00;7000000;CLP;0;0
1698-17-LE25;OBRAS DE CONSERVACIÓN JUZGADO DE LETRAS Y GARANTÍA;CORP ADMINISTRATIVA DEL PODER JUDICIAL;60.301.001-9;Corp. Adm. del Poder Judicial - La Serena;Juan Cisternas N2497, Oficina 401, Piso 4;La Serena;Región de Coquimbo;LE;Publicada;La presente licitación está destinada a la contratación de los trabajos de: Mejoramiento de puerta de acceso, comedor, de oficina, de baño, además de la reposición del sistema de CCTV.;2025-04-07T12:39:00;2025-04-22T16:00:00;2025-05-23T17:00:00;;CLP;0;0
4309-118-LP25;CONVENIO OMEPRAZOL;HOSPITAL GUILLERMO GRANT BENAVENTE DE CO;61.602.189-3;Abastecimiento Fármacos;San Martin 1436;Concepción;Región del Biobío;LP;Publicada;ABASTECER HGGB;2025-04-07T12:36:50.203;2025-04-28T15:12:00;2025-08-29T15:13:00;;CLP;0;0
4290-48-LE25;ADQUISICION INSUMOS PARA PLAN DE ESTERILIZACIONES;I MUNICIPALIDAD DE LIMACHE;69.061.100-7;Secpla - MUNICIPALIDAD LIMACHE;Palmira Romano Sur N 340;Limache;Región de Valparaíso;LE;Publicada;ADQUISICION DE INSUMOS PARA PLAN NACIONAL DE ESTERILIZACIONES DE RESPONSABILIDAD COMPARTIDA, COMUNA DE LIAMCHE;2025-04-07T12:36:36.98;2025-04-17T18:00:00;2025-05-09T18:00:00;;CLP;0;0
4290-47-LE25;Suministro retiro aguas servidas limpieza hidrojet;I MUNICIPALIDAD DE LIMACHE;69.061.100-7;Secpla - MUNICIPALIDAD LIMACHE;Palmira Romano Sur N 340;Limache;Región de Valparaíso;LE;Publicada;Contrato de suministro, para retiro de aguas servidas y limpieza con hidrojet, comuna de Limache.;2025-04-07T12:36:18.987;2025-04-17T16:00:00;2025-04-30T17:00:00;;CLP;0;0
2178-5-LE25;Transporte funcionarios notificadores JL Arauco;CORP ADMINISTRATIVA DEL PODER JUDICIAL;60.301.001-9;Corp. Adm. del Poder Judicial - Concepción;AV. ARTURO PRAT N199, PISO 5, EDIFICIO COSTANERA,;Concepción;Región del Biobío;LE;Publicada;SE REQUIERE EL SERVICIO DE TRANSPORTE PARA TRASLADO DE FUNCIONARIOS NOTIFICADORES DE TRIBUNALES Y CENTRO DE NOTIFICACIONES EN LA COMUNA DE ARAUCO;2025-04-07T12:31:40.787;2025-04-21T16:00:00;2025-05-22T14:00:00;;CLF;0;0
1079580-6-LP25;ADQ. DE REPUESTOS DE VEHICULOS PARA LA ZONA ÑUBLE;DIRECCION DE LOGISTICA DE CARABINEROS;62.000.520-7;SECCIÓN COMPRAS ZONA DE CARABINEROS ÑUBLE;GAMERO NRO. 1196, CHILLAN;Chillán;Región del Ñuble;LP;Publicada;ADQUISICIÓN DE REPUESTOS Y ACCESORIOS PARA EL MANTENIMIENTO Y REPARACIÓN DE VEHÍCULOS DE LA ZONA DE CARABINEROS ÑUBLE;2025-04-07T12:20:53.047;2025-04-17T18:40:00;2025-05-19T20:41:00;;CLP;0;0
846-7-LE25;CE SC 57407 SERVICO DE ARRIENDO VEHICULO ATACAMA;JUNTA NACIONAL DE JARDINES INFANTILES;70.072.600-2;Junji - III Región;Atacama N 390;Copiapó;Región de Atacama;LE;Publicada;La Junta Nacional de Jardines Infantiles, JUNJI, a través de la SUBDIRECCIÓN DE CALIDAD EDUCATIVA, requiere la CONTRATACIÓN DE SERVICIO DE ARRIENDO DE VEHÍCULOS, PARA LA JUNTA NACIONAL DE JARDINES INFANTILES DE LA REGIÓN DE ATACAMA;2025-04-07T12:20:37.527;2025-04-17T18:00:00;2025-04-28T11:11:00;21000000;CLP;0;0
1392207-1-LE25;ADQUISICIÓN DE EQUIPOS MÉDICOS Y FANTOMAS;CENTRO DE FORMACION TECNICA DE LA REGION DE ATACAMA;65.195.573-4;CFT DE ATACAMA - CAMPUS PAIPOTE-COPIAPO;Colipi #484 oficina A205-209;Copiapó;Región de Atacama;LE;Publicada;Adquisición de Equipos Médicos y Fantomas para el Centro de Formación Técnica de la Región de Atacama Campus Paipote-Copiapó, de acuerdo con las Bases Administrativas, Técnicas y Anexos de la presente licitación.;2025-04-07T12:19:26.45;2025-04-17T15:00:00;2025-04-30T20:00:00;60000000;CLP;0;0
2080-178-LE25;COMPRA DE DESIERTOS DE BACTERIOLOGIA Y OTROS;SERVICIO DE SALUD DEL LIBERTADOR B O'HIGGINS HOSPITAL REG RANCAGUA;61.602.138-9;Hospital Regional Rancagua - HRR;Avenida Salvador Allende N 350;Rancagua;Región del Libertador General Bernardo OHiggins;LE;Publicada;El Hospital Dr. Franco Ravera Zunino, en adelante el Hospital, llama a licitación pública para el COMPRA DE DESIERTOS DE BACTERIOLOGIA Y OTROS para el Hospital Dr. Franco Ravera Zunino;2025-04-07T12:19:41.623;2025-04-17T15:00:00;2025-06-23T19:00:00;;CLP;0;0
2434-12-H225;ACOMPAÑAMIENTO Y SIST.BARRIAL EMPRENDEDORES;I MUNICIPALIDAD ESTACION CENTRAL;69.254.300-9;SECRETARIA COMUNAL DE PLANIFICACION;Av. Libertador Bernardo O'Higgins N3920;Estación Central;Región Metropolitana de Santiago;H2;Publicada;Dicho proyecto, busca diseñar e implementar un plan de asesorías técnicas especializadas, sistemáticas y personalizadas, y ponerlo a disposición de los emprendimientos y empresas de menor tamaño presentes en Casco Histórico y Los Nogales.;2025-04-07T12:17:14.567;2025-05-07T15:00:00;2025-09-30T15:12:00;;CLP;0;0
813-55-LE25;PP 24.2025 habilitación sala almacenamiento para Departamento Agencia Nacional de Medicamentos ANAMED;INSTITUTO DE SALUD PUBLICA DE CHILE;61.605.000-1;Cotizaciones - ISP;Av. Marathón 1000;Santiago;Región Metropolitana de Santiago;LE;Publicada;Según bases de licitación adjuntas;2025-04-07T12:16:00;2025-04-17T15:00:00;2025-06-06T20:00:00;66261040;CLP;0;0
5602-18-LE25;INSUMOS Y REACTIVOS PARA USO EN ÁREA MICROBIOLOGÍA;SUBSECRETARIA DE SALUD PUBLICA;61.601.000-K;Seremi de Salud Arica y Parinacota;Maipú N410;Arica;Región de Arica y Parinacota;LE;Publicada;COMPRA DE INSUMOS Y REACTIVOS PARA USO EN ÁREA MICROBIOLOGÍA DEL LABORATORIO DE SALUD PÚBLICA AMBIENTAL Y LABORAL ARICA. RES. EX. 154 SOLICITUD 2025030004 REVISAR ESPECIFICACIONES DE PRODUCTOS EN ARCHIVO ADJUNTO.;2025-04-07T12:18:12.08;2025-04-21T15:01:00;2025-05-26T15:02:00;;CLP;0;0
1814-3-LE25;SERVICIO DE TELEFONIA PARA EL CIP CRC SAN JOAQUIN;SERVICIO NACIONAL DE MENORES;61.008.000-6;CIP CRC San Joaquin;Canada 5351-5359, San Joaquín;Santiago;Región Metropolitana de Santiago;LE;Publicada;El Servicio Nacional de Menores, requiere contratar el Servicio de Telefonía IP y red de Datos para el CIP CRC San Joaquín, ubicado en Canadá 5351, en la comuna de San Joaquín.;2025-04-07T12:15:09.963;2025-04-22T18:31:00;2025-05-07T18:30:00;1476;CLF;0;0
85-14-LR25;ADQUISICIÓN LICENCIAS MICROSOFT POR 24 MESES;JUNTA NACIONAL DE AUXILIO ESCOLAR Y BECA;60.908.000-0;JUNTA NACIONAL DE AUXILIO ESCOLAR Y BECA;MONJITAS 565 - PISO 6 - SANTIAGO CENTRO;Santiago Centro;Región Metropolitana de Santiago;LR;Publicada;JUNAEB requiere adquirir licencias de la plataforma usuaria y servidores Microsoft por un total de 24 meses con licenciamientos anuales (12 meses) con la finalidad de prestar apoyo a los distintos Departamentos de JUNAEB mediante: softwares ofimáticos software de gestión soporte de plataformas base de datos institucionales debiendo éstas ser administradas por el Subdepartamento de Informática.;2025-04-07T12:15:03.023;2025-05-12T15:00:00;2025-06-25T18:00:00;;CLP;0;0
2147-23-LE25;MANTENIMIENTO PREVENTIVO Y CORRECTIVO DE VEHICULOS;SERVICIO DE SALUD COQUIMBO HOSPITAL COMB;61.606.406-1;Hospital Combarbalá;Comercio 800;Combarbalá;Región de Coquimbo;LE;Publicada;El Hospital San Juan de Dios de Combarbalá, llama a licitación pública a través del Portal Mercado Público para MANTENIMIENTO PREVENTIVO Y CORRECTIVO DE VEHÍCULOS PARA HOSPITAL SAN JUAN DE DIOS DE COMBARBALÁ.;2025-04-07T12:11:57.863;2025-04-17T10:00:00;2025-04-28T16:00:00;;CLP;0;0
1002772-34-LQ25;SUMINISTRO DE PRÓTESIS DE CADERA;SERVICIO SALUD OCCIDENTE HOSPITAL DR FELIX BULNES CERDA;61.608.205-1;INSUMOS CLINICOS;;;Región Metropolitana de Santiago;LQ;Publicada;Artículo 6: Las presentes Bases constituyen el instrumento guía destinado a celebrar un CONVENIO DE SUMINISTRO DE PRÓTESIS DE CADERA POR ABORDAJE ANTERIOR, PRÓTESIS DISPLASIA CADERA Y SISTEMA DE PLACAS PARA FRACTURA PERI PROTÉSICA SERVICIO TRAUMATOLOGÍA EN CONSIGNACIÓN Y CON INSTRUMENTAL EN COMODATO PARA EL HOSPITAL DR. FÉLIX BULNES CERDA, en adelante Hospital, éstas, establecen los fines, condiciones y requisitos que deberán ser cumplidos por los oferentes, en todas y cada una de las partes que conformen su oferta, además de regular el todo el proceso licitatorio hasta la suscripción del correspondiente contrato;2025-04-07T12:11:56.82;2025-04-17T12:30:00;2025-06-17T17:00:00;;CLP;0;0
1002772-33-LQ25;SUMINISTRO DE CLAVOS ENDOMEDULARES;SERVICIO SALUD OCCIDENTE HOSPITAL DR FELIX BULNES CERDA;61.608.205-1;INSUMOS CLINICOS;;;Región Metropolitana de Santiago;LQ;Publicada;Artículo 6: Las presentes Bases constituyen el instrumento guía destinado a celebrar un CONVENIO DE SUMINISTRO DE CLAVOS ENDOMEDULARES PARA EL SERVICIO DE TRAUMATOLOGIA EN CONSIGNACIÓN Y CON INSTRUMENTAL EN COMODATO PARA EL HOSPITAL DR. FÉLIX BULNES CERDA, en adelante Hospital, éstas, establecen los fines, condiciones y requisitos que deberán ser cumplidos por los oferentes, en todas y cada una de las partes que conformen su oferta, además de regular el todo el proceso licitatorio hasta la suscripción del correspondiente contrato.;2025-04-07T12:11:44.48;2025-04-17T12:30:00;2025-06-17T17:00:00;;CLP;0;0
1057822-3-LP25;Adquisición mesa quirúrgica para HGGB;SERVICIO DE SALUD CONCEPCION;61.607.100-9;Activos Fijos;O'Higgins 297 Concepcion;Concepción;Región del Biobío;LP;Publicada;Adquisición mesa quirúrgica para HGGB;2025-04-07T12:11:35.487;2025-04-28T15:00:00;2025-06-16T17:30:00;;CLP;0;0
1165648-3-L125;SUMINISTRO DE CRISTALES ÓPTICOS CON MONTAJE PARA ÓPTICA MUNICIPAL DEL DEPARTAMENTO DE SALUD MUNICIPAL DE LIMACHE;I MUNICIPALIDAD DE LIMACHE;69.061.100-7;Departamento de Salud;AV. REPUBLICA N 449;Limache;Región de Valparaíso;L1;Publicada;SUMINISTRO DE CRISTALES ÓPTICOS CON MONTAJE PARA ÓPTICA MUNICIPAL DEL DEPARTAMENTO DE SALUD MUNICIPAL DE LIMACHE;2025-04-07T12:11:34.423;2025-04-14T22:00:00;2025-04-16T22:00:00;6800000;CLP;0;0
2380-32-LE25;OS N 137860 DOPER;I MUNICIPALIDAD DE COPIAPO;69.030.200-4;DEPARTAMENTO DE ABASTECIMIENTO;CHACABUCO 857;Copiapó;Región de Atacama;LE;Publicada;ADQUISICION DE VESTUARIO PARA PERSONAL DE LA DIRECCION DE OPERACIONES Y PARQUE EL PRETIL, SEGUN OS N 137860;2025-04-07T12:11:33.017;2025-04-14T16:30:00;2025-04-18T19:00:00;;CLP;0;0
2914-15-LE25;CONVENIO SUMINISTRO MATERIAL DE OFICINA SM-86;ILUSTRE MUNICIPALIDAD DE DIEGO DE ALMAGRO;69.250.500-k;Salud;Juan Martínez de Rosa 1403, I. MUNICIPALIDAD DE DIEGO DE ALMAGRO;Diego De Almagro;Región de Atacama;LE;Publicada;SE REQUIERE ADQUIRIR CONVENIO DE SUMINISTROS DE MATERIAL DE OFICINA PARA LA DIRECCIÓN DE SALUD MUNICIPAL DE DIEGO DE ALMAGRO, PARA ABASTECER A DEPARTAMENTO Y TODOS SUS ESTABLECIMIENTOS.;2025-04-07T12:06:17.647;2025-04-14T15:30:00;2025-04-21T16:00:00;;CLP;0;0
739-3-LE25;PROFESIONAL DE APOYO A PROGRAMAS DE RIEGO. INDAP R;INSTITUTO DE DESARROLLO AGROPECUARIO;61.307.000-1;Unidad de Compra Región de Valparaíso;Freire 765;Quillota;Región de Valparaíso;LE;Publicada;APRUEBA BASES DE LICITACIÓN PÚBLICA PARA LA CONTRATACIÓN DE LOS SERVICIOS DE APOYO A LOS PROGRAMAS DE RIEGO DE INDAP. REGIÓN DE VALPARAÍSO.;2025-04-07T12:05:31.85;2025-04-21T15:30:00;2025-05-12T18:00:00;12800000;CLP;0;0
1658-78-LQ25;P.41-2025 CONTRATO DE SUMINISTRO PROVISIÓN E INSTALACIÓN VALLAS Y BOLARDOS;I MUNICIPALIDAD DE TEMUCO;69.190.700-7;I MUNICIPALIDAD DE TEMUCO;Arturo Prat 650;Temuco;Región de la Araucanía;LQ;Publicada;CONTRATO DE SUMINISTRO PROVISIÓN E INSTALACIÓN VALLAS Y BOLARDOS.;2025-04-07T12:03:12.707;2025-04-28T15:00:00;2025-06-13T17:00:00;29000000;CLP;0;0
3416-33-LE25;SERVICIO DE MANTENCIÓN Y REPARACIÓN DE VEHÍCULO;COMANDO DE APOYO A LA FUERZA;61.101.017-6;Escuela Militar -ESCMIL;Presidente Riesco 4601;Las Condes;Región Metropolitana de Santiago;LE;Publicada;La Escuela Militar, a través de la solicitud interna SIC N323946, presentada por la Sección Material de Guerra requiere el servicio de mantenimiento y reparación de un vehículo administrativo de la Escuela Militar.;2025-04-07T12:02:18.39;2025-04-17T13:00:00;2025-04-30T18:00:00;;CLP;0;0
1371-2-LE25;Contratación de Campaña Comunicacional 2025;Comité de Seguros del Agro;75.971.200-5;Comité de Seguro Agricola;Paseo Bulnes 377 of 707;Santiago Centro;Región Metropolitana de Santiago;LE;Publicada;El objetivo de esta campaña es: Nacional Macro: Continuar dando a conocer la nueva imagen de Agroseguros: quehacer y la línea de seguros con subsidio estatal: Individual y colectivo. Regional Mesas de trabajoSeremis: Posicionar a Agroseguros en regiones mediante la vocería de los seremis de agricultura. Seguros colectivos: Dar a conocer los seguros colectivos contratados directamente por Agroseguros: Aves y Mosca de la Fruta.;2025-04-07T12:00:28.123;2025-04-29T18:00:00;2025-05-07T16:00:00;23500000;CLP;0;0
3220-4-LE25;MANTENIMIENTO PREVENTIVO ANUAL GRUA PLUMAGP-014.;DIRECCION DE ABASTECIMIENTO DE LA ARMADA;61.102.021-k;INSIGNIA COMANDANCIA EN JEFE DE LA IIa ZONA NAVAL;JORGE MONTT 11 BASE NAVAL;Talcahuano;Región del Biobío;LE;Publicada;MANTENIMIENTO PREVENTIVO ANUAL GRUA PLUMAGP-014., SEGUN ANEXO TECNICO.;2025-04-07T11:53:56.96;2025-04-17T10:00:00;2025-04-25T17:00:00;12520437;CLP;0;0
1028897-16-LR25;OBRA CONSERVACIÓN LICEO PÚBLICO REINO DE SUECIA.;SERVICIO LOCAL DE EDUCACION COSTA ARAUCANIA;65.154.272-3;Subdirección de administración y finanzas;Pedro de Valdivia N 241;Carahue;Región de la Araucanía;LR;Publicada;El Servicio Local de Educación Pública Costa Araucanía, en adelante El Servicio, SLEP o Servicio Local requiere la contratación de Ejecución de la Obra Civil del Proyecto denominado CONSERVACIÓN LICEO PÚBLICO REINO DE SUECIA, SAAVEDRA, Código BIP 40057423-0 de acuerdo con las condiciones establecidas en las presentes Bases Administrativas, Bases Técnicas y sus Anexos. La referida contratación comprende la totalidad del proyecto hasta su terminación completa conforme a planos y a las condiciones establecidas en las presentes bases administrativas, bases técnicas y sus anexos.;2025-04-07T11:53:59.653;2025-05-08T15:01:00;2025-07-07T15:00:00;2357462000;CLP;0;0
5019-8-LE25;Servicios profesionales de telemedicina con informe de exámenes y entrega de equipos;COMANDO DE APOYO A LA FUERZA;65.224.300-2;Centro Clínico Militar Coyhaique - CCM Coyhaique;Av. Ejército S/N;Coyhaique;Región Aysén del General Carlos Ibáñez del Campo;LE;Publicada;Servicios profesionales de telemedicina con informe de exámenes y entrega de equipos;2025-04-07T11:55:06.723;2025-04-14T15:00:00;2025-05-07T17:30:00;20000000;CLP;0;0
359-45-CO25;SERVICIOS DE MANTENIMIENTO PREVENTIVO Y CORRECTIVO PARA ARCO C;Instituto Nacional del Cancer;61.608.404-6;Inst Nacional del Cancer Adquisiciones;Av. Profesor Zañartu 1010, Independencia;Independencia;Región Metropolitana de Santiago;CO;Publicada;El Instituto Nacional del Cáncer, en adelante e indistintamente el Instituto, llama a licitación pública para la contratación SERVICIOS DE MANTENIMIENTO PREVENTIVO Y CORRECTIVO PARA ARCO C MARCA PHILIPS DE LA UNIDAD DE PABELLONES QUIRURGICOS para pacientes del instituto nacional del cáncer, la cual se regulará por las presentes Bases. Los plazos señalados en la presente licitación se entenderán en día corridos, salvo que se señale lo contrario. El mandante de esta licitación es el Instituto Nacional del Cáncer, cuyo domicilio para todos los efectos legales de esta convocatoria es Avenida Profesor Zañartu N1010, comuna de Independencia, Santiago de Chile, representado por su Directora.;2025-04-07T12:02:55.76;2025-04-17T16:00:00;2025-05-17T17:00:00;;CLP;0;0
1057822-2-LE25;Adquisición bomba jeringa para HGGB;SERVICIO DE SALUD CONCEPCION;61.607.100-9;Activos Fijos;O'Higgins 297 Concepcion;Concepción;Región del Biobío;LE;Publicada;Adquisición bomba jeringa para HGGB;2025-04-07T11:52:56.733;2025-04-17T15:01:00;2025-05-30T14:25:00;;CLP;0;0
2295-47-LR25;SERVICIOS DE RECOLECCIÓN Y TRANSPORTE DE RESIDUOS SÓLIDOS DOMICILIARIOS DE LA COMUNA DE TALCA;I MUNICIPALIDAD DE TALCA;69.110.400-1;SECRETARIA COMUNAL DE PLANIFICACION;1 NORTE ENTRE 2 Y 3 ORIENTE NRO 93;Talca;Región del Maule;LR;Publicada;Las presentes Bases Administrativas Especiales regirán la Licitación Pública, adjudicación, contrato, garantías, plazos, multas y sistema de pago del proyecto indicado en las presentes Bases, conjuntamente con las Bases Administrativas Generales, eventuales aclaraciones, respuestas a consultas y demás antecedentes de la licitación.;2025-04-07T11:49:34.787;2025-05-08T12:00:00;2025-07-15T10:45:00;;CLP;0;0
5752-9-LE25;REP. Y MEJORAMIENTO COLEGIO NUEVA LOS LOBOS THNO.;I MUNICIPALIDAD DE TALCAHUANO;69.150.800-5;DIRECCION DE CONSTRUCCIONES;SARGENTO ALDEA 250;Talcahuano;Región del Biobío;LE;Publicada;EL PROYECTO A EJECUTAR CONSISTE EN EL CAMBIO DE CUBIERTAS Y HOJALATERIA, REPARACIÓN DE CIELOS Y PINTURAS DE ACUERDO A LO INDICADO EN LAS ESPECIFICACIONES TÉCNICAS.;2025-04-07T11:41:21.413;2025-05-08T12:00:00;2025-08-06T17:30:00;50160000;CLP;0;0
5539-10-L125;Contratación de Servicio de Transporte Aéreo;UNIVERSIDAD DE CHILE;60.910.000-1;UCHILE Depto.Evaluac. y Medicion Educacional DEMRE;Avda. José Pedro Alessandri 685 - Ñuñoa - Santiago;Ñuñoa;Región Metropolitana de Santiago;L1;Publicada;Contratación de Servicio de Transporte Aéreo para Distribución de Pruebas Oficiales del proceso de Admisión 2026, Punto de Entrega: Rapa Nui (Isla de Pascua), IPC - Chile. Según FR N 82.-;2025-04-07T11:38:26.693;2025-04-14T16:00:00;2025-06-13T13:59:00;3000000;CLP;0;0
1057822-1-LE25;Adquisición sillones acompañamiento Hospital Lota;SERVICIO DE SALUD CONCEPCION;61.607.100-9;Activos Fijos;O'Higgins 297 Concepcion;Concepción;Región del Biobío;LE;Publicada;Adquisición sillones acompañamiento por Ley Mila para el Hospital de Lota;2025-04-07T11:36:29.373;2025-04-17T15:01:00;2025-05-19T13:19:00;;CLP;0;0
1260-18-LR25;Apoyo y Mejoramiento Proceso Inversión GORE RM;GOBIERNO REGIONAL REGION METROPOLITANA;61.923.200-3;ADQUISICIONES - PROGRAMA 01;Bandera N46;Santiago Centro;Región Metropolitana de Santiago;LR;Publicada;CONTRATACIÓN DE CONSULTORÍA PARA APOYAR LA AGILIZACIÓN Y MEJORAMIENTO DEL PROCESO DE INVERSIÓN DEL GOBIERNO REGIONAL METROPOLITANO. El objetivo general de la consultoría es contribuir al mejoramiento de las capacidades de gestión de inversiones del Gobierno Regional en aspectos concretos y relevantes de su funcionamiento. De manera específica se busca: a Mejorar las capacidades de los equipos técnicos en procesos específicos asociados a la gestión de sus inversiones b Detectar y perfeccionar procesos de importancia ligados a la gestión de inversiones y c Acelerar la evaluación técnica y económica de proyectos del gobierno regional, como forma de apoyar su pronta ejecución.;2025-04-07T11:35:23.383;2025-05-07T15:00:00;2025-06-05T15:30:00;;CLP;0;0
1037-5-LE25;SERVICIO DE MANTENCIÓN Y REPARACIÓN DE VEHICULOS;CORP NACIONAL FORESTAL;61.313.000-4;X Región - Oficina Regional de Los Lagos;OCHAGAVIA 458 - Puerto Montt;Puerto Montt;Región de los Lagos;LE;Publicada;La Corporación requiere un Servicio de taller automotriz integral el cuál debe incluir servicio mecánico, eléctrico y de pintura prestado por el proveedor que oferte en esta Licitación, necesario mantención y reparación Parque Vehicular de la oficina Regional y la Oficina Provincial Llanquihue de la Corporación Nacional Forestal en Puerto Montt;2025-04-07T11:34:47.147;2025-04-17T15:30:00;2025-05-12T16:20:00;65000000;CLP;0;0
1063487-6-O125;Conservación SSR Nueva Aldea El Culben, San Miguel;MINISTERIO DE OBRAS PUBLICAS DIREC CION GRAL DE OO PP DCYF;61.202.000-0;Dirección de Obras Hidráulicas Región del Ñuble;Calle Sargento Aldea N329 Chillán;Chillán;Región del Ñuble;O1;Publicada;Conservación SSR Nueva Aldea de Ránquil, El Culbén de Quillón y San Miguel Alto de Pemuco.;2025-04-07T11:33:13.527;2025-04-23T10:00:00;2025-05-31T15:00:00;;CLP;0;0
928-16-LQ25;PRODUCCION DE ENCUENTROS RECREATIVOS PARA PARQUE ESTADIO NACIONAL 2025;INSTITUTO NACIONAL DE DEPORTES DE CHILE;61.107.000-4;I.N.D. ESTADIO NACIONAL;Av. Grecia N 2001 Ñuñoa;Santiago;Región Metropolitana de Santiago;LQ;Publicada;PRODUCCION DE ENCUENTROS RECREATIVOS PARA PARQUE ESTADIO NACIONAL 2025;2025-04-07T11:30:39.04;2025-04-21T18:49:00;2025-04-28T18:50:00;325000000;CLP;0;0
1274907-17-LE25;Suministro Artículos de Supermercado;CORPORACIÓN MUNICIPAL DE EDUCACIÓN, SALUD Y ATENCIÓN DE MENORES CHONCHI;71.299.000-7;ADQUISICIONES;Direccion no aplica a productos virtuales;Santiago;Región de los Lagos;LE;Publicada;Proveer de bienes de supermercado a la corporación municipal de Chonchi;2025-04-07T11:28:57.1;2025-04-17T10:01:00;2025-05-31T10:02:00;;CLP;0;0
1057501-121-LE25;Convenio insumos varios 6 por 48 meses;COMPLEJO ASISTENCIAL DR. SOTERO DEL RIO;61.608.502-6;COMPLEJO ASISTENCIAL DR. SOTERO DEL RIO;CONCHA Y TORO 3459;Puente Alto;Región Metropolitana de Santiago;LE;Publicada;La necesidad de contra con insumos;2025-04-07T11:26:37.04;2025-04-17T15:30:00;2025-05-07T15:00:00;;CLP;0;0
85-18-LP25;SERVICIO DE HOUSING EN MODO DATACENTER;JUNTA NACIONAL DE AUXILIO ESCOLAR Y BECA;60.908.000-0;JUNTA NACIONAL DE AUXILIO ESCOLAR Y BECA;MONJITAS 565 - PISO 6 - SANTIAGO CENTRO;Santiago Centro;Región Metropolitana de Santiago;LP;Publicada;La Junta Nacional de Auxilio Escolar y Becas, en adelante e indistintamente JUNAEB, requiere gestionar la contratación del servicio de Housing, en modo Datacenter, por un período de 36 meses. Esto, con la finalidad de poder dar un óptimo resguardo a los datos sensibles de los usuarios, dar una mantención a la infraestructura informática de esta entidad y permitir la operabilidad de datos para funcionarios internos de JUANEB;2025-04-07T11:25:45.2;2025-04-30T15:00:00;2025-06-13T18:00:00;195000000;CLP;0;0
4650-14-LE25;PRODUCCIÓN PREMIOS DE CONSERVACIÓN E1O2RT9;SERVICIO NACIONAL DEL PATRIMONIO CULTURAL;60.905.000-4;CONSEJO DE MONUMENTOS NACIONALES;Huérfanos N 1515, comuna de Santiago;Santiago;Región Metropolitana de Santiago;LE;Publicada;SERVICIO DE PRODUCCIÓN PARA ENTREGA DE PREMIOS DE CONSERVACIÓN DE MONUMENTOS NACIONALES DEL CONSEJO DE MONUMENTOS NACIONALES. NOMENCLATURA E1O2RT9;2025-04-07T11:25:41.323;2025-04-21T15:05:00;2025-05-13T20:00:00;8000000;CLP;0;0
3890-24-L125;ADQ, ELEMENTOS PUBLICIATARIOS PROGRAMA DESARROLLO INTERCULTURAL;I MUNICIPALIDAD DE FREIRE;69.190.900-K;MUNICIPALIDAD DE FREIRE;Por correo electrónico;Las Condes;Región Metropolitana de Santiago;L1;Publicada;ADQUISICION DE ELEMENTOS DE PUBLICIDAD Y DIFUSION PARA EL PROGRAMA DE DESARROLLO INTERCULTURAL DE FREIRE;2025-04-07T11:20:41.307;2025-04-17T15:00:00;2025-05-20T14:03:00;3000000;CLP;0;0
966131-19-LE25;Adquisición vehículo SUV Comuna de Castro;I MUNICIPALIDAD DE CASTRO;69.230.400-4;SECPLAN;Blanco Encalada 273;Castro;Región de los Lagos;LE;Publicada;La presente licitación consiste en la Adquisición Vehículo SUV, Comuna de Castro, todo según los antecedentes adjuntos en el portal www.mercadopublico.cl.;2025-04-07T11:25:34.647;2025-04-16T20:00:00;2025-04-30T19:58:00;;CLP;0;0
2448-58-LP25;SUMINISTRO GASES CLINICOS 2025-2026;I MUNICIPALIDAD DE COQUIMBO;69.040.300-5;Departamento de Salud;Bilbao 348;Coquimbo;Región de Coquimbo;LP;Publicada;Se requiere licitar el mantenimiento preventivo y correctivo de las instalaciones de redes de gases clínicos y sistemas relacionados, asegurando su correcto funcionamiento. Cumplir con los requisitos de seguridad establecidos para las instalaciones, conforme a la acreditación de los prestadores institucionales INS 3.1. Garantizando que las redes de gases clínicos mantengan un rendimiento óptimo y seguro. Se deja expresa constancia que los oferentes deberán ofertar la totalidad de productos requeridos. El incumplimiento de esta disposición facultará al municipio para declarar inadmisibles a dichas ofertas. La Municipalidad de Coquimbo se reserva el derecho de revocar la licitación pública en conformidad a la facultad establecida el artículo 61 de la Ley N19.880 que establece que Los actos administrativos podrán ser revocados por el órgano que los hubiere dictado facultad que se materializa en el sistema de información www.mercadopublico.cl, a través de la aplicación revocar licitación, que permite mientras no se haya adjudicado una licitación, llevar a efectos dicha facultad mediante resolución fundada, basado en razones de mérito, conveniencia u oportunidad.;2025-04-07T11:20:22.5;2025-04-28T17:32:00;2025-05-21T15:33:00;;CLP;0;0
1057432-15-LE25;Adquisición cojines antiescaras programa AATT PCD;SERVICIO DE SALUD CONCEPCION;61.607.100-9;Servicio de Salud Concepción;Ohiggins N297;Concepción;Región del Biobío;LE;Publicada;Adquisición cojines antiescaras programa AATT para PCD;2025-04-07T11:20:15.28;2025-04-17T15:01:00;2025-06-18T13:22:00;;CLP;0;0
2111-112-LP25;SUMINISTRO DE ISAVUCONAZOL;HOSPITAL DE URGENCIA ASISTENCIA PUBLICA DR ALEJANDRO DEL RIO;61.608.602-2;Hospital de Urgencia Asistencia Pública;Curico N345 Bodega Central;Santiago;Región Metropolitana de Santiago;LP;Publicada;ADQUISICIÓN PARA EL SUMINISTRO DE ISAVUCONAZOL POR 24 MESES PARA EL HOSPITAL DE URGENCIA ASISTENCIA PÚBLICA;2025-04-07T11:15:21.043;2025-04-21T15:01:00;2025-05-22T18:00:00;;CLP;0;0
2448-47-LP25;SUMINISTRO CALZADO DE SEGURIDAD 2025 - 2026;I MUNICIPALIDAD DE COQUIMBO;69.040.300-5;Departamento de Salud;Bilbao 348;Coquimbo;Región de Coquimbo;LP;Publicada;SUMINISTRO CALZADO DE SEGURIDAD 2025 - 2026;2025-04-07T11:13:58.823;2025-04-28T15:30:00;2025-05-28T16:41:00;80000000;CLP;0;0
1058097-5-LQ25;Suministro de Preparado Magistral Tricolirio;HOSPITAL PADRE ALBERTO HURTADO;61.958.500-3;Fármarcos;Bienes y Servicios;San Ramón;Región Metropolitana de Santiago;LQ;Publicada;El objetivo de la presente licitación es proveer del suministro del Preparado Magistral Tricolirio Solución Oftálmica Estéril Frasco 1ml Proparacaína 0,5%, Tropicamida 1%, Fenilefrina 2,5%, que cumplan con las exigencias precisadas en las Bases Administrativas y Técnicas de la Propuesta.;2025-04-07T11:10:17.77;2025-04-17T16:00:00;2025-05-06T17:00:00;337145000;CLP;0;0
4290-44-LE25;Renovación licencias Open Value Subscription;I MUNICIPALIDAD DE LIMACHE;69.061.100-7;Secpla - MUNICIPALIDAD LIMACHE;Palmira Romano Sur N 340;Limache;Región de Valparaíso;LE;Publicada;Renovación Licencias Open Value Subscription, DAEM Limache.;2025-04-07T11:09:04.65;2025-04-15T16:00:00;2025-04-25T16:00:00;;CLP;0;0
536337-1-LP25;REPOSICIÓN CUARTA COMPAÑÍA DE BOMBEROS;I MUNICIPALIDAD DE SAN ANTONIO;69.073.400-1;SECPLA;Barros Luco 2347;San Antonio;Región de Valparaíso;LP;Publicada;El objeto del contrato es el diseño denominado: REPOSICIÓN CUARTA COMPAÑÍA DE BOMBEROS, COMUNA DE SAN ANTONIO, Código BIP N 40058897-0, el cual deberá desarrollarse de acuerdo a los Términos Técnicos de Referencia TTR y en general a todos los antecedentes que entregue la Ilustre Municipalidad de San Antonio, a través y en coordinación con la Secretaria Comunal de Planificación SECPLA, con el objetivo de que el diseño a desarrollar cumpla con los requisitos en cuanto a la metodología establecida en el Sistema Nacional de Inversiones del Ministerio de Desarrollo Social MIDESO. Se consulta la elaboración del diseño de Arquitectura, cálculo estructural, y en general todas las especialidades, memoria explicativas, cubicaciones y presupuestos. El diseño, deberá efectuarse de acuerdo a las presentes B.A, TTR y Anexos entre otros documentos y antecedentes para cumplir con los fines de esta Corporación y del proyecto.;2025-04-07T11:07:47.02;2025-04-30T14:00:00;2025-05-16T10:00:00;120000000;CLP;0;0
1057509-107-LE25;ADQUISICIÓN DE DELANTALES Y PROTECTORES DE TIROIDES LIBRE DE PLOMO PARA EL HOSPITAL CLÍNICO HERMINDA MARTÍN los;HOSPITAL CLINICO HERMINDA MARTIN;61.607.001-0;Bienes y Servicios;Francisco Ramirez N10;Chillán;Región del Ñuble;LE;Publicada;El hospital Herminda Martin de Chillán llama a licitación pública para Adquirir delantales radiológicos y protectores tiroideos libres de plomo, certificados bajo normativas nacionales e internacionales de protección radiológica, con el fin de garantizar la seguridad del personal médico, técnico y pacientes expuestos a radiación ionizante en procedimientos diagnósticos y terapéuticos en el Hospital Clínico Herminda Martín. De acuerdo a requerimientos especificados en Bases Administrativas y Técnicas de la presente licitación. Se pretende obtener la mejor calidad y oportunidad de los servicios a un precio conveniente.;2025-04-07T11:07:43.833;2025-04-16T09:00:00;2025-04-30T17:30:00;;CLP;0;0
732425-1-LE25;DISPENSADORES Y PURIFICADORES DE AGUA POTABLE;CORP ADMINISTRATIVA DEL PODER JUDICIAL;60.301.001-9;Jdo de Garantia de Puente Alto;Avda. Concha y Toro 1723;Puente Alto;Región Metropolitana de Santiago;LE;Publicada;ENTREGA DE DISPENSADORES Y PURIFICADORES DE AGUA POTABLE EN COMODATO PARA EL JUZGADO DE GARANTIA DE PUENTE ALTO;2025-04-07T11:05:07.797;2025-04-22T16:00:00;2025-04-30T14:00:00;;CLP;0;0
1380-91-LQ25;PPTA 150-25 ADQUISICION DE ANTINFLAMATORIOS NO EST;HOSPITAL DOCTOR HERNAN HENRIQUEZ ARAVENA;61.602.232-6;HOSPITAL DOCTOR HERNAN HENRIQUEZ ARAVENA;Manuel Montt 115;Temuco;Región de la Araucanía;LQ;Publicada;La adquisición de los medicamentos requeridos es por: 1 intermediación de la Central de Abastecimiento CENABAST, se activarán toda vez que se presente un incumplimiento, y 2 para el Stock bodega. Estos serán suministrados a los pacientes del recinto de Salud, todo en concordancia al Plan Compras y Contrataciones año 2025 PAC, Bases Administrativas y Técnicas, Requerimientos técnicos, detallados en el Anexo N 2 y otros anexos que constituyen el referido llamado a licitación.;2025-04-07T11:07:11.057;2025-04-28T15:00:00;2025-07-25T18:00:00;146788800;CLP;0;0
1058078-19-LE25;Adquisición de Risperidona Propofol y Anfebutamona para el Hospital San José De Melipilla.;Hospital de Melipilla;61.602.123-0;Fármarcos;;;Región Metropolitana de Santiago;LE;Publicada;El Hospital San José de Melipilla invita a los oferentes, personas naturales o jurídicas, a participar en la licitación pública de Adquisición de Risperidona, Propofol y Anfebutamona;2025-04-07T11:02:36.18;2025-04-17T17:00:00;2025-06-17T17:00:00;;CLP;0;0
609-14-LE25;Consultas de información Comercial usuarios INDAP;INSTITUTO DE DESARROLLO AGROPECUARIO;61.307.000-1;Instituto de Desarrollo Agropecuario - INDAP;Agustinas #1465;Santiago;Región Metropolitana de Santiago;LE;Publicada;E1O2RT9 Se requiere de la contratación de un oferente del ramo que provea los servicios de consultas de Información comercial de usuarios de crédito de INDAP.;2025-04-07T11:02:03.397;2025-04-29T15:30:00;2025-05-14T18:00:00;;CLP;0;0
2914-5-LE25;SERVICIO MAMOGRAFÍAS PROG. IMAG. DIAGNÓSTICAS;ILUSTRE MUNICIPALIDAD DE DIEGO DE ALMAGRO;69.250.500-k;Salud;Juan Martínez de Rosa 1403, I. MUNICIPALIDAD DE DIEGO DE ALMAGRO;Diego De Almagro;Región de Atacama;LE;Publicada;ADQUISICIÓN DE SERVICIO DE EXÁMENES DE MAMOGRAFÍAS PARA LA DIRECCIÓN DE SALUD MUNICIPAL DE DIEGO DE ALMAGRO;2025-04-07T11:02:00.047;2025-04-14T15:10:00;2025-04-17T13:00:00;;CLP;0;0
2709-24-LE25;ADQUISICION DE SWITCH Y UPS - MUNICIPALIDAD DE OVALLE;MUNICIPALIDAD DE OVALLE;69.040.700-0;Municipalidad de Ovalle - Secplan;Vicuña Mackenna 441;Ovalle;Región de Coquimbo;LE;Publicada;ADQUISICION DE SWITCH Y UPS - MUNICIPALIDAD DE OVALLE;2025-04-07T11:01:31.493;2025-04-17T14:00:00;2025-05-15T18:36:00;26105601;CLP;0;0
1057540-32-LP25;CONVENIO DE MANTENIMIENTO PREVENTIVO Y CORRECTIVO AUTOCLAVES Y LAVADORA DE ENDOSCOPIOS;SERVICIO SALUD TALCAHUANO HOSPITAL PENCO-LIRQUEN;61.602.198-2;Hospital Penco - Lirquen;Camino a Tome s/n;Penco;Región del Biobío;LP;Publicada;CONVENIO DE MANTENIMIENTO PREVENTIVO Y CORRECTIVO AUTOCLAVES Y LAVADORA DE ENDOSCOPIOS;2025-04-07T11:01:54.883;2025-04-21T15:01:00;2025-05-29T18:37:00;;CLP;0;0
1058078-18-LE25;Adquisición de TIMOLOL MALEATO para el Hospital San José De Melipilla.;Hospital de Melipilla;61.602.123-0;Fármarcos;;;Región Metropolitana de Santiago;LE;Publicada;El hospital requiere generar un convenio por la compra de TIMOLOL MALEATO para la unidad de Farmacia del Hospital San José de Melipilla.;2025-04-07T10:58:31.34;2025-04-17T17:00:00;2025-06-17T17:00:00;;CLP;0;0
929-11-LQ25;Producción Evento Control Competencia Final JDE 2025;INSTITUTO NACIONAL DE DEPORTES DE CHILE;61.107.000-4;Direccion Regional Metropolitana;Coyancura N 2241;Providencia;Región Metropolitana de Santiago;LQ;Publicada;SERVICIO DE PRODUCCIÓN DE EVENTO CONTROL DE COMPETENCIA ETAPA NACIONAL, FINAL NACIONAL DE LOS JUEGOS DEPORTIVOS ESCOLARES 2025, DE LA DIRECCIÓN REGIONAL METROPOLITANA DEL IND;2025-04-07T10:56:37.743;2025-04-29T15:00:00;2025-05-22T18:00:00;235000000;CLP;0;0
1736-26-LE25;MATERIALES DE CONSTRUCCIÓN;I MUNICIPALIDAD DE LA COMUNA DE EL BOSQUE;69.255.300-4;I MUNICIPALIDAD DE LA COMUNA DE EL BOSQUE;JAVIERA CARRERA 736;El Bosque;Región Metropolitana de Santiago;LE;Publicada;Los siguientes materiales de construcción estarán destinados a la respuesta y atención de emergencias según la situación lo requiera, apoyo a familias post incendios estructurales o atención y mitigación de sistema frontales.;2025-04-07T10:55:48.357;2025-04-17T15:29:00;2025-05-27T17:30:00;56615434;CLP;0;0
5586-41-L125;J/G SERVICIO DE HABILITACION ELÉCTRICA PARA VIDEO WALL AUDITORIO FACULTAD DE MEDICINA;UNIVERSIDAD DE LA FRONTERA;87.912.900-1;Universidad de la Frontera;GENERAL JOSE MIGUEL CARRERA 228;Temuco;Región de la Araucanía;L1;Publicada;SERVICIO DE HABILITACION ELÉCTRICA PARA VIDEO WALL AUDITORIO FACULTAD DE MEDICINA;2025-04-07T10:55:59.183;2025-04-14T15:00:00;2025-05-16T18:00:00;5500000;CLP;0;0
3935-28-LE25;CONV. DE SUM. PARA LA ADQ. DE COPAS MEDALLAS TROFEOS GALVANOS BOLIGRAFOS LIBRETAS CUADERNOS LLAVEROS PENDRIVE JOCKEY TAZONES BOLSO CON ESTAMPADO MARCOS CON DIPLOMA AGENDAS BOTELLAS PINS SUBLIMADOS PARA LA MUNICIPALIDAD DE FREIRE Y SERVICIOS INCORP.;I MUNICIPALIDAD DE FREIRE;69.190.900-K;Secretaria de Planificación;;;Región de la Araucanía;LE;Publicada;CONVENIO DE SUMINISTRO PARA LA ADQUISICIÓN DE COPAS, MEDALLAS, TROFEOS, GALVANOS, BOLIGRAFOS, LIBRETAS, CUADERNOS, LLAVEROS, PENDRIVE, JOCKEY, TAZONES, BOLSO CON ESTAMPADO, MARCOS CON DIPLOMA, AGENDAS, BOTELLAS, PINS SUBLIMADOS PARA LA MUNICIPALIDAD DE FREIRE Y SERVICIOS INCORPORADOS;2025-04-07T10:54:42.243;2025-04-17T12:00:00;2025-05-09T18:48:00;;CLP;0;0
2308-34-LE25;ADQ. SISTEMAS DE RADIOCOMUNICACIONES PARA DISEPU;I MUNICIPALIDAD DE OSORNO;69.210.100-6;SECRETARIA DE PLANIFICACION;AVDA. JUAN MACKENNA N851, Bodega Subsuelo;Osorno;Región de los Lagos;LE;Publicada;La iniciativa comprende la adquisición, programación e instalación de equipamiento de sistemas de radiocomunicaciones para vehículos y estación base del departamento de Seguridad Pública de la Municipalidad de Osorno, el cual se deberá ejecutar conforme a los requerimientos establecidos en las presentes bases administrativas y especificaciones técnicas adjuntas.;2025-04-07T10:54:20.993;2025-04-17T13:00:00;2025-05-23T10:05:00;9970088;CLP;0;0
836578-3-LE25;INSUMOS PARA EL SERVICO DE BANDAS.;COMANDO DE APOYO A LA FUERZA;61.101.045-1;División de Bienestar - Jefatura de Zonas;Av. Bernardo O'Higgins N 260;Santiago;Región Metropolitana de Santiago;LE;Publicada;INSUMOS PARA BANDAS DE LOS CONJUNTOS INSTRUMENTALES Y DE GUERRA.;2025-04-07T10:53:43.05;2025-04-17T18:41:00;2025-05-02T18:42:00;26715000;CLP;0;0
1698-16-LE25;NORMALIZACIÓN ELÉCTRICA Y DE GAS VIVIENDAS JUDICIA;CORP ADMINISTRATIVA DEL PODER JUDICIAL;60.301.001-9;Corp. Adm. del Poder Judicial - La Serena;Juan Cisternas N2497, Oficina 401, Piso 4;La Serena;Región de Coquimbo;LE;Publicada;NORMALIZACIÓN ELÉCTRICA Y DE GAS VIVIENDAS JUDICIALES LA SERENA;2025-04-07T10:52:23.943;2025-04-17T14:00:00;2025-05-07T17:00:00;;CLP;0;0
1201-13-LE25;SUMINISTRO DE COPAS Y MEDALLAS JUEGOS ESCOLARES;INSTITUTO NACIONAL DE DEPORTES DE CHILE;61.107.000-4;I.N.D. REGION XI;Dussen N 376;Coyhaique;Región Aysén del General Carlos Ibáñez del Campo;LE;Publicada;Contar con copas y medallas necesarias para las diversas actividades del Programa SISTEMA NACIONAL DE COMPETENCIAS DEPORTIVAS, componente COMPETENCIA ESCOLAR a ejecutar por el Área de Deporte Competitivo del Instituto Nacional De Deporte Región de Aysén.;2025-04-07T10:49:18.11;2025-04-21T15:30:00;2025-05-06T15:00:00;;CLP;0;0
1024-7-LP25;PINTURA Y MICROESFERAAS DE VIRDRIO - DRV - TARAPAC;MINISTERIO DE OBRAS PUBLICAS DIREC CION GRAL DE OO PP DCYF;61.202.000-0;Dirección de Vialidad - I Región - Dirección Regional;Tarapacá N 130, piso 3;Iquique;Región de Tarapacá;LP;Publicada;Adquirir el Suministro de Pintura Acrílica blanca y Microesferas, para la utilización en faenas de la Administración Directa en caminos de las Provincias de Iquique y Tamarugal Dirección de Vialidad, Región de Tarapacá,;2025-04-07T10:45:19.36;2025-04-17T17:27:00;2025-04-29T17:28:00;;CLP;0;0
885-35-LE25;Renovación y adquisición de agentes de Software Jira para la CGR;CONTRALORIA GENERAL DE LA REPUBLICA;60.400.000-9;Contraloría General de la República;;;Región Metropolitana de Santiago;LE;Publicada;La Contraloría General de la República requiere la renovación de 100 agentes del Software Jira, más la adquisición de 100 suscripciones de agentes adicionales por un período de 12 meses, correspondientes a la renovación de su plataforma tecnológica.;2025-04-07T10:44:58.69;2025-04-17T16:00:00;2025-05-07T18:00:00;36000000;CLP;0;0
587-17-LP25;SELICO 124 Servicio Control de Asistencia;SUBSECRETARIA DEL MINISTERIO DE LA VIVIENDA Y URBANISMO;61.801.000-7;Ministerio de Vivienda y Urbanismo(766);SERRANO N15;Santiago;Región Metropolitana de Santiago;LP;Publicada;Disponer de un Sistema de control de Asistencia que permita registrar y controlar la jornada laboral de los funcionarios/as.;2025-04-07T10:44:25.62;2025-05-07T15:10:00;2025-06-19T19:00:00;;CLP;0;0
1019-35-LE25;ADQ DE ESCÁNERES DE ALTA PRODUCCIÓN DE DOCUMENTOS;MINISTERIO DE OBRAS PUBLICAS DIREC CION GRAL DE OO PP DCYF;61.202.000-0;MINISTERIO DE OBRAS PUBLICAS DIREC CION GRAL DE OO;Morandé 59, piso 8;Santiago;Región Metropolitana de Santiago;LE;Publicada;ADQUISICIÓN DE ESCÁNERES DE ALTA PRODUCCIÓN DE DOCUMENTOS PARA LA D.G.A. El objetivo general de este concurso es la adquisición de dos 2 escáneres de alta producción de documentos para la DGA: uno 1 de mediana escala y uno 1 de gran escala. Estos escáneres serán utilizados como apoyo para la digitalización y preservación de la documentación histórica del Servicio, resultando, por lo tanto, indispensables para su funcionamiento. Las especificaciones técnicas se detallan en las Bases Técnicas. Dado que el proceso considera adjudicación múltiple por ítem producto o servicio, ambos escáneres pueden ser ofertados de manera separada.;2025-04-07T10:43:20.623;2025-04-17T16:00:00;2025-04-29T19:00:00;28000000;CLP;0;0
1057509-110-LE25;CONVENIO SERVICIOS DE TAXI CARGO PARA TRASLADO INSTALACION RECAMBIO Y RETIRO DE OXIGENO;HOSPITAL CLINICO HERMINDA MARTIN;61.607.001-0;Bienes y Servicios;Francisco -ramirez N10;Chillán;Región del Ñuble;LE;Publicada;El Hospital Clínico Herminda Martín de Chillán llama a Licitación Pública a través del Portal Mercado Público, para Convenio Servicios de Taxi Cargo Para Traslado, Instalación, Recambio y Retiro de Oxigeno, con el fin de proveer de oxígeno a pacientes dependientes de la Unidad de Hospitalización Domiciliaria, de acuerdo a requerimientos especificados en Bases Administrativas y Técnicas de la presente licitación. Se pretende obtener la mejor calidad y oportunidad en el servicio a un precio conveniente.;2025-04-07T10:32:29.61;2025-04-17T15:00:00;2025-05-02T17:30:00;;CLP;0;0
3334-11-LE25;CONTRATO SUMINISTRO LEÑA CESFAM LA UNION;I MUNICIPALIDAD DE LA UNION;69.200.800-6;Ilustre Municipalidad de La Unión;RAMIREZ N 706;La Unión;Región de Los Ríos;LE;Publicada;El Departamento de Salud, servicio dependiente de la Ilustre Municipalidad de La Unión, requiere adquirir leña seca larga y seca, con % de humedad menor al 25% para el sistema de calefacción central del Cesfam de La Unión y Postas de Salud Rural, de acuerdo a detalle y condiciones técnico- administrativas solicitadas en bases y anexos adjuntos.;2025-04-07T10:32:16.75;2025-04-16T10:00:00;2025-04-29T16:00:00;;CLP;0;0
1233600-41-LP25;CONV SUMINISTRO PINTURA TRABAJOS MANTENCION;CORP MUNICIPAL DE RENCA;70.931.100-K;CORP MUNICIPAL DE RENCA;Los Aromos 3339;Renca;Región Metropolitana de Santiago;LP;Publicada;La Corporación Municipal de Renca, en adelante la Corporación, llama a licitación pública para la contratación por convenio de suministro de pinturas para trabajos de mantención en establecimientos educativos de la comuna de Renca, pertenecientes a la comuna de Renca, denominada CONTRATACIÓN POR CONVENIO DE SUMINISTRO DE PINTURAS PARA TRABAJOS DE MANTENCIÓN EN ESTABLECIMIENTOS EDUCATIVOS DE LA COMUNA DE RENCA;2025-04-07T10:30:31.73;2025-04-17T19:00:00;2025-04-28T18:00:00;;CLP;0;0
3952-13-LE25;COMPRA DE LIBROS ALUMNOS COLEGIO MANUEL RODDRIGUEZ;I MUNICIPALIDAD DE PERALILLO;69.091.500-6;Departamento De Educacion;Manuel Rodriguez S/N;Peralillo;Región del Libertador General Bernardo OHiggins;LE;Publicada;El objeto de la presente Licitación tiene por objeto COMPRA DE MATERIAL DIDÁCTICO LIBROS CON PROGRAMAS DE ESTRATEGIAS DE COMPRENSIÓN LECTORA Y HABILIDADES MATEMÁTICA;2025-04-07T10:29:25.533;2025-04-17T09:00:00;2025-04-25T17:30:00;8700000;CLP;0;0
3240-10-LE25;LIMAS MECANIZADAS DE ROTACIÓN CONTINUA PARA ENDODONCIA;DIRECCION DE ABASTECIMIENTO DE LA ARMADA;65.453.620-1;CENTRAL ODONTOLOGICA IA. ZONA NAVAL;CALLE GENERAL DEL CANTO N 464;Valparaíso;Región de Valparaíso;LE;Publicada;Que, existe la necesidad de adquirir limas mecanizadas de rotación continua para endodoncia para la Central Odontológica de la Primera Zona Naval, por cuanto resulta esencial para la atención clínica de los pacientes y el correcto funcionamiento de dicho establecimiento sanitario, según lo especificado en las Bases y Anexos, de acuerdo a lo dispuesto en el código 4161-10-PC25 del Plan anual de Compras de la Central Odontológica de la Primera zona Naval para el año 2025.;2025-04-07T10:29:11.717;2025-04-17T17:30:00;2025-04-28T18:00:00;29500000;CLP;0;0
1058097-4-LQ25;Adquisición por Sistema de Suministro de Preparados Magistrales para el Hospital Padre Alberto Hurtado;HOSPITAL PADRE ALBERTO HURTADO;61.958.500-3;Fármarcos;ESPERANZA 2150;San Ramón;Región Metropolitana de Santiago;LQ;Publicada;El objetivo de la presente licitación es proveer del suministro de Preparados Magistrales, que cumplan con las exigencias precisadas en las Bases Administrativas y Técnicas de la Propuesta.;2025-04-07T10:29:43.303;2025-04-17T17:00:00;2025-07-16T17:00:00;330000000;CLP;0;0
818-7-O125;Conservacion de Riberas Rio las Minas 2 llamado;MINISTERIO DE OBRAS PUBLICAS DIREC CION GRAL DE OO PP DCYF;61.202.000-0;Dirección de Obras Hidráulicas - XII Región;Edificios Públicos;Punta Arenas;Región de Magallanes y de la Antártica;O1;Publicada;Contratar trabajos de limpieza y desembanque en rio de las minas sector urbano ciudad de punta arenas;2025-04-07T10:24:21.5;2025-04-24T14:00:00;2025-05-12T15:20:00;;CLP;0;0
2107-47-LE25;INSUMOS PARA CUNA RADIANTE DRAGER BABYROO TN300;SERVICIO DE SALUD HOSPITAL DE SANTA CRUZ;61.602.148-6;Hospital de Santa Cruz;Federico Errazuriz 921;Santa Cruz;Región del Libertador General Bernardo OHiggins;LE;Publicada;El Hospital Santa Cruz, como establecimiento de salud requiere adquirir diversos insumos descartables para utilizar en cuna radiante drager babyroo modelo TN300, en poste de mejorar y mantener el estándar de calidad en el monitoreo de los recién nacidos en observación en la sala de atención inmediata, y hospitalizados en neonatología, a objeto de disponer de insumos y accesorios que sensen de forma intermitente yo continua las variaciones de temperatura, la saturación de oxígeno del recién nacido en su estadía en las cunas, además con los insumos adecuados para una atención que requiera reanimación neonatal o monitoreo de paciente neonatal critico hospitalizado.;2025-04-07T10:22:26.31;2025-04-17T15:00:00;2025-04-30T12:00:00;;CLP;0;0
1057547-169-LE25;COMPRA DE SERVICIOS PROCEDIMIENTOS ECOCARDIOGRAFIA;SERVICIO DE SALUD VALDIVIA HOSPITAL BASE;61.607.502-0;Bienes y Servicios;Bienes y Servicios;Valdivia;Región de Los Ríos;LE;Publicada;COMPRA DE SERVICIOS PARA PROCEDIMIENTOS DE ECOCARDIOGRAFIAS PARA PACIENTES AMBULATORIOS DEL HOSPITAL BASE VALDIVIA;2025-04-07T10:16:01.537;2025-04-17T19:00:00;2025-07-07T19:59:00;64000000;CLP;0;0
2337-19-LE25;SERVICIO DE ARRIENDO DE MAQUINARIA PESADA;I MUNICIPALIDAD DE LINARES;69.130.300-4;SECRETARIA COMUNAL DE PLANIFICACION;VALENTIN LETELIER N740;Linares;Región del Maule;LE;Publicada;LA NECESIDAD DE CONTRATAR EL SERVICIO DE ARRIENDO DE MAQUINARIA PESADA , PARA LA PREPARACIÓN DE LA PROLONGACIÓN DE CALLE RENGO Y POSTERIOR ASFALTO, SOLICITADO POR SERVICIOS Y MANTENCIÓN DE LA DIRECCIÓN DE SERVICIOS DE GENERALES, A TRAVÉS DEL MEMORÁNDUM N127/2025 DE FECHA 01.04.25;2025-04-07T10:15:07.01;2025-04-14T15:01:00;2025-04-21T15:13:00;;CLP;0;0
3130-6-LE25;Serv. de Mantención Sistema de Calefacción Central;DIRECCION DE ABASTECIMIENTO DE LA ARMADA;61.102.029-5;HOSPITAL DE LAS FF.AA. CIRUJANO GUZMAN;AVDA. BULNES 0256;Punta Arenas;Región de Magallanes y de la Antártica;LE;Publicada;Que, existe la necesidad de contratar el Servicio de Mantención del sistema de calefacción central, para el Hospital de las Fuerzas Armadas Cirujano Cornelio Guzmán de Punta Arenas.;2025-04-07T10:12:55.83;2025-04-17T15:30:00;2025-05-22T16:00:00;19500000;CLP;0;0
1057500-25-LE25;ADQUISICIÓN FÁRMACOS DE TELEDERMATOLOGÍA;SERVICIO DE SALUD METROPOLITANO SUR ORIENTE;61.608.500-K;Bienes y Servicios;Av. Concha y Toro N 3459;Puente Alto;Región Metropolitana de Santiago;LE;Publicada;SE REQUIERE LA ADQUISICIÓN DE FÁRMACOS DE TELEDERMATOLOGÍA, CORRESPONDIENTES AL PROGRAMA RESOLUTIVIDAD EN APS 2025, DEL SSMSO, SEGÚN BASES DE LICITACIÓN APROBADAS POR RES. EXENTA N658/2025.;2025-04-07T10:12:30.33;2025-04-17T15:01:00;2025-05-07T19:00:00;;CLP;0;0
2996-29-L125;Instrumental de Esterilización;I MUNICIPALIDAD DE MONTEPATRIA;69.040.800-7;Salud;Calle Balmaceda #99;Monte Patria;Región de Coquimbo;L1;Publicada;Adquisición de Instrumental de Esterilización, según Pedido de Materiales y Bases Administrativas adjuntas.;2025-04-07T10:10:43.96;2025-04-14T15:27:00;2025-04-18T15:28:00;;CLP;0;0
4314-22-LP25;CONSTRUCCIÓN DE BAÑOS PÚBLICOS Y MEJORAMIENTO DE RECINTOS ESTADIO MUNICIPAL COMUNA DE CUREPTO;Ilustre Municipalidad de Curepto;69.110.300-5;DEPTO. ADM. Y FINANZAS;;;Región del Maule;LP;Publicada;CONSTRUCCIÓN DE BAÑOS PÚBLICOS Y MEJORAMIENTO DE RECINTOS ESTADIO MUNICIPAL COMUNA DE CUREPTO;2025-04-07T10:05:48.26;2025-05-07T15:30:00;2025-05-16T15:30:00;112357033;CLP;0;0
2107-46-LP25;CONVENIO DE SUMNISTRO DE INSULINAS;SERVICIO DE SALUD HOSPITAL DE SANTA CRUZ;61.602.148-6;Hospital de Santa Cruz;Federico Errazuriz 921;Santa Cruz;Región del Libertador General Bernardo OHiggins;LP;Publicada;El Hospital Santa Cruz, como establecimiento de salud requiere un convenio de suministro de insulinas para uso en el tratamiento de pacientes diabeticos insulino requirientes, a fin de asegurar el despacho oportuno e informado a traves de jornadas de capacitación para medicos y pacientes que orientaran una adecuada dosificación del tratamiento farmacológico, tomando en consideración las características individuales de los pacientes, la presencia de comorbilidades, la edad y el estado nutricional, a fin de prever posibles errores en la administración de la medicación.;2025-04-07T10:05:25.85;2025-04-28T15:00:00;2025-05-16T12:00:00;;CLP;0;0
1380-90-LE25;PPTA 151-25 ADQ DE SOLUCION MONSEL;HOSPITAL DOCTOR HERNAN HENRIQUEZ ARAVENA;61.602.232-6;HOSPITAL DOCTOR HERNAN HENRIQUEZ ARAVENA;Manuel Montt 115;Temuco;Región de la Araucanía;LE;Publicada;Estas Bases de Licitación orientan, fijan y determinan las normas y procedimientos por las que deben regirse las Personas Naturales y Jurídicas interesadas en participar en el llamado a Propuesta Pública para la ADQUISICIÓN DE SOLUCION MONSEL, para el Hospital Dr. Hernán Henríquez Aravena, en adelante: El Hospital. Las presentes Bases se refieren a las condiciones y características Técnicas requeridas para la ADQUISICIÓN DE SOLUCION MONSEL, en adelante El Medicamento, por una vigencia de veinticuatro 24 meses;2025-04-07T10:00:09.637;2025-04-17T15:00:00;2025-07-16T17:00:00;27648000;CLP;0;0
818-6-O125;Conservación de Riberas Chorrillo Meric 2do llamad;MINISTERIO DE OBRAS PUBLICAS DIREC CION GRAL DE OO PP DCYF;61.202.000-0;Dirección de Obras Hidráulicas - XII Región;Edificios Públicos;Punta Arenas;Región de Magallanes y de la Antártica;O1;Publicada;Contratar trabajos de perfilamiento y desembanque en chorrillo meric comuna de san gregorio;2025-04-07T09:56:52.77;2025-04-24T13:30:00;2025-05-12T15:15:00;;CLP;0;0
1434-5-LE25;RETIRO DE CUBIERTA DE TECHO DE ASBESTO;DIRECCION GENERAL DE AERONAUTICA CIVIL;61.104.022-9;UNIDAD DE COMPRA BIENESTAR SOCIAL REGION METROPOLITANA;Avda. Eliodoro Yañez N 2394;Providencia;Región Metropolitana de Santiago;LE;Publicada;SERVICIO DE RETIRO DE CUBIERTA DE TECHO DE ASBESTO Y REPOSICIÓN DE TECHUMBRE DEL EDIFICIO DE DEPARTAMENTOS FISCALES UBICADO EN LA COMUNA DE PUDAHUEL, REGIÓN METROPOLITANA, PERTENECIENTE AL DEPARTAMENTO BIENESTAR SOCIAL DE LA D.G.A.C;2025-04-07T09:55:44.87;2025-04-21T15:01:00;2025-05-19T23:59:00;;CLP;0;0
4697-9-LE25;APOYO INSPECCION TECNICA PROYECTOS PMB COMUNA DE FUTRONO;I MUNICIPALIDAD DE FUTRONO;69.200.700-k;SECPLAN;balmaceda esq. alessandri;Futrono;Región de Los Ríos;LE;Publicada;Consiste principalmente en la ejecución de la asesoría profesional al Inspector Técnico de Obras (ITO) en el control administrativo y técnico durante el desarrollo de distintas obras con financiamiento SUBDERE.;2025-04-07T09:55:10.23;2025-04-16T11:00:00;2025-04-21T18:00:00;;CLP;0;0
5586-45-LE25;BC ADQUISICIÓN DE LICENCIA ADOBE CREATIVE CLOUD FOR TEAMS ALL APPS PARA SISTEMA EDUCATIVO;UNIVERSIDAD DE LA FRONTERA;87.912.900-1;Universidad de la Frontera;AVENIDA FRANCISCO SALAZAR 1145;Temuco;Región de la Araucanía;LE;Publicada;ADQUISICIÓN DE LICENCIA ADOBE CREATIVE CLOUD FOR TEAMS ALL APPS PARA SISTEMA EDUCATIVO, DE ACUERDO A EETT DETALLADOS EN BASES D ELICITACIÓN;2025-04-07T09:54:30.99;2025-04-14T15:00:00;2025-05-14T19:00:00;;CLP;0;0
1288505-5-LE25;Adquisición libros para las Bibliotecas Públicas;SERVICIO NACIONAL DEL PATRIMONIO CULTURAL;60.905.000-4;DIRECCIÓN REGIONAL DE MAGALLANES;Hornillas 42 Punta Arenas;Punta Arenas;Región de Magallanes y de la Antártica;LE;Publicada;El Sistema Nacional de Bibliotecas Públicas, dependiente del Servicio Nacional del Patrimonio Cultural, requiere la ADQUISICIÓN DE LIBROS PARA LAS BIBLIOTECAS PÚBLICAS DE MAGALLANES CBP;2025-04-07T09:47:07.403;2025-04-17T20:00:00;2025-05-02T16:00:00;21000000;CLP;0;0
558338-1-LE25;DEMOLICIÓN CONSTRUCCIÓN E INSTALACIÓN DE CABAÑA;SERVICIO NACIONAL DE GEOLOGIA Y MINERIA;61.702.000-9;Bienestar;Avda. Santa María N 0180;Providencia;Región Metropolitana de Santiago;LE;Publicada;Se requiere la Instalación de una vivienda, tipo cabaña, de 50 m2 aproximadamente, tres dormitorios, una cocina tipo americana, un baño, living-comedor y terraza.;2025-04-07T09:51:55.18;2025-04-23T15:01:00;2025-05-06T10:04:00;39500000;CLP;0;0
1274907-16-LE25;Suministro de Artículos de Librería;CORPORACIÓN MUNICIPAL DE EDUCACIÓN, SALUD Y ATENCIÓN DE MENORES CHONCHI;71.299.000-7;ADQUISICIONES;Direccion no aplica a productos virtuales;Santiago;Región de los Lagos;LE;Publicada;se requiere proveer de suministro de bienes para la corporación municipal de Chonchi;2025-04-07T09:42:48.577;2025-04-16T18:40:00;2025-05-31T18:41:00;20000000;CLP;0;0
1057547-168-LE25;COMPRA DE SERVICIOS DE TRASLADO DE FUNCIONARIOS;SERVICIO DE SALUD VALDIVIA HOSPITAL BASE;61.607.502-0;Bienes y Servicios;Bienes y Servicios;Valdivia;Región de Los Ríos;LE;Publicada;COMPRA DE SERVICIOS DE TRASLADO DE FUNCIONARIOS DE LA UNIDAD DE HOSPITALIZACION DOMICILIARIA DEL HOSPITAL BASE VALDIVIA;2025-04-07T09:40:00.53;2025-04-17T19:00:00;2025-07-07T19:59:00;52560000;CLP;0;0
2342-28-LP25;SERVICIO DE ARRIENDO DE BUS CON CONDUCTOR;I MUNICIPALIDAD DE SAN BERNARDO;69.072.700-5;SECRETARIA COMUNAL DE PLANIFICACION;BODEGA EYZAGUIRRE 450;San Bernardo;Región Metropolitana de Santiago;LP;Publicada;SERVICIO DE ARRIENDO DE BUS CON CONDUCTOR PARA TRASLADO DE ORGANIZACIONES COMUNITARIAS DE LA COMUNA DE SAN BERNARDO;2025-04-07T09:35:09.343;2025-04-28T15:00:00;2025-06-27T20:00:00;;CLP;0;0
4967-14-LP25;ADQUISICION DE GUANTES;HOSPITAL DE QUILPUE;61.606.604-8;FARMACIA INSUMOS;;;Región de Valparaíso;LP;Publicada;El Hospital de Quilpué requiere proceder con la suscripción de ADQUISICIÓN DE GUANTES de conformidad al requerimiento contenido en el Plan Anual de Compras del año 2025 de las diferentes Unidades Clínicas del Establecimiento.;2025-04-07T09:35:07.23;2025-04-28T17:00:00;2025-07-02T17:00:00;;CLP;0;0
2446-90-L125;ADQUISICIÓN DE REPUESTOS ELECTRÓNICOS Y GASFITERÍA PARA EDIFICIO CONSISTORIAL;I MUNICIPALIDAD DE COQUIMBO;69.040.300-5;IMUNI_COQUIMBO;Por correo electrónico;Las Condes;Región Metropolitana de Santiago;L1;Publicada;ADQUISICIÓN DE REPUESTOS ELECTRÓNICOS Y GASFITERÍA PARA EDIFICIO CONSISTORIAL;2025-04-07T09:33:26.013;2025-04-14T15:00:00;2025-05-14T12:55:00;2959000;CLP;0;0
2107-45-LE25;ADQUISICIÓN CENTRALIZADA DE MEDICAMENTOS NO CUMPLIMIENTO CENABAST ABRIL;SERVICIO DE SALUD HOSPITAL DE SANTA CRUZ;61.602.148-6;Hospital de Santa Cruz;Avenida Errázuriz 921;Santa Cruz;Región del Libertador General Bernardo OHiggins;LE;Publicada;El Hospital Santa Cruz, como establecimiento de salud requiere adquirir medicamentos para reposición de stock de medicamentos para bodega central correspondientes no despachos de intermediación Cenabast en programación, además de otros no intermediados, necesarios para el tratamiento de enfermedades de pacientes que acuden a este centro asistencial y/o se encuentran en régimen de hospitalización en tratamiento de recuperación de su estado de salud.;2025-04-07T09:19:32.127;2025-04-14T15:00:00;2025-04-18T12:00:00;;CLP;0;0
979-11-LE25;Adquisición de anillos retentor y coronas;MINISTERIO DE OBRAS PUBLICAS DIREC CION GRAL DE OO PP DCYF;61.202.000-0;Dirección de Vialidad - Nivel Central - Abastecimiento;Morande 71, Piso 3, Oficina 357;Santiago Centro;Región Metropolitana de Santiago;LE;Publicada;Adquisición de anillos retentor y coronas para el Taller de Puentes perteneciente a la Subdirección de Obras, Dirección de Vialidad.;2025-04-07T09:15:00.803;2025-04-17T15:01:00;2025-04-28T17:46:00;10000000;CLP;0;0
2369-4-LR25;PP 24 Mantenimiento areas verdes comuna de Arica;I MUNICIPALIDAD DE ARICA;69.010.100-9;SECRETARIA COMUNAL DE PLANIFICACIÓN;RAFAEL SOTOMAYOR N 415;Arica;Región de Arica y Parinacota;LR;Publicada;La Municipalidad de Arica requiere contratar la concesión del servicio de mantenimiento de áreas verdes, fundado en la necesidad del cuidado, manejo y mejora progresiva de las áreas verdes y sus elementos constitutivos de la comuna de Arica.;2025-04-07T09:01:46.97;2025-05-07T16:00:00;2025-09-04T17:00:00;;CLP;0;0
870-10-LR25;E102RT9 PROGRAMA CAPACITACIÓN NUEVA LEY DE RIEGO;COMISION NACIONAL DE RIEGO;60.718.000-8;Comisión Nacional de Riego;Av. Lib. Bernando O'Higgins 1449 Piso 4 Torre 1;Santiago;Región Metropolitana de Santiago;LR;Publicada;Capacitar a los consultores de riego en aspectos técnicos y legales de la reforma a la Ley de Riego N 18.450.;2025-04-07T08:59:24.677;2025-05-07T17:00:00;2025-05-27T18:00:00;;CLP;0;0
3347-2-LE25;Adquisición de repuestos para vehículos fiscales.;COMANDO DE APOYO A LA FUERZA;61.101.036-2;Comandancia en Jefe del Ejército - CJE;Blanco Encalada N 1724 Edificio A;Santiago;Región Metropolitana de Santiago;LE;Publicada;Solicita la adquisición de repuestos para los vehículos fiscales de cargo en la CJE, en la forma, condiciones y con las especificaciones técnicas que en estas bases se establecen.;2025-04-07T08:55:24.887;2025-04-15T15:00:00;2025-04-17T20:00:00;;CLP;0;0
1057922-7-LP25;ADQ. EQUIPOS DE ESTERILIZACIÓN PARA CESFAM CHUYACA;SERVICIO DE SALUD OSORNO;61.607.600-0;Activos Fijos;Av. Juan Mackenna N825, Edificio Plaza Sur;Osorno;Región de los Lagos;LP;Publicada;ADQUISICIÓN DE EQUIPOS DE ESTERILIZACIÓN PARA HABILITAR CESFAM CON SAR CHUYACA.;2025-04-07T08:47:33.17;2025-04-28T15:15:00;2025-05-19T17:00:00;158413000;CLP;0;0
1358-7-LE25;2048 m3 material granular interior santa sara;MINISTERIO DE OBRAS PUBLICAS DIREC CION GRAL DE OO PP DCYF;61.202.000-0;Dirección de Vialidad - RM - Provincia de Chacabuco;Carretera Gral. San Martin Km 26,5;Colina;Región Metropolitana de Santiago;LE;Publicada;Suministro y Transporte de 2.048 m3 de Material Granular tamaño máx. 50 mm, para obras de Conservación en camino Interior Santa Sara, comuna de Lampa, Provincia de Chacabuco, Región Metropolitana.;2025-04-07T08:39:59.677;2025-04-17T17:00:00;2025-05-19T18:48:00;35240755;CLP;0;0
1641-161-LE25;DGC - SUMINISTRO PREPARACIONES RECETARIO MAGISTRAL;SERVICIO DE SALUD OCCIDENTE HOSPITAL SAN JUAN DE DIOS;61.608.204-3;SERVICIO DE SALUD OCCIDENTE HOSPITAL SAN JUAN DE D;Avda Compañía de Jesús 3265;Santiago;Región Metropolitana de Santiago;LE;Publicada;El objeto de la presente licitación es la adquisición de SUMINISTRO PREPARACIONES RECETARIO MAGISTRAL SOLUCIÓN ORAL SIN DROGA INCLUIDA según el siguiente detalle: ITEM CODIGO DESCRIPCIÓN UNIDAD DE MEDIDA CANTIDAD REQUERIDA 1 01-001-511-0333 PREPARACIONES RECETARIO MAGISTRAL SOLUCIÓN ORAL SIN DROGA INCLUÍDA FRASCO 1265 Al momento de adjudicar, el hospital podrá aumentar o disminuir hasta en un 30% de las cantidades estimadas en las presentes bases de licitación, conforme a los presupuestos disponibles, y sin alterar el principio de estricta sujeción a las bases de igualdad de los oferentes. (*) Se deja constancia que las cantidades de productos o servicios son de flujo variables, no comprometiendo el Hospital a adquirir cantidades determinadas de manera periódica, por lo que en ningún caso se fijará stock mínimo de compra, ni tampoco totales, por lo que el o los adjudicatarios estarán imposibilitados de señalar cantidades mínimas para su despacho. Asimismo, se hace presente que este proceso de licitación se hará por ítem adjudicado (línea), por lo cual cada proveedor podrá ofertar por un ítem de los señalados en este punto, por más de uno o por la totalidad de los mismos, correspondiendo cada ítem a una línea de producto o servicio. La oferta a través de la Plataforma Mercado Público deberá efectuarse por el valor neto (Sin IVA).;2025-04-07T08:39:16.613;2025-04-17T17:00:00;2025-06-16T17:00:00;;CLP;0;0
1079866-7-LQ25;CONTRATO SUMINISTRO REPUESTOS DE VEHÍ CARAB. Z. O.;DIRECCION DE LOGISTICA DE CARABINEROS;65.091.977-7;SECCIÓN COMPRAS ZONA SANTIAGO OESTE;TENIENTE CRUZ 710 PUDAHUEL;Pudahuel;Región Metropolitana de Santiago;LQ;Publicada;CONTRATACIÓN DE SUMINISTRO DE REPUESTOS PARA EL PARQUE VEHICULAR DE LAS UNIDADES DEPENDIENTES DE LA ZONA DE CARABINEROS SANTIAGO OESTE.;2025-04-07T08:37:42.787;2025-04-28T15:00:00;2025-05-23T19:56:00;;CLP;0;0
1057509-117-LP25;CONVENIO ADQUISICIÓN DE SENSORES PARA MEDICIÓN CONTINUA DE GLUCOSA Y CINTAS DE CETONAS CON EQUIPO EN COMODATO brd;HOSPITAL CLINICO HERMINDA MARTIN;61.607.001-0;Bienes y Servicios;Francisco Ramirez 10;Chillán;Región del Ñuble;LP;Publicada;El Hospital Clínico Herminda Martín de Chillán llama a Licitación Pública a través del Portal Mercado Público, para suscribir un convenio de suministro de sensores para monitoreo continuo de glucosa y tiras de prueba B-KETONE en sangre (cintas de cetonas) con equipo en comodato, para el monitoreo continuo de glucosa en pacientes pediátricos, adultos y embarazadas con Diabetes Mellitus tipo tipo I y/o II descompensada que lo requieran, solicitado por la Unidad de Diabetes e Infarto, de acuerdo a requerimientos especificados en Bases Administrativas y Técnicas de la presente licitación. Se pretende obtener la mejor calidad y oportunidad en la prestación de los servicios y/o proveeduría de insumos médicos a un precio conveniente.;2025-04-07T08:36:57.11;2025-04-17T15:00:00;2025-05-02T17:30:00;;CLP;0;0
2743-21-LQ25;CONSTRUCCIÓN DE SISTEMAS FOTOVOLTAICOS EN VIVIENDAS UBICADAS EN EL SECTOR LOMAS DEL TORO COMUNA DE ANGOL;I MUNICIPALIDAD DE ANGOL;69.180.100-4;SECPLA;Pedro Aguirre Cerda N 509;Angol;Región de la Araucanía;LQ;Publicada;CONSTRUCCIÓN DE SISTEMAS FOTOVOLTAICOS EN VIVIENDAS UBICADAS EN SECTOR LOMAS DE TORO, COMUNA DE ANGOL, iniciativa cuya ejecución será financiada a través de la Subsecretaría de Desarrollo Regional y Administrativo (SUBDERE), vía Acciones Concurrentes del Programa de Mejoramiento de Barrios, iniciativas aprobada mediante Resolución N6651/2021 de fecha 26 de agosto de 2021 y suplementada mediante Resolución N12010/2024 de fecha 10 de diciembre de 2024;2025-04-07T08:36:16.963;2025-04-28T15:00:00;2025-05-24T17:30:00;269111884;CLP;0;0
807-11-LP25;Apoyo al proceso de regularización yo saneamiento de tierra apoyo en escrituración de DRU subdivisión de goces para familias o comunidades indígenas en la provincias de Chiloé y Palena año 2025;CORP NACIONAL DE DESARROLLO INDIGENA;72.396.000-2;Dirección Regional de Osorno;García Hurtado de Mendoza N 1043;Osorno;Región de los Lagos;LP;Publicada;- Entregar un ordenamiento delimitado a las comunidades o personas indígenas a través de subdivisiones de hecho en las provincias de Chiloé y Palena, - Garantizar el éxito operativo del presente programa en los períodos establecidos, con el propósito de que se habiliten oportunamente a los postulantes mapuches williche de la Región de Los Lagos, con el fin de acceder a los programas de vivienda destinados al sector rural.;2025-04-07T08:32:56.267;2025-04-24T13:00:00;2025-04-29T20:00:00;89000000;CLP;0;0
956-24-LE25;Adquisición de Sillones de Acompañamiento Proyecto Ley Mila para el nuevo Hospital Claudio Vicuña de San Antonio;SERVICIO DE SALUD VALPARAISO SAN ANTONIO;61.606.500-9;SERVICIO DE SALUD VALPARAISO SAN ANTONIO;Av. Brasil 1435;Valparaíso;Región de Valparaíso;LE;Publicada;La necesidad de realizar un proceso de licitación para la Adquisición de Sillones de Acompañamiento Proyecto Ley Mila para el nuevo Hospital Claudio Vicuña de San Antonio, requeridos por la Subdirección de Desarrollo Institucional de la Dirección del Servicio de Salud Valparaíso San Antonio.;2025-04-07T08:35:00;2025-04-17T16:00:00;2025-06-16T16:00:00;19970000;CLP;0;0
1256505-20-LE25;Contratación servicios de ATE para Estab. Educ.;CORPORACION DE DESARROLLO DE LA COMUNA DE SAN VICENTE;71.015.300-0;CORPORACION DE DESARROLLO DE LA COMUNA DE SAN VICE;Calle principal Toquihua N084, San Vicente de T.T;San Vicente de Tagua Tagua;Región del Libertador General Bernardo OHiggins;LE;Publicada;Las capacitaciones tienen como objetivo, por un lado, capacitar a los docentes en la elaboración de sus clases e instrumentos evaluativos por otro lado, dotar a los mismos y con ello a la comunidad educativa de las herramientas en materia de convivencia escolar. Esto enmarcado en los planes de formación y desarrollo profesional y los Planes de Mejoramiento Educativo PME de cada comunidad escolar.;2025-04-07T08:29:23.72;2025-04-17T17:22:00;2025-05-14T16:16:00;58500000;CLP;0;0
4457-11-LE25;MEDICAMENTOS PARA CESFAM;I MUNICIPALIDAD DE HUALQUI;69.150.601-0;Direccion de Salud;PATRICIO LYNCH 675;Hualqui;Región del Biobío;LE;Publicada;MEDICAMENTOS PARA CESFAM;2025-04-07T08:27:34.02;2025-04-15T09:17:00;2025-04-25T12:18:00;10000000;CLP;0;0
1284-1-LE25;Servicio de Aseo Integral para el SEA Maule;SERVICIO DE EVALUACION AMBIENTAL;72.443.600-5;Sea - VII Región;2 Oriente 946;Talca;Región del Maule;LE;Publicada;El objeto de la presente licitación es la contratación de un servicio de aseo integral y mantención de jardín, para mantener en su totalidad la disponibilidad de las dependencias de la Dirección Regional del Maule del Servicio de Evaluación Ambiental, en relación con su estado de higiene, presentación y preservación para otorgar a los funcionarios de la Dirección Regional del Maule un espacio de trabajo en óptimas condiciones de limpieza y orden y condiciones adecuadas en lo señalado para usuarios externos.;2025-04-07T08:20:06.817;2025-04-17T15:00:00;2025-05-02T18:00:00;14544000;CLP;0;0
807-9-LP25;Solicitudes de constitución de derechos de aprovechamiento de agua Pago visita ocular inscripción en CBR de derechos de agua Provincias de Osorno y Llanquihue Región de los Lagos año 2025;CORP NACIONAL DE DESARROLLO INDIGENA;72.396.000-2;Dirección Regional de Osorno;García Hurtado de Mendoza N 1043;Osorno;Región de los Lagos;LP;Publicada;Prestar asesoría técnica y jurídica en la tramitación de regularizaciones y nuevos derechos de aprovechamiento de agua, a las familias y organizaciones beneficiarias de la presente licitación.;2025-04-07T08:19:57.17;2025-04-24T09:00:00;2025-04-29T20:00:00;100000000;CLP;0;0
1549-36-LR25;ADQ MEDICAMENTOS ORALES PARA EL HOSPITAL SAN JOSE;SERVICIO DE SALUD METROPOLITANA NORTE HOSPITAL SAN JOSE;61.608.002-4;Hospital San José;San José 1030;Independencia;Región Metropolitana de Santiago;LR;Publicada;de acuerdo con lo establecido en la Resolución N410, de 31 de enero de 2025 que aprueba el Plan Anual de Compras y Contrataciones año 2025 para el Complejo Hospitalario San José, se requiere la adquisición de medicamentos orales. Lo anterior, según consta en el certificado de fecha 11 de marzo de 2025, de la Unidad de Abastecimiento.;2025-04-07T08:09:29.75;2025-05-07T15:00:00;2025-06-23T19:56:00;;CLP;0;0
1549-35-LR25;ADQ MEDICAMENTOS INYECTABLES PARA EL HOSPITAL SAN JOSE;SERVICIO DE SALUD METROPOLITANA NORTE HOSPITAL SAN JOSE;61.608.002-4;Hospital San José;San José 1030;Independencia;Región Metropolitana de Santiago;LR;Publicada;de acuerdo con lo establecido en la Resolución N410 del 31 de enero de 2025 que aprueba el Plan Anual de Compras y Contrataciones año 2025 para el Complejo Hospitalario San José, se requiere la adquisición de FENILEFRINA 10MG/1ML, ISOPROTERENOL 1MG/5ML, y LEVOSIMENDAN 2,5MCG/ML 5ML, todos MEDICAMENTOS INYECTABLES. Lo anterior, según consta en el certificado de fecha 17 de marzo de 2025, de la Unidad de Abastecimiento.;2025-04-07T08:09:05.94;2025-05-07T15:00:00;2025-06-23T16:21:00;;CLP;0;0
875646-16-LR25;INSUMOS RESPIRATORIOS;Hospital Dr. Eduardo Pereira Ramirez;61.602.057-9;Hospital Dr. Eduardo Pereira Ramirez;Enrique Ibsen s/ n Cerro Delicias;Valparaíso;Región de Valparaíso;LR;Publicada;El Hospital llama a Licitación Pública para la adquisición de Insumos Respiratorios, para la Unidad de UPC, del Hospital Eduardo Pereira Ramírez.;2025-04-07T07:42:27.62;2025-05-08T12:35:00;2025-09-05T18:36:00;670000000;CLP;0;0
1126-8-LE25;Servicios Feria del Vino y la vendimia Campesina;INSTITUTO DE DESARROLLO AGROPECUARIO;61.307.000-1;Unidad de Compra Región del Bio Bio;Serrano 529;Concepción;Región del Biobío;LE;Publicada;Se requiere de la contratación de uno o varios oferentes del ramo que provea los servicios para la realización de la Feria del Vino y la Vendimia Campesina, Región del Biobío 2025.;2025-04-08T20:35:24.65;2025-04-21T15:30:00;2025-04-25T18:00:00;20000000;CLP;0;0
740-22-LE25;E1O2RT9 SAT MULTIRUBROS LICANTÉN INDAP MAULE;INSTITUTO DE DESARROLLO AGROPECUARIO;61.307.000-1;Unidad de Compra Región del Maule;San Pablo 785;Talca;Región del Maule;LE;Publicada;Se requiere de la contratación de un oferente del ramo que provea los servicios profesionales de asesoría técnica para la ejecución del Programa SAT, para usuarios de la UO SAT EMPRENDEDORES MULTIRUBROS LICANTÉN, de acuerdo con la Norma Técnica y Procedimiento Operativo del Programa Servicio de Asesorías Técnicas SAT, aprobada por Resolución Exenta N0070-0042192024 del 01 de febrero de 2024 y su modificación.;2025-04-08T20:04:01.437;2025-04-23T15:30:00;2025-05-23T18:00:00;64834560;CLP;0;0
740-23-LP25;E102RT9 SAT APICOLA SAN CLEMENTE INDAP REGION MAU;INSTITUTO DE DESARROLLO AGROPECUARIO;61.307.000-1;Unidad de Compra Región del Maule;San Pablo 785;Talca;Región del Maule;LP;Publicada;Se requiere de la contratación de un oferente del ramo que provea los servicios profesionales de asesoría técnica para la ejecución del Programa SAT, para usuarios de la UO SAT SAT APICOLA SAN CLEMENTE, de acuerdo con la Norma Técnica y Procedimiento Operativo del Programa Servicio de Asesorías Técnicas SAT, aprobada por Resolución Exenta N 0070-0042192024 del 01 de febrero 2024 y su modificación.;2025-04-08T19:56:12.607;2025-04-28T15:30:00;2025-05-28T18:00:00;;CLP;0;0
4146-5-LE25;ARRIENDO DE 11 TABLET ALTA GAMA POR 24 MESES;DIRECCION DE LOGISTICA DE CARABINEROS;60.505.000-K;DEPARTAMENTO GESTIÓN TÉCNICA;Av. Lib.Bdo. O'higgins N 1196;Santiago Centro;Región Metropolitana de Santiago;LE;Publicada;Para mejorar la productividad y eficiencia de la estructura organizacional del personal de Carabineros de Chile, de acuerdo a las especificaciones técnicas exigidas en el anexo N 2.;2025-04-08T19:28:15.06;2025-04-21T15:05:00;2025-04-25T16:05:00;;CLP;0;0
1134432-17-LE25;Señaleticas verticales de transito para demarcación vial;I MUNICIPALIDAD DE PUCHUNCAVI;69.060.800-6;Direccion de Adquisiciones;Avenida Bernardo OHiggins N 70;Puchuncaví;Región de Valparaíso;LE;Publicada;Señaleticas verticales de transito para demarcación vial según características y disposiciones aprobadas por Decreto Alcaldico N 322 de fecha 08.04.2025;2025-04-08T19:18:23.877;2025-04-21T15:01:00;2025-04-28T17:30:00;12000000;CLP;0;0
886954-153-LP25;CONV. SUMINISTRO AUDÍFONOS RETROAURICULARES ADULTOS GES Y NO GES;HOSPITAL GUILLERMO GRANT BENAVENTE DE CO;61.602.189-3;Abastecimiento Insumos;San Martin 1436;Concepción;Región del Biobío;LP;Publicada;La necesidad de abastecer del insumo para la atención oportuna del paciente.;2025-04-08T19:09:14.167;2025-04-28T17:00:00;2028-06-08T15:02:00;;CLP;0;0
2446-95-LQ25;PROPUESTA PÚBLICA N 114-2025 GIFTCARD DE ALIMENTO;I MUNICIPALIDAD DE COQUIMBO;69.040.300-5;IMUNI_COQUIMBO;BILBAO 348;Coquimbo;Región de Coquimbo;LQ;Publicada;PROPUESTA PÚBLICA N 114-2025 ADQUISICIÓN DE TARJETAS GIFTCARD DE ALIMENTOS 2025;2025-04-08T19:00:02.46;2025-04-28T15:00:00;2025-05-30T19:52:00;300000000;CLP;0;0
539119-9-LE25;SUMINISTRO DE CALEFONES TERMOS ELÉCTRICOS E INSUM;DIRECCION DE LOGISTICA DE CARABINEROS;60.505.720-9;Sección de Abastecimiento y Proyectos;Amunategui N 519, piso 11;Santiago Centro;Región Metropolitana de Santiago;LE;Publicada;SUMINISTRO DE CALEFONES, TERMOS ELÉCTRICOS E INSUMOS RELACIONADOS PARA LOS INMUEBLES UBICADOS EN LA REGIÓN METROPOLITANA ADMINISTRADO POR EL DEPARTAMENTO DE GESTIÓN INMOBILIARIA (B.2), DE LA DIRECCIÓN DE BIENESTAR DE CARABINEROS.;2025-04-08T18:53:03.26;2025-04-21T16:00:00;2025-08-18T17:30:00;30000000;CLP;0;0
813-29-LR25;PP 03.2025 equipos de laboratorio Proyectos de Expansión Ley 20000;INSTITUTO DE SALUD PUBLICA DE CHILE;61.605.000-1;Cotizaciones - ISP;Av. Marathón 1000;Santiago;Región Metropolitana de Santiago;LR;Publicada;Según documentación adjunta;2025-04-08T18:35:46.567;2025-05-09T15:01:00;2025-08-07T20:00:00;530889049;CLP;0;0
2981-58-LE25;SUMINISTRO MATERIALES DE OFICINA;POLICIA DE INVESTIGACIONES DE CHILE;60.506.000-5;DEPARTAMENTO ADMINISTRATIVO;;;Región Metropolitana de Santiago;LE;Publicada;SUMINISTRO DE MATERIALES DE OFICINA;2025-04-08T18:31:07.65;2025-04-21T15:30:00;2025-05-01T19:00:00;60000000;CLP;0;0
1388961-35-LE25;Renovación Licencia Genetec Advantage;ASOCIACION DE MUNICIPALIDADES PARA LA SEGURIDAD CIUDADANA EN LA ZONA ORIENTE;65.118.035-K;Asociación de Municipalidades para la Seguridad en la Zona Oriente;Av El Rodeo 13541, costado BICRIM.;Lo Barnechea;Región Metropolitana de Santiago;LE;Publicada;El objeto de esta licitación es la renovación de la licencia Genetec Advantage, que garantizará el funcionamiento eficiente y continuo del sistema de videovigilancia en la comuna de Lo Barnechea, cubriendo todos los aspectos necesarios para su mantenimiento, actualizaciones y soporte técnico.;2025-04-08T18:19:36.237;2025-04-14T17:00:00;2025-04-15T20:00:00;;CLP;0;0
1388961-34-LE25;Adquisición Vestuario para Patrulleros;ASOCIACION DE MUNICIPALIDADES PARA LA SEGURIDAD CIUDADANA EN LA ZONA ORIENTE;65.118.035-K;Asociación de Municipalidades para la Seguridad en la Zona Oriente;Av El Rodeo 13541, costado BICRIM.;Lo Barnechea;Región Metropolitana de Santiago;LE;Publicada;La adquisición de vestuario tiene el fin de proporcionar el equipamiento adecuado para el personal encargado de la seguridad y patrullaje en las diversas zonas de la comuna.;2025-04-08T18:19:28.39;2025-04-21T17:00:00;2025-04-25T19:00:00;;CLP;0;0
1057417-58-LE25;Convenio Confección Prótesis Estéticas Fijas Complejas y Singular;COMPLEJO ASISTENCIAL DR.VICTOR RIOS RUIZ;61.607.301-K;Bienes y Servicios;AVDA.RICARDO VICUÑA 147 Los Angeles;Los Angeles;Región del Biobío;LE;Publicada;Que, el Complejo Asistencial Dr. Víctor Ríos Ruiz, Los Ángeles, requiere licitar públicamente el CONVENIO CONFECCIÓN PRÓTESIS ESTÉTICAS FIJAS COMPLEJAS Y SINGULAR, por un plazo de 24 meses, lo que permitirá asegurar el abastecimiento oportuno de los insumos para el Complejo Asistencial, los cuales son indefectibles para la entrega de una atención integral y de calidad, centrada en el usuario, donde las propias bases fijan los estándares y las sanciones si se verifica incumplimiento de las condiciones establecidas.;2025-04-08T18:09:51.14;2025-04-14T17:00:00;2025-06-04T17:00:00;;CLP;0;0
2306-31-LE25;CONTRATACION SEGUROS DE BIENES MUEBLES E INMUEBLES;I MUNICIPALIDAD DE OSORNO;69.210.100-6;IMUNI_OSORNO DEPTO EDUCACION;AVDA. JUAN MACKENNA N851, Bodega Subsuelo;Osorno;Región de los Lagos;LE;Publicada;CONTRATACION DE SEGUROS DE BIENES MUEBLES E INMUEBLES E INMUEBLES PARA ESTABLECIMIENTOS EDUCACIONALES, JARDINES INFANTILES Y DEPENDENCIAS D.A.E.M. I.MUNICIPALIDAD DE OSORNO POR 8 MESES.;2025-04-08T18:06:06.49;2025-04-14T15:32:00;2025-04-21T15:33:00;62000000;CLP;0;0
1057473-12-LP25;Servicio de Arriendo de Grupo Electrógeno;Centro Metropolitano de Atención Prehospitalaria;61.999.030-7;Bienes y Servicios;Nueva Bueras 176, Santiago.;Santiago Centro;Región Metropolitana de Santiago;LP;Publicada;SERVICIO DE ARRIENDO DE GRUPO ELECTRÓGENO para el Centro Metropolitano de Atención Prehospitalaria, por un plazo de 12 meses, con la finalidad de dar continuidad operativa a las Bases 66-76, para suministro continuo las 24 horas del día, durante todo el año, toda vez que son requeridos para mantenerlas operativas con la finalidad de atender las necesidades públicas en forma continua y permanente.;2025-04-08T18:07:30.59;2025-04-21T15:01:00;2025-05-21T18:00:00;;CLP;0;0
1057374-6-LE25;COMPRA DE SERVICIOS DE 1 AUXILIAR PARA PORTERIA;SERVICIO NACIONAL DE SALUD HOSPITAL DE LLAY LLAY;61.602.042-0;Bienes y Servicios;Calle San Francisco N 76 Comuna de Llay Llay;Llay-Llay;Región de Valparaíso;LE;Publicada;La necesidad de Contratar 1 auxiliar de servicio para portería, con el fin de controlar el ingreso de usuarios del Hospital, velando por el orden y seguridad, conforme al cumplimiento de protocolos establecidos, por 24 MESES;2025-04-08T18:05:12.8;2025-04-14T15:32:00;2025-04-30T11:08:00;;CLP;0;0
2405-37-LE25;ADQUISICIÓN DE DESFIBRILADORES;I MUNICIPALIDAD DE IQUIQUE;69.010.300-1;SECRETARIA COMUNAL DE PLANIFICACION;Serrano #134;Iquique;Región de Tarapacá;LE;Publicada;ADQUISICIÓN DE DESFIBRILADORES PARA LAS DIFERENTES DEPENDENCIAS DE LA ILUSTRE MUNICIPALIDAD DE IQUIQUE;2025-04-08T18:02:44.6;2025-04-22T12:00:00;2025-06-24T10:03:00;;CLP;0;0
1436381-2-LQ25;Servicio de Suministro de Producción Integral.;SERVICIO NACIONAL DEL PATRIMONIO CULTURAL;60.905.000-4;UNIDAD DE PROGRAMACIÓN Y DIFUSIÓN PATRIMONIAL;Huérfanos 770, Santiago;Santiago;Región Metropolitana de Santiago;LQ;Publicada;La División de Planificación y Presupuesto, a través de la Unidad de Programación y Difusión Patrimonial, organismo dependiente del Servicio Nacional del Patrimonio Cultural, tiene a cargo ejecutar actividades en el marco del Día del Patrimonio Cultural en adelante DPC, el cual es la fiesta cultural más importante del país. Hace 26 años desde 1999- se celebra anualmente y convoca a miles de personas a participar de forma gratuita con una amplia oferta de actividades patrimoniales orientadas a conmemorar nuestra herencia cultural, perfilándose como una jornada cívica de mucha relevancia y arraigo en el sentir nacional.;2025-04-08T18:02:33.02;2025-05-02T17:00:00;2025-05-19T19:48:00;;CLP;0;0
4179-21-LE25;PARA CONTRATAR SUMINISTRO REPUESTOS Y SERVICIOS PARA MAQUINARIA PESADA DE LA MUNICIPALIDAD DE LAUTARO.;I MUNICIPALIDAD DE LAUTARO;69.190.100-9;ABASTECIMIENTO;OHIGGINS N 1032 LAUTARO;Lautaro;Región de la Araucanía;LE;Publicada;PARA CONTRATAR SUMINISTRO REPUESTOS Y SERVICIOS PARA MAQUINARIA PESADA DE LA MUNICIPALIDAD DE LAUTARO.;2025-04-08T17:59:09.6;2025-04-21T17:00:00;2025-05-06T15:00:00;;CLP;0;0
847-19-LE25;CHEE-PROV. E INSTAL.DE CERCOS ELÉCTRICOS SC 57.496;JUNTA NACIONAL DE JARDINES INFANTILES;70.072.600-2;Junji - V Región;Calle ALVAREZ 646, TERCER PISO, EDIFICIO ALCAZAR;Viña del Mar;Región de Valparaíso;LE;Publicada;La Junta Nacional de Jardines Infantiles, JUNJI, a través de la subdirección de Cobertura y habilitación de espacios educativos en adelante, CHEE, requiere la adquisición del servicio de PROVISIÓN E INSTALACIÓN DE CERCOS ELÉCTRICOS EN JARDINES INFANTILES DE LA JUNTA NACIONAL DE JARDINES INFANTILES, REGIÓN DE VALPARAÍSO. El objetivo de la presente licitación es la instalación de un sistema de seguridad perimetral para el resguardo de los establecimientos.;2025-04-08T18:00:54.04;2025-04-21T15:01:00;2025-05-09T18:30:00;;CLP;0;0
1057547-173-LE25;CONVENIO SUMINISTRO DE MATERIALES DE CARPINTERIA;SERVICIO DE SALUD VALDIVIA HOSPITAL BASE;61.607.502-0;Bienes y Servicios;Bienes y Servicios;Valdivia;Región de Los Ríos;LE;Publicada;CONVENIO SUMINISTRO DE MATERIALES DE CARPINTERIA PARA EL HOSPITAL BASE VALDIVIA;2025-04-08T17:56:37.343;2025-04-21T19:00:00;2025-07-07T19:59:00;60000000;CLP;0;0
2111-107-LE25;MANT. PREV. Y CORR. CENTRAL DE MONITOREO MINDRAY;HOSPITAL DE URGENCIA ASISTENCIA PUBLICA DR ALEJANDRO DEL RIO;61.608.602-2;Hospital de Urgencia Asistencia Pública;Curico N345 Bodega Central;Santiago;Región Metropolitana de Santiago;LE;Publicada;SE REQUIERE LA CONTRATACION DEL SERVICIO DE MANTENIMIENTO PREVENTIVO Y CORRECTIVO DE CENTRAL DE MONITOREO MINDRAY PARA EL HUAP.;2025-04-08T17:51:44.53;2025-04-16T15:00:00;2025-05-16T15:00:00;;CLP;0;0
3205-1-LE25;REPARACIÓN TECHUMBRE EDIFICIO IDISTALC ETAPA 2.;DIRECCION DE ABASTECIMIENTO DE LA ARMADA;61.959.900-4;INSPECTORIA DIRECCCION INGENIERIA SISTEMAS NAVALES (T);JORGE MONTT 250 BASE NAVAL;Talcahuano;Región del Biobío;LE;Publicada;La Inspectoría de la Direccción de Ingeniería de Sistemas Navales en Talcahuano, en adelante la INSPECTORÍA, llama a Licitación Pública para la contratación del trabajo REPARACIÓN TECHUMBRE EDIFICIO IDISTALC ETAPA 2, BASE NAVAL TALCAHUANO, cuyas especificaciones técnicas se encuentran detalladas, respectivamente, en el Anexo A, las que forman parte integrante de estas Bases para todos los efectos.;2025-04-08T17:54:54.2;2025-04-23T16:00:00;2025-05-02T15:30:00;13215714;CLP;0;0
2111-90-LP25;GUANTES QUIRÚRGICOS ESTÉRILES;HOSPITAL DE URGENCIA ASISTENCIA PUBLICA DR ALEJANDRO DEL RIO;61.608.602-2;Hospital de Urgencia Asistencia Pública;Curico N345 Bodega Central;Santiago;Región Metropolitana de Santiago;LP;Publicada;SE REQUIERE LA ADQUSICIÓN DE GUANTES QUIRÚRGICOS ESTÉRILES PARA EL HUAP.;2025-04-08T17:56:27.067;2025-04-21T15:01:00;2025-05-22T16:00:00;;CLP;0;0
2686-55-LR25;SERVICIO DE ARRIENDO DE BUSES;I MUNICIPALIDAD DE COLINA;69.071.500-7;SECPLAN;AVENIDA COLINA N. 700.;Colina;Región Metropolitana de Santiago;LR;Publicada;SERVICIO DE ARRIENDO DE BUSES PARA LA DIRECCIÓN DE SEGURIDAD PUBLICA, MUNICIPALIDAD DE COLINA El objeto de la presente licitación es contratar el servicio de arriendo de buses que sirvan como apoyo y ayuda social a los vecinos as de la comuna.;2025-04-08T17:57:45.63;2025-05-12T15:10:00;2025-06-30T19:00:00;;CLP;0;0
1062018-3-LE25;REPARACIÓN Y MANTENCIÓN DE EDIFICIOS;DEFENSORIA DE LOS DERECHOS DE LA NIÑEZ;62.000.410-3;Unidad de Gestión Institucional;Teatinos #340;Santiago;Región Metropolitana de Santiago;LE;Publicada;SUMINISTRO DE REPARACIÓN Y MANTENCIÓN DE EDIFICIOS, EQUIPAMIENTO GENERAL Y OTROS DE LA SEDE CENTRAL Y SEDES REGIONALES DE LA DEFENSORÍA DE LOS DERECHOS DE LA NIÑEZ;2025-04-08T17:51:43.613;2025-04-17T19:54:00;2025-04-30T19:55:00;20000000;CLP;0;0
729-55-LE25;ARANDELA GROWER AC PAV 18X32X5 y VALVULA SOLENOIDE 2-18756-7-12438 ECU;EMPRESA DE TRANSPORTE DE PASAJEROS METRO S A;61.219.000-3;Compras Técnicas;Av. Lib. Bernardo OHiggins 1414;Santiago;Región Metropolitana de Santiago;LE;Publicada;Se requieren ofertas que cumplan con las especificaciones técnicas solicitadas (Solo una oferta por proveedor), es de suma importancia adjuntar fichas técnicas, formulario PEP firmado, declaración de vínculos firmado e indicar plazo de entrega en días hábiles bancarios. Se recuerda que la única Orden de Compra válida es la emitida por Metro S.A. La adjudicación será notificada por Gestor de Compras mediante correo electrónico. PARA LOS REPUESTOS QUE NO SE FABRIQUEN Y NO SE COMERCIALICEN EN EL MERCADO NACIONAL, SE ACEPTARAN COTIZACIONES EN OTRAS MONEDAS, EL TIPO DE CAMBIO PARA EFECTOS DE COMPARACION, CORRESPONDERÁ AL DIA DE LA APERTURA ECONOMICA. En el anexo B, se deben completar los siguientes formularios: 4, 5,7 y 8.;2025-04-08T17:49:03.16;2025-04-22T13:20:00;2025-05-28T13:21:00;;CLP;0;0
3439-14-LE25;CAPAS DE ABRIGO MANTA PELERO Y MANDILES PARA CABALLARES AÑO 2025;DIRECCION DE LOGISTICA DE CARABINEROS;61.938.500-4;Depto.Fomento Equino L4;Teatinos 20, oficina 67, Santiago;Santiago;Región Metropolitana de Santiago;LE;Publicada;CONTAR CON IMPLEMENTOS QUE OTORGUEN PROTECCIÓN Y BIENESTAR A CABALLARES INSTITUCIONALES;2025-04-08T17:45:45.763;2025-04-25T15:30:00;2025-05-16T18:00:00;;CLP;0;0
3439-13-LE25;MATERIALES E INSUMOS QUIRÚRGICOS AÑO 2025;DIRECCION DE LOGISTICA DE CARABINEROS;61.938.500-4;Depto.Fomento Equino L4;Teatinos 20, oficina 67, Santiago;Santiago;Región Metropolitana de Santiago;LE;Publicada;CONTAR CON INSUMOS QUIRÚRIGOS QUE AYUDEN AL DIAGNÓSTICO, TRATAMIENTO, REHABILITACIÓN Y PREVENCIÓN DE ENFERMEDADES EN CANES Y CABALLARES FISCALES;2025-04-08T17:47:57.823;2025-04-21T15:30:00;2025-05-12T18:00:00;;CLP;0;0
2428-14-LE25;EQUIPO DE TELECOMUNCIONES - GESTION DE RIESGOS;I. MUNICIPALIDAD DE QUILPUE;69.061.300-K;I. MUNICIPALIDAD DE QUILPUE;Augusto Carozzi 841, Quilpué;Quilpué;Región de Valparaíso;LE;Publicada;SE REQUIERE CONTRATAR EQUIPAMIENTO DE TELECOMUNICACIONES PARA OCUPAR EN LA NUEVA SALA DE CRÍSIS DE LA DIRECCIÓN DE GESTIÓN DE RIESGOS Y EMERGENCIA;2025-04-08T17:43:35.06;2025-04-14T15:00:00;2025-04-30T17:30:00;;CLP;0;0
1202333-34-LE25;CONTRATO DE SUMINISTRO DE MATERIALES DE CONSTRUCCION PARA ORGANIZACIONES COMUNITARIAS;I MUNICIPALIDAD DE QUINTERO;69.060.700-K;LICITACIONES;NORMANDIE 1916 QUINTERO;Quintero;Región de Valparaíso;LE;Publicada;CONTRATO DE SUMINISTRO DE MATERIALES DE CONSTRUCCION PARA ORGANIZACIONES COMUNITARIAS;2025-04-08T17:36:34.773;2025-04-14T15:00:00;2025-04-17T19:00:00;;CLP;0;0
2546-26-LE25;DISEÑO DE PROYECTOS DE PAVIMENTACIÓN Y OTROS;I MUNICIPALIDAD DE PADRE LAS CASAS;61.955.000-5;MUNICIPALIDAD DE PADRE LAS CASAS;Maquehue #1441;Padre Las Casas;Región de la Araucanía;LE;Publicada;Elaborar los proyectos de pavimentación o repavimentación y de aguas lluvias de diversas calles y pasajes de la comuna entregando soluciones definitivas para la evacuación de las aguas lluvias, accesibilidad universal y mejorando las condiciones de tránsito vehicular y peatonal en el espacio público, con la finalidad de que estos sean postulados al programa de pavimentación participativa MINVU.;2025-04-08T17:32:12.227;2025-04-22T09:00:00;2025-05-22T13:00:00;36000000;CLP;0;0
2311-75-LE25;UNIFORMES ADMINISTRATIVOS Y CLINICOS DESAM;ILUSTRE MUNICIPALIDAD DE MOLINA;69.110.100-2;Dirección Comunal de Salud;Independencia 1926;Molina;Región del Maule;LE;Publicada;Decreto alcaldicio N 1830 que aprueba de la bases administrativas, especificaciones técnicas y anexos administrativos y llama a licitación publica Adquisición de Casacas 3 e 1 para Mujer y Hombres y Poleras Polo manga corta Mujer y Hombre.;2025-04-08T17:27:25.59;2025-04-21T16:09:00;2025-04-30T17:10:00;;CLP;0;0
3894-19-LQ25;ADQUISICIÓN DE CAJAS DE ALIMENTOS PARA VECINOSAS DE LA COMUNA DE LAMPA QUE SE ENCUENTREN EN SITUACIÓN DE NECESIDAD MANIFIESTA;I MUNICIPALIDAD DE LAMPA;69.071.400-0;Secretaria de Planificación;Baquedano 964;Lampa;Región Metropolitana de Santiago;LQ;Publicada;Suministrar cajas de alimentos a familias que presenten situación de vulnerabilidad social durante 9 meses con el objetivo de aliviar la inseguridad alimentaria.;2025-04-08T17:26:53.093;2025-04-28T15:00:00;2025-05-28T15:30:00;340000000;CLP;0;0
5051-25-LP25;HIDROCORTISONA COTRIMOXAZOL VASELINA DUTASTERIDA Y OTRO MEDICAMENTO;SERVICIO DE SALUD DEL MAULE HOSPITAL DE TALCA;61.606.901-2;Farmacia;Av. San Miguel S/N;Talca;Región del Maule;LP;Publicada;El objetivo de la presente licitación, es invitar a través de www.mercadopublico.cl a todos los proveedores del rubro a participar de la adquisición de HIDROCORTISONA, COTRIMOXAZOL, VASELINA, DUTASTERIDA Y OTRO MEDICAMENTO, necesario para la atención directa a pacientes clínico en el servicios del Hospital Regional de Talca y bajo las especificaciones técnicas requeridas por la Institución con el fin de seleccionar la oferta más conveniente de acuerdo a los criterios de evaluación, asegurando el abastecimiento en calidad y oportunidad, satisfaciendo así la demanda de los usuarios.;2025-04-08T17:26:11.76;2025-04-21T16:00:00;2025-05-20T17:30:00;;CLP;0;0
1216088-4-LE25;SERVICIO DE TRANSPORTE DE PERSONAL;CORPORACION MUNICIPAL DE DEPORTES DE PUENTE ALTO;65.065.121-9;Administración y Finanzas;Santo Domingo 465;Puente Alto;Región Metropolitana de Santiago;LE;Publicada;Dar cumplimiento a distintos servicios, la licitación busca disponer de la dotación que permita conformar una FLOTA PERMANENTE mensual, continua y para esto el oferente deberá acreditar que es el propietario del vehículo.;2025-04-08T17:25:09.913;2025-04-21T15:01:00;2025-04-30T17:15:00;60000000;CLP;0;0
1725-75-LQ25;SERVICIOS DE SEGURIDAD Y VIGILANCIA CNAC-CERRILLOS;SUBSECRETARÍA DE LAS CULTURAS Y LAS ARTES;60.901.002-9;SUBSECRETARIA DE LAS CULTURAS Y LAS ARTES;SOTOMAYOR 233;Valparaíso;Región de Valparaíso;LQ;Publicada;SERVICIOS DE SEGURIDAD Y VIGILANCIA PARA EL CENTRO NACIONAL DE ARTE CONTEMPORÁNEO CNAC, COMUNA DE CERRILLOS, SANTIAGO;2025-04-08T17:22:53.633;2025-04-29T12:00:00;2025-05-29T18:00:00;340169993;CLP;0;0
2172-1-LE25;LE-3337 INSTALACION ALUMBRADO PUBLICO;SERVICIO DE IMPUESTOS INTERNOS DIRECCION;60.803.000-k;SII DR03 Dirección Regional Copiapó;Chacabuco 681, Oficina 804 - Copiapó;Copiapó;Región de Atacama;LE;Publicada;El Servicio de Impuestos Internos de la Dirección Regional Copiapó, requiere la contratación de un servicio integral para el suministro e instalación de alumbrado exterior de tipo público, para la dependencia ubicada en Avenida Manuel Antonio Matta N245, Copiapó.;2025-04-08T17:21:34.087;2025-04-28T16:00:00;2025-05-28T18:00:00;;CLP;0;0
3603-27-LE25;ADQUISICION DE 1.000 METROS CUBICOS DE BASE ESTABI;I MUNICIPALIDAD DE MULCHEN;69.170.500-5;DIRECCION DE ADMINISTRACION Y FINANZAS;ANIBAL PINTO 495;Mulchén;Región del Biobío;LE;Publicada;Adquisición de 1.000 m3 de base estabilizada de 1.5 a 2 mm, puesta en planta, para la ejecución del proyecto denominado: REPARACION DE CAMINOS VECINALES DE LA COMUNA DE MULCHEN;2025-04-08T17:20:27.31;2025-04-21T15:20:00;2025-04-24T13:21:00;10500000;CLP;0;0
3789-12-L125;Suministro Servicio de Limpieza de Fosas septicas;I MUNICIPALIDAD DE PAILLACO;69.200.900-2;Dpto. Salud;Gabriela Mistral 1171;Paillaco;Región de Los Ríos;L1;Publicada;El Departamento de Salud de la Ilustre Municipalidad de Paillaco requiere establecer un convenio de servicios para el SUMINISTRO DE SERVICIO DE LIMPIEZA DE FOSAS SÉPTICAS. por un periodo de 24 meses, con una empresa especializada en el rubro.;2025-04-08T17:19:18.79;2025-04-15T21:52:00;2025-04-21T18:53:00;;CLP;0;0
699866-51-LP25;ADQUISICION DE PROTECTOR CUTÁNEO 1 ML Y OTROS INSUMOS PARA EL HRT;SERVICIO DE SALUD DEL MAULE HOSPITAL DE TALCA;61.606.901-2;Insumos Clínicos;1 Norte N 1990;Talca;Región del Maule;LP;Publicada;El objetivo de la presente licitación, es invitar a través de www.mercadopublico.cl a todos los proveedores del rubro a participar de la adquisición de PROTECTOR CUTÁNEO 1 ML Y OTROS INSUMOS necesarios para el Hospital Regional de Talca y bajo las especificaciones técnicas requeridas por la Institución con el fin de seleccionar la oferta más conveniente de acuerdo a los criterios de evaluación, asegurando el abastecimiento en calidad y oportunidad, satisfaciendo así la demanda de los usuarios.;2025-04-08T17:20:16.707;2025-04-21T16:00:00;2025-05-20T17:30:00;;CLP;0;0
3789-13-LE25;SUM.MATERIALES CONSTRUCCION FERRETERIA Y OTROS;I MUNICIPALIDAD DE PAILLACO;69.200.900-2;Dpto. Salud;Gabriela Mistral 1171;Paillaco;Región de Los Ríos;LE;Publicada;La I. Municipalidad de Paillaco, llama a Propuesta Publica para la contratación de SUMINISTRO DE MATERIALES DE CONTRUCCION, FERRETERIA Y OTROS PARA EL DEPARTAMENTO DE SALUD MUNICIPAL DE PAILLACO por un periodo de 12 meses;2025-04-08T17:19:24.627;2025-04-21T17:43:00;2025-04-24T17:44:00;;CLP;0;0
886954-145-LE25;Convenio suministro anual de insumos varios para la Unidad de Cirugía cardiaca del HGGB;HOSPITAL GUILLERMO GRANT BENAVENTE DE CO;61.602.189-3;Abastecimiento Insumos;San Martin 1436;Concepción;Región del Biobío;LE;Publicada;Proveer al HGGB de los insumos necesarios para la atención oportuna de los pacientes;2025-04-08T17:17:05.187;2025-04-14T15:46:00;2025-06-13T18:47:00;56000000;CLP;0;0
2111-110-LE25;CALENTADORES DE SUEROS PARA EL H.U.A.P.;HOSPITAL DE URGENCIA ASISTENCIA PUBLICA DR ALEJANDRO DEL RIO;61.608.602-2;Hospital de Urgencia Asistencia Pública;Curico N345 Bodega Central;Santiago;Región Metropolitana de Santiago;LE;Publicada;La adquisición de calentadores de sueros para el Hospital de Urgencia Asistencia Pública.;2025-04-08T17:15:58.693;2025-04-15T15:01:00;2025-05-16T18:00:00;;CLP;0;0
4968-23-LE25;SERVICIO DE GRABACIÓN EDICIÓN Y PRODUCCIÓN AUDIOVISUAL HOSPITAL QUILPUÉ HOSPITAL PROVINCIAL MARGA MARGA;HOSPITAL DE QUILPUE;61.606.604-8;HOSPITAL DE QUILPUE;SAN MARTÍN 1270 - QUILPUÉ;Quilpué;Región de Valparaíso;LE;Publicada;1. Que, el Hospital de Quilpué requiere contratar un SERVICIO DE GRABACIÓN, EDICIÓN Y PRODUCCIÓN AUDIOVISUAL HOSPITAL QUILPUÉ / HOSPITAL PROVINCIAL MARGA MARGA, con el objeto generar un plan de difusión audiovisual mensual para difundir el quehacer del Hospital de Quilpué y el trabajo de Puesta en Marcha del Hospital Provincial de Marga Marga a ejecutarse durante 12 meses, según requerimiento incluido en solicitud de compra n 07 de Fecha 19 de marzo del 2025 de la Unidad de Comunicaciones.;2025-04-08T17:14:42.01;2025-04-21T15:01:00;2025-06-26T18:00:00;;CLP;0;0
2904-11-LE25;TRANSPORTE DE ALUMNOS JARDIN INFANTIL CARACOLITOS DE AULEN;I MUNICIPALIDAD DE HUALAIHUE;69.252.200-1;DEPARTAMENTO DE ADMINISTRACION;21 DE SEPTIEMBRE 450;Hualaihué;Región de los Lagos;LE;Publicada;Servicio de transporte escolar, para alumnos de JJII Caracolitos de Aulen en la comuna de Hualaihué.;2025-04-08T17:14:34.847;2025-04-14T15:30:00;2025-04-21T13:21:00;;CLP;0;0
2273-25-L125;ADQUISICON DE VESTUARIO PARA VIGILANTES PRIVADOS EDIFICIO CONSISTORIAL;I MUNICIPALIDAD DE LA PINTANA;69.253.800-5;DEPARTAMENTO ADQUISICIONES MUNICIPAL;Por correo electrónico;Las Condes;Región Metropolitana de Santiago;L1;Publicada;ADQUISICON DE VESTUARIO PARA VIGILANTES PRIVADOS EDIFICIO CONSISTORIAL IRIS MARTHA SEGUEL PARDO DIRECTORA SERV. OPERATIVOS GENERALES EX. 7625 MEMORANDUM NRO. 8712 SGL.;2025-04-08T17:14:34.417;2025-04-14T15:00:00;2025-05-30T14:53:00;5500000;CLP;0;0
3191-23-LP25;LP FAR ADQUISICIÓN DE FÁRMACOS;DIRECCION DE ABASTECIMIENTO DE LA ARMADA;61.102.017-1;HOSPITAL NAVAL ALMIRANTE NEF;SUBIDA ALESSANDRI S/N;Viña del Mar;Región de Valparaíso;LP;Publicada;Que, existe la necesidad de adquirir Productos Farmacéuticos para el Hospital Naval Almirante Nef, según lo requiere la Químico Farmacéutico Jefa de Farmacia Hospitalizados en el requerimiento generado el sistema AS-400 N136.;2025-04-08T17:13:59.18;2025-04-21T15:05:00;2025-05-21T18:30:00;266900000;CLP;0;0
2421-15-LE25;SERVICIO DE GESTION DOCUMENTAL WEB;I MUNICIPALIDAD DE CONCEPCION;69.256.900-8;DIRECCION DE SALUD MUNICIPAL DE CONCEPCION;BODEGA GENERAL DAS: O'HIGGINS 1256;Concepción;Región del Biobío;LE;Publicada;CONTRATACIÓN DE SERVICIOS DE GESTIÓN DOCUMENTAL WEB, PROCESOS DE CALIDAD Y ACREDITACIÓN DAS CONCEPCIÓN PARA FACILITAR LA GESTIÓN DE LOS EQUIPOS DE CALIDAD EN EL PROCESO DE PREPARACIÓN Y MANTENCIÓN DE LA CALIDAD EN ESTABLECIMIENTOS DE SALUD.;2025-04-08T17:11:47.747;2025-04-21T15:30:00;2025-06-04T17:30:00;;CLP;0;0
1057387-11-LE25;CONVENIO SUMINISTRO SEDILE HOSPITAL COLLIPULLI;SERVICIO SALUD ARAUCANIA HOSPITAL DE COLLIPULLI;61.602.223-7;SERVICIO SALUD ARAUCANIA HOSPITAL DE COLLIPULLI;Manuel Rodriguez 1671;Collipulli;Región de la Araucanía;LE;Publicada;La presente licitación tiene como objetivo el suministro de fórmulas y suplementos para Sedile del Hospital, según especificaciones técnicas (Anexo N4);2025-04-08T17:11:11.013;2025-04-21T15:30:00;2025-04-28T15:30:00;;CLP;0;0
4328-4-LE25;Elaboración Estudio Pre-Inversional proyecto;Ilustre Municipalidad de Ñiquen;69.140.600-8;I.Municipalidad de Ñiquen;Estado 188;Ñiquén;Región del Ñuble;LE;Publicada;Elaboración Estudio Pre-Inversional proyecto CENTRO DE SALUD FAMILIAR CESFAM DE SAN GREGORIO, COMUNA DE ÑIQUÉN CODIGO BIP 40001573-0;2025-04-08T17:07:43.61;2025-04-25T09:30:00;2025-05-30T19:00:00;10000000;CLP;0;0
838486-1-LE25;SERVICIOS DE ASEO TR LA ARAUCANIA E102RT9;TESORERIA GENERAL DE LA REPUBLICA;60.805.020-5;Tesroreria Regional de La Araucania;Claro Solar 885;Temuco;Región de la Araucanía;LE;Publicada;CONTRATACIÓN DE SERVICIOS DE ASEO TESORERÍA REGIONAL DE LA ARAUCANÍA.;2025-04-08T17:06:43.44;2025-04-22T15:00:00;2025-05-06T17:30:00;;CLP;0;0
2308-36-LP25;ADQUISICIÓN DE 2 CHASIS Y SU MONTAJE;I MUNICIPALIDAD DE OSORNO;69.210.100-6;SECRETARIA DE PLANIFICACION;AVDA. JUAN MACKENNA N851, Bodega Subsuelo;Osorno;Región de los Lagos;LP;Publicada;La iniciativa corresponde a la adquisición de 01 chasis 4x2 nuevo y sin uso, y montaje equipo alza hombre y 01 chasis 4x2 nuevo sin uso, y montaje de unidad compactadora, se deberá ejecutar conforme a los requerimientos establecidos en las presentes bases administrativas y especificaciones técnicas adjuntas.;2025-04-08T17:05:38.05;2025-04-29T12:00:00;2025-05-30T19:56:00;166725000;CLP;0;0
4104-2-CO25;CONSERVACION SALA ALIMENTACION LICEO BICENTENARIO;Municipalidad de Gorbea;69.191.200-0;Departamento de Educación Municipal;Blanco Encalada 995;Gorbea;Región de la Araucanía;CO;Publicada;1. La necesidad conservación y mantenimiento de infraestructura necesario para cuidar las dependencias del Establecimiento, permitiendo constar con una sala acorde a las necesidades que la especialidad requiere para la elaboración de alimentos en el Liceo Bicentenario de Gorbea.;2025-04-08T17:02:56.98;2025-04-15T14:00:00;2025-05-05T19:55:00;;CLP;0;0
5520-12-LR25;Suministro de EPP Vestuario y Calzado de Seguridad;UNIVERSIDAD DE CHILE;60.910.000-1;FCFM IDIEM;Plaza Ercilla 883;Santiago;Región Metropolitana de Santiago;LR;Publicada;IDIEM licita el Suministro de Elementos de Protección Personal, Vestuario y Calzado de Seguridad para Zona Norte, Zona Centro y Zona Sur, por un periodo de 24 meses o hasta la total utilización de los recursos destinados, cualquiera de las circunstancias que se verifique primero, según las características que se han definido en las presentes bases administrativas, bases técnicas y anexos.;2025-04-08T17:02:48.677;2025-05-14T17:00:00;2025-09-11T17:00:00;450000000;CLP;0;0
1627-23-LQ25;PRESTACIONES DE SERVICIOS PROFESIONALES MÉDICOS ESPECIALISTAS PARA EJECUCIÓN DE HORAS MÉDICAS EN TURNOS DEL SERVICIO DE EMERGENCIA ADULTO DEL HOSPITAL DE SAN FERNANDO.;SERVICIO DE SALUD HOSPITAL DE SAN FERNANDO;61.602.145-1;Hospital de San Fernando Abastecimiento;Negrete 1401;San Fernando;Región del Libertador General Bernardo OHiggins;LQ;Publicada;PRESTACIONES DE SERVICIOS PROFESIONALES MÉDICOS ESPECIALISTAS PARA EJECUCIÓN DE HORAS MÉDICAS EN TURNOS DEL SERVICIO DE EMERGENCIA ADULTO DEL HOSPITAL DE SAN FERNANDO.;2025-04-08T17:02:20.987;2025-04-21T18:44:00;2025-05-13T18:45:00;;CLP;0;0
729-54-LE25;BALIZA Y BARRAS FIAT 2-18738 ECU;EMPRESA DE TRANSPORTE DE PASAJEROS METRO S A;61.219.000-3;Compras Técnicas;Av. Lib. Bernardo OHiggins 1414;Santiago;Región Metropolitana de Santiago;LE;Publicada;Se requieren ofertas que cumplan con las especificaciones técnicas solicitadas (Solo una oferta por proveedor), es de suma importancia adjuntar fichas técnicas, formulario PEP firmado, declaración de vínculos firmado e indicar plazo de entrega en días hábiles bancarios. Se recuerda que la única Orden de Compra válida es la emitida por Metro S.A. La adjudicación será notificada por Gestor de Compras mediante correo electrónico. PARA LOS REPUESTOS QUE NO SE FABRIQUEN Y NO SE COMERCIALICEN EN EL MERCADO NACIONAL, SE ACEPTARAN COTIZACIONES EN OTRAS MONEDAS, EL TIPO DE CAMBIO PARA EFECTOS DE COMPARACION, CORRESPONDERÁ AL DIA DE LA APERTURA ECONOMICA. En el anexo B, se deben completar los siguientes formularios: 4, 5,7 y 8.;2025-04-08T17:02:11.38;2025-04-23T13:20:00;2025-05-28T13:21:00;;CLP;0;0
3416-30-L125;SUMINISTRO E INSTALACIÓN DE TERMOS;COMANDO DE APOYO A LA FUERZA;61.101.017-6;Escuela Militar -ESCMIL;AV COSTANERA S/N CAMPO MILITAR DE INTRUCCIÓN ESCUELA MILITAR PICHICUY;La Ligua;Región de Valparaíso;L1;Publicada;SUMINISTRO E INSTALACION DE TERMOS PARA EL PERSONAL SOLTERO DE LA ESCUELA MILITAR (OFERTAS COMPLETAS);2025-04-08T17:01:08.593;2025-04-15T15:00:00;2025-04-16T17:00:00;6604500;CLP;0;0
3656-71-LE25;SUMINISTRO ADQUISICION DE INSUMOS VETERINARIOS MUNICIPALIDAD DE REQUINOA;I MUNICIPALIDAD DE REQUINOA;69.081.300-9;Ilustre Municipalidad de Requínoa;Comercio 121, Municipalidad;Requinoa;Región del Libertador General Bernardo OHiggins;LE;Publicada;SUMINISTRO ADQUISICION DE INSUMOS VETERINARIOS MUNICIPALIDAD DE REQUINOA;2025-04-08T17:00:28.407;2025-04-21T15:01:00;2025-04-25T18:00:00;;CLP;0;0
3656-72-L125;SUMINISTRO DE ALIMENTOS PARA MASCOTAS FELINOS Y CANINOS;I MUNICIPALIDAD DE REQUINOA;69.081.300-9;Ilustre Municipalidad de Requínoa;Comercio 121, Municipalidad;Requinoa;Región del Libertador General Bernardo OHiggins;L1;Publicada;SUMINISTRO DE ALIMENTOS PARA MASCOTAS (FELINOS Y CANINOS);2025-04-08T17:00:39.53;2025-04-14T15:01:00;2025-04-21T18:00:00;;CLP;0;0
886954-96-LP25;Convenio Suministro Varios Implantes para U. de Ortopedia y Traumatología Infantil;HOSPITAL GUILLERMO GRANT BENAVENTE DE CO;61.602.189-3;Abastecimiento Insumos;San Martin 1436;Concepción;Región del Biobío;LP;Publicada;La necesidad de abastecer de los insumos para la atención oportuna de pacientes;2025-04-08T16:59:02.783;2025-04-21T15:30:00;2025-06-20T18:41:00;330000000;CLP;0;0
586-27-LE25;Formularios Declaración Jurada Conjunta Aduana-SAG;SERVICIO NACIONAL DE ADUANAS;60.804.000-5;Dirección Nacional de Aduanas;Esmeralda 911, 4to Piso;Valparaíso;Región de Valparaíso;LE;Publicada;Impresión y distribución de 820.000 ejemplares de Declaración Jurada Conjunta Aduana - SAG, conforme a lo indicado en las bases de licitación.;2025-04-08T16:58:53.763;2025-04-21T15:01:00;2025-05-13T18:00:00;10000000;CLP;0;0
2147-24-LE25;SERVICIO DE NUTRICIONISTA PARA PSCV;SERVICIO DE SALUD COQUIMBO HOSPITAL COMB;61.606.406-1;Hospital Combarbalá;Comercio 800;Combarbalá;Región de Coquimbo;LE;Publicada;El Hospital San Juan de Dios de Combarbalá, a través del Programa de Salud Cardiovascular, llama a licitación pública a través del Portal Mercado Publico para SERVICIO DE NUTRICIONISTA PARA PROGRAMA DE SALUD CASDIOVASCULAR.;2025-04-08T16:58:19.77;2025-04-21T16:00:00;2025-04-28T18:00:00;;CLP;0;0
1697-9-LE25;SERVICIO DE TRANSPORTE PARA NOTIFICACIONES CALAMA;CORP ADMINISTRATIVA DEL PODER JUDICIAL;60.301.001-9;Corp. Adm. del Poder Judicial - Antofagasta;Uribe 636 piso 14, Edificio Centro de Negocios Uribe;Antofagasta;Región de Antofagasta;LE;Publicada;PAC 2693-6-PC25;2025-04-08T16:57:28.88;2025-04-21T16:00:00;2025-05-23T17:00:00;;CLF;0;0
1245440-17-LE25;2DO LLAMADO MANT. DE EQUIPOS DE TELEVIGILANCIA PARA CMDS;CORP MUNICIPAL DE DESARROLLO SOCIAL DE A;71.102.600-2;SERVICIOS GENERALES - DIRECC ADMIN Y FINANZAS;AVENIDA ARGENTINA 1595 II PISO;Antofagasta;Región de Antofagasta;LE;Publicada;La Corporación Municipal de Desarrollo Social de Antofagasta requiere contratar un servicio de aseo y limpieza integral, en las dependencias de Casa Central CMDS, Gabinete Técnico, Departamento Psicosocial y Programa de Integración Escolar. El adjudicado debe considerar todos los recursos necesarios para ejecutar los servicios propios de este contrato como Personal, Herramientas y Útiles de aseo, manteniendo un Organigrama de Operación, Cuadro de Turnos, Programa de Aseo Baños, Cartilla de técnicas de limpieza Interio;2025-04-08T16:54:58.733;2025-04-15T15:00:00;2025-05-05T17:00:00;68000000;CLP;0;0
1057547-172-LE25;COMPRA DE SERVICIOS DE CONFECCION DE MESONES;SERVICIO DE SALUD VALDIVIA HOSPITAL BASE;61.607.502-0;Bienes y Servicios;Bienes y Servicios;Valdivia;Región de Los Ríos;LE;Publicada;COMPRA DE SERVICIOS DE CONFECCION DE MESONES EN ACERO INOXIDABLE PARA EL HOSPITAL BASE VALDIVIA;2025-04-08T16:53:52.36;2025-04-21T17:00:00;2025-07-07T19:59:00;10000000;CLP;0;0
1191449-8-LE25;INVEST REG DE DOC. Y REALIZACIÓN SEMINARIO DERECH;SERVICIO NACIONAL DEL PATRIMONIO CULTURAL;60.905.006-3;SUBDIRECCIÓN ARCHIVO NACIONAL DOS;Miraflores 50;Santiago;Región Metropolitana de Santiago;LE;Publicada;INVESTIGACIÓN, REGISTRO DE DOCUMENTACIÓN Y REALIZACIÓN DE SEMINARIO, RELATIVO A VIOLACIONES A LOS DERECHOS HUMANOS EN LOS FONDOS DEL ARCHIVO NACIONAL;2025-04-08T16:52:31.763;2025-04-21T20:00:00;2025-04-28T20:00:00;;CLP;0;0
3959-11-L125;ADQUISICIÓN DE NEUMÁTICOS PARA VEHÍCULOS DEL ÁREA DE SALUD 2025 NC N223;I MUNICIPALIDAD DE NAVIDAD;69.073.800-7;Unidad de Salud;PLAZA GENERAL BONILLA N 24;Navidad;Región del Libertador General Bernardo OHiggins;L1;Publicada;Se requiere adquirir neumáticos destinados para uso en vehículos del área de Salud Comunal.;2025-04-08T16:51:29.39;2025-04-14T15:50:00;2025-04-18T15:50:00;5500000;CLP;0;0
838104-18-LE25;CMCP COMPRA DE MANTELERÍA Y ROPA PARA EL PERSONAL;COMANDO DE APOYO A LA FUERZA;73.923.800-5;División de Bienestar ZB Región Metropolitana BSoc;Avda. Neptuno N 097, Villa Militar Oeste, Estación Central;Estación Central;Región Metropolitana de Santiago;LE;Publicada;CMCP COMPRA DE MANTELERÍA Y ROPA PARA EL PERSONAL RECEPCIÓN CMCP: SG1 MANUEL GALAZ JARA E-MAIL: magj1975magj@gmail.com FONO: +569 6351 4516 FACTURAR Y DESPACHAR: C.C. 1100080053 FONDOS PAF C.F. 350090 BIENESTAR SOCIAL DEL EJÉRCITO GIRO: HOTELERÍA Y SERVICIOS AFINES RUT.: 73.923.800-5 DIRECCIÓN: LAS PALMAS 384, COMUNA PEÑALOLÉN SE SOLICITA ACEPTAR ORDEN DE COMPRA EN EL SISTEMA.;2025-04-08T16:50:49.713;2025-04-17T17:00:00;2025-04-28T17:00:00;;CLP;0;0
2981-57-LE25;SUMINISTRO DE TÓNER;POLICIA DE INVESTIGACIONES DE CHILE;60.506.000-5;DEPARTAMENTO ADMINISTRATIVO;GENERAL MACKENNA 1370, Secc. Almacenes;Santiago Centro;Región Metropolitana de Santiago;LE;Publicada;SEGÚN RESOLEX N 163 , DEL 08.ABR.025, DEL DEPADM;2025-04-08T16:49:39.647;2025-04-21T16:00:00;2025-05-02T19:00:00;7000000;CLP;0;0
5555-4-LE25;SERVICIOS DE ATENCIÓN A PARTICIPANTES PARA ACTIVIDADES DEL INSTITUTO DE SEGURIDAD LABORAL DE LA REGIÓN DE OHIGGINS;INSTITUTO DE SEGURIDAD LABORAL;61.533.000-0;ISL Región Libertador General Bernardo O'Higgins;Juan Nicolás Rubio N 329;Rancagua;Región del Libertador General Bernardo OHiggins;LE;Publicada;E1O2RT9 El Instituto de Seguridad Laboral, requiere la contratación de SERVICIOS DE ATENCIÓN A PARTICIPANTES PARA ACTIVIDADES DEL INSTITUTO DE SEGURIDAD LABORAL REGIÓN DE OHIGGINS, conforme lo establecido en las presentes Bases Técnicas;2025-04-08T16:49:29.74;2025-04-21T15:01:00;2025-04-30T15:00:00;13500000;CLP;0;0
1057510-25-LR25;CONVENIO DE SUMINISTRO DE INSUMOS MÉDICOS PARA EL HOSPITAL DE SAN CARLOS DR. BENICIO ARZOLA MEDINA;SERVICIO DE SALUD NUBLE HOSPITAL DE SAN CARLOS DR BENICIO ARZOLA MEDIN;61.607.002-9;Bienes y Servicios;Gazmuri 448;San Carlos;Región del Ñuble;LR;Publicada;El Hospital de San Carlos Dr. Benicio Arzola Medina requiere suscribir Convenio de suministro de Insumos Médicos necesarios para la atención de pacientes y demanda asistencial, de acuerdo a requerimientos especificados en Bases Administrativas y Técnicas de la presente Licitación. Se pretende obtener la mejor calidad y oportunidad en la prestación de los servicios a un precio conveniente.;2025-04-08T16:49:15.137;2025-05-08T17:30:00;2025-06-06T17:00:00;418169808;CLP;0;0
966539-14-LR25;MEJORAMIENTO ESPACIO PUBLICO CENTRO CIVICO LAS GARZAS;I MUNICIPALIDAD DE MARCHIGUE;69.091.300-3;Secretaría Comunal de Planificación;Libertad N490;Marchigue;Región del Libertador General Bernardo OHiggins;LR;Publicada;SE REQUIERE CONTRATAR LA EJECUCION DEL PROYECTO DENOMINADO MEJORAMIENTO ESPACIO PUBLICO CENTRO CIVICO LAS GARZAS SEGUN PROYECTO ADJUNTO;2025-04-08T16:46:13.71;2025-05-08T17:30:00;2025-05-23T14:30:00;366120000;CLP;0;0
1057510-26-LQ25;CONVENIO DE SUMINISTRO ELÉCTRICO Y POTENCIA ELÉCTRICA EN CALIDAD DE CLIENTE LIBRE PARA EL HOSPITAL SAN CARLOS DR. BENICIO ARZOLA MEDINA;SERVICIO DE SALUD NUBLE HOSPITAL DE SAN CARLOS DR BENICIO ARZOLA MEDIN;61.607.002-9;Bienes y Servicios;Gazmuri 448;San Carlos;Región del Ñuble;LQ;Publicada;El Hospital de San Carlos, Dr. Benicio Arzola Medina, requiere suscribir convenio por 8 meses por suministro eléctrico y potencia eléctrica en calidad de cliente libre, es decir, optar a ser suministrados de energía y potencia eléctrica por parte de una empresa generadora o comercializadora, para satisfacer el consumo eléctrico que se requiera, de manera de contribuir a la eficiencia en el uso de los recursos públicos y ejercer de la mejor manera posible sus funciones y actividades cotidianas en el ejercicio de sus labores, de acuerdo a requerimientos especificados en Bases Administrativas y Técnicas de la presente Licitación. Se pretende obtener la mejor calidad y oportunidad en la prestación de los servicios a un precio conveniente para el establecimiento.;2025-04-08T16:45:13.48;2025-04-28T17:00:00;2025-04-30T17:00:00;198020048;CLP;0;0
4086-32-LP25;SPD REPOSICIÓN PLAZA LOS CIPRECES;I MUNICIPALIDAD DE MAULLIN;69.220.500-6;Administracion y Finanzas;Bernardo O'Higgins 641;Maullín;Región de los Lagos;LP;Publicada;SPD REPOSICIÓN PLAZA LOS CIPRECES;2025-04-08T16:43:17.94;2025-04-30T15:00:00;2025-05-29T19:52:00;74999999;CLP;0;0
2133-43-LE25;PPTA 166-25 DFL 36 CS QX ASEOS QUIRÚRGICOS YO RETI;HOSPITAL DOCTOR HERNAN HENRIQUEZ ARAVENA;61.602.232-6;HOSPITAL DR HERNAN HENRIQUEZ A COMPRA DE SERVICIO;Manuel Montt 115;Temuco;Región de la Araucanía;LE;Publicada;El objetivo principal de esta Propuesta Pública es la COMPRA DE SERVICIO DE INTERVENCIONES QUIRÚRGICAS DE ASEOS QUIRÚRGICOS Y/O RETIRO DE OSTEOSÍNTESIS EN PACIENTES CON LESIONES DE TRAUMATOLOGÍA Y ORTOPEDIA, dichas intervenciones estarán dirigidas a pacientes que se encuentran en lista de espera, a los derivados desde el Servicio de Urgencias o a los que están hospitalizados y, según indicación mG;2025-04-08T16:43:21.643;2025-04-15T15:00:00;2025-07-14T18:30:00;67313700;CLP;0;0
696961-1-LE25;SUMINISTRO DE PETRÓLEO PARA CALEFACCIÓN;MINISTERIO PUBLICO;61.935.400-1;FR ARAUCANIA;DIECIOCHO N415;Angol;Región de la Araucanía;LE;Publicada;SUMINISTRO DE PETRÓLEO PARA CALEFACCIÓN DE LAS FISCALIAS LOCALES DE COLLIPULLI, VICTORIA Y FISCALÍA REGIONAL DE LA ARAUCANÍA.;2025-04-08T16:45:05.307;2025-04-22T17:00:00;2025-04-29T16:00:00;;CLP;0;0
2446-94-LP25;SUMINISTRO DE MATERIALES DE CONSTRUCCIÓN;I MUNICIPALIDAD DE COQUIMBO;69.040.300-5;IMUNI_COQUIMBO;BILBAO 348;Coquimbo;Región de Coquimbo;LP;Publicada;SUMINISTRO DE MATERIALES DE CONSTRUCCIÓN PARA LA DAO;2025-04-08T16:42:53.71;2025-04-28T15:00:00;2025-05-19T23:59:00;100000000;CLP;0;0
2069-64-LQ25;SGN-SUM DE INSUMOS PARA CIRUGIA CERVICAL ANTERIOR;SERVICIO DE SALUD METROPOLITANO SUR HOSP;61.608.101-2;HOSPITAL BARROS LUCO TRUDEAU;Gran Avenida 3204;San Miguel;Región Metropolitana de Santiago;LQ;Publicada;El objetivo de la presente licitación es contratar durante 24 Veinticuatro meses el SUMINISTRO DE INSUMOS PARA CIRUGIA CERVICAL ANTERIOR PARA EL HOSPITAL BARROS LUCO TRUDEAU, con las características que se señalan en las Bases Técnicas, respecto a los procedimientos, términos y exigencias del suministro de los productos solicitados, que apoyen el correcto funcionamiento de este servicio y con esto responder a las necesidades del Hospital Barros Luco Trudeau. Que, además para los fines precedentes, el los proveedor es que contraten, serán responsables de cumplir estricta y cabalmente con los requerimientos y especificaciones consagrados en los documentos de la presente licitación. Sin perjuicio de lo anterior, el suministro a contratar deberá permitir la opción de ser ampliado o reducido, de acuerdo a las necesidades del Hospital, en consideración a la demanda variable del establecimiento.;2025-04-08T16:41:32.18;2025-05-29T16:00:00;2025-07-25T17:00:00;;CLP;0;0
1274285-13-LE25;Servicio ecotomografía abdominal;CORPORACION MUNICIPAL DE EDUCACION Y SALUD DE SAN BERNARDO;70.925.500-2;SALUD;AVENIDA MAIPÚ 440;San Bernardo;Región Metropolitana de Santiago;LE;Publicada;Servicio ecotomografía abdominal para usuarios de los centros de Salud de la Corporación Municipal de Educación y Salud de San Bernardo;2025-04-08T16:41:53.93;2025-04-17T12:00:00;2025-04-25T16:00:00;;CLP;0;0
867990-19-LE25;Adquisición de Equipamiento Simulación Clínica;UNIVERSIDAD DE SANTIAGO DE CHILE;60.911.000-7;Unidad de Coordinación Institucional - UCI;Av. L. Bernardo O Higgins 3363 - Estación Central;Estación Central;Región Metropolitana de Santiago;LE;Publicada;Adquisición de Equipamiento de Simulación Clínica para la Escuela de Enfermería de la Universidad de Santiago de Chile. CDP 75433 - CC 102;2025-04-08T16:37:35.473;2025-04-14T15:00:00;2025-06-09T18:00:00;11000000;CLP;0;0
1058036-5-LE25;Convenio de Suministro de Fármacos Comprimidos;SERVICIO NACIONAL DE SALUD HOSPITAL DE LOTA;61.602.203-2;Fármarcos;Carrera 702 Lota;Alto Bio Bio;Región del Biobío;LE;Publicada;Se requiere contar con un Convenio de Suministros adquisición de Fármaco para abastecer a los Servicios Clínicos y Unidades que prestan servicios de atención abierta y cerrada a los pacientes beneficiarios del sistema de Salud.;2025-04-08T16:36:45.44;2025-04-17T12:00:00;2025-06-16T18:00:00;;CLP;0;0
2318-28-LE25;ARRIENDO CARPAS;I MUNICIPALIDAD DE SAN JAVIER;69.130.100-1;IMUNI_SAN JAVIER DEPTO. ADQUISICIONES;Arturo Prat N 2490;San Javier;Región del Maule;LE;Publicada;Servicio de arriendo e instalación y desarme de carpas y otros para actividad enogastronómica, Comuna San Javier.;2025-04-08T16:34:46.49;2025-04-14T15:10:00;2025-04-25T17:27:00;18500000;CLP;0;0
5552-11-LE25;SERVICIO DE ASEO ISL ATACAMA;INSTITUTO DE SEGURIDAD LABORAL;61.533.000-0;ISL Región de Atacama;Atacama 443, 1 piso;Copiapó;Región de Atacama;LE;Publicada;SE REQUIERE SERVICIO DE ASEO Y ESTAFETA PARA DIRECCIÓN REGIONAL ISL ATACAMA. E102RT9;2025-04-08T16:34:05.727;2025-04-21T16:00:00;2025-04-28T16:05:00;;CLP;0;0
734-17-LE25;Equipamiento Dental;SERVICIO DE SALUD AYSEN CARLOS IBANEZ DEL CAMPO;61.607.800-3;DIRECCION;Dr. Jorge Ibar N 0168. Coyhaique.;Coyhaique;Región Aysén del General Carlos Ibáñez del Campo;LE;Publicada;El Servicio de Salud Aysén, solicita ofertas de interesados en participar del proceso de adquisición de GRUPO 14 EQUIPO Y EQUIPAMIENTO DENTAL PARA NORMALIZACIÓN HOSPITAL CHILE CHICO, XI REGIÓN. CÓDIGO BIP 30039513-0., de acuerdo a los requerimientos de las presentes Bases de Licitación, en conformidad a lo establecido en la Ley N19.886 sobre compras y contrataciones públicas y su reglamento. El objetivo de la presente licitación es adquirir Equipos clínicos para la ejecución del Proyecto Normalización Hospital Chile Chico, XI Región - Código BIP 30039513-0;2025-04-08T16:33:54.7;2025-04-21T18:00:00;2025-05-08T18:00:00;;CLP;0;0
3332-5-LE25;TOMA DE MAMOGRAFÍAS POR IMÁGENES DIAGNÓSTICAS;ILUSTRE MUNICIPALIDAD DE ALTO DEL CARMEN;69.251.900-0;Departamento de Salud - D.S.M.;DESPACHO A CALLE MARAÑÓN 1289, OFICINA ENLACE I. MUNICIPALIDAD DE ALTO DEL CARMEN, CIUDAD DE VALLENAR, REGIÓN DE ATACAMA. HORARIO DE ATENCIÓN DE 8:00 A 13:;Vallenar;Región de Atacama;LE;Publicada;El Departamento de Salud de Alto del Carmen solicita ofertas de interesados en participar del proceso de contratación de un servicio de TOMA DE MAMOGRAFÍA para las usuarias del CESFAM de la Comuna de Alto del Carmen, con el fin de dar cumplimiento a: Programa Imágenes Diagnósticas en APS, año 2025 del Servicio de Salud Atacama, el cual se ejecuta en la comuna de Alto.;2025-04-08T16:32:54.86;2025-04-21T15:05:00;2025-05-09T19:56:00;;CLP;0;0
1696-10-L125;Mantenimiento preventivo de los grupos generadores de los Juzgados de Familia y Garantía de Arica;CORP ADMINISTRATIVA DEL PODER JUDICIAL;60.301.001-9;Corp. Adm. del Poder Judicial - Arica;Salvo 1096, ARICA;Arica;Región de Arica y Parinacota;L1;Publicada;Se requiere la suscripción del contrato de mantenimiento preventivo de los generadores de los inmuebles ubicados en calle General Lagos N 766 que alberga al Juzgado de Garantía y Tribunal de Juicio Oral en lo Penal de Arica y en calle Dr. Juan Noé Crevani N 711, en el cual se ubica el Juzgado de Familia y las oficinas de la Administración Zonal de Arica, en los términos y condiciones establecidas en las bases técnicas, administrativas generales y especiales de la presente licitación.;2025-04-08T16:32:53.177;2025-04-21T17:00:00;2025-09-29T17:00:00;;CLF;0;0
1057438-9-LE25;CONVENIO MANTENCIÓN DE CALDERAS 2025;SERVICIO DE SALUD COQUIMBO HOSPITAL VICUNA;61.606.401-0;Bienes y Servicios;Prat N591;Vicuña;Región de Coquimbo;LE;Publicada;El Hospital de Vicuña llama a Licitación Pública, a través del Portal Mercado Público, para suscripción de un Convenio de Mantención Preventiva de Calderas y abastecimiento de petróleo, según necesidad, para su funcionamiento para asegurar la calefacción de usuarios y funcionarios del Hospital de Vicuña desde la adjudicación de la presente licitación hasta el 31 de diciembre del 2025.;2025-04-08T16:31:28.873;2025-04-21T15:10:00;2025-04-25T23:00:00;;CLP;0;0
4193-22-LE25;SUMINISTRO INSUMOS MEDICOS PARA CENTRO DE DIALISIS;I MUNICIPALIDAD DE CALDERA;69.030.300-0;Departamento de Salud;Canal Beagle S/N Cesfam Caldera;Caldera;Región de Atacama;LE;Publicada;Abastecer con insumos médicos el centro municipal de Diálisis de Caldera.;2025-04-08T16:29:49.267;2025-04-16T19:00:00;2025-04-30T16:41:00;;CLP;0;0
956-31-LP25;Adquisición de Instrumental Cirugía Menor Adulto Infantil para el nuevo Hospital Claudio Vicuña de San Antonio;SERVICIO DE SALUD VALPARAISO SAN ANTONIO;61.606.500-9;SERVICIO DE SALUD VALPARAISO SAN ANTONIO;Av. Brasil 1435;Valparaíso;Región de Valparaíso;LP;Publicada;La necesidad de realizar un proceso de licitación para la Adquisición de Instrumental Cirugía Menor Adulto Infantil para el nuevo Hospital Claudio Vicuña de San Antonio, requerido por la Subdirección de Desarrollo Institucional de la Dirección del Servicio de Salud Valparaíso San Antonio.;2025-04-08T16:29:28.8;2025-04-28T16:00:00;2025-06-27T19:56:00;97153130;CLP;0;0
2827-27-LP25;CONTRATO SUMINISTRO RETIRO DISPOSICION RESIDUOS;I MUNICIPALIDAD DE CONSTITUCION;69.120.100-7;MUNICIPAL;BODEGA MUNICIPAL: AV. SANTA MARIA S/N AL LLEGAR AV.MAC-IVER;Constitución;Región del Maule;LP;Publicada;Contar con un servicios de residuos domiciliarios, considerando Puntos Limpios Móviles y Cajas Recicladoras de papel blanco.;2025-04-08T16:29:13.017;2025-04-24T10:00:00;2025-06-30T17:30:00;;CLP;0;0
4174-24-LP25;Servicio de taller mecánico;Ilustre Municipalidad de Quirihue;69.140.100-6;Secplan;Esmeralda 698;Quirihue;Región del Ñuble;LP;Publicada;Se requiere contratar servicios de mantención y reparación de los vehículos livianos y maquinaria pesada de la I. Municipalidad de Quirihue, lo cual contempla mano de obra y repuestos. Los oferentes deben ingresar los anexos correspondientes según la línea a la cual desean postular.;2025-04-08T16:27:29.89;2025-04-29T19:53:00;2025-05-30T19:54:00;;CLP;0;0
3191-25-LE25;LE INS INSUMOS CLINICOS;DIRECCION DE ABASTECIMIENTO DE LA ARMADA;61.102.017-1;HOSPITAL NAVAL ALMIRANTE NEF;;;Región de Valparaíso;LE;Publicada;Satisfacer las necesidades del Hospital Naval Almirante Nef .;2025-04-08T16:26:25.087;2025-04-14T15:00:00;2025-05-14T18:00:00;60000000;CLP;0;0
1057438-10-LE25;Psicólogo Programa de Salud Mental;SERVICIO DE SALUD COQUIMBO HOSPITAL VICUNA;61.606.401-0;Bienes y Servicios;Prat N591;Vicuña;Región de Coquimbo;LE;Publicada;El Hospital de Vicuña llama a Licitación Pública para dar cumplimiento a la contratación de 2 psicólogos de apoyo al Programa de Salud Mental, durante los meses de abril al 19 de diciembre de 2025, cuya proyección es de 35 semanas aproximadamente, salvo que el Hospital de Vicuña disponga otra fecha.;2025-04-08T16:25:53.913;2025-04-21T15:30:00;2025-04-25T23:59:00;;CLP;0;0
4337-13-L125;C.S. Radiografía de tórax 2025;I MUNICIPALIDAD DE RENAICO;69.180.400-3;Consultorio - Farmacia;Cornelio Olsen N 398;Renaico;Región de la Araucanía;L1;Publicada;C.S. Radiografía de tórax 2025;2025-04-08T16:23:52.97;2025-04-14T17:02:00;2025-04-15T17:03:00;;CLP;0;0
1904-3-LE25;ADQUISICION DE NEUMATICOS CAMIONES Y MAQUINARIAS;MINISTERIO DE OBRAS PUBLICAS DIREC CION GRAL DE OO PP DCYF;61.202.000-0;Dirección de Vialidad - RM - Provincia de Santiago;Camino a Melipilla 9229;Santiago;Región Metropolitana de Santiago;LE;Publicada;adquisición de neumáticos para recambio de equipos destinados a faenas en terreno en Santiago para el correcto desarrollo de los trabajos a fin de lograr la consecución de la meta CAD 2025;2025-04-08T16:23:43.33;2025-04-15T17:33:00;2025-04-21T17:34:00;;CLP;0;0
3892-17-LE25;INSTRUMENTOS MUSICALES LICEO FRSIA MULLER;I MUNICIPALIDAD DE LEBU;69.160.300-8;Educación;RIOSECO 550;Lebu;Región del Biobío;LE;Publicada;ADQUIRIR INSTRUMENTOS PARA ALUMNOS DEL ESTABLECIMIENTO EDUCACIONAL.;2025-04-08T16:22:38.143;2025-04-21T15:01:00;2025-04-30T10:07:00;27000000;CLP;0;0
2446-93-LE25;P.P. 158-2025 MATERIALES PARA VIVERO MUNICIPAL;I MUNICIPALIDAD DE COQUIMBO;69.040.300-5;IMUNI_COQUIMBO;BILBAO 348;Coquimbo;Región de Coquimbo;LE;Publicada;Se requiere licitar la Adquisición de Materiales e Insumos para Mejoramiento de Vivero Municipal, para mejorar las condiciones de éste, que debido al paso del tiempo y al desgaste natural ha sufrido un deterioro progresivo que compromete tanto su operatividad como la seguridad de quienes lo utilizan, es necesario que el Departamento de Parques y Jardines de la Municipalidad de Coquimbo realice labores de mantenimiento que permitan restaurar y mejorar las instalaciones, optimizar su espacio para mejorar la producción de plantas, garantizar un entorno seguro para trabajadores y visitantes, y resguardar materiales, maquinarias y la flota vehicular de este departamento. Se deja expresa constancia que los oferentes deberán ofertar la totalidad de productos requeridos. El incumplimiento de esta disposición facultará al municipio para declarar inadmisibles a dichas ofertas. La Municipalidad de Coquimbo se reserva el derecho de revocar la licitación pública en conformidad a la facultad establecida el artículo 61 de la Ley N19.880 que establece que Los actos administrativos podrán ser revocados por el órgano que los hubiere dictado facultad que se materializa en el sistema de información www.mercadopublico.cl, a través de la aplicación revocar licitación, que permite mientras no se haya adjudicado una licitación, llevar a efectos dicha facultad mediante resolución fundada, basado en razones de mérito, conveniencia u oportunidad.;2025-04-08T16:20:27.54;2025-04-21T15:01:00;2025-05-12T19:53:00;;CLP;0;0
800-20-LR25;MINI FRAGMENTOS Y TORNILLOS CANULADOS;UNIVERSIDAD DE CHILE;60.910.000-1;Hospital Clínico Univ. de Chile - Insumos Clínicos;Dr. Carlos Lorca Tobar 999 (Ex Santos Dumont);Independencia;Región Metropolitana de Santiago;LR;Publicada;La Universidad de Chile, para su Hospital Clínico de la Universidad de Chile, en adelante e indistintamente el Hospital Clínico o el HOSPITAL establecimiento docente-asistencial de medicina de alta complejidad, llama a licitación pública para la adquisición, por sistema de suministro, de Kits de Mini fragmentos y Tornillos canulados, la cual se regulará por las presentes Bases. El mandante de esta licitación es la Universidad de Chile para su Hospital Clínico de la Universidad de Chile, cuyo domicilio para todos los efectos legales de esta convocatoria es calle Dr. Carlos Lorca Tobar Ex Santos Dumont N999, comuna de Independencia, Santiago de Chile, representado por su Director General, en adelante el Director.;2025-04-08T16:20:16.103;2025-05-08T17:00:00;2025-12-05T16:00:00;615958800;CLP;0;0
3086-14-LE25;MANTENIMIENTO CORRECTIVO REP. CARROCERIA CN-236;DIRECCION DE ABASTECIMIENTO DE LA ARMADA;61.102.005-8;CENTRO DE ABASTECIMIENTO (V) (ADQ);ANTONIO VARAS #348;Valparaíso;Región de Valparaíso;LE;Publicada;SE REQUIERE EFECTUAR MANTENIMIENTO CORRECTIVO REPARACIÓN CARROCERIA, RESTAURACIÓN HABITACULO DE CARGA CN-236CHEVROLET NKR 612 PAT: GXJT-12 ORTRA: 106;2025-04-08T16:15:27.257;2025-04-14T16:00:00;2025-05-14T16:00:00;;CLP;0;0
3086-15-LE25;ADQ. REPUESTOS Y CONSUMOS PARA UNIDADES ESCUADRA;DIRECCION DE ABASTECIMIENTO DE LA ARMADA;61.102.005-8;CENTRO DE ABASTECIMIENTO (V) (ADQ);ANTONIO VARAS #348;Valparaíso;Región de Valparaíso;LE;Publicada;ADQUISICION DE MATERIALES PARA MANTENCION UNIDADES ESCUADRA FF Condell ,FF Cochrane, FF Blanco, FF Lynch, FF Williams, FF Prat, AO Araucano y AO Montt.;2025-04-08T16:15:10.89;2025-04-21T15:01:00;2025-05-23T17:00:00;16652000;CLP;0;0
2069-63-LR25;SGN-SUM CIRUGIA CERVICAL POSTERIOR;SERVICIO DE SALUD METROPOLITANO SUR HOSP;61.608.101-2;HOSPITAL BARROS LUCO TRUDEAU;Gran Avenida 3204;San Miguel;Región Metropolitana de Santiago;LR;Publicada;El objetivo de la presente licitación es contratar durante 12 Doce meses el SUMINISTRO DE INSUMOS PARA CIRUGIA CERVICAL POSTERIOR PARA EL HOSPITAL BARROS LUCO TRUDEAU, con las características que se señalan en las Bases Técnicas, respecto a los procedimientos, términos y exigencias del suministro de los productos solicitados, que apoyen el correcto funcionamiento de este servicio y con esto responder a las necesidades del Hospital Barros Luco Trudeau. Que, además para los fines precedentes, el los proveedor es que contraten, serán responsables de cumplir estricta y cabalmente con los requerimientos y especificaciones consagrados en los documentos de la presente licitación. Sin perjuicio de lo anterior, el suministro a contratar deberá permitir la opción de ser ampliado o reducido, de acuerdo a las necesidades del Hospital, en consideración a la demanda variable del establecimiento.;2025-04-08T16:14:11.51;2025-05-09T16:00:00;2025-08-06T17:00:00;;CLP;0;0
2917-13-L125;Medicamentos Farmacia Cesfam;I MUNICIPALIDAD DE RIO NEGRO;69.210.302-5;Salud;Vicuña Mackenna N277;Río Negro;Región de los Lagos;L1;Publicada;Medicamentos Farmacia Cesfam;2025-04-08T16:14:02.613;2025-04-14T16:00:00;2025-04-21T17:00:00;3919765;CLP;0;0
5510-2-LR25;REMODELACIÓN BIBLIOTECA EDIFICIO ESCUELA;UNIVERSIDAD DE CHILE;60.910.000-1;FCFM Oficina de Arquitectura;Beauchef 850, torre central;Santiago Centro;Región Metropolitana de Santiago;LR;Publicada;El proyecto que se presenta, corresponde a una intervención interior que no afecta ni modifica las fachadas, correspondiendo a la habilitación de recintos docentes en el primer piso y un mejoramiento y adecuación de salas de lectura, ludoteca y referencia, de acuerdo a las nuevas realidades de uso de las bibliotecas universitarias.;2025-04-08T16:13:38.39;2025-05-23T17:00:00;2025-06-27T15:00:00;1020000000;CLP;0;0
619133-93-LE25;CONVENIO SUMINISTRO ADQUISICIÓN DE ESTUDIO DE TUBERCULOSISCULTIVO PARA MICOBACTERIAS EN MEDIO LIQUIDO CON EQUIPO EN COMODATO PARA EL HOSPITAL SAN CAMILO;SERVICIO SALUD SAN FELIPE LOS ANDES HOSP;61.602.038-2;Hospital San Camilo de San Felipe;Av. MIRAFLORES 2085;San Felipe;Región de Valparaíso;LE;Publicada;CONVENIO SUMINISTRO ADQUISICIÓN DE ESTUDIO DE TUBERCULOSISCULTIVO PARA MICOBACTERIAS EN MEDIO LIQUIDO CON EQUIPO EN COMODATO PARA EL HOSPITAL SAN CAMILO;2025-04-08T16:13:19.917;2025-04-17T11:00:00;2025-09-29T15:34:00;;CLP;0;0
4443-5-LE25;ADQUISICIÓN DE MOBILIARIO ESTÁNDAR BIBLIOTECA;SERVICIO NACIONAL DEL PATRIMONIO CULTURAL;60.905.000-4;Coord. Bibliotecas Públicas Región de Los Lagos;Quillota N 113 piso 3;Puerto Montt;Región de los Lagos;LE;Publicada;ADQUISICIÓN DE MOBILIARIO ESTÁNDAR DE SIMPLE Y OBJETIVA ESPECIFICACIÓN PARA LA BIBLIOTECA REGIONAL DE LOS LAGOS;2025-04-08T16:09:46.043;2025-04-21T16:36:00;2025-05-03T16:37:00;;CLP;0;0
619133-92-LE25;CONVENIO SUMINISTRO ADQUISICIÓN DE CATÉTER TUNELIZADO PARA EL HOSPITAL SAN CAMILO;SERVICIO SALUD SAN FELIPE LOS ANDES HOSP;61.602.038-2;Hospital San Camilo de San Felipe;Av. MIRAFLORES 2085;San Felipe;Región de Valparaíso;LE;Publicada;CONVENIO SUMINISTRO ADQUISICIÓN DE CATÉTER TUNELIZADO PARA EL HOSPITAL SAN CAMILO;2025-04-08T15:57:45.76;2025-04-17T11:00:00;2025-09-29T10:02:00;;CLP;0;0
3065-20-L125;SERVICO DE REPARACIÓN A 02 TARJETAS ELECTRÓNICAS DE LA AVIACIÓN NAVAL (AV603);DIRECCION DE ABASTECIMIENTO DE LA ARMADA;61.102.012-0;COMANDANCIA AVIACION NAVAL;CAMINO INTERNACIONAL S/N, BASE AERONAVAL, CONCÓN;Concón;Región de Valparaíso;L1;Publicada;ADQUIRIR UN SERVICIO DE REPARACIÓN A 02 TARJETAS ELECTRÓNICAS DE LA AVIACIÓN NAVAL.;2025-04-08T16:10:09.33;2025-04-21T16:00:00;2025-06-05T15:00:00;3240740;CLP;0;0
4086-31-LP25;REPOSICIÓN SEDE SOCIAL LAS CONCHILLAS;I MUNICIPALIDAD DE MAULLIN;69.220.500-6;Administracion y Finanzas;Bernardo O'Higgins 641;Maullín;Región de los Lagos;LP;Publicada;REPOSICIÓN SEDE SOCIAL LAS CONCHILLAS;2025-04-08T15:55:05.52;2025-04-29T15:30:00;2025-05-29T15:04:00;;CLP;0;0
1593-5-LE25;Seguros generales para bienes inmuebles y muebles;SUPERINTENDENCIA DE SERVICIOS SANITARIOS;61.221.000-4;Superintendencia de Servicios Sanitarios - SISS;Moneda N 673, Piso 9;Santiago;Región Metropolitana de Santiago;LE;Publicada;El objeto de la licitación es la contratación de Servicios de Seguros Generales de bienes inmuebles y muebles, por el periodo de 12 meses, para las dependencias de la Superintendencia de Servicios Sanitarios. El inicio del período de cobertura de los seguros que se licitan por el presente acto es desde el 26 de abril 2025 a contar de las 12:01 horas, sin perjuicio de lo indicado en la cláusula 10.5 Vigencia de la contratación.;2025-04-08T15:54:24.013;2025-04-21T15:31:00;2025-05-02T16:00:00;10000000;CLP;0;0
1057384-38-LE25;ARRIENDO CON OPCION DE COMPRA AIRE ACONDICIONADO;SERVICIO DE SALUD ANTOFAGASTA HOSPITAL M;61.606.203-4;Bienes y Servicios;Calle Santa Rosa S/N;Tocopilla;Región de Antofagasta;LE;Publicada;ARRIENDO CON OPCION DE COMPRA AIRE ACONDICIONADO;2025-04-08T14:59:09.72;2025-04-17T15:33:00;2025-05-15T15:34:00;;CLP;0;0
1180703-7-LE25;COMPRA DE EQUIPAMIENTO DE REHABILITACIÓN PARA CONSTRUCCIÓN DEL CENTRO DE SALUD AMBIENTAL OT 256 CÓDIGO BIP 30400725-0;SERVICIO DE SALUD DE ARICA Y PARINACOTA;61.606.000-7;Compras Convenio GORE Arica y Parinacota;;;Región de Arica y Parinacota;LE;Publicada;SE REQUIERE LA COMPRA DE EQUIPAMIENTO DE REHABILITACION (BICICLETA ERGONOMETRICA, EQUIPO DE FISIOTERAPIA, CAMINADORA/TROTADORA, ESPIROMETRO PORTATIL) PARA CONSTRUCCION DEL CENTRO DE SALUD AMBIENTAL.;2025-04-08T14:57:08.79;2025-04-21T15:30:00;2025-05-19T17:00:00;;CLP;0;0
4810-14-LE25;Adquisición Cajas de Mercadería;I MUNICIPALIDAD DE LAS CABRAS;69.080.800-5;Dideco;J.Kennedy 360, Las Cabras, VI Region;Las Cabras;Región del Libertador General Bernardo OHiggins;LE;Publicada;Adquisición de 270 cajas de mercadería estándar para público general, a objeto de apoyar a personas y/o familias en situación de vulnerabilidad socio-económica;2025-04-08T15:18:28.48;2025-04-17T15:00:00;2025-04-29T18:00:00;;CLP;0;0
2258-71-LP25;ADQUISICIÓN DE PRÓTESIS DE HOMBRO Y RODILLA PARA UNIDAD DE TRAUMATOLOGÍA;SERVICIO DE SALUD ANTOFAGASTA HOSPITAL L;61.606.201-8;Abastecimiento Principal;Av Pedro Aguirrez Cerda 5900;;Región de Antofagasta;LP;Publicada;ADQUISICIÓN DE PRÓTESIS DE HOMBRO Y RODILLA PARA UNIDAD DE TRAUMATOLOGÍA;2025-04-08T15:25:28.877;2025-04-22T16:00:00;2025-06-23T16:21:00;;CLP;0;0
1514-50-LE25;SERVICIOS EXTERNOS DE LABORATORIO PARA PROTESIS REMOVIBLES - BASES METÁLICAS 2025 - 2027;SERVICIO DE SALUD CHILOE;61.602.275-k;Hospital de Castro;Ramón Freire 852;Castro;Región de los Lagos;LE;Publicada;Adquirir servicios de laboratorio para prótesis removibles;2025-04-08T15:22:48.347;2025-04-21T16:45:00;2025-05-30T17:00:00;;CLP;0;0
1058024-51-LP24;CONVENIO SUMINISTRO GASES CLINICOS cia;COMPLEJO ASISTENCIAL DR.VICTOR RIOS RUIZ;61.607.301-K;Fármacos;AVDA.RICARDO VICUÑA 147 Los Angeles;Los Angeles;Región del Biobío;LP;Publicada;Que, el Complejo Asistencial Dr. Víctor Ríos Ruiz Los Ángeles, mediante su necesidad, requiere licitar el CONVENIO SUMINISTRO GASES CLÍNICOS, con la finalidad de proveer estos insumos para los diferentes Centros de Costo del Complejo Asistencial;2025-04-08T15:25:35.1;2025-04-21T15:01:00;2025-07-18T15:00:00;251200000;CLP;0;0
1350296-53-E225;LLAMADO PRIVADO CARGA INICIAL SISTEMA DE FIJACIÓN PARA FRACTURA DE CODO E IMPLANTES QUIRÚRGICOS PARA CIRUGÍAS CON MOTOR E INSTRUMENTAL DESTINADOS AL HOSPITAL ALTO HOSPICIO POR 3 MESES;HOSPITAL DE ALTO HOSPICIO;65.228.694-1;ABASTECIMIENTO HAH;;;Región de Tarapacá;E2;Publicada;Que, la necesidad se sustenta en que se requiere contratar los servicios de suministros de material de ortopedia y traumatología en función de la continuidad operacional de las unidades de pabellón del recinto hospitalario, a fin de brindar un servicio de calidad para los usuarios de este centro asistencial.;2025-04-08T16:07:24.657;2025-04-14T15:00:00;2025-07-11T18:00:00;6742900;CLP;0;0
5350-12-LP25;Convenio Estrategias de Salud Bucal año 2025;I MUNICIPALIDAD DE VALLENAR;69.030.500-3;DEPTO DE SALUD MUNICIPAL;Calle Merced Esquina Talca N1455 - Ex Hospital;Vallenar;Región de Atacama;LP;Publicada;Convenio Estrategias de Salud Bucal año 2025;2025-04-08T14:55:52;2025-04-29T18:43:00;2025-04-30T18:44:00;85180072;CLP;0;0
2080-183-LE25;COMPRA INSUMOS CIRCUITOS ENCHUFES E ILUMINACION;SERVICIO DE SALUD DEL LIBERTADOR B O'HIGGINS HOSPITAL REG RANCAGUA;61.602.138-9;Hospital Regional Rancagua - HRR;Avenida Salvador Allende N 350;Rancagua;Región del Libertador General Bernardo OHiggins;LE;Publicada;El objeto de esta Licitación es contar con una adecuada adquisición del COMPRA INSUMOS CIRCUITOS DE ENCHUFE E ILUMINACION PARA EL HOSPITAL DR. FRANCO RAVERA ZUNINO, durante el curso del contrato.;2025-04-08T14:53:58.78;2025-04-17T16:00:00;2025-06-17T18:00:00;24374342;CLP;0;0
5221-3-LE25;Adquisición Equipos de Refrigeración CESFAM 18;SERVICIO DE SALUD MAGALLANES;61.607.900-k;Equipamiento sectorial;Lautaro Navarro N 820;Punta Arenas;Región de Magallanes y de la Antártica;LE;Publicada;NORMALIZACION CESFAM 18 DE SEPTIEMBRE PUNTA ARENAS Código BIP 30128661-0 Lugar de entrega Bienes: La Unidad Técnica (Servicio de Salud) informará oportunamente el lugar de entrega de los bienes en la ciudad de Punta Arenas. Fecha Máxima de entrega: 25 de agosto de 2025;2025-04-08T14:23:21.083;2025-04-21T16:00:00;2025-06-06T18:49:00;17400000;CLP;0;0
734-12-LE25;TELEVISORES Y SOPORTE MURO PARA NORMALIZACIÓN HOSP;SERVICIO DE SALUD AYSEN CARLOS IBANEZ DEL CAMPO;61.607.800-3;DIRECCION;Dr. Jorge Ibar N 0168. Coyhaique.;Coyhaique;Región Aysén del General Carlos Ibáñez del Campo;LE;Publicada;El Servicio de Salud Aysén, solicita ofertas de interesados en participar del proceso de adquisición de TELEVISORES Y SOPORTE MURO PARA NORMALIZACIÓN HOSPITAL CHILE CHICO, XI REGIÓN. CÓDIGO BIP 30039513-0., de acuerdo a los requerimientos de las presentes Bases de Licitación, en conformidad a lo establecido en la Ley N19.886 sobre compras y contrataciones públicas y su reglamento. El objetivo de la presente licitación es adquirir Equipos clínicos para la ejecución del Proyecto Normalización Hospital Chile Chico, XI Región - Código BIP 30039513-0.;2025-04-08T14:03:04.187;2025-04-21T16:00:00;2025-05-08T17:00:00;;CLP;0;0
4829-11-LQ25;CONSTRUCCIÓN CENTRO COMUNITARIO CALLAQUI;ILUSTRE MUNICIPALIDAD DE ALTO BIOBIO;69.264.600-2;Departamento Finanzas;VILLA RALCO S/N;Alto Bio Bio;Región del Biobío;LQ;Publicada;LA MUNICIPALIDAD DE ALTO BIOBIO REQUIERE LA CONSTRATACIÓN DEL CENTRO COMUNITARIO CALLAQUI,ALTO BIOBIO;2025-04-08T16:09:11.597;2025-04-23T16:13:00;2025-05-09T16:14:00;154498321;CLP;0;0
799512-31-LE25;COMPRA DE FÁRMACOS I;CORP MUNICIPAL DE VALPARAISO PARA EL DESARROLLO SOCIAL;70.859.400-8;Corporación;ELEUTERIO RAMIREZ 455 // CON SALVADOR DONOSO;Valparaíso;Región de Valparaíso;LE;Publicada;La Droguería requiere comprar los fármacos de la presente licitación para abastecer los establecimientos de salud de atención primaria, dependientes de la Corporación Municipal de Valparaíso.;2025-04-08T14:11:51.803;2025-04-22T09:00:00;2025-04-30T19:48:00;66583615;CLP;0;0
3882-31-LE25;CONTRATO DE SUMINISTRO DE TROFEOS;I MUNICIPALIDAD DE LLAY LLAY;69.060.400-0;Ilustre Municipalidad de Llay Llay;Avda. Balmaceda 174;Llay-Llay;Región de Valparaíso;LE;Publicada;Se requiere un contrato de suministros para el año 2025 en medallas, copas, galvanos y trofeos;2025-04-08T13:14:39.53;2025-04-14T15:00:00;2025-04-18T16:00:00;;CLP;0;0
1098710-14-LE25;EVALUACIÓN EXTERNA DE ADMISIBILIDAD DE PROYECTOS;SUBSECRETARIA DE CIENCIA, TECNOLOGIA, CONOCIMIENTO E INNOVACION;62.000.740-4;SUBSECRETARIA DE CIENCIA, TECNOLOGIA, CONOCIMIENTO E INNOVACION;Morandé 226;Santiago;Región Metropolitana de Santiago;LE;Publicada;EVALUACIÓN EXTERNA DE ADMISIBILIDAD DE LOS PROYECTOS PRESENTADOS A LAS CONVOCATORIAS DE LA DIVISIÓN DE CIENCIA Y SOCIEDAD, AÑO 2025- 2026 Y EVALUADORESAS;2025-04-08T13:58:27.727;2025-04-21T15:01:00;2025-05-06T18:00:00;11000000;CLP;0;0
1057430-25-LP25;Convenio de Materiales de Ferretería y Otros;SERVICIO NACIONAL DE SALUD HOSPITAL DE LOTA;61.602.203-2;Bienes y Servicios;Carrera 702 Lota;Lota;Región del Biobío;LP;Publicada;Las presentes Bases Especiales y documentación anexada tiene por objeto regular los procedimientos de: Licitación Pública, Apertura, Evaluación, Adjudicación, Ejecución, Recepción y Puestas en Marcha del contrato respectivo motivo de la presente Licitación. Se requiere contar con un suscribir Convenio Materiales de Ferretería y Otros para Hospital de Lota, de acuerdo a requerimientos especificados en las Bases Administrativas y Técnicas de la presente Licitación. Se pretende obtener la mejor calidad y oportunidad en los servicios antes mencionado a un precio conveniente con el fin de dar atención a beneficiarios del sistema público de salud de acuerdo a protocolos técnicos y administrativos establecidos por el Hospital.;2025-04-08T13:13:59.66;2025-04-28T16:00:00;2025-07-28T18:00:00;;CLP;0;0
4593-5-LE25;SERVICIO DE ASEO Y MANTENIMIENTO MUSEO REGIONAL;SERVICIO NACIONAL DEL PATRIMONIO CULTURAL;60.905.000-4;MUSEO REGIONAL DE ATACAMA;Atacama N 98;Copiapó;Región de Atacama;LE;Publicada;La Dirección Regional de Atacama, dependiente del Servicio Nacional del Patrimonio Cultural en adelante también el Servicio o el SERPAT, licita públicamente el servicio de SERVICIO DE ASEO Y MANTENIMIENTO PARA EL NUEVO MUSEO REGIONAL DE ATACAMA EN LA ETAPA DE TRASLADO E INSTALACIÓN, para cuyo efecto invita a personas naturales y jurídicas del rubro a formular ofertas conforme a lo dispuesto en las presentes Bases Administrativas y Técnicas.;2025-04-08T13:19:52.62;2025-04-21T18:00:00;2025-04-28T13:23:00;25000000;CLP;0;0
3730-38-L125;ADQUISICION DE VESTUARIO Y MOCHILAS IMPERMEABLES;I MUNICIPALIDAD DE CHIMBARONGO;69.090.300-8;Adquisiciones Obras;CHIMBARONGO, VALENTIN LETELIER ESTADIO 72283965;Chimbarongo;Región del Libertador General Bernardo OHiggins;L1;Publicada;SE REQUIERE LA ADQUISICION DE VESTUARIO (CHAQUETAS-POLERONES-POLERAS Y MOCHILAS IMPERMEABLES, CON LOGOS BORDADOS, SEGUN ESPECIFICACIONES TECNICAS ADJUNTAS A REVISAR Y CUMPLIR;2025-04-08T13:12:35.223;2025-04-14T15:30:00;2025-05-06T16:18:00;500000;CLP;0;0
514862-30-LE25;SERVICIO DE TRANSPORTE ESTUDIANTES REDUCA 10031678;CORPORACION MUNICIPAL DE PENALOLEN PARA EL DESARROLO SOCIAL CORMUP;71.234.100-9;CORPORACION MUNICIPAL DE PENALOLEN PARA EL DESARRO;AVDA. ORIENTALES N6958;Peñalolén;Región Metropolitana de Santiago;LE;Publicada;ADQUISICIÓN DEL SERVICIO DE TRANSPORTE PARA ESTUDIANTES REDUCA 10031678;2025-04-08T13:10:33.8;2025-04-25T15:01:00;2025-05-27T23:59:00;54150000;CLP;0;0
1106245-2-LE25;SCS Arriendo de Impresoras para el Centro de Formación Técnica de la Región Metropolitana de Santiago;CENTRO DE FORMACION TECNICA DE LA REGION METROPOLITANA DE SANTIAGO;62.000.750-1;CENTRO DE FORMACION TECNICA DE LA REGION METROPOLI;Península 2035, Peñalolén;Peñalolén;Región Metropolitana de Santiago;LE;Publicada;Las presentes Bases Administrativas tienen por objeto regular las etapas, plazos, mecanismos de consulta y/o aclaraciones, criterios de evaluación, mecanismos de adjudicación, modalidades de evaluación, cláusulas del contrato y demás aspectos administrativos relativos a la licitación pública denominada Servicio de arriendo de Impresoras para el CFT RM;2025-04-08T12:49:00;2025-04-21T15:15:00;2025-05-06T13:20:00;;CLP;0;0
525800-2-LE25;SERVICIO DE MANTENCION MAMOGRAFO NP 83;I MUNICIPALIDAD DE SAN FELIPE;69.050.600-9;Cesfam Segismundo Iturra Taito;AVENIDA MIRAFLORES 1317;San Felipe;Región de Valparaíso;LE;Publicada;EL CESFAM SEGISMUNDO ITURRA TAITO REQUIERE CONTRATAR EL SERVICIO DE MANTENCION PREVENTIVA Y CORRECTIVA DEL MAMOGRAFO, DE ACUERDO A LO INDICADO EN BASES TECNICAS Y ADMINSTRATIVAS ADJUNTAS A ESTA LICITACION. SE DEBERA SUBIR TODA DOCUMENTACION Y ANEXO ALLÍ REQUERIDOS.;2025-04-08T12:49:26.423;2025-04-21T16:00:00;2025-05-22T17:00:00;11675500;CLP;0;0
634-58-LR25;MANTENCIÓN DE SISTEMAS DE SEGURIDAD ELECTRÓNICOS;DIRECCION GENERAL DE GENDARMERIA DE CHIL;61.004.000-4;Dirección Nacional;COMPAÑÍA N1048- piso 10;Santiago;Región Metropolitana de Santiago;LR;Publicada;APRUEBA BASES ADMINISTRATIVAS, BASES TÉCNICAS, FORMULARIOS, ANEXOS TÉCNICOS Y CONTRATO TIPO, PARA CONTRATAR EL SERVICIO DE MANTENCIÓN DE LOS SISTEMAS DE SEGURIDAD ELECTRÓNICA DE GENDARMERÍA DE CHILE A NIVEL NACIONAL.;2025-04-08T12:48:03.517;2025-05-08T15:10:00;2025-07-25T18:00:00;;CLP;0;0
2423-10-LE25;OBRAS DE MEJORAMIENTO OFICINA LOCAL DE LA NIÑEZ;I MUNICIPALIDAD DE PUENTE ALTO;69.072.100-7;SECPLAC;Concha y Toro 1820;Puente Alto;Región Metropolitana de Santiago;LE;Publicada;Los trabajos consisten en el mejoramiento de las nuevas Oficinas de OLN, ubicadas en Manuel Rodríguez N0170. Se considera la habilitación de oficinas con sus correspondientes terminaciones, las obras que se generan en el primer piso deben mitigar la problemática que se genera con las aguas lluvias.;2025-04-08T12:27:14.173;2025-04-25T12:00:00;2025-07-25T16:30:00;;CLP;0;0
1057501-145-LP25;CONVENIO CATÉTERES ACCESO VENOSO CON RESERVORIO DIFERENTES PERFILES;COMPLEJO ASISTENCIAL DR. SOTERO DEL RIO;61.608.502-6;COMPLEJO ASISTENCIAL DR. SOTERO DEL RIO;Avenida Melchor Concha y Toro 3459, Puente Alto;Puente Alto;Región Metropolitana de Santiago;LP;Publicada;DAR CONTINUIDAD A LA ATENCION DE PACIENTES;2025-04-08T12:26:57.717;2025-04-29T15:00:00;2025-06-27T19:52:00;;CLP;0;0
2799-26-LE25;Servicios de Producción para actividades municipales ABRIL - JUNIO;MUNICIPALIDAD DE LOS ANDES;69.051.100-2;Administracion Municipal;Esmeralda 536, Los Andes;Los Andes;Región de Valparaíso;LE;Publicada;Se requiere la contratación se Servicios de Producción para actividades municipales ABRIL - JUNIO;2025-04-08T12:22:28.767;2025-04-14T15:30:00;2025-04-30T10:02:00;31000000;CLP;0;0
5586-47-LE25;BR ADQUISICIÓN E INSTALACIÓN DE MOBILIARIO PARA CLINICA DE ANIMALES MENORES;UNIVERSIDAD DE LA FRONTERA;87.912.900-1;Universidad de la Frontera;AVENIDA FRANCISCO SALAZAR 1145;Temuco;Región de la Araucanía;LE;Publicada;ADQUISICIÓN E INSTALACIÓN DE MOBILIARIO PARA CLINICA DE ANIMALES MENORES, DE ACUERDO A REQUERIMIENTO ADJUNTO;2025-04-08T12:22:00;2025-04-16T09:00:00;2025-04-28T17:00:00;;CLP;0;0
1057501-118-LE25;CONVENIO INSTRUMENTAL III;COMPLEJO ASISTENCIAL DR. SOTERO DEL RIO;61.608.502-6;COMPLEJO ASISTENCIAL DR. SOTERO DEL RIO;;;Región Metropolitana de Santiago;LE;Publicada;DAR CONTINUIDAD A LA ATENCIÓN DE PACIENTES;2025-04-08T12:13:12.033;2025-04-21T15:31:00;2025-06-27T13:23:00;;CLP;0;0
507428-54-LE25;ADQUISICIÓN UNIDAD DENTAL POSTA CHAULINEC;SERVICIO DE SALUD CHILOE;61.979.210-6;Servicio de Salud Chiloé;Avda. Bernardo O'Higgins 504, Castro;Castro;Región de los Lagos;LE;Publicada;Adquisición e Instalación de Equipos y Equipamiento del Proyecto Reposición Posta de Salud Rural Villa Chaulinec;2025-04-08T12:13:00;2025-04-21T15:01:00;2025-05-21T15:00:00;;CLP;0;0
1003473-11-LP25;CONTRATO DE KITS DE PCR AISLAMIENTO HANTAVIRUS Y HEPATITIS PARA EL LABORATORIO CLINICO DEL HOSPITAL SAN JUAN DE DIOS DE CURICÓ;SERVICIO DE SALUD DEL MAULE HOSPITAL DE CURICO;61.606.903-9;INSUMOS CLINICOS;CHACABUCO 121 CURICO;Curicó;Región del Maule;LP;Publicada;Las presentes bases de Licitación Pública tienen la finalidad de celebrar el CONTRATO DE KITS DE PCR, AISLAMIENTO, HANTAVIRUS Y HEPATITIS PARA EL LABORATORIO CLINICO DEL HOSPITAL SAN JUAN DE DIOS DE CURICÓ, por 12 (doce) meses, para satisfacer de manera adecuada y eficiente la labor asistencial del Laboratorio Clínico del Hospital San Juan de Dios de Curicó.;2025-04-08T12:21:52.437;2025-04-28T15:01:00;2025-05-28T17:00:00;;CLP;0;0
4076-44-LE25;ADQ. GENERATOR CONT. TEST UNIT AVIONES BEECHCRAFT;DIRECCION DE LOGISTICA DE CARABINEROS;60.505.733-0;Prefectura Aérea;Avda. Larraín Nro. 7941;La Reina;Región Metropolitana de Santiago;LE;Publicada;MATERIALIZAR LA ADQ. DE GENERATOR CONTROL TEST UNIT PARA AVIONES BEECHCRAFT B200, DE CARGO DE LA PREFECTURA AÉREA, DE CONFORMIDAD A BASES Y ANEXOS ADJUNTOS A LA PRESENTE.-;2025-04-08T12:08:09.313;2025-04-16T10:01:00;2025-07-16T10:02:00;;CLP;0;0
4025-12-L125;SERVICIO DE OTORRINOLARINGOLOGIA;I MUNICIPALIDAD DE ANTUCO;69.262.800-4;Depto. Salud;ARTURO PRAT N105;Antuco;Región del Biobío;L1;Publicada;La necesidad de contratar servicios de otorrinolaringología con entrega de audífonos, según lo indique el especialista a pacientes del CESFAM Antuco, a través del Programa de Resolutividad en Atención Primaria;2025-04-08T12:04:38.907;2025-04-14T16:00:00;2025-04-28T18:00:00;4980000;CLP;0;0
2738-13-LE25;SERVICIO PINTURA SALAS ESCUELA JOSE DE SAN MARTIN;I MUNICIPALIDAD DE SAN FELIPE;69.050.600-9;ADQUISICIONES EDUCACION;CARLOS CONDELL 218;San Felipe;Región de Valparaíso;LE;Publicada;SERVICIO DE PINTURA INTERIOR SALAS ESCUELA JOSE DE SAN MARTIN DE SAN FELIPE;2025-04-08T12:06:30.843;2025-04-14T18:00:00;2025-05-30T19:00:00;;CLP;0;0
2295-50-LE25;SERVICIO DE TRANSPORTE ESCOLAR DE ACERCAMIENTO DESTINADO AL APOYO DE ALUMNOS DE ESCUELAS MUNICIPALES DE LA COMUNA DE TALCA PERIODO AÑO 2025;I MUNICIPALIDAD DE TALCA;69.110.400-1;SECRETARIA COMUNAL DE PLANIFICACION;Edificio Don Ambrosio N1247, 2 Oriente Talca;Talca;Región del Maule;LE;Publicada;Reglamentar, la contratación de arriendo de servicio de transporte de acercamiento de alumnos, consistente en un bus con chofer y auxiliar para la I. Municipalidad de Talca, según detalles contenidos en los Requerimientos.;2025-04-08T11:53:00.423;2025-04-22T12:00:00;2025-05-30T17:00:00;;CLP;0;0
1057501-127-LE25;CONVENIO INSUMOS PABELLON CARDIOCIRUGIA II;COMPLEJO ASISTENCIAL DR. SOTERO DEL RIO;61.608.502-6;COMPLEJO ASISTENCIAL DR. SOTERO DEL RIO;;;Región Metropolitana de Santiago;LE;Publicada;DAR CONTINUIDAD EN LA ATENCION DE PACIENTES;2025-04-08T12:00:03.193;2025-04-21T15:30:00;2025-06-27T16:16:00;;CLP;0;0
1058095-50-LE25;REPOSICIÓN MEDICAMENTOS PARA 3 MESES 4;COMPLEJO ASISTENCIAL DR. SOTERO DEL RIO;61.608.502-6;Fármarcos;CONCHA Y TORO 3459;Puente Alto;Región Metropolitana de Santiago;LE;Publicada;COTIZAR: PRECIOS UNITARIOS NETOS, SOLO COTIZAR PRODUCTOS CON STOCK PARA DESPACHO INMEDIATO, Y CON VENCIMIENTO MAYOR A 12 MESES, INDICAR FACTOR EMPAQUE EN CADA LÍNEA COTIZADA E INDICAR EL NOMBRE DE LA MARCA OFERTADA.;2025-04-08T11:46:54.623;2025-04-14T15:02:00;2025-04-30T15:03:00;;CLP;0;0
4086-29-LE25;CONSERVACION APR Y SISTEMA AGUAS SERVIDAS QUENUIR COMUNA DE MAULLIN;I MUNICIPALIDAD DE MAULLIN;69.220.500-6;Administracion y Finanzas;Bernardo O'Higgins 641;Maullín;Región de los Lagos;LE;Publicada;CONSERVACION APR Y SISTEMA AGUAS SERVIDAS QUENUIR COMUNA DE MAULLIN;2025-04-08T11:46:13.39;2025-04-28T15:00:00;2025-05-29T12:18:00;90000000;CLP;0;0
2333-20-LE25;SERVICIO DE ARRIENDO DE CAMION PLANO;I MUNICIPALIDAD DE LINARES;69.130.300-4;ILUSTRE MUNICIPALIDAD DE LINARES;VALENTIN LETELIER N740;Linares;Región del Maule;LE;Publicada;LA NECESIDAD DE CONTRATAR EL SERVICIO DE ARRIENDO DE CAMION PLANO SOLICITADO POR LA DIMAAO SEGÚN ORDEN DE PEDIDO N17856.;2025-04-08T11:42:16.777;2025-04-15T12:02:00;2025-05-30T19:53:00;7854000;CLP;0;0
1057387-12-LE25;CONVENIO SUMINISTRO INSUMOS PERECIBLES;SERVICIO SALUD ARAUCANIA HOSPITAL DE COLLIPULLI;61.602.223-7;SERVICIO SALUD ARAUCANIA HOSPITAL DE COLLIPULLI;Manuel Rodriguez 1671;Collipulli;Región de la Araucanía;LE;Publicada;La presenta licitación tiene como objetivo el suministro de insumos perecibles para unidades de UCP, Sala Cuna y Hospital de día para el hospital de Collipulli, por un periodo de 12 meses, conforme a las propuestas más ventajosas para el establecimiento.;2025-04-08T11:40:42.227;2025-04-17T11:00:00;2025-04-29T16:00:00;30000000;CLP;0;0
3381-10-LE25;Servicio de rep. de sistema eléctrico med. tensión;COMANDO DE APOYO A LA FUERZA;75.245.100-1;Regimiento Escolta Presidencial N 1 Granaderos;Avenida Larraguibel S/N San Isidro/Quillota;Quillota;Región de Valparaíso;LE;Publicada;Servicio de reparación de sistema eléctrico en media tensión en el Regimiento Escolta Presidencial N 1 Granaderos conforme a requerimientos técnicos;2025-04-08T11:29:57.453;2025-04-21T15:31:00;2025-04-25T17:00:00;13900000;CLP;0;0
886954-141-LP25;Convenio suministro anual Válvula aortica transcateter para la Unidad de Hemodinamia del HGGB;HOSPITAL GUILLERMO GRANT BENAVENTE DE CO;61.602.189-3;Abastecimiento Insumos;San Martin 1436;Concepción;Región del Biobío;LP;Publicada;Proveer al HGGB de los insumos necesarios para la atención oportuna de los pacientes;2025-04-08T11:25:49.35;2025-04-21T15:47:00;2025-06-20T18:48:00;335000000;CLP;0;0
924-14-LE25;Antivirus corporativo para SEREMI de Salud R.M.;SUBSECRETARIA DE SALUD PUBLICA;61.601.000-K;Seremi Salud R.M.;Av. Bulnes N177;Santiago;Región Metropolitana de Santiago;LE;Publicada;El objetivo es la compra de un antivirus corporativo para la detección, protección, prevención y eliminación de software malicioso que puede afectar a los equipos computacionales existentes en la SEREMI de Salud R.M., además de proporcionar una plataforma centralizada en la nube para administrar el antivirus en todos los dispositivos. De esta manera se espera mantener la confidencialidad, disponibilidad e integridad en los servicios que se usan en la institución y que no afecten los tramites que actualmente se entregan a la comunidad. Se espera mejorar la eficacia y la seguridad de los equipos administrados. Identificar amenazas de malware y ransomware antes de que infecten la red. Configurar y supervisar desde un único punto central, la seguridad de los dispositivos administrados. Los parches se apliquen rápidamente y las actualizaciones se completen en todos los equipos computacionales de la red en segundo plano sin que los funcionarios tengan que actualizar sus sistemas.;2025-04-08T11:12:25.33;2025-04-21T15:01:00;2025-05-01T17:46:00;11585000;CLP;0;0
1292-7-LP25;Servicio de retiro de nieve con equipo Snowcat;MINISTERIO DE OBRAS PUBLICAS DIREC CION GRAL DE OO PP DCYF;61.202.000-0;Dirección de Vialidad - VII Región - Provincia de Talca;Longitudinal Sur s/n km. 253,2 Cruce Varoli;Talca;Región del Maule;LP;Publicada;Servicio de Arriendo por hora de Maquinaria tipo Snowcat para ser utilizado en labores de despeje de nieve de la Ruta Internacional 115 CH, Limite Paso Pehuenche, en modalidad de servicio completo para el Sub-depto. Conservación por Administración Directa de la Provincia de Talca Región del Maule;2025-04-08T11:03:46.87;2025-04-25T15:02:00;2025-04-29T15:00:00;;CLP;0;0
4494-13-LP25;CONTRATACIÓN SERVICIO DE SEGURIDAD DEPENDENCIAS MUNICIPALES;I MUNICIPALIDAD DE PENCO;69.150.500-6;Municipalidad;O'Higgins # 500;Penco;Región del Biobío;LP;Publicada;La presente licitación contempla la contratación del servicio de seguridad y vigilancia de las dependencias municipales: Corralón Municipal, ubicado en Ruta 150 Km. 8 acceso sur a Penco Bodega Chilealgas, ubicado en camino Primer Agua s/n Y Edificio JPL ubicado en calle OHiggins N654. Detalle, condiciones y horarios de acuerdo a lo señalado en las Bases Técnicas.;2025-04-08T10:55:42.36;2025-04-21T15:30:00;2025-05-08T16:00:00;120000000;CLP;0;0
1075963-151-LE25;ADQUISICIÓN DE SUEROS AGLUTINANTE Y OTROS QUÍMICOS PARA BANCO DE SANGRE;SERVICIO DE SALUD ARICA HOSP DR JUAN NOE CREVANI;61.606.001-5;Hospital Juan Noé;18 DE SEPTIEMBRE #1000, ARICA.;Santiago;Región de Arica y Parinacota;LE;Publicada;convenio de suministros para banco de sangre por un periodo de 36 meses.-;2025-04-08T10:35:59.94;2025-04-21T17:46:00;2025-08-21T17:47:00;;CLP;0;0
2069-61-LR25;CGM SUMINISTRO INSUMOS CIRUGIA COLUMNA TRAUMATICA;SERVICIO DE SALUD METROPOLITANO SUR HOSP;61.608.101-2;HOSPITAL BARROS LUCO TRUDEAU;Gran Avenida 3204;San Miguel;Región Metropolitana de Santiago;LR;Publicada;El objetivo de la presente licitación es contratar durante 12 doce meses el SUMINISTRO DE INSUMOS PARA CIRUGIA DE COLUMNA TRAUMATICA PARA EL HOSPITAL BARROS LUCO TRUDEAU, con las características que se señalan en las Bases Técnicas, respecto a los procedimientos, términos y exigencias del suministro de los productos solicitados, que apoyen el correcto funcionamiento de este servicio y con esto responder a las necesidades del Hospital Barros Luco Trudeau. Que, además para los fines precedentes, el los proveedor es que contraten, serán responsables de cumplir estricta y cabalmente con los requerimientos y especificaciones consagrados en los documentos de la presente licitación. Sin perjuicio de lo anterior, el suministro a contratar deberá permitir la opción de ser ampliado o reducido, de acuerdo a las necesidades del Hospital, en consideración a la demanda variable del establecimiento.;2025-04-08T10:46:25.953;2025-05-09T16:00:00;2025-08-05T18:00:00;672052500;CLP;0;0
2974-29-LE25;SERVICIO DE ARRIENDO DE VAJILLA CRISTALERIA Y CUBIERTOS PARA CLUB DE CAMPO DE OFICIALES QUINCHAMALI 154-2025.;FUERZA AEREA DE CHILE COMANDO LOGISTICO;61.103.006-1;División de Bienestar Social;;;Región Metropolitana de Santiago;LE;Publicada;SERVICIO DE ARRIENDO DE VAJILLA CRISTALERIA Y CUBIERTOS PARA CLUB DE CAMPO DE OFICIALES QUINCHAMALI 154-2025.;2025-04-08T11:09:28.913;2025-04-14T15:01:00;2025-06-13T17:00:00;10000000;CLP;0;0
1218393-3-LE25;LABORATORIO DENTAL PARA PROTESIS REMOVIBLES;CONSULTORIO EXTERNO VALDIVIA;53.335.808-K;BIENES Y SERVICIOS;AVENIDA FRANCIA 2980;Valdivia;Región de Los Ríos;LE;Publicada;El Cesfam Externo Valdivia invita a las personas naturales o jurídicas que cumplan con los requisitos establecidos en las presentes Bases a ofertar en su licitación pública CONVENIO SUMINISTRO DE LABORATORIO DENTAL DE PRÓTESIS REMOVIBLES PARA CESFAM EXTERNO VALDIVIA. En la presente licitación se adjudicará la linea de licitación a un solo oferente.;2025-04-08T10:34:41.97;2025-04-21T15:01:00;2025-07-10T11:08:00;26217000;CLP;0;0
2986-24-LE25;Contrato sum. protesis dentales base acrilicas;I MUNICIPALIDAD DE LOS LAGOS;69.200.600-3;Unidad de Salud;Arturo Prat N 162;Los Lagos;Región de Los Ríos;LE;Publicada;Contrato suministro protesis dentales base acrilicas;2025-04-08T10:20:16.58;2025-04-14T16:00:00;2025-04-28T18:49:00;;CLP;0;0
2296-27-LE25;CONTRATACIÓN DE SERVICIO TECNICO VETERINARIO PROGRAMA MUNICIPAL ESTERILIZACION GRAUITA 2025;I MUNICIPALIDAD DE CONCHALI;69.070.200-2;Depto. Adquisiciones;Independencia 3499;Conchalí;Región Metropolitana de Santiago;LE;Publicada;CONTRATAR SERVICIO TECNICO VETERINARIO PARA APOYO EN EJECUCION DE PROGRAMA ESTERILIZACIONES GRATUITAS 2025;2025-04-08T10:23:42.93;2025-04-17T15:00:00;2025-04-23T18:00:00;;CLP;0;0
2296-26-LE25;CONTRATACION DE SERVICIO MEDICO VETERINARIO PROGRAMA MUNICIPAL ESTERILIZACION GRATUITA 2025.;I MUNICIPALIDAD DE CONCHALI;69.070.200-2;Depto. Adquisiciones;Independencia 3499;Conchalí;Región Metropolitana de Santiago;LE;Publicada;CONTRATAR LOS SERVICIOS DE UN MEDICO VETERINARIO PARA LA EJECUCION DEL PROGRAMA DE ESTERILIZACIONES GRATUITAS 2025.;2025-04-08T10:30:35.077;2025-04-15T15:00:00;2025-04-21T17:30:00;;CLP;0;0
1079445-13-LE25;ADQ. PROYECTO CAMBIO ALCANTARILLADO RETEN DOROTEA;DIRECCION DE LOGISTICA DE CARABINEROS;60.505.628-8;SECC COM ZONA CARAB MAGALLANES Y ANTARTICA CHILENA;4ta Comisaria Puerto Williams;Cabo de Hornos;Región de Magallanes y de la Antártica;LE;Publicada;PROYECTO DE CAMBIO ALCANTARILLADO RETEN DOROTEA F.;2025-04-08T10:29:24.97;2025-04-17T14:25:00;2025-04-21T14:26:00;17802400;CLP;0;0
3594-11-LE25;PÓLIZAS DE SEGURO PARA VEHÍCULOS MUNICIPALES;I MUNICIPALIDAD DE PORTEZUELO;69.140.200-2;I MUNICIPALIDAD DE PORTEZUELO;O HIGGINS #403 COMUNA PORTEZUELO;Portezuelo;Región del Ñuble;LE;Publicada;LA ILUSTRE MUNICIPALIDAD DE PORTEZUELO REQUIERE ADQUIRIR 03 PÓLIZAS DE SEGUROS ANUALES PARA LOS VEHÍCULOS MUNICIPALES PLACAS PATENTE TWRB 95-6, TWRC 20-0 Y PFPJ 14-3.;2025-04-08T10:24:29.68;2025-04-15T11:30:00;2025-04-17T11:30:00;;CLP;0;0
2448-61-LP25;SUMINISTRO DE IMPRENTA 2025-2026;I MUNICIPALIDAD DE COQUIMBO;69.040.300-5;Departamento de Salud;Bilbao 348;Coquimbo;Región de Coquimbo;LP;Publicada;Es necesario contar con impresiones de formularios o artículos de imprenta personalizados, según requerimiento de los centros de salud APS Coquimbo, especialmente solicitados para labores administrativas.;2025-04-08T09:57:38.883;2025-04-28T15:02:00;2025-05-16T15:03:00;100000000;CLP;0;0
1552-15-LR25;CONSTRUCCION CESAMCO CALDERA BIP 40034437-0;SERVICIO DE SALUD ATACAMA;61.606.300-6;Servicio de Salud Atacama;Chacabuco N681, 5 Piso copiapo;Copiapó;Región de Atacama;LR;Publicada;El Servicio de Salud Atacama tiene la necesidad de implementar el PROYECTO: CONSTRUCCION CENTRO DE SALUD MENTAL COMUNITARIO COSTA NORTE CALDERA el que considera ejecución de un edificio de una superficie aproximada de 1.470,62 m2, de hormigón armado, y comprende las obras civiles, instalaciones eléctricas y sanitarias, hasta su total habilitación, según las características que se han definido;2025-04-08T10:03:27.97;2025-05-23T15:00:00;2025-06-23T18:00:00;;CLP;0;0
2401-51-L125;MANTENCIÓN 1.000 HORA RETROEXCAVADORA BOBCAT;I MUNICIPALIDAD DE RANCAGUA;69.080.100-0;SECCION ADQUISICIONES;GOBERNADOR PEDRO DE LOS ÁLAMOS 580, MANSO DE VELASCO,;Rancagua;Región del Libertador General Bernardo OHiggins;L1;Publicada;MANTENCIÓN 1.000 HORAS PARA RETRO EXCAVADORA BOBCAT B730 SERIE B4B611198 para el uso correcto de maquinaria en tiempos y plazos según corresponde y evitar fallas futuras. EXP. N284/2025 Y SOLICITUD N244/2025, DIRECCIÓN DE GESTIÓN AMBIENTAL;2025-04-08T09:37:26.513;2025-04-17T15:00:00;2025-04-25T17:30:00;2380000;CLP;0;0
712307-21-O125;CONSTRUCCION PAVIMENTOS PARTICIPATIVOS 33 PROCESO, LISTA DE ESPERA, COMUNA DE LONCOCHE GRUPO 3, REGION DE LA ARAUCANIA;SERVICIO DE VIVIENDA Y URBANIZACION IX REGION;61.821.000-6;Licitaciones y Costos;No hay dirección de Unidad de Compra disponible;;Región de la Araucanía;O1;Publicada;La necesidad de contratar las obras correspondientes a los proyectos de la Lista de Espera del 33 PROCESO DEL PROGRAMA DE PAVIMENTACION PARTICIPATIVA, proyectos de la comuna de Loncoche, Región de La Araucanía con cargo al presupuesto y financiamiento contemplado para el año 2025.;2025-04-08T09:59:04.527;2025-04-25T12:00:00;2025-05-09T16:00:00;;CLP;0;0
1017-2-L125;SERVICIO DE EVALUACIONES PSICOLABORALES DE PARA LA DIRECCIÓN DE CONTABILIDAD Y FINANZAS NIVEL CENTRAL DEL MINISTERIO DE OBRAS PÚBLICAS;MINISTERIO DE OBRAS PUBLICAS DIREC CION GRAL DE OO PP DCYF;61.202.000-0;Dirección de Contabilidad y Finanzas - MOP;Morandé 71, Primer piso, Santiago;Santiago;Región Metropolitana de Santiago;L1;Publicada;La Dirección de Contabilidad y Finanzas necesita contratar el servicio de evaluaciones psicolaborales para los procesos de selección que se llevarán a cabo en 24 meses, complementando el proceso de selección y gestión de personas, garantizando la idoneidad de los/as colaboradores/as. Este servicio permitirá evaluar de manera integral las habilidades, aptitudes y competencias de los/as candidatos/as, asegurando conformidad con metas y valores institucionales;2025-04-08T08:57:15.27;2025-04-15T15:00:00;2025-04-19T14:44:00;3670000;CLP;0;0
5297-1-L125;Se requiere Contratar tres (3) Servicios de arriendo Enlace Internet Satelital Starlink, para Predios Fiscales IIa. Zona Naval, por un periodo de 12 meses, según lo Especificado Tecnicas en las Bases adjuntas.;DIRECCION DE ABASTECIMIENTO DE LA ARMADA;61.102.156-9;PREDIOS FISCALES IIa. ZONA NAVAL;COMANDANCIA EN JEFE IIa. ZONA NAVAL, AVDA. JORGE MONTT N 11, BASE NAVAL, TALCAHUANO;Talcahuano;Región del Biobío;L1;Publicada;Se requiere Contratar tres (3) Servicios de arriendo Enlace Internet Satelital Starlink, para Predios Fiscales, por un periodo de 12 meses, según lo Especificado en Bases Técnicas adjtas. Términos y condiciones del proveedor del servicio, se hace necesario considerar el certificado de revendedor comercial autorizado, con la intención de contar con el respaldo y no estar sujeto a suspensiòn del servicio. El serv. Starlink se utilizara para comunicacion y emergencia o lo que la situacion amerite.;2025-04-08T09:43:19.217;2025-04-14T15:31:00;2025-04-15T12:00:00;5200;USD;0;0
2448-63-LE25;MANTENIMIENTO Y LIMPIEZA DE VIDRIOS EDIFICIOS APS;I MUNICIPALIDAD DE COQUIMBO;69.040.300-5;Departamento de Salud;Bilbao 348;Coquimbo;Región de Coquimbo;LE;Publicada;MANTENIMIENTO Y LIMPIEZA DE VIDRIOS EDIFICIOS APS;2025-04-08T09:39:29.553;2025-04-21T15:30:00;2025-05-19T18:49:00;10000000;CLP;0;0
3958-50-L125;Ruta 10D transporte escolar DAEM (abril, mayo y junio 2025);I MUNICIPALIDAD DE NAVIDAD;69.073.800-7;Unidad de Educacion;Juan Montes #693 Liceo Pablo Neruda;Navidad;Región del Libertador General Bernardo OHiggins;L1;Publicada;Más detalles, en documento Licitación Simplificada;2025-04-08T08:32:12.943;2025-04-14T15:00:00;2025-04-16T01:06:00;1492260;CLP;0;0
4484-5-LE25;SERVICIO DE ACTUALIZACIÓN DE PLANOS ELÉCTRICOS;I MUNICIPALIDAD DE TIERRA AMARILLA;69.030.400-7;Departamento de Salud;LORENZO JOFRE SN, DEPTO SALUD - EDIFICIO VERDE;Tierra Amarilla;Región de Atacama;LE;Publicada;ACTUALIZACIÓN DE PLANOS ELÉCTRICOS Y DISEÑO DE PROYECTO DE NORMALIZACIÓN DE LA POSTA RURAL EN LA LOCALIDAD DE LOS LOROS, TIERRA AMARILLA;2025-04-08T09:15:58.143;2025-04-17T15:30:00;2025-05-19T15:31:00;;CLP;0;0
1031849-8-LE25;CONVENIO: INSUMOS DETERMINACION GLICEMIA;DIRECCION SERVICIO DE SALUD TALCAHUANO;61.607.200-5;Compra Conjunta SNSS;Av. Cristóbal Colón 3030;Talcahuano;Región del Biobío;LE;Publicada;ADQUISICION DE INSUMOS PARA LA DETERMINACION DE GLICEMIA. CONVENIO POR 12 MESES DE VIGENCIA SEGUN DEMANDA Y CONDICIONES ESTABLECIDA Y VALORES INDICADOS EN BASES ADMINISTRATIVAS YO TECNICAS.;2025-04-10T12:33:38.13;2025-04-15T12:41:00;2025-04-30T18:38:00;;CLP;0;0
438-34-LP25;SERVICIO DE LABORATORIO PARA PROTESIS DENTALES PROGRAMAS ODONTOLOGICOS;I MUNICIPALIDAD DE SAN RAMON;69.253.900-1;Secretaria de Planificación San Ramón;Avenida Ossa 1771;Santiago;Región Metropolitana de Santiago;LP;Publicada;ESTA LICITACION CONSISTE EN EL SERVICIO DE LABORATORIO PARA PROTESIS DENTALES PROGRAMAS ODONTOLOGICOS;2025-04-10T12:27:46.34;2025-04-22T09:00:00;2025-05-22T19:00:00;78200000;CLP;0;0
1493-28-LE25;INSTALACION Y SUMINISTRO DE GENERADOR DIESEL TRIFASICO DE 41KVA EN ESTADIO SILAS SMITH COMUNA DE SAN NICOLAS;I MUNICIPALIDAD DE SAN NICOLAS;69.140.800-0;I MUNICIPALIDAD DE SAN NICOLAS;Arturo Prat 202 - San Nicolás;San Nicolás;Región del Ñuble;LE;Publicada;INSTALACION Y SUMINISTRO DE GENERADOR DIESEL, TRIFASICO DE 41KVA, EN ESTADIO SILAS SMITH, COMUNA DE SAN NICOLAS;2025-04-10T12:28:10.21;2025-04-17T09:00:00;2025-05-02T18:46:00;15000000;CLP;0;0
638-18-O125;CONST. MACRO URBANIZACIÓN PUH PUNTA ARENAS;SERVIU REGION DE MAGALLANES Y DE LA ANTARTICA CHILENA;61.824.000-2;SERVIU XII Región;Croacia 722;Punta Arenas;Región de Magallanes y de la Antártica;O1;Publicada;CORRESPONDE A LAS OBRAS DE CONSTRUCCIÓN DE LA URBANIZACIÓN DEL PUH EN LA CIUDAD DE PUNTA ARENAS.;2025-04-08T07:08:12.33;2025-08-06T10:00:00;2025-09-05T17:00:00;;CLP;0;0
894776-1-LQ25;Guardias privados de seguridad DOF;SUBSECRETARIA DEL INTERIOR;60.501.000-8;Diario Oficial;Dr.Torres Boonen 511;Providencia;Región Metropolitana de Santiago;LQ;Publicada;La Subsecretaría del Interior, llama a licitación pública para la contratación del servicio de guardias privados de seguridad para dependencias del Diario Oficial, ubicado en calle Doctor Torres Boonen N 511, comuna de Providencia, de acuerdo a lo señalado en las presentes bases.;2025-04-10T11:53:01.803;2025-04-30T17:00:00;2025-07-02T17:00:00;4070;CLF;0;0
1175-56-LQ25;44.25: ADQ. EQUIPOS TICS PARA BOROA FILULAWENSSAS;SERVICIO DE SALUD ARAUCANIA SUR;61.607.400-8;Dirección Servicio Salud Araucanía Sur;MANUEL BULNES N 590;Temuco;Región de la Araucanía;LQ;Publicada;Se requiere la ADQUISICIÓN DE EQUIPOS TICS, BOROA FILULAWEN, SSAS. nuevo y sin uso. Las características técnicas, se detallan en el ANEXO N3 de las presentes bases. Debe cumplir con todas las características marcadas como obligatorias para que la oferta sea admisible.;2025-04-10T11:53:50.753;2025-05-05T15:30:00;2025-08-04T17:45:00;;CLP;0;0
3477-24-LE25;COMPRA DE POLIETILENO Y BOLSAS PARA ENVASAR;I MUNICIPALIDAD DE VILCUN;69.190.800-3;Area Municipal;Lord Cochrane 255;Vilcún;Región de la Araucanía;LE;Publicada;COMPRA DE POLIETILENO Y BOLSAS PARA ENVASAR;2025-04-10T11:43:24.367;2025-04-17T15:30:00;2025-05-30T15:05:00;;CLP;0;0
611134-5-LE25;ACTIVIDAD EDUCACIÓN AMBIENTAL DE CAMBIO CLIMÁTICO;SUBSECRETARIA DEL MEDIO AMBIENTE;61.979.930-5;Seremi Region Metropolitana;Avenida Alameda Libertador Bernardo O`Higgins 1449;Santiago Centro;Región Metropolitana de Santiago;LE;Publicada;SERVICIOS PARA LA IMPLEMENTACIÓN Y EJECUCIÓN DE ACTIVIDAD DE EDUCACIÓN AMBIENTAL DE CAMBIO CLIMÁTICO, destinado a organizar, coordinar y ejecutar la actividad de Educación Ambiental de Cambio Climático en la Región Metropolitana: XII Feria de Educación Ambiental;2025-04-10T11:44:11.777;2025-04-21T15:30:00;2025-04-22T18:41:00;;CLP;0;0
1069-7-LE25;Adquisición de Defensas Doble Onda;MINISTERIO DE OBRAS PUBLICAS DIREC CION GRAL DE OO PP DCYF;61.202.000-0;Dirección de Vialidad - XII Región - Provincia T. del Fuego;Jorge Schyte 31;Porvenir;Región de Magallanes y de la Antártica;LE;Publicada;Adquisición de Defensas Doble Onda de 4 Metros Camineras para utilizarlas en la Red Vial de la Provincia de Tierra del Fuego.;2025-04-10T11:48:01.877;2025-04-21T15:30:00;2025-04-30T16:00:00;;CLP;0;0
1057509-468-LR24;CONVENIO INSUMOS ASOCIADOS A MAQUINAS DE TERAPIA DE SUSTITUCIÓN RENAL fzv;HOSPITAL CLINICO HERMINDA MARTIN;61.607.001-0;Bienes y Servicios;Francisco Ramirez N10;Chillán;Región del Ñuble;LR;Publicada;El Hospital Clínico Herminda Martín de Chillán, ubicado en Francisco Ramírez 10, comuna de Chillán, perteneciente al Servicio de Salud Ñuble, requiere suscribir Convenio Insumos Asociados a Máquinas de Terapia de Sustitución Renal, con el fin de contar con la proveeduría de insumos para la realización de Terapia de Sustitución Renal Aguda y Crónica, con equipamiento asociado para dichos procedimientos, de acuerdo a los requerimientos especificados en las bases administrativas y técnicas de la presente licitación. Se pretende obtener la mejor calidad y oportunidad en el suministro de los insumos a un precio conveniente.;2025-04-08T16:03:36.687;2025-05-08T16:30:00;2025-06-07T15:00:00;;CLP;0;0
2736-8-LE25;Servicio de Recuperación y Mantención de 5 letras Corpóreas Angol;I MUNICIPALIDAD DE ANGOL;69.180.100-4;MUNICIPAL;Pedro Aguirre Cerda N 509;Angol;Región de la Araucanía;LE;Publicada;Servicio de Recuperación y Mantención de 5 letras Corpóreas Angol y establecimiento de Hito en Canteras de Deuco. Solicita Sr. Cristian Riffo Larenas, Administrador Municipal (S).;2025-04-10T11:46:34.36;2025-04-16T17:00:00;2025-04-25T18:00:00;10000000;CLP;0;0
1057489-143-LQ25;CONVENIO DE SUMINISTRO DE SISTEMA DE MONITOREO DE PRESIÓN INTRACRANEANA POR 36 MESES PARA HOSPITAL DEL SALVADOR.;SERVICIO DE SALUD ORIENTE HOSPITAL DEL SALVADOR;61.608.406-2;Bienes y Servicios;AV SALVADOR 364;Providencia;Región Metropolitana de Santiago;LQ;Publicada;Que, el Hospital del Salvador necesita contar con un Convenio de Suministro de Sistema de Monitoreo de Presión Intracraneana por 36 meses para Hospital del Salvador con la finalidad de satisfacer de manera adecuada y eficiente la labor asistencial Que, por la cuantía determinada, la presente licitación se ubica en el tramo para contrataciones iguales o superiores a 1.000 UTM e inferiores a 5.000 UTM, de conformidad al Artículo 36 del Reglamento de la Ley N19.886 Que, hechas las consultas respectivas, la provisión de Convenio de Suministro de Sistema de Monitoreo de Presión Intracraneana por 36 meses para Hospital del Salvador no se encuentra disponible por Convenio Marco ofrecidos en el Sistema de Información de la Dirección de Compras, www.mercadopublico.cl Que, esta compra está vinculada al proyecto 1057489-127-PC25, correspondiente al plan anual de compras del año 2025;2025-04-08T16:10:17.293;2025-04-29T16:00:00;2025-07-30T17:31:00;101000000;CLP;0;0
729-53-LE25;ELEMENTOS VARIOS TREN 2-18738 MVV;EMPRESA DE TRANSPORTE DE PASAJEROS METRO S A;61.219.000-3;Compras Técnicas;Av. Lib. Bernardo OHiggins 1414;Santiago Centro;Región Metropolitana de Santiago;LE;Publicada;Se requieren ofertas que cumplan con las especificaciones técnicas solicitadas (Solo una oferta por proveedor), es de suma importancia adjuntar Fichas técnicas es obligatoria o de lo contrario queda fuera del proceso, Plazos de entrega, Formulario PEP firmado cuando sea mayor a 1000 UF, declaración de vínculos obligatorio e indicar plazo de entrega en días hábiles bancarios. Se recuerda que la única Orden de Compra válida es la emitida por Metro S.A. La adjudicación será notificada por Gestor de Compras mediante correo electrónico, cabe destacar además que las fichas o información técnica deben ser subidas o de lo contrario quedara fuera del proceso, ojalá esta debe venir en un solo archivo mencionando el ítem. En el anexo B, se deben completar los siguientes formularios: 4, 5,7 y 8. PARA LOS REPUESTOS QUE NO SE FABRIQUEN Y NO SE COMERCIALICEN EN EL MERCADO NACIONAL, SE ACEPTARAN COTIZACIONES EN OTRAS MONEDAS, EL TIPO DE CAMBIO PARA EFECTOS DE COMPARACIÓN, CORRESPONDERÁ AL DÍA DE LA APERTURA ECONÓMICA.;2025-04-08T16:10:19.52;2025-05-08T16:36:00;2025-05-30T16:37:00;;CLP;0;0
2342-31-LP25;SERVICIO DE APOYO EN LA RECUPERACIÓN COBRANZA JUDICIAL Y EXTRAJUDICIAL DE INGRESOS MUNICIPALES MOROSOS DE PAGO Y OTROS RECURSOS POR RECUPERAR;I MUNICIPALIDAD DE SAN BERNARDO;69.072.700-5;SECRETARIA COMUNAL DE PLANIFICACION;BODEGA EYZAGUIRRE 450;San Bernardo;Región Metropolitana de Santiago;LP;Publicada;SERVICIO DE APOYO EN LA RECUPERACIÓN, COBRANZA JUDICIAL Y EXTRAJUDICIAL DE INGRESOS MUNICIPALES MOROSOS DE PAGO Y OTROS RECURSOS POR RECUPERAR;2025-04-08T16:09:21.047;2025-04-28T15:00:00;2025-06-27T20:00:00;;UTM;0;0
1057774-7-L125;CARRO NODRIZA;SERVICIO DE SALUD ANTOFAGASTA HOSPITAL M;61.606.203-4;Activos Fijos;Santa Rosa S N;Tocopilla;Región de Antofagasta;L1;Publicada;CONTAR CON LA ADQUISICION DE UN CARRO NODRIZA PARA LA UNIDAD DE HOSPITALIZADO DEL HOSPITAL DE TOCOPILLA. EL CUAL CUMPLE CON LA FUNCION DE ALMACENAR, ORDENAR Y TRANSPORTAR MEDICAMENTOS POR SALA Y CAMA DE LOS PACIENTES.;2025-04-08T16:04:51.747;2025-04-15T19:31:00;2025-04-23T19:31:00;;CLP;0;0
1057547-171-LE25;CONVENIO DE CISTOSCOPIO DESECHABLE CON COMODATO;SERVICIO DE SALUD VALDIVIA HOSPITAL BASE;61.607.502-0;Bienes y Servicios;Bienes y Servicios;Valdivia;Región de Los Ríos;LE;Publicada;CONVENIO DE CISTOSCOPIO DESECHABLE CON COMODATO DE EQUIPO PROCESADOR PARA EL HOSPITAL BASE VALDIVI;2025-04-08T16:06:17.1;2025-04-21T19:00:00;2025-08-06T19:59:00;54800000;CLP;0;0
635-38-LP25;SERVICIO DE ALOJAMIENTO Y ALIMENTACIÓN PARA OPERATIVOS MÉDICOS Y OTROS DEL SERVICIO DE SALUD ARICA Y PARINACOTA;SERVICIO DE SALUD DE ARICA Y PARINACOTA;61.606.000-7;SERVICIO DE SALUD DE ARICA;DEPENDENCIAS DEL SSA;Arica;Región de Arica y Parinacota;LP;Publicada;Se requiere contratar los servicios que comprenden el alojamiento y alimentación (almuerzo o cena), cuando corresponda, para personal que participe en Operativos Médicos a realizar en la Región de Arica y Parinacota y en el territorio nacional durante 24 meses.;2025-04-08T16:00:56.153;2025-04-28T15:30:00;2025-05-26T17:00:00;;CLP;0;0
558869-26-LP25;TRASLADOS DE ALUMNOS PERTENECIENTES A CMDS;CORP MUNICIPAL DE DESARROLLO SOCIAL DE A;71.102.600-2;ADQUISICIONES - DIRECC ADMIN Y FINANZAS;AV. ARGENTINA 1595 2DO PISO ANTOFAGASTA;Antofagasta;Región de Antofagasta;LP;Publicada;La Corporación Municipal de Desarrollo Social de Antofagasta en su calidad de sostenedor de las unidades educativas y en virtud de la implementación de salidas para los estudiantes a espacios de la ciudad de Antofagasta es que requiere profundizar los aprendizajes pedagógicos de los estudiantes, mediante la contratación de servicios de transporte ida y vuelta desde distintas unidades educativas hacia diferentes sitios de la ciudad de Antofagasta. El servicio debe cumplir con las normativas de seguridad y calidad vigentes, ofreciendo rutas adaptadas a las necesidades de los estudiantes y a los horarios establecidos por cada unidad educativa.;2025-04-08T16:07:41.433;2025-04-21T15:05:00;2025-04-24T15:03:00;;CLP;0;0
1057509-418-LR24;CONVENIO PARA EL SUMINISTRO DE SOLUCIONES E INSUMOS DE PERITONEO DIALISIS CON EQUIPOS ASOCIADOS fpa;HOSPITAL CLINICO HERMINDA MARTIN;61.607.001-0;Bienes y Servicios;Francisco Ramirez N10;Chillán;Región del Ñuble;LR;Publicada;El Hospital Clínico Herminda Martín de Chillán llama a Licitación Pública a través del Portal Mercado Público, para suscribir Convenio para el Suministro de Soluciones e Insumos de Peritoneo de Diálisis con Equipos Asociados, con el fin de contar con un suministro de insumos para la realización de terapias de diálisis peritoneal de tipo automatizada y manual, procedimiento que se realiza en forma diaria en los domicilios y/o en el Hospital según requerimiento de los pacientes con diagnóstico de enfermedad renal crónica etapa 5. Se deberá entregar en Calidad de Comodato y durante toda la vigencia del Contrato, una Cicladora por Paciente que requiera de terapias de diálisis peritoneal de tipo automatizada y manual, la que deberá cumplir con las especificaciones técnicas solicitadas en las bases. Se pretende obtener la mejor calidad y oportunidad en el suministro de los insumos a un precio conveniente.;2025-04-08T16:04:32.263;2025-05-08T16:30:00;2025-07-07T16:00:00;;CLP;0;0
324-20-LQ25;CONSTRUCCIÓN PLAZA SAN JOSÉ;I MUNICIPALIDAD DE CERRILLOS;69.255.000-5;Administración y Finanzas - Abastecimiento;Piloto Lazo N120;Cerrillos;Región Metropolitana de Santiago;LQ;Publicada;La Municipalidad de Cerrillos requiere la recuperación de terreno ocupado por el Campamento San José a fin a través de la construcción de un espacio de esparcimiento comunitario, que complemente el área verde. El proyecto contempla: Nivelación del terreno Construcción de un muro de contención en continuidad con el existente. Creación y consolidación de circulaciones peatonales que conecten av. 18 de septiembre con la plaza y calle México. Incorporación de zonas de estancia con paisajismo, pavimentación y áreas verdes. Instalación de luminarias ornamentales. Construcción de un anfiteatro. Instalación de mobiliario urbano. Instalación de máquinas de ejercicio. El proyecto se desarrollará conforme a las Especificaciones Técnicas, Bases Administrativas y demás documentación de la propuesta.;2025-04-08T16:02:23.463;2025-05-14T14:00:00;2025-06-10T15:00:00;;CLP;0;0
1057472-62-LR25;Suministro de Suturas Mecánicas;HOSPITAL CLINICO METROPOLITANO EL CARMEN DOCTOR LUIS VALENTIN FERRADA;61.980.320-5;Bienes y Servicios;Camino Rinconada N1201;Maipú;Región Metropolitana de Santiago;LR;Publicada;Suministro de Suturas Mecánicas para pacientes del Hospital El Carmen;2025-04-08T15:58:52.453;2025-05-08T18:00:00;2025-08-11T13:20:00;;CLP;0;0
2178-6-LE25;Transporte funcionarios notificadores Tomé;CORP ADMINISTRATIVA DEL PODER JUDICIAL;60.301.001-9;Corp. Adm. del Poder Judicial - Concepción;AV. ARTURO PRAT N199, PISO 5, EDIFICIO COSTANERA,;Concepción;Región del Biobío;LE;Publicada;SE REQUIERE EL SERVICIO DE TRANSPORTE PARA TRASLADO DE FUNCIONARIOS NOTIFICADORES DE TRIBUNALES Y CENTRO DE NOTIFICACIONES EN LA COMUNA DE TOMÉ;2025-04-08T16:04:51.96;2025-04-21T16:00:00;2025-05-04T16:00:00;;CLF;0;0
525800-3-LE25;INSUMOS ODONTOLOGICOS NP 76-79;I MUNICIPALIDAD DE SAN FELIPE;69.050.600-9;Cesfam Segismundo Iturra Taito;AVENIDA MIRAFLORES 1317;San Felipe;Región de Valparaíso;LE;Publicada;SE REQUIERE LA ADQUISICION DE INSUMOS ODONTOLOGICOS PARA EL CECOSF PADRE HUGO CORNELISSEN Y CESFAM SEGISMUNDO ITURRA DE ACUERDO A LO SOLICITADO EN LAS BASES TECNICAS ADJUNTAS;2025-04-08T16:12:30.957;2025-04-21T16:00:00;2025-05-22T17:00:00;;CLP;0;0
1180825-8-LE25;Equipos y Equipamiento Rehabilitación CESFAM Carén;SERVICIO DE SALUD COQUIMBO;61.606.400-2;Compras Convenio GORE - Región de Coquimbo;Arturo Prat 350;La Serena;Región de Coquimbo;LE;Publicada;Contratar los servicios para la provisión de Equipos y Equipamiento de Rehabilitación para el CESFAM de Carén, en el marco del proyecto denominado Reposición Centro de Salud Carén, Comuna de Monte Patria.;2025-04-08T16:01:17.413;2025-04-21T16:00:00;2025-08-01T19:00:00;21314000;CLP;0;0
1019-40-LE25;ASESORÍA Y CONSULTORÍA PARA EL MONITOREO;MINISTERIO DE OBRAS PUBLICAS DIREC CION GRAL DE OO PP DCYF;61.202.000-0;MINISTERIO DE OBRAS PUBLICAS DIREC CION GRAL DE OO;Morandé 59, piso 8;Santiago;Región Metropolitana de Santiago;LE;Publicada;Apoyar con el monitoreo del glaciar Juncal Norte, código del Inventario Público de Glaciares I.P.G. CL105400072A, cuenca del Río Aconcagua, región de Valparaíso, ubicado en la Macrozona Centro.;2025-04-08T16:01:08.08;2025-04-21T16:00:00;2025-05-02T19:00:00;62000000;CLP;0;0
4375-59-LE25;SUMINISTRO DE TANQUE DE GAS C3F8;HOSPITAL GUILLERMO GRANT BENAVENTE DE CO;61.602.189-3;Abastecimiento General;San Martín 1436 Concepcion;Santiago;Región del Biobío;LE;Publicada;La necesidad de efectuar licitación pública SUMINISTRO DE TANQUE DE GAS C3F8, con la finalidad de abastecer a Pabellones CMA.;2025-04-08T15:47:51.04;2025-04-21T17:00:00;2025-06-23T18:50:00;;CLP;0;0
4404-22-LE25;Adquisición de equipos fotográficos para Varios Establecimientos Educacionales de la Comuna de San Clemente SC 352 DAEM;I MUNICIPALIDAD DE SAN CLEMENTE;69.110.500-8;DEPARTAMENTO EDUCACION MUNICIPALIDAD DE SAN CLEMENTE;;;Región del Maule;LE;Publicada;Adquisición de equipos fotográficos para Varios Establecimientos Educacionales de la Comuna de San Clemente S/C 352 DAEM;2025-04-08T15:51:31.217;2025-04-21T15:01:00;2025-05-16T13:23:00;;CLP;0;0
1057390-26-LP25;CONVENIO SERVICIO DE ASEO 2 SSAN 2025;SERVICIO DE SALUD ARAUCANIA NORTE;61.955.100-1;Bienes y Servicios;ILABACA 752;Angol;Región de la Araucanía;LP;Publicada;Servicio de Salud Araucanía Norte requiere la suscripción de convenio de servicios de aseo año 2025 para las dependencias detalladas en el anexo n4.;2025-04-08T15:51:00;2025-04-21T15:30:00;2025-05-12T15:30:00;170000000;CLP;0;0
963799-6-LP25;Reactivos e insumos de Química laboratorio;SERVICIO DE SALUD DEL MAULE HOSPITAL SAN JAVIER;61.606.912-8;LABORATORIO;RIQUELME 1131 - Región del Maule - San Javier;San Javier;Región del Maule;LP;Publicada;ABASTECER DE REACTIVOS E INSUMOS DE LABORATORIO Y PRÉSTAMO DE ANALIZADOR DE QUÍMICA CLÍNICA CON MODULO ISE INCLUIDO PARA EL CORRECTO FUNCIONAMIENTO DE LA UNIDAD DE LABORATORIO.;2025-04-08T15:48:53.317;2025-04-25T12:14:00;2025-05-30T12:15:00;;CLP;0;0
552975-22-L125;SERVICIOS DE REPARACIÓN DE INSTRUMENTOS MUSICALES;CORP DE DESARROLLO SOCIAL DE PROVIDENCIA;69.070.301-7;CDSP;Av. Eliodoro Yáñez 1947;Providencia;Región Metropolitana de Santiago;L1;Publicada;La Corporación de Desarrollo Social de Providencia, en adelante la Corporación, llama a licitación pública para la contratación de SERVICIOS DE REPARACIÓN DE INSTRUMENTOS MUSICALES, de acuerdo con las especificaciones contendidas en las Bases Técnicas, con el objetivo de contar con la mantención completa y reparación de instrumentos musicales para la gestión educativa de los Establecimientos Municipales de Providencia.;2025-04-08T15:46:26.897;2025-04-21T16:00:00;2025-05-21T17:00:00;;CLP;0;0
752651-2-LE25;Servicio de Aseo TTA Temuco;UNIDAD ADMINISTRADORA DE LOS TRIBUNALES TRIBUTARIOS Y ADUANEROS;61.979.490-7;T.T.A. Region de la Araucania;Arturo Prat N 847, oficina 203, Piso 2.;Temuco;Región de la Araucanía;LE;Publicada;Servicio de aseo para el inmueble destinado al funcionamiento del Tribunal Tributario y Aduanero de la Región de La Araucanía;2025-04-08T15:54:12.15;2025-04-21T15:30:00;2025-04-28T18:00:00;11880000;CLP;0;0
734-15-LE25;CARRO DE TELEMEDICINA;SERVICIO DE SALUD AYSEN CARLOS IBANEZ DEL CAMPO;61.607.800-3;DIRECCION;Dr. Jorge Ibar N 0168. Coyhaique.;Coyhaique;Región Aysén del General Carlos Ibáñez del Campo;LE;Publicada;El Servicio de Salud Aysén, solicita ofertas de interesados en participar del proceso de adquisición de CARRO DE TELEMEDICINA PARA NORMALIZACIÓN HOSPITAL CHILE CHICO, XI REGIÓN. CÓDIGO BIP 30039513-0., de acuerdo a los requerimientos de las presentes Bases de Licitación, en conformidad a lo establecido en la Ley N19.886 sobre compras y contrataciones públicas y su reglamento.;2025-04-08T15:41:20.32;2025-04-21T16:00:00;2025-05-08T17:00:00;;CLP;0;0
1627-22-LQ25;PRESTACIONES DE SERVICIOS PROFESIONALES MÉDICOS ESPECIALISTAS PARA EJECUCIÓN DE HORAS MÉDICAS EN TURNOS DEL SERVICIO DE GINECOLOGÍA Y SERVICIO DE MEDICINA HOSPITALIZADOS DEL HOSPITAL DE SAN FERNANDO;SERVICIO DE SALUD HOSPITAL DE SAN FERNANDO;61.602.145-1;Hospital de San Fernando Abastecimiento;Negrete 1401;San Fernando;Región del Libertador General Bernardo OHiggins;LQ;Publicada;PRESTACIONES DE SERVICIOS PROFESIONALES MÉDICOS ESPECIALISTAS PARA EJECUCIÓN DE HORAS MÉDICAS EN TURNOS DEL SERVICIO DE GINECOLOGÍA Y SERVICIO DE MEDICINA HOSPITALIZADOS DEL HOSPITAL DE SAN FERNANDO;2025-04-08T15:43:59.687;2025-04-21T19:55:00;2025-05-13T19:56:00;;CLP;0;0
2295-52-LP25;Contratación de servicio de banquetería y otros para la actividad municipal Talca viaja contigo Talca;I MUNICIPALIDAD DE TALCA;69.110.400-1;SECRETARIA COMUNAL DE PLANIFICACION;Edificio Don Ambrosio N1247, 2 Oriente Talca;Talca;Región del Maule;LP;Publicada;Contratación de servicio de banquetería y otros para la actividad municipal Talca viaja contigo, Talca;2025-04-08T15:36:23.627;2025-04-28T15:30:00;2025-06-29T18:00:00;195000000;CLP;0;0
635-37-LE25;CONVENIO DE TRASLADO DE FUNCIONARIOS DEL S.S.A.P AÑO 2026-2026 OT 1792;SERVICIO DE SALUD DE ARICA Y PARINACOTA;61.606.000-7;SERVICIO DE SALUD DE ARICA;Arturo Prat 305;Arica;Región de Arica y Parinacota;LE;Publicada;El Servicio de Salud Arica y Parinacota requiere la contratación del CONVENIO DE TRASLADO DE FUNCIONARIOS DEL S.S.A.P., AÑO 2025-2026, OT 1792, de acuerdo a las exigencias descritas en las presentes especificaciones técnicas y en general, de conformidad a las normativas legales vigentes sobre la materia;2025-04-08T15:50:40.763;2025-04-21T15:30:00;2025-05-13T20:00:00;;CLP;0;0
4170-19-LE25;ACTUALIZACIÓN DEL PLAN DE DESARROLLO COMUNAL DE GALVARINO;Ilustre Municipalidad de Galvarino;69.190.200-5;Municipalidad;Independencia 90;Galvarino;Región de la Araucanía;LE;Publicada;Actualización del Plan de Desarrollo Comunal de Galvarino Periodo 2025 2030.;2025-04-08T15:28:34.9;2025-04-21T15:01:00;2025-05-23T18:40:00;;CLP;0;0
4375-60-LE25;GASAS ESTERILES CON Y SIN HILO RADIOPACO;HOSPITAL GUILLERMO GRANT BENAVENTE DE CO;61.602.189-3;Abastecimiento General;San Martín 1436 Concepcion;Santiago;Región del Biobío;LE;Publicada;EL HGGB REQUIERE ABASTECER DE GASAS ESTERILES 5 X 100 CM CON Y SIN HILO RADIOPACO PARA LA BODEGA GENERAL DE INSUMOS.;2025-04-08T15:47:32.607;2025-04-21T17:00:00;2025-06-23T17:00:00;;CLP;0;0
3287-17-CO25;Materiales de construcción Programa habitabilidad.;I MUNICIPALIDAD DE LICANTEN;69.100.500-3;Departamento de Finanzas;Juan E. Montero 25;Licantén;Región del Maule;CO;Publicada;La Ilustre Municipalidad de Licantén, invita a todos los oferentes con conocimiento y experiencia en los servicios requeridos e inscritos en el rubro a participar en el proceso de ADQUISICION Y ENTREGA DE MATERIALES DE CONSTRUCCION PROGRAMA HABITABILIDAD.;2025-04-08T15:45:25.59;2025-04-21T15:01:00;2025-04-23T17:00:00;;CLP;0;0
2675-24-LE25;REG. DE TITULOS DE DOMINIO LOC. EL ROBLE MOSTAZAL;I MUNICIPALIDAD DE MOSTAZAL;69.080.500-6;I MUNICIPALIDAD DE MOSTAZAL;Plaza de Armas S/N;Mostazal;Región del Libertador General Bernardo OHiggins;LE;Publicada;REGULARIZACIÓN DE TITULOS DE DOMINIO DE LA LOCALIDAD DE EL ROBLE, COMUNA DE MOSTAZAL;2025-04-08T15:45:38.22;2025-04-29T16:31:00;2025-05-27T16:32:00;57850000;CLP;0;0
3929-30-LR25;CONCESIÓN DEL SERVICIO DE APARCADERO Y DEPÓSITO DE VEHÍCULOS Y OTRAS ESPECIES POR LA ILUSTRE MUNICIPALIDAD DE VIÑA DEL MAR;I MUNICIPALIDAD DE VINA DEL MAR;69.061.000-0;Secpla;Arlegui N615, Viña del Mar;Viña del Mar;Región de Valparaíso;LR;Publicada;Las presentes bases norman el proceso de la propuesta pública que efectúa el llamado para la licitación denominada CONCESIÓN DEL SERVICIO DE APARCADERO Y DEPÓSITO DE VEHÍCULOS Y OTRAS ESPECIES POR LA ILUSTRE MUNICIPALIDAD DE VIÑA DEL MAR. El objeto de esta propuesta pública es la entrega en concesión de los siguientes servicios para la comuna de Viña del Mar: Aparcadero y/o depósito. Servicio de custodia y traslado para todos los vehículos livianos, medianos, pesados y otras especies. Para ello, el concesionario deberá disponer de un terreno para destinarlo como aparcadero y tendrá la obligación de habilitar dicho recinto con la finalidad de cumplir las exigencias mínimas contempladas en las presentes bases administrativas, técnicas y cuerpos normativos que le sean aplicables.;2025-04-08T15:41:34.107;2025-05-15T09:00:00;2025-08-15T09:00:00;;CLP;0;0
229-58-LE25;SERVICIO DE ELABORACIÓN DE INSUMOS PARA PLAN DE ACCIÓN COMUNAL DE CAMBIO CLIMÁTICO DE COIHUECO;I MUNICIPALIDAD DE COIHUECO;69.141.100-1;Departamento de Administración y Finanzas;Avda Arturo Prat 1675;Coihueco;Región del Ñuble;LE;Publicada;SERVICIO DE ELABORACIÓN DE INSUMOS PARA PLAN DE ACCIÓN COMUNAL DE CAMBIO CLIMÁTICO DE COIHUECO, SEGÚN BASES TÉCNICAS Y CON UN PRESUPUESTO DISPONIBLE DE $10.000.000 IMPUESTO INCLUIDO.-;2025-04-08T15:54:38.437;2025-04-21T15:17:00;2025-05-15T18:18:00;;CLP;0;0
2793-75-LE25;Producción actividad CHOCOLATES Y DIVERSION;Municipalidad de Huechuraba;69.255.400-0;Municipalidad de Huechuraba;Premio Nóbel 5555;Huechuraba;Región Metropolitana de Santiago;LE;Publicada;Producción actividad denominada CHOCOLATES Y DIVERSION;2025-04-08T15:28:32.193;2025-04-14T15:01:00;2025-04-17T16:37:00;;CLP;0;0
1057472-64-LQ25;Sum. Medias Antiembólicas y Fundas de Compresión;HOSPITAL CLINICO METROPOLITANO EL CARMEN DOCTOR LUIS VALENTIN FERRADA;61.980.320-5;Bienes y Servicios;Camino Rinconada N1201;Maipú;Región Metropolitana de Santiago;LQ;Publicada;Suministro de Medias Antiembolicas y Medias de Compresión para pacientes del Hospital El Carmen;2025-04-08T15:25:27.967;2025-04-21T18:00:00;2025-06-23T18:43:00;;CLP;0;0
953-4-LE25;Servicio de Mantención 04 cortinas mecánicas CFAN;DELEGACIÓN PRESIDENCIAL REGIONAL DE COQUIMBO;60.511.040-1;Ministerio del Interior - Delegación Reg Coquimbo;Arturo Prat N 350;La Serena;Región de Coquimbo;LE;Publicada;Servicio de mantención y operación permanente de 04 cortinas mecánicas del Complejo Fronterizo Agua Negra;2025-04-08T15:15:59.553;2025-04-16T15:30:00;2025-04-25T16:00:00;;CLP;0;0
1057503-39-LQ25;Contratación del Servicio de Control y Seguimiento Clínico a Través de Monitorización Remota Telemonitoreo para Pacientes del Hospital Padre Alberto Hurtado;HOSPITAL PADRE ALBERTO HURTADO;61.958.500-3;Bienes y Servicios;ESPERANZA 2150;San Ramón;Región Metropolitana de Santiago;LQ;Publicada;El objetivo de la presente licitación es proveer de la Contratación del Servicio de Control y Seguimiento Clínico a Través de Monitorización Remota (Telemonitoreo) para Pacientes del Hospital Padre Alberto Hurtado, que cumplan con las exigencias precisadas en las Bases Administrativas y Técnicas de la Propuesta.;2025-04-08T15:22:02.35;2025-04-21T17:30:00;2025-05-22T17:00:00;335000000;CLP;0;0
4309-122-LP25;CONVENIO SUMINISTRO CALCIO CON VITAMINA D;HOSPITAL GUILLERMO GRANT BENAVENTE DE CO;61.602.189-3;Abastecimiento Fármacos;San Martin 1436;Concepción;Región del Biobío;LP;Publicada;CONTAR CON LOS FÁRMACOS NECESARIOS PARA LA ATENCIÓN DE PACIENTES DEL HGGB;2025-04-08T15:17:46.947;2025-04-28T15:00:00;2025-07-28T15:00:00;;CLP;0;0
4407-12-L125;INSUMOS MEDICOS PARA FARMACIA;Ilustre Municipalidad de Lumaco;69.180.800-9;Salud;MANUEL MONTT 473;Lumaco;Región de la Araucanía;L1;Publicada;Se requiere la compra de Insumos Médicos para farmacia del Cesfam Lumaco. Según s.c.m n 283 Con cargo a Presupuesto Cesfam 2025.;2025-04-08T15:13:26.56;2025-04-14T15:10:00;2025-04-29T15:00:00;1500000;CLP;0;0
3691-15-LE25;Suministro de apoyo Daem 2025;I MUNICIPALIDAD DE LAS CABRAS;69.080.800-5;Educación;J. Kennedy 552, Las Cabras, VI Region;Las Cabras;Región del Libertador General Bernardo OHiggins;LE;Publicada;El Departamento de Administración de Educación Municipal requiere efectuar llamado a licitación pública para contratar un suministro de apoyo, para las actividades escolares y extraescolares de los establecimientos educacionales municipalizados y del DAEM para el año 2025.;2025-04-08T15:15:47.66;2025-04-21T16:00:00;2025-05-21T16:00:00;;CLP;0;0
956-30-LE25;Adquisición de Instrumental Ginecología VI para el nuevo Hospital Claudio Vicuña de San Antonio;SERVICIO DE SALUD VALPARAISO SAN ANTONIO;61.606.500-9;SERVICIO DE SALUD VALPARAISO SAN ANTONIO;Av. Brasil 1435;Valparaíso;Región de Valparaíso;LE;Publicada;La necesidad de realizar un proceso de licitación para la Adquisición de Instrumental Ginecología VI para el nuevo Hospital Claudio Vicuña de San Antonio, requerido por la Subdirección de Desarrollo Institucional de la Dirección del Servicio de Salud Valparaíso San Antonio.;2025-04-08T15:22:29.54;2025-04-21T16:00:00;2025-06-20T16:00:00;58902724;CLP;0;0
1965-12-LE25;D.R - SERV. CONTROL DE PLAGAS EN UNIDADES PENALES;DIRECCION GENERAL DE GENDARMERIA DE CHIL;61.004.054-3;Región de Magallanes;Avenida Circunvalación N2080;Punta Arenas;Región de Magallanes y de la Antártica;LE;Publicada;E102RT9 SE REQUIERE CONTRATAR EL SERVICIO DE CONTROL DE PLAGAS EN UNIDADES PENALES DEL SISTEMA CERRADO DURANTE EL AÑO 2025.;2025-04-08T15:09:05.76;2025-04-17T16:00:00;2025-04-23T15:00:00;;CLP;0;0
4858-35-LE25;CONTRATO DE SUMINISTRO SEMILLAS VARIEDADES;I MUNICIPALIDAD DE TIRUA;69.160.700-3;Finanzas;Avenida Costanera 080, Tirua;Tirúa;Región del Biobío;LE;Publicada;CONTRATO DE SUMINISTRO PARA LA ADQUISICIÓN DE SEMILLAS, DIVERSIDAD DE ESPECIES, AÑO 2025 PARA CUBRIR LAS NECESIDADES DEL PROGRAMA DE DESARROLLO TERRITORIAL INDÍGENA.;2025-04-08T15:09:51.063;2025-04-21T15:04:00;2025-04-28T15:05:00;;CLP;0;0
1057503-26-LQ25;Suministro de Compras de Examenes para Laboratorio;HOSPITAL PADRE ALBERTO HURTADO;61.958.500-3;Bienes y Servicios;ESPERANZA 2150;San Ramón;Región Metropolitana de Santiago;LQ;Publicada;1. Que, al Hospital Padre Alberto Hurtado, le compete proveer acciones y prestaciones de salud para la recuperación y rehabilitación de personas enfermas y colaborar en las tareas de fomentar y dar protección, otorgando una atención de calidad a sus necesidades. 2. Que, la Unidad de Laboratorio y UMT debe proveer prestaciones a pacientes que lo requieran efectuando análisis clínicos y pruebas de diagnóstico que ayudan en la evaluación, el tratamiento y el seguimiento de enfermedades.;2025-04-08T15:17:42.91;2025-04-21T17:30:00;2025-05-20T17:00:00;340017000;CLP;0;0
734-14-LE25;SERVIDOR PARA NORMALIZACIÓN HOSPITAL CHILE CHICO;SERVICIO DE SALUD AYSEN CARLOS IBANEZ DEL CAMPO;61.607.800-3;DIRECCION;Dr. Jorge Ibar N 0168. Coyhaique.;Coyhaique;Región Aysén del General Carlos Ibáñez del Campo;LE;Publicada;El Servicio de Salud Aysén, solicita ofertas de interesados en participar del proceso de adquisición de SERVIDOR PARA NORMALIZACIÓN HOSPITAL CHILE CHICO, XI REGIÓN. CÓDIGO BIP 30039513-0., de acuerdo a los requerimientos de las presentes Bases de Licitación, en conformidad a lo establecido en la Ley N19.886 sobre compras y contrataciones públicas y su reglamento;2025-04-08T15:14:33.503;2025-04-21T18:00:00;2025-05-08T18:00:00;;CLP;0;0
953-5-LE25;Servicio Mantención Habilitación Agua Potable CFAN;DELEGACIÓN PRESIDENCIAL REGIONAL DE COQUIMBO;60.511.040-1;Ministerio del Interior - Delegación Reg Coquimbo;Arturo Prat N 350;La Serena;Región de Coquimbo;LE;Publicada;Servicio de captación, distribución, potabilización y habilitación permanente de Sistemas de Agua Potable y Alcantarillado del Complejo Fronterizo Agua Negra.;2025-04-08T15:17:38.29;2025-04-16T15:30:00;2025-04-25T16:00:00;;CLP;0;0
2125-17-LP25;Compra de servicios administrativos;SERVICIO DE SALUD COQUIMBO HOSPITAL DR. HUMBERTO ELORZA CORTES;61.606.407-k;Hospital de Illapel;Independencia 0512;Illapel;Región de Coquimbo;LP;Publicada;Solicitado por SDA-8-25;2025-04-08T15:02:17.68;2025-04-21T16:00:00;2025-05-15T17:00:00;;CLP;0;0
3588-15-LE25;CONVENIO SUMINISTRO CAMA Y ROPA DE CAMA;I MUNICIPALIDAD DE YUNGAY;69.141.500-7;Direccion Administración y Finanzas;ESMERALDA N380;Yungay;Región del Ñuble;LE;Publicada;CONVENIO SUMINISTRO ADQUISICIÓN DE CAMAS Y ROPA DE CAMA MUNICIPALIDAD DE YUNGAY;2025-04-08T14:56:19.103;2025-04-21T17:50:00;2025-05-08T18:34:00;;CLP;0;0
3117-25-LE25;RECUPERACIÓN CASAS DE BAJA POBLACIÓN NAVAL COMANDA;DIRECCION DE ABASTECIMIENTO DE LA ARMADA;61.102.006-6;DEPTO. DE BIENESTAR SOCIAL (V);INDEPENDENCIA 1786;Valparaíso;Región de Valparaíso;LE;Publicada;RECUPERACIÓN CASAS DE BAJA POBLACIÓN NAVAL COMANDANTE ARAYA, DEPENDIENTES DEL DEPARTAMENTO DE BIENESTAR SOCIAL IRA ZONA NAVAL.;2025-04-08T14:44:26.8;2025-04-22T15:38:00;2025-05-22T15:39:00;17500000;CLP;0;0
995-1-LE25;SERVICIO VIGILANCIA RECINTO FISCAL VIALIDAD TIERRA AMARILLA;MINISTERIO DE OBRAS PUBLICAS DIREC CION GRAL DE OO PP DCYF;61.202.000-0;Dirección de Vialidad - III Región - Provincia de Copiapó;Avenida Miguel Lemeur 062;Copiapó;Región de Atacama;LE;Publicada;La Dirección de Vialidad, requiere contratar el Servicio de Vigilancia para el resguardo de las Maquinarias y Equipos de faena que se encuentran en el recinto fiscal de Vialidad, ubicado en la comuna de Tierra Amarilla, como asimismo el resguardo de las instalaciones de la Oficina Provincial de Vialidad Copiapó, Sub-Depto. de Maquinarias y Unidad de Laboratorio, de acuerdo a lo señalado en las presentes Bases Administrativas y Especificaciones Técnicas;2025-04-08T14:37:16.23;2025-04-15T15:05:00;2025-04-30T13:19:00;;CLP;0;0
769-39-L125;MANTENCIÒN EQUIPOS ODONTOLOGICOS PP 25-2025;SERVICIO DE SALUD ANTOFAGASTA DIRECCION;61.606.200-k;SERVICIO DE SALUD ANTOFAGASTA DIRECCION;SIMON BOLIVAR 523 ...;Santiago;Región Metropolitana de Santiago;L1;Publicada;La presente licitación tiene por objeto la adquisición del Servicio de Mantención Preventiva y/o Recuperativa para los Equipos Odontológicos de los Establecimientos Dependientes del Servicio de Salud Antofagasta, el que se efectuará de acuerdo con las especificaciones señaladas en las presentes bases técnicas.;2025-04-08T14:53:41.217;2025-04-16T19:55:00;2025-04-21T19:55:00;4400000;CLP;0;0
5221-4-LE25;Adquisición Balanzas y Lámparas CESFAM 18 II;SERVICIO DE SALUD MAGALLANES;61.607.900-k;Equipamiento sectorial;Lautaro Navarro N 820;Punta Arenas;Región de Magallanes y de la Antártica;LE;Publicada;NORMALIZACION CESFAM 18 DE SEPTIEMBRE PUNTA ARENAS Código BIP 30128661-0 Lugar de entrega Bienes: La Unidad Técnica (Servicio de Salud) informará oportunamente el lugar de entrega de los bienes en la ciudad de Punta Arenas Fecha Máxima de entrega: 29 de agosto de 2025;2025-04-08T14:42:45.497;2025-04-21T16:00:00;2025-06-06T18:49:00;;CLP;0;0
1057472-63-LQ25;Suministro de Mantas Calefactoras con Equipamiento;HOSPITAL CLINICO METROPOLITANO EL CARMEN DOCTOR LUIS VALENTIN FERRADA;61.980.320-5;Bienes y Servicios;Camino Rinconada N1201;Maipú;Región Metropolitana de Santiago;LQ;Publicada;Suministro de Mantas Calefactoras con equipamiento necesario para su utilización para pacientes del Hospital.;2025-04-08T14:45:42.54;2025-04-21T18:00:00;2025-06-23T17:31:00;;CLP;0;0
1080936-17-LR25;ESCIPOL - SERVICIO DE REEMPLAZO DE CHILLER PARA LA CLIMATIZACIÓN DEL EDIFICIO DE LA ESCUELA;POLICIA DE INVESTIGACIONES DE CHILE;60.506.012-9;Fondos Extrapresupuestarios Escipol;Avda. Gladys Marin N 5783 (Ex Avda. Los Pajaritos;Estación Central;Región Metropolitana de Santiago;LR;Publicada;Se informa la necesidad de efectuar el reemplazo de equipo Chiller existente de marca York por uno nuevo de tipo tornillo y marca de referencia Carrier o similar técnico.;2025-04-08T14:37:31.567;2025-05-23T15:00:00;2025-06-23T18:00:00;465000000;CLP;0;0
769-41-L125;GES 60 AÑOS TALTAL 2025 PP 47-2025;SERVICIO DE SALUD ANTOFAGASTA DIRECCION;61.606.200-k;SERVICIO DE SALUD ANTOFAGASTA DIRECCION;SIMON BOLIVAR 523 ...;Santiago;Región Metropolitana de Santiago;L1;Publicada;La presente licitación tiene por objetivo contratar los servicios odontológicos para la ejecución del Programa ESTRATEGÍA DE SALUD BUCAL en su componente: GES 60 AÑOS TALTAL 2025, con la finalidad de otorgar la prestación definida en especificaciones técnicas adjuntas;2025-04-08T14:53:56.71;2025-04-14T15:28:00;2025-04-16T15:28:00;5137560;CLP;0;0
2713-46-LE25;Servicio de reciclaje 2025-2026;I MUNICIPALIDAD DE AYSEN;69.240.100-K;I.MUNICIPALIDAD AYSEN-ADQUISICIONES;Serrano Montaner 535;Aysén;Región Aysén del General Carlos Ibáñez del Campo;LE;Publicada;Contratación de servicio de reciclaje 2025-2026;2025-04-08T14:50:00;2025-04-21T15:01:00;2025-04-28T18:00:00;;CLP;0;0
1057402-82-LE25;SERVICIO MANO DE OBRA EN APOYO A CASA DE ACOGIDA DEL HOSPITAL CLINICO DE MAGALLANES;HOSPITAL CLINICO DE MAGALLANES DR. LAUTARO NAVARRO AVARIA;61.607.901-8;Bienes y Servicios;;;Región de Magallanes y de la Antártica;LE;Publicada;El Hospital Clínico Magallanes requiere contratar el servicio de recursos humanos para el funcionamiento de la casa de acogida del Hospital Clínico de Magallanes, parte del Consultorio de Especialidades modalidad SOME, en beneficio de pacientes institucionales. Para ello la empresa a contratar deberá desplegar el recurso humano requerido en materia de la presente licitación y así cumplir con las necesidades propias del servicio referente al área correspondiente.;2025-04-08T14:42:44.29;2025-04-21T15:01:00;2025-05-28T20:00:00;;CLP;0;0
1293138-8-LP25;EQUIPOS ESPECIALIDAD BRONCO - FONO;SERVICIO SALUD METROPOLITANO OCCIDENTE;61.608.200-0;EQUIPAMIENTO NUEVO HOSPITAL DE MELIPILLA;ALAMEDA 2429;Santiago;Región Metropolitana de Santiago;LP;Publicada;Necesidad del Servicio de Salud Metropolitano Occidente para la implementación del Proyecto Reposición con Relocalización Hospital San José de Melipilla,;2025-04-08T14:32:37.787;2025-05-05T15:00:00;2025-08-27T18:00:00;;CLP;0;0
3117-24-LE25;TRABAJOS EN TECHUMBRE;DIRECCION DE ABASTECIMIENTO DE LA ARMADA;61.102.006-6;DEPTO. DE BIENESTAR SOCIAL (V);INDEPENDENCIA 1786;Valparaíso;Región de Valparaíso;LE;Publicada;TRABAJOS EN TECHUMBRE BLOCK 27, POBLACIÓN NAVAL 1ER SECTOR GOMEZ CARREÑO, DEPENDIENTE DEL DEPARTAMENTO DE BIENESTAR SOCIAL IRA ZONA NAVAL.;2025-04-08T14:37:03.383;2025-04-21T15:46:00;2025-05-20T17:47:00;7500000;CLP;0;0
2080-154-LE25;COMPRA HERRAMIENTAS EQUIPOS Y EPP ESPECIFICOS;SERVICIO DE SALUD DEL LIBERTADOR B O'HIGGINS HOSPITAL REG RANCAGUA;61.602.138-9;Hospital Regional Rancagua - HRR;Avenida Salvador Allende N 350;Rancagua;Región del Libertador General Bernardo OHiggins;LE;Publicada;El objeto de esta Licitación es contar con una adecuada adquisición del COMPRA HERRAMIENTAS EQUIPOS Y EPP ESPECIFICOS PARA EL HOSPITAL DR. FRANCO RAVERA ZUNINO, durante el curso del contrato.;2025-04-08T14:31:26.92;2025-04-17T16:00:00;2025-06-17T18:00:00;;CLP;0;0
885-34-LP25;Instalación configuración y soporte solución de acceso;CONTRALORIA GENERAL DE LA REPUBLICA;60.400.000-9;Contraloría General de la República;;;Región Metropolitana de Santiago;LP;Publicada;La Contraloría General de la República en adelante también CGR o Contraloría- llama a presentar ofertas para la adquisición de los servicios de instalación, configuración y soporte por 12 meses para la nueva solución de acceso para la institución.;2025-04-08T14:26:55.437;2025-04-28T16:00:00;2025-05-19T18:00:00;130000000;CLP;0;0
4407-10-LE25;Servicio de prótesis dentales para el CESFAM Lumaco;Ilustre Municipalidad de Lumaco;69.180.800-9;Salud;CARLOS CONDELL S/N;Lumaco;Región de la Araucanía;LE;Publicada;Servicio de prótesis dentales para usuarios del Centro de Salud Familiar de Lumaco.;2025-04-08T14:22:07.17;2025-04-22T09:30:00;2025-04-30T09:00:00;18742500;CLP;0;0
697-10-LE25;SERV. DE CONEXIÓN SATELITAL PARA EQUIPOS INREACH;INSTITUTO ANTARTICO CHILENO;60.605.000-3;INSTITUTO ANTARTICO CHILENO;Plaza Muñoz Gamero 1055;Punta Arenas;Región de Magallanes y de la Antártica;LE;Publicada;El Instituto Antártico Chileno, en adelante también INACH, requiere la provisión del servicio de conexión satelital para equipos InReach del INACH, de acuerdo a las condiciones expresadas en las presentes Bases Administrativas y a las especificaciones detalladas en las Bases Técnicas.;2025-04-08T14:18:43.793;2025-04-22T17:00:00;2025-05-23T18:00:00;29750;USD;0;0
2080-150-LE25;COMPRA INSUMOS TABLEROS DE FUERZA Y DIST.ELECTRICA;SERVICIO DE SALUD DEL LIBERTADOR B O'HIGGINS HOSPITAL REG RANCAGUA;61.602.138-9;Hospital Regional Rancagua - HRR;Avenida Salvador Allende N 350;Rancagua;Región del Libertador General Bernardo OHiggins;LE;Publicada;El objeto de esta Licitación es contar con una adecuada adquisición del COMPRA INSUMOS TABLEROS DE FUERZA Y DISTRIBUCION ELECTRICA PARA EL HOSPITAL DR. FRANCO RAVERA ZUNINO, durante el curso del contrato.;2025-04-08T14:02:14.45;2025-04-17T16:00:00;2025-06-17T18:00:00;;CLP;0;0
2381-22-LE25;ADQUISICIÓN DE FÁRMACOS PARA EL CONVENIO CPU;I MUNICIPALIDAD DE COPIAPO;69.030.200-4;DEPARTAMENTO DE ADQUISICIONES DASM;CHACABUCO 857;Copiapó;Región de Atacama;LE;Publicada;ADQUISICIÓN DE FÁRMACOS PARA EL PROGRAMA DE CUIDADOS PALIATIVOS UNIVERSALES 2025;2025-04-08T13:55:06.81;2025-04-21T16:00:00;2025-05-12T16:36:00;;CLP;0;0
1549-37-LQ25;ADQ. INSUMOS URINARIOS PARA HSJ.;SERVICIO DE SALUD METROPOLITANA NORTE HOSPITAL SAN JOSE;61.608.002-4;Hospital San José;San José 1196;Independencia;Región Metropolitana de Santiago;LQ;Publicada;De acuerdo a lo establecido en la Resolución N 410, de 31 de enero de 2025, de 31 de enero de 2025, que aprueba Plan Anual de Compras y Contrataciones año 2025 para el Complejo Hospitalario San José, se requiere la adquisición de diferentes insumos urinarios patos y chatas para ser utilizados en pacientes.;2025-04-08T13:36:00;2025-04-28T15:00:00;2025-06-27T17:00:00;200000000;CLP;0;0
1627-21-LQ25;PRESTACIONES DE SERVICIOS PROFESIONALES MÉDICOS ESPECIALISTAS PARA EJECUCIÓN DE HORAS MÉDICAS EN TURNOS DE LA UNIDAD DE TRATAMIENTOS INTERMEDIOS UTI DEL HOSPITAL DE SAN FERNANDO.;SERVICIO DE SALUD HOSPITAL DE SAN FERNANDO;61.602.145-1;Hospital de San Fernando Abastecimiento;Negrete 1401;San Fernando;Región del Libertador General Bernardo OHiggins;LQ;Publicada;PRESTACIONES DE SERVICIOS PROFESIONALES MÉDICOS ESPECIALISTAS, PARA EJECUCIÓN DE HORAS MÉDICAS EN TURNOS DE LA UNIDAD DE TRATAMIENTOS INTERMEDIOS (UTI) DEL HOSPITAL DE SAN FERNANDO.;2025-04-08T13:52:31.217;2025-04-21T16:13:00;2025-05-13T16:14:00;;CLP;0;0
813-30-LQ25;PP 22.2025 adquisición instalación puesta en marcha capacitación y mantenciones preventivas de equipos de laboratorio;INSTITUTO DE SALUD PUBLICA DE CHILE;61.605.000-1;Cotizaciones - ISP;Av. Marathón 1000;Santiago;Región Metropolitana de Santiago;LQ;Publicada;Según documentación adjunta;2025-04-08T13:46:00;2025-05-08T15:00:00;2025-08-06T20:00:00;;CLP;0;0
1627-19-LQ25;PRESTACIONES DE SERVICIOS PROFESIONALES MÉDICOS ESPECIALISTAS PARA EJECUCIÓN DE HORAS MÉDICAS EN TURNOS DE LA UNIDAD DE CUIDADOS INTENSIVOS UCI DEL HOSPITAL DE SAN FERNANDO;SERVICIO DE SALUD HOSPITAL DE SAN FERNANDO;61.602.145-1;Hospital de San Fernando Abastecimiento;Negrete 1401;San Fernando;Región del Libertador General Bernardo OHiggins;LQ;Publicada;PRESTACIONES DE SERVICIOS PROFESIONALES MÉDICOS ESPECIALISTAS, PARA EJECUCIÓN DE HORAS MÉDICAS EN TURNOS DE LA UNIDAD DE CUIDADOS INTENSIVOS (UCI) DEL HOSPITAL DE SAN FERNANDO;2025-04-08T13:33:54.797;2025-04-21T18:41:00;2025-05-13T18:42:00;;CLP;0;0
2378-28-LP25;SUMINISTRO DE EMULSIÓN ASFALTICA Y ASFALTO EN FRIO;I MUNICIPALIDAD DE LA FLORIDA;69.070.700-4;SECRETARIA DE PLANIFICACION;AMERICO VESPUCIO 6886;La Florida;Región Metropolitana de Santiago;LP;Publicada;Las presente Bases Reglamentan la SUMINISTRO DE EMULSIÓN ASFALTICA Y ASFALTO EN FRIO, COMUNA DE LA FLORIDA. Dicha adquisición tiene por objeto la compra de materiales para bacheo comunal, el suministro de emulsión asfáltica con elastomérico y sacos de asfalto en frio son materiales necesarios para reparación de baches y eliminar lomo de toros naturales ubicado en la comuna de La Florida.;2025-04-08T13:33:59.81;2025-05-08T11:00:00;2025-08-08T15:02:00;;CLP;0;0
1003473-86-L125;CONTRATO SUMINISTRO DE JERINGAS INYECTORAS DE MEDIO DE CONTRASTE CON EQUIPO ASOCIADO PARA EL HOSPITAL SAN JUAN DE DIOS DE CURICÓ;SERVICIO DE SALUD DEL MAULE HOSPITAL DE CURICO;61.606.903-9;INSUMOS CLINICOS;ARCHIPIÉLAGO JUAN FERNÁNDEZ #1890-CURICÓ.;Curicó;Región del Maule;L1;Publicada;EL HOSPITAL SAN JUAN DE DIOS DE CURICÓ REQUIERE REALIZAR UN CONTRATO SUMINISTRO DE JERINGAS INYECTORAS DE MEDIO DE CONTRASTE CON EQUIPO ASOCIADO PARA EL HOSPITAL SAN JUAN DE DIOS DE CURICÓ, PARA SOLVENTAR LA NECESIDAD DE DICHO INSUMO EN LABORATORIO DE HEMODINAMIA, POR UN PERÍODO DE 12 MESES.;2025-04-08T13:29:48.607;2025-04-14T15:00:00;2025-04-24T18:00:00;6000000;CLP;0;0
2926-2-LE25;MEDICAMENTOS MORBILIDAD 2025CESFAM CHAÑARAL;I MUNICIPALIDAD DE CHANARAL;69.030.100-8;SALUD;ARTURO PRAT 1595;Chañaral;Región de Atacama;LE;Publicada;Se requiere adquirir medicamentos Morbilidad Año 2025 para Botiquin Farmaceutico Cesfam Dr. Luis Herrera Rojas de Chañaral. Memo 24 de fecha 13032025 Encargado Botiquin Farmaceutico D. Oscar Varas Gonzalez. Recursos Propios de Salud;2025-04-08T13:26:23.757;2025-04-14T16:00:00;2025-04-17T19:53:00;;CLP;0;0
1075963-106-LE25;SERVICIO DE SUMINISTRO E INSTALACIÓN DE SISTEMA DE VIGILANCIA Y CAMARAS DE SEGURIDAD PARA HJNC;SERVICIO DE SALUD ARICA HOSP DR JUAN NOE CREVANI;61.606.001-5;Hospital Juan Noé;18 DE SEPTIEMBRE #1000, ARICA.;Santiago;Región de Arica y Parinacota;LE;Publicada;SERVICIO DE SUMINISTRO E INSTALACIÓN DE SISTEMA DE VIGILANCIA Y CÁMARAS DE SEGURIDAD PARA HJNC.;2025-04-08T13:26:20.703;2025-04-21T15:30:00;2025-04-24T17:30:00;;CLP;0;0
1274285-11-LE25;Adquisición de tres sillones dentales;CORPORACION MUNICIPAL DE EDUCACION Y SALUD DE SAN BERNARDO;70.925.500-2;SALUD;AVENIDA MAIPÚ 440;San Bernardo;Región Metropolitana de Santiago;LE;Publicada;Se solicita la compra de tres sillones dentales para el Cesfam Carol Urzúa de la comuna de San Bernardo correspondiente a Sol N111 del año 2025;2025-04-08T13:19:34.547;2025-04-16T09:00:00;2025-04-24T12:00:00;;CLP;0;0
5539-11-LQ25;Servicio Digital de Impresión de Folletos;UNIVERSIDAD DE CHILE;60.910.000-1;UCHILE Depto.Evaluac. y Medicion Educacional DEMRE;Avda. José Pedro Alessandri 685;Ñuñoa;Región Metropolitana de Santiago;LQ;Publicada;Servicio Digital de Impresión de Folletos para las Pruebas Piloto Año 2025 solicitado por el DEMRE de la Universidad de Chile. Según FR N 373;2025-04-08T13:14:24.62;2025-04-29T16:00:00;2025-06-30T18:00:00;170000000;CLP;0;0
4883-14-LE25;servicio de colaciones frías para Centro CECREA;SUBSECRETARÍA DE LAS CULTURAS Y LAS ARTES;65.523.750-k;Consejo Regional de la Cultura y las Artes Valparaíso;;;Región de Valparaíso;LE;Publicada;servicio de colaciones frías para atención de niños, niñas y jóvenes participantes del Centro de Creación CECREA de La Ligua, periodo 2025;2025-04-08T13:13:51.19;2025-04-21T15:35:00;2025-05-09T16:36:00;;CLP;0;0
1224957-25-LE25;SERVICIO DE EVALUACIONES MÉDICAS PIE 2025;CORP MUNICIPAL DE DESARROLLO SOCIAL DE NUNOA;70.932.800-K;CMDS Nivel Central;Manuel de Salas 451;Ñuñoa;Región Metropolitana de Santiago;LE;Publicada;La Corporación Municipal de Desarrollo Social de Ñuñoa, en adelante e indistintamente CMDS o Corporación, llama a licitación pública del contrato denominado: CONTRATACIÓN DE SERVICIO DE EVALUACIONES MÉDICAS PARA ESTUDIANTES POSTULANTES AL PROGRAMA DE INTEGRACIÓN ESCOLAR PIE 2025, para completar la evaluación diagnóstica integral e interdisciplinaria de las y los estudiantes con Necesidades Educativas Especiales NEE, para la presentación en la plataforma MINEDUC y que de esta forma se pueda percibir la Subvención Escolar PIE. Esta subvención permite destinar los recursos necesarios para la implementación del programa y la entrega de apoyos especializados a los estudiantes de los 15 Establecimientos Escolares de la comuna, que cuentan con convenio PIE vigente ante el MINEDUC.;2025-04-08T13:12:39.467;2025-04-21T16:00:00;2025-05-21T16:00:00;36899877;CLP;0;0
450-5-LE25;DIFUSION RADIAL DE ACTIVIDADES MUNICIPALES DE RIO NEGRO 2025;I MUNICIPALIDAD DE RIO NEGRO;69.210.300-9;Administración y Finanzas;Vicuña Mackenna 277;Río Negro;Región de los Lagos;LE;Publicada;DIFUSION RADIAL DE ACTIVIDADES MUNICIPALES DE RIO NEGRO 2025;2025-04-08T13:12:16.293;2025-04-14T15:05:00;2025-04-14T17:00:00;;CLP;0;0
4301-30-L125;huevitos de pascua y sacos;I MUNICIPALIDAD DE ZAPALLAR;69.050.400-6;IMUNI_ ZAPALLAR;DIEGO SUTIL 285;Zapallar;Región de Valparaíso;L1;Publicada;la Ilustre Municipalidad de Zapallar requiere huevitos de pascua y sacos para la municipalidad de Zapallar;2025-04-08T13:09:56.19;2025-04-14T15:01:00;2025-04-17T17:46:00;;CLP;0;0
3703-11-LE25;Producción Evento Deportivo CORRIDA NOCTURNA.;I MUNICIPALIDAD DE HUASCO;69.030.700-6;Finanzas;Craig 530;Huasco;Región de Atacama;LE;Publicada;La Municipalidad de Huasco, en el marco de la ejecución del FNDR 2025 Programa Deportivo convoca a Propuesta Pública para adquirir el suministro denominado SERVICIO DE PRODUCCIÓN EVENTO DEPORTIVO CORRIDA NOCTURNA;2025-04-08T13:06:19.57;2025-04-15T12:00:00;2025-04-16T11:00:00;;CLP;0;0
601-6-LE25;Servicio de Aseo Agencia de Rancagua;SUPERINTENDENCIA DE SALUD;60.819.000-7;Superintendencia de Salud;Av. Libertador Bdo OHiggins N1449 Torre 2, Piso 5, Stgo;Santiago Centro;Región Metropolitana de Santiago;LE;Publicada;La Superintendencia de Salud, en adelante e indistintamente la Superintendencia, convoca a Licitación Pública a las personas naturales y jurídicas, chilenas y extranjeras, para que participen y presenten propuestas en el presente proceso de Licitación Pública que esta Entidad administra a través del Portal de Mercado Público para la contratación del servicio de aseo, limpieza y entrega de correspondencia en la agencia regional del Libertador Bernardo OHiggins de la Superintendencia de Salud.;2025-04-08T13:04:47.19;2025-04-21T15:10:00;2025-04-29T18:00:00;;CLP;0;0
2981-56-LQ25;JENATID - ADQUISICIÓN DE CREDITOS AZURE;POLICIA DE INVESTIGACIONES DE CHILE;60.506.000-5;DEPARTAMENTO ADMINISTRATIVO;GENERAL MACKENNA 1370, Secc. Almacenes;Santiago Centro;Región Metropolitana de Santiago;LQ;Publicada;ASEGURAR LA CONTINUIDAD Y EFICIENCIA DE LOS SERVICIOS TECNOLÓGICOS QUE ACTUALMENTE SOPORTAN LAS OPERACIONES DE LA POLICÍA DE INVESTIGACIONES DE CHILE. LA ADQUISICIÓN DE ESTOS CRÉDITOS ES UNA MEDIDA IMPRESCINDIBLE PARA GARANTIZAR QUE LOS SERVICIOS TECNOLÓGICOS OPEREN DE MANERA ÓPTIMA Y EN CUMPLIMIENTO CON LOS ESTÁNDARES DE SEGURIDAD Y EFICIENCIA NECESARIOS PARA EL DESARROLLO DE LAS FUNCIONES.;2025-04-08T13:04:37.243;2025-04-21T15:00:00;2025-05-02T17:30:00;263990000;CLP;0;0
3729-23-LE25;SERVICIO DE BANQUETERÍA PARA CUENTA PÚBLICA;I MUNICIPALIDAD DE CHIMBARONGO;69.090.300-8;Secpla;JAVIERA CARRERA 511;Chimbarongo;Región del Libertador General Bernardo OHiggins;LE;Publicada;Se requiere la contratación de servicio de banquetería para 750 personas, el día viernes 25 de abril del presente año. lo anterior en el marco de la Cuenta Pública Municipal de la autoridad comunal, a realizarse en dependencias del Complejo Educacional Chimbarongo (CECH), de acuerdo a lo señalado en las Especificaciones Técnicas. Decreto N 1229 y 1230 de fecha 02/04/2025 que aprueba y designa.;2025-04-08T13:04:35.41;2025-04-15T13:00:00;2025-05-21T17:47:00;13000000;CLP;0;0
2310-9-LE25;SUMINISTRO DE GALVANOS Y TROFEOS DAEM;ILUSTRE MUNICIPALIDAD DE MOLINA;69.110.100-2;Dirección Comunal De Educación;MAIPU N1846;Molina;Región del Maule;LE;Publicada;CONTRATO DE SUMINISTRO PARA SERVICIO DE GALVANOS, TROFEOS Y MEDALLAS, ENMARCACION Y OTROS PARA UNIDADES EDUCATIVAS, JARDINES VTF, ESCUELAS , LICEOS Y PROGRAMAS DAEM.;2025-04-08T13:03:20.95;2025-04-17T09:00:00;2025-04-21T13:23:00;;CLP;0;0
1389183-26-LQ25;CONSERVACIÓN JARDIN INFANTIL SAN PEDRO DE LA COSTA;SERVICIO LOCAL DE EDUCACIÓN PÚBLICA DE ANDALIÉN COSTA;61.981.100-3;SERVICIO EDUCATIVO ANDALIEN COSTA;Calle Sotomayor 890;Coronel;Región del Biobío;LQ;Publicada;Conforme a la Ley de Compras Públicas 19.886, el Decreto 661 que fija el reglamento y sus modificaciones, el Servicio Local de Educación Pública de Andalién Costa, llama a licitación pública a personas naturales o jurídicas, empresas o proveedores del rubro, o unión temporal de proveedores, para gestionar el CONSERVACIÓN JARDIN INFANTIL SAN PEDRO DE LA COSTA, SAN PEDRO DE LA PAZ, PROCESO ID 1389183-22-LQ25, el que tiene por objetivo, llevar a cabo las reparaciones y obras de conservación de la infraestructura y espacios exteriores del Establecimiento Educacional, conforme a los requerimientos establecidos por el Área de Infraestructura y Mantenimiento del SLEP de Andalién Costa, en función de las necesidades del establecimiento;2025-04-08T13:03:57.47;2025-04-29T17:00:00;2025-07-28T17:00:00;189053860;CLP;0;0
2318-26-LE25;PRODUCTOS CAFETERIA Y OTROS;I MUNICIPALIDAD DE SAN JAVIER;69.130.100-1;IMUNI_SAN JAVIER DEPTO. ADQUISICIONES;Arturo Prat N 2490;San Javier;Región del Maule;LE;Publicada;Convenio Suministro productos Cafetería y otros, 2025, para Municipalidad de San Javier.;2025-04-08T12:54:46.19;2025-04-15T15:10:00;2025-05-30T19:57:00;50000000;CLP;0;0
2426-12-LP25;OBRAS PROTECCIÓN TALUD Y CALZADA CALLE LOS PINOS CERRO LAS DELICIAS VALPARAÍSO;I MUNICIPALIDAD DE VALPARAISO;69.060.900-2;ADQUISICIONES MAYORES;;;Región de Valparaíso;LP;Publicada;OBRAS PROTECCIÓN TALUD Y CALZADA CALLE LOS PINOS CERRO LAS DELICIAS VALPARAÍSO, SEGUN PEDIDO N96 DE SECPLA;2025-04-08T12:54:38.677;2025-04-29T16:00:00;2025-07-18T18:00:00;150000000;CLP;0;0
3416-34-LE25;REPUESTOS PARA VEHÍCULOS;COMANDO DE APOYO A LA FUERZA;61.101.017-6;Escuela Militar -ESCMIL;Presidente Riesco 4601;Las Condes;Región Metropolitana de Santiago;LE;Publicada;La Escuela Militar, a través de la solicitud interna SIC N325022, presentada por la Sección Material de Guerra requiere la adquisición de Repuestos y accesorios para el mantenimiento de un vehículo administrativo de la Escuela Militar;2025-04-08T12:55:04.17;2025-04-21T15:05:00;2025-04-30T18:00:00;;CLP;0;0
4086-30-LE25;IMPLEMENTACIÓN DE SISTEMAS DE RIEGO Y USO EFICIENTE DE AGUAS;I MUNICIPALIDAD DE MAULLIN;69.220.500-6;Administracion y Finanzas;Bernardo O'Higgins 641;Maullín;Región de los Lagos;LE;Publicada;IMPLEMENTACIÓN DE SISTEMAS DE RIEGO EN FAMILIAS DE LA COMUNA, SEGÚN BASES ADJUNTAS.;2025-04-08T13:01:26.54;2025-04-21T15:01:00;2025-04-25T18:51:00;40144000;CLP;0;0
4284-68-L125;Adquisición de alimentos materiales de oficina y servicio de coffe break para talleres de emprendimiento y formación para el trabajo;I MUNICIPALIDAD DE CUNCO;69.191.000-8;Municipalidad de Cunco;Pedro Aguirre Cerda N 600;Cunco;Región de la Araucanía;L1;Publicada;Adquisición de alimentos, materiales de oficina y servicio de coffe break para talleres de emprendimiento y formación para el trabajo, Programa Jefas de Hogar, según bases adjuntas numeral 1.2 detalle de bien a licitar;2025-04-08T12:54:30.24;2025-04-14T15:01:00;2025-04-21T16:00:00;700000;CLP;0;0
2793-73-LE25;MATERIALES DE CONSTRUCCIÓN DE EMERGENCIA.;Municipalidad de Huechuraba;69.255.400-0;Municipalidad de Huechuraba;Premio Nóbel 5555;Huechuraba;Región Metropolitana de Santiago;LE;Publicada;ADQUISICIÓN DE MATERIALES DE CONSTRUCCIÓN DE EMERGENCIA, PARA LA REPARACIÓN DE VIVIENDAS DE LOS VECINOS SOLICITADO POR LA DIRECCIÓN DE OPERACIONES.;2025-04-08T12:54:08.217;2025-04-16T09:00:00;2025-05-07T14:24:00;;CLP;0;0
2426-11-LP25;CONSTRUCCIÓN SEDE SOCIAL Y ESPACIO PÚBLICO AGRUPACIÓN ADULTO MAYOR PLACILLA;I MUNICIPALIDAD DE VALPARAISO;69.060.900-2;ADQUISICIONES MAYORES;;;Región de Valparaíso;LP;Publicada;CONSTRUCCIÓN SEDE SOCIAL Y ESPACIO PÚBLICO AGRUPACIÓN ADULTO MAYOR PLACILLA, SEGUN PEDIDO N109 DE SECPLA;2025-04-08T12:52:48.057;2025-04-28T16:00:00;2025-07-28T18:00:00;310000000;CLP;0;0
5053-44-LP25;PROYECTO DE ADECUACIÓN DE SALA DE CALDERA DE CDT;SERVICIO DE SALUD DEL MAULE HOSPITAL DE TALCA;61.606.901-2;Operaciones;1 Norte N 1990;Talca;Región del Maule;LP;Publicada;El objetivo la contratación del PROYECTO DE ADECUACIÓN DE SALA DE CALDERA DE CDT para el Hospital Regional de Talca, con el fin de mejorar el sistema de climatizacion edificio, para realizar modificaciones de mejora, es necesario pasar de usar combustible liquido a combustibLE por un periodo de 8 meses;2025-04-08T12:51:04.063;2025-04-28T15:01:00;2025-05-23T17:00:00;;CLP;0;0
1532-21-LP25;Ecocardiografo para unidad de imagenologia;CENTRO REFERENCIAL DE SALUD DR SALVADOR ALLENDE GOSSENS;61.933.400-0;Centro Referencia Salud Doctor Salvador Allende G.;Teniente Cruz 800 - PUDAHUEL;Pudahuel;Región Metropolitana de Santiago;LP;Publicada;Ecocardiografo para unidad de imagenología;2025-04-08T12:48:00;2025-05-19T19:51:00;2025-05-19T19:53:00;;CLP;0;0
5153-12-LQ25;Mantenimiento PyC Cámaras de Alcantarillas;UNIVERSIDAD DE CHILE;60.910.000-1;Hospital Clínico Univ. de Chile-Insumos Generales;Avenida La Paz 1000, entrada Urgencias Bodega Insumos Generales;Santiago;Región Metropolitana de Santiago;LQ;Publicada;La Universidad de Chile, para su Hospital Clínico de la Universidad de Chile, en adelante e indistintamente el Hospital Clínico o el HOSPITAL establecimiento docente-asistencial de medicina de alta complejidad, llama a licitación pública para la contratación de servicio mantenimiento preventivo y correctivo del sistema de cámaras de alcantarillas, en adelante, los servicios, la cual se regulará por las presentes Bases.;2025-04-08T12:46:51.833;2025-05-05T15:00:00;2025-10-27T16:00:00;;CLP;0;0
4464-14-LP25;CONVENIO DE OBRAS MENORES DE GASFITERÍA;SERVICIO DE SALUD DEL MAULE HOSPITAL DE CURICO;61.606.903-9;Servicios Generales;;;Región del Maule;LP;Publicada;El Hospital de Curicó necesita licitar un CONVENIO DE OBRAS MENORES DE GASFITERÍA, para el buen fucionamiento de este recinto de salud.;2025-04-08T12:46:22.523;2025-04-21T15:01:00;2025-05-21T16:17:00;;CLP;0;0
1393575-8-LE25;SERVICIO DE ASEO PARA FUNDACIÓN IMAGEN DE CHILE;FUNDACION IMAGEN DE CHILE;65.010.882-5;Dirección de Administración y Control de Gestión;MONJITAS 392 OFICINA 1501;Santiago;Región Metropolitana de Santiago;LE;Publicada;SERVICIO DE ASEO, SANITIZACIÓN, MANTENCIÓN Y AROMATIZACIÓN PARA FUNDACIÓN IMAGEN DE CHILE;2025-04-08T12:45:43.43;2025-04-17T09:10:00;2025-04-24T18:00:00;;CLP;0;0
2307-26-LE25;ADQUISICIÓN DE METFORMINA COMPRIMIDO REQ. 2655;I MUNICIPALIDAD DE OSORNO;69.210.100-6;IMUNI_OSORNO DEPTO SALUD;JUAN MACKENNA # 851;Osorno;Región de los Lagos;LE;Publicada;Se solicita la adquisición de Metformina Comprimido correspondiente a arsenal farmacológico vigente del Departamento de Salud - Ilustre Municipalidad de Osorno, con el fin de dar continuidad en los tratamientos farmacológicos de los usuarios de la Red, según solicitud N2.655;2025-04-08T12:37:15.113;2025-04-14T16:00:00;2025-05-29T17:00:00;28203000;CLP;0;0
948806-22-LP25;ADQUISICIÓN KIT VÁSTAGO CEMENTADO PULIDO HÍBRIDA EN MODALIDAD DE CONSIGNACIÓN EN TRÁNSITO POR SISTEMA DE SUMINISTRO PARA EL HOSPITAL DIPRECA;FONDO HOSPITAL DE LA DIRECCION DE PREVISION DE CARABINEROS DE CHILE;61.513.003-6;Unidad de Compra Insumos en Consignación;Av. Vital Apoquindo N1200;Las Condes;Región Metropolitana de Santiago;LP;Publicada;El Hospital de la Dirección de Previsión de Carabineros de Chile, ubicado en Vital Apoquindo N1.200, Comuna de las Condes, Región Metropolitana, en adelante EL HOSPITAL, llama a Licitación Pública para la Adquisición de Kit Vástago Cementado Pulido (Híbrida) en Modalidad de Consignación en Tránsito, por Sistema de Suministro, en adelante LOS INSUMOS, para un periodo de 36 meses o hasta que se consuma la totalidad del monto contratado, según lo que primero ocurra, para el referido Centro Asistencial, cuyas características y requisitos técnicos constan en las bases administrativas y técnicas de esta licitación con sus respectivos anexos.;2025-04-08T12:45:04.733;2025-04-21T16:00:00;2025-07-21T20:00:00;70000000;CLP;0;0
5751-7-LE25;Contratacion de Suministro para Elaboracion de EMS;SERVICIO DE VIVIENDA Y URBANIZACION DE V;61.818.002-6;Serviu Región de Los Ríos - Valdivia;Av. Alemania 799;Valdivia;Región de Los Ríos;LE;Publicada;CONTRATO DE SUMINISTRO PARA ELABORACIÓN Y ANALISIS DE ESTUDIOS DE MECÁNICA DE SUELOS 2025;2025-04-08T12:37:12.537;2025-04-21T15:30:00;2025-05-21T18:00:00;;CLP;0;0
1080220-4-LE25;ADQ. E INST. DE PISO FLOTANTE Y PUERTAS PARA DIPLA;DIRECCION DE LOGISTICA DE CARABINEROS;60.505.000-K;DEPARTAMENTO INVESTIGACIÓN DESARROLLO E INNOVACIÓN;AV. LIBERTADOR BERNARDO OHIGGINS N 1196,PISO 10;Santiago;Región Metropolitana de Santiago;LE;Publicada;LA NECESIDAD DE CONTRATAR EL SERVICIO DE MANTENIMIENTO Y REPARACIÓN ADQUISICIÓN, INSTALACIÓN Y RETIRO DE PISO FLOTANTE Y PUERTAS INTERIORES PARA LA DIRECCIÓN DE PLANIFCACIÓN Y DESARROLLO DE CARABINEROS DE CHILE. VER ANEXOS ADJUNTOS.;2025-04-08T12:43:15.75;2025-04-21T15:01:00;2025-04-24T10:00:00;;CLP;0;0
2295-51-LP25;CONTRATO DE PROVEEDORES PARA SUMINISTRO DE CARTRIDGES PARA LA DETERMINACIÓN DE ELECTROLITOS Y TROPONINAS EN SANGRE;I MUNICIPALIDAD DE TALCA;69.110.400-1;SECRETARIA COMUNAL DE PLANIFICACION;1 NORTE ENTRE 2 Y 3 ORIENTE NRO 93;Talca;Región del Maule;LP;Publicada;Las presentes bases tienen por objeto reglamentar el CONTRATO DE PROVEEDORES PARA SUMINISTRO DE CARTRIDGES PARA LA DETERMINACIÓN DE ELECTROLITOS Y TROPONINAS EN SANGRE, durante el período de 24 meses, conforme a las exigencias de las Bases, Requerimientos técnicos, Anexos y posibles aclaraciones.;2025-04-08T12:31:45.357;2025-04-30T12:00:00;2025-06-18T15:12:00;;CLP;0;0
2467-38-LP25;SERVICIOS ENLACE DE DATOS INTERNET DEDICADO PARA;I MUNICIPALIDAD DE CHILLAN;69.140.900-7;IMUNI_CHILLAN ADQUISICIONES;18 de Septiembre 510;Chillán;Región del Ñuble;LP;Publicada;La presente licitación tiene por objeto realizar el convenio del CONTRATO DE SUMINISTRO PARA SERVICIOS ENLACE DE DATOS, INTERNET DEDICADO, PARA LA ILUSTRE MUNICIPALIDAD DE CHILLAN, que contemple internet dedicado, soporte de firewall, y administración de redes, con el objetivo de optimizar la conectividad y seguridad entre sus dependencias. La solución debe garantizar alta disponibilidad, seguridad avanzada, y escalabilidad, permitiendo una comunicación eficiente entre funcionarios y usuarios finales, según especificaciones técnicas.;2025-04-08T12:32:49.673;2025-04-28T15:02:00;2025-06-30T15:03:00;;CLP;0;0
2282-49-LQ25;Mantención sector Andenes Estación de Trenes Vald;I MUNICIPALIDAD VALDIVIA;69.200.100-1;SECRETARIA PLANIFICACION MUNICIPAL;ARAUCO 642/ Liceo Santa María;Valdivia;Región de Los Ríos;LQ;Publicada;Mantención sector Andenes Estación de Trenes, Valdivia, Propuesta Pública 20-2025;2025-04-08T12:36:46.977;2025-04-30T11:00:00;2025-05-30T17:00:00;139904100;CLP;0;0
507428-59-LE25;ADQUISICIÓN EQUIPOS POSTA CHAULINEC;SERVICIO DE SALUD CHILOE;61.979.210-6;Servicio de Salud Chiloé;Avda. Bernardo O'Higgins 504, Castro;Castro;Región de los Lagos;LE;Publicada;Que, es necesario adquirir equipos para Posta de Salud Rural Chaulinec, según la planilla de habilitación del proyecto.;2025-04-08T12:42:22.567;2025-04-21T17:00:00;2025-05-22T17:00:00;;CLP;0;0
4190-14-LE25;Productora Eventos Encuentro Artístico y Cultural;I MUNICIPALIDAD DE CALDERA;69.030.300-0;Adquisiciones;Cousiño 395;Caldera;Región de Atacama;LE;Publicada;Servicio de Productora de Eventos para Actividad Encuentro Artístico y Cultural y Formación Artística en la comuna de Caldera 2025;2025-04-08T12:35:28.247;2025-04-16T10:00:00;2025-04-21T15:00:00;7500000;CLP;0;0
1658-147-L125;S21-25/ASEO/ DPTO. ASEO-PARQUE AUTOMOTRIZ/ ADQUISICIÓN DE TAMBORES DE ACEITE HIDRAULICO , SEGÚN ESPECIFICACIONES TÉCNICAS ADJUNTAS;I MUNICIPALIDAD DE TEMUCO;69.190.700-7;I MUNICIPALIDAD DE TEMUCO;CALLE IMPERIAL 40;Temuco;Región de la Araucanía;L1;Publicada;ADQUISICIÓN DE TAMBORES DE ACEITE HIDRAULICO, SEGÚN ESPECIFICACIONES TÉCNICAS ADJUNTAS;2025-04-08T12:30:44.607;2025-04-15T17:00:00;2025-04-30T17:00:00;6720000;CLP;0;0
3602-2-LE25;Laboratorio Dental;I MUNICIPALIDAD DE PAPUDO;69.050.300-K;Municipalidad de Papudo - Salud;Calle Chorrillos N 09;Papudo;Región de Valparaíso;LE;Publicada;Convenio de Suministro de Servicio de Laboratorio Dental para el Depto de Salud Papudo.;2025-04-08T12:29:41.207;2025-04-22T11:23:00;2025-05-15T17:24:00;;CLP;0;0
1003473-138-LP24;CONTRATO DE SUMINISTRO DE KIT DE AMPLIFICACIÓN VPH CON EQUIPO EN ARRIENDO PARA EL LABORATORIO CLÍNICO DEL HOSPITAL SAN JUAN DE DIOS DE CURICO;SERVICIO DE SALUD DEL MAULE HOSPITAL DE CURICO;61.606.903-9;INSUMOS CLINICOS;CHACABUCO 121 CURICO;Curicó;Región del Maule;LP;Publicada;Las presentes Bases de Licitación Pública tienen la finalidad de celebrar un CONTRATO DE SUMINISTRO DE KIT DE AMPLIFICACIÓN (VPH) CON EQUIPO EN COMODATO PARA EL LABORATORIO CLÍNICO DEL HOSPITAL SAN JUAN DE DIOS DE CURICO por un periodo de 24 meses, para satisfacer de manera adecuada y eficiente la labor asistencial del Hospital San Juan de Dios de Curicó.;2025-04-08T12:22:17.337;2025-04-28T15:01:00;2025-05-28T17:00:00;;CLP;0;0
1191449-7-LE25;PROVISIÓN INSTALACIÓN Y MANT DE EQUIPOS ACCESO;SERVICIO NACIONAL DEL PATRIMONIO CULTURAL;60.905.006-3;SUBDIRECCIÓN ARCHIVO NACIONAL DOS;Miraflores 50;Santiago;Región Metropolitana de Santiago;LE;Publicada;SERVICIO DE PROVISIÓN, INSTALACIÓN Y MANTENCION DE EQUIPOS DE CONTROL DE ACCESO PARA EL ARCHIVO NACIONAL HISTORICO;2025-04-08T12:15:51.347;2025-04-21T18:00:00;2025-04-28T20:00:00;9800000;CLP;0;0
1305552-4-LE25;SERVICIO ASISTENCIA TÉCNICA EN PROCESOS Y SOFTWARE;SERVICIO LOCAL DE EDUCACIÓN PÚBLICA TAMARUGAL;61.981.030-9;COMPRAS Y LICITACIONES;AVENIDA COMERCIO # 203;Pozo Almonte;Región de Tarapacá;LE;Publicada;El Servicio Local de Educación Pública del Tamarugal, requiere realizar la CONTRATACIÓN DE SERVICIOS DE SOPORTE TECNICO O TECNOLOGIAS DE LA INFORMACION EN PROCESOS DE SOFTWARES Y SISTEMAS PARA EL SERVICIO LOCAL DE EDUCACIÓN PÚBLICA DEL TAMARUGAL, para el año 2025, por un período de 10 meses. El servicio consiste en la contratación de un soporte técnico o tecnologías de la información, ya sea de una persona natural o jurídica, que cuente con las habilidades necesarias para desarrollo web y soporte a las funciones ofimáticas del Servicio.;2025-04-08T12:08:50.043;2025-04-21T16:00:00;2025-05-07T17:00:00;;CLP;0;0
2069-62-LR25;CGM SUMINISTRO DE INSUMOS COLUMNA DEGENERATIVA;SERVICIO DE SALUD METROPOLITANO SUR HOSP;61.608.101-2;HOSPITAL BARROS LUCO TRUDEAU;Gran Avenida 3204;San Miguel;Región Metropolitana de Santiago;LR;Publicada;El objetivo de la presente licitación es contratar durante 12 doce meses el SUMINISTRO DE INSUMOS PARA CIRUGIA DE COLUMNA DEGENERATIVA PARA EL HOSPITAL BARROS LUCO TRUDEAU, con las características que se señalan en las Bases Técnicas, respecto a los procedimientos, términos y exigencias del suministro de los productos solicitados, que apoyen el correcto funcionamiento de este servicio y con esto responder a las necesidades del Hospital Barros Luco Trudeau. Que, además para los fines precedentes, el los proveedor es que contraten, serán responsables de cumplir estricta y cabalmente con los requerimientos y especificaciones consagrados en los documentos de la presente licitación. Sin perjuicio de lo anterior, el suministro a contratar deberá permitir la opción de ser ampliado o reducido, de acuerdo a las necesidades del Hospital, en consideración a la demanda variable del establecimiento.;2025-04-08T12:06:21.38;2025-05-09T16:00:00;2025-08-05T18:00:00;647979276;CLP;0;0
769-46-LQ25;AT. ODONTOLOGICA MUJERES-HOMBRES TOCOPILLA PP. 28;SERVICIO DE SALUD ANTOFAGASTA DIRECCION;61.606.200-k;SERVICIO DE SALUD ANTOFAGASTA DIRECCION;Bolivar 523, Antofagasta;Antofagasta;Región de Antofagasta;LQ;Publicada;La presente licitación tiene por objetivo contratar los servicios odontológicos para la ejecución del Programa ESTRATEGIAS DE SALUD BUCAL en sus componentes: GES 60 AÑOS, ATENCIÓN ODONTOLÓGICA INTEGRAL A MUJERES Y HOMBRES DE 20 AÑOS O MÁS, TOCOPILLA 2025, con la finalidad de otorgar las prestaciones definidas en las especificaciones técnicas adjuntas a estas bases como: -ALTA ODONTOLÓGICA INTEGRAL EN ADULTO 60 AÑOS Beneficiarios de FONASA yo PRAIS en cantidad de 40. -ALTA ODONTOLÓGICA INTEGRAL A MUJERES, de 20 años y más Beneficiarias de FONASA yo PRAIS en cantidad de 208 altas sin prótesis y 200 altas con prótesis. -ALTA ODONTOLÓGICA INTEGRAL DE HOMBRES, de 20 años y más Beneficiarios de FONASA yo PRAIS en cantidad de 138 altas sin prótesis y 110 altas con prótesis. Toda persona de 60 años, 11 meses y 29 días de edad, beneficiario FONASA o PRAIS, tendrá acceso a tratamiento el cual debe iniciarse dentro de 90 días desde la solicitud de atención, la que debe realizarse mientras la persona tenga 60 años.;2025-04-08T12:03:28.5;2025-04-28T15:01:00;2025-05-19T12:00:00;;CLP;0;0
1150-1-LP25;SERVICIO DE ORGANIZACIÓN DE TALLERES PARA SERVICIOS SANITARIOS RURALES REGIÓN METROPOLITANA 2025;MINISTERIO DE OBRAS PUBLICAS DIREC CION GRAL DE OO PP DCYF;61.202.000-0;Dirección de Obras Hidráulicas - R.M.;Bandera 84 Piso 6;Santiago Centro;Región Metropolitana de Santiago;LP;Publicada;SERVICIO DE ORGANIZACIÓN DE TALLERES PARA SERVICIOS SANITARIOS RURALES REGIÓN METROPOLITANA 2025 - SAFI 411.627;2025-04-08T11:59:35.84;2025-04-23T11:00:00;2025-05-15T17:00:00;100000000;CLP;0;0
4139-9-LE25;TERCER LLAMADO CONTRATO DE SUMINISTRO REPARACION Y MANTENCION VEHICULOS MUNICIPALES 2025;I MUNICIPALIDAD DE PALMILLA;69.091.000-4;Adquisiciones;Juan Guillermo Day S/N;Palmilla;Región del Libertador General Bernardo OHiggins;LE;Publicada;SE REQUIERE CONTRATACION DE REPARACION Y MANTENCION DE VEHICULOS MUNICIPALES;2025-04-08T11:59:05.13;2025-04-15T14:27:00;2025-04-17T14:28:00;;CLP;0;0
5586-46-LE25;BR SERVICIO DE ARRIENDO DE SALÓN INCLUYE ALIMENTACIÓN;UNIVERSIDAD DE LA FRONTERA;87.912.900-1;Universidad de la Frontera;AVENIDA FRANCISCO SALAZAR 1145;Temuco;Región de la Araucanía;LE;Publicada;SERVICIO DE ARRIENDO DE SALÓN, INCLUYE ALIMENTACIÓN, DE ACUERDO A REQUERIMIENTO ADJUNTO;2025-04-08T11:57:51.14;2025-04-17T09:00:00;2025-05-02T17:00:00;;CLP;0;0
1058095-66-LE25;REPOSICIÓN MEDICAMENTOS PARA 3 MESES 20;COMPLEJO ASISTENCIAL DR. SOTERO DEL RIO;61.608.502-6;Fármarcos;CONCHA Y TORO 3459;Puente Alto;Región Metropolitana de Santiago;LE;Publicada;COTIZAR: PRECIOS UNITARIOS NETOS, SOLO COTIZAR PRODUCTOS CON STOCK PARA DESPACHO INMEDIATO, Y CON VENCIMIENTO MAYOR A 12 MESES, INDICAR FACTOR EMPAQUE EN CADA LÍNEA COTIZADA E INDICAR EL NOMBRE DE LA MARCA OFERTADA.;2025-04-08T11:54:39.833;2025-04-14T15:01:00;2025-04-30T17:29:00;;CLP;0;0
1058095-63-LE25;REPOSICIÓN MEDICAMENTOS PARA 3 MESES 17;COMPLEJO ASISTENCIAL DR. SOTERO DEL RIO;61.608.502-6;Fármarcos;CONCHA Y TORO 3459;Puente Alto;Región Metropolitana de Santiago;LE;Publicada;COTIZAR: PRECIOS UNITARIOS NETOS, SOLO COTIZAR PRODUCTOS CON STOCK PARA DESPACHO INMEDIATO, Y CON VENCIMIENTO MAYOR A 12 MESES, INDICAR FACTOR EMPAQUE EN CADA LÍNEA COTIZADA E INDICAR EL NOMBRE DE LA MARCA OFERTADA.;2025-04-08T11:54:18.317;2025-04-14T15:03:00;2025-04-30T15:04:00;;CLP;0;0
1058095-61-LE25;REPOSICIÓN MEDICAMENTOS PARA 3 MESES 15;COMPLEJO ASISTENCIAL DR. SOTERO DEL RIO;61.608.502-6;Fármarcos;CONCHA Y TORO 3459;Puente Alto;Región Metropolitana de Santiago;LE;Publicada;COTIZAR: PRECIOS UNITARIOS NETOS, SOLO COTIZAR PRODUCTOS CON STOCK PARA DESPACHO INMEDIATO, Y CON VENCIMIENTO MAYOR A 12 MESES, INDICAR FACTOR EMPAQUE EN CADA LÍNEA COTIZADA E INDICAR EL NOMBRE DE LA MARCA OFERTADA.;2025-04-08T11:52:48.2;2025-04-14T15:01:00;2025-04-30T15:09:00;;CLP;0;0
2295-48-LP25;Mejoramiento Iluminación Cancha de Fútbol Club Deportivo Panguilemo Talca Código BIP N40.053.126-0;I MUNICIPALIDAD DE TALCA;69.110.400-1;SECRETARIA COMUNAL DE PLANIFICACION;Edificio Don Ambrosio N1247, 2 Oriente Talca;Talca;Región del Maule;LP;Publicada;Mejoramiento Iluminación Cancha de Fútbol Club Deportivo Panguilemo, Talca. Código BIP N40.053.126-0;2025-04-08T11:51:40.66;2025-04-29T11:00:00;2025-07-29T18:00:00;120624000;CLP;0;0
737-2-LQ25;SERVICIOS PDTI GRAL LAGOS;INSTITUTO DE DESARROLLO AGROPECUARIO;61.307.000-1;Unidad de Compra Región de Arica Parinacota;Andrés Bello Nro. 1593, Población Magisterio;Arica;Región de Arica y Parinacota;LQ;Publicada;SERVICIOS DE UNA ENTIDAD EJECUTORA PRIVADA PARA LA EJECUCIÓN DE PROGRAMA DE DESARROLLO TERRITORIAL INDÍGENA, INDAP-CONADI PDTI, EN LA COMUNA DE GENERAL;2025-04-08T11:51:19.667;2025-04-29T15:30:00;2025-05-13T18:00:00;198553358;CLP;0;0
1058095-55-LE25;REPOSICIÓN MEDICAMENTOS PARA 3 MESES 9;COMPLEJO ASISTENCIAL DR. SOTERO DEL RIO;61.608.502-6;Fármarcos;CONCHA Y TORO 3459;Puente Alto;Región Metropolitana de Santiago;LE;Publicada;COTIZAR: PRECIOS UNITARIOS NETOS, SOLO COTIZAR PRODUCTOS CON STOCK PARA DESPACHO INMEDIATO, Y CON VENCIMIENTO MAYOR A 12 MESES, INDICAR FACTOR EMPAQUE EN CADA LÍNEA COTIZADA E INDICAR EL NOMBRE DE LA MARCA OFERTADA.;2025-04-08T11:51:04.387;2025-04-14T15:01:00;2025-04-30T18:46:00;;CLP;0;0
1106-5-LE25;Servicio de Arriendo Camión Regador de Asfalto;MINISTERIO DE OBRAS PUBLICAS DIREC CION GRAL DE OO PP DCYF;61.202.000-0;Dirección de Vialidad - RM - Dirección Regional;Bombero Salas 1351 piso 1;Santiago Centro;Región Metropolitana de Santiago;LE;Publicada;La Dirección de Vialidad Región Metropolitana, solicita ofertas para la contratación del Servicio de Arriendo de Camión Regador de Asfalto, para ser utilizado en operaciones que se ejecutan en la Red Vial de Caminos de Conservación y Administración Directa, de la Dirección de Vialidad Región Metropolitana, por una cantidad de 70 horas, conforme a los requerimientos administrativos y técnicos descritos en las presentes Bases de Licitación.;2025-04-08T11:51:00;2025-04-14T20:00:00;2025-05-05T10:04:00;;CLP;0;0
1058095-54-LE25;REPOSICIÓN MEDICAMENTOS PARA 3 MESES 8;COMPLEJO ASISTENCIAL DR. SOTERO DEL RIO;61.608.502-6;Fármarcos;CONCHA Y TORO 3459;Puente Alto;Región Metropolitana de Santiago;LE;Publicada;COTIZAR: PRECIOS UNITARIOS NETOS, SOLO COTIZAR PRODUCTOS CON STOCK PARA DESPACHO INMEDIATO, Y CON VENCIMIENTO MAYOR A 12 MESES, INDICAR FACTOR EMPAQUE EN CADA LÍNEA COTIZADA E INDICAR EL NOMBRE DE LA MARCA OFERTADA.;2025-04-08T11:50:12.277;2025-04-14T15:01:00;2025-04-30T15:11:00;;CLP;0;0
2661-15-LP25;REPARACIÓN DE DIVERSAS CALLES DE PUERTO NATALES;ILUSTRE MUNICIPALIDAD DE NATALES;69.250.100-4;SECRETARIA DE PLANIFICACION;CARLOS BORIES 398;Puerto Natales;Región de Magallanes y de la Antártica;LP;Publicada;SE CONTEMPLA LA REPARACIÓN DE DIVERSAS CALLES DE PUERTO NATALES;2025-04-08T11:49:40.017;2025-04-29T12:00:00;2025-05-27T17:00:00;93378018;CLP;0;0
1058095-53-LE25;REPOSICIÓN MEDICAMENTOS PARA 3 MESES 7;COMPLEJO ASISTENCIAL DR. SOTERO DEL RIO;61.608.502-6;Fármarcos;CONCHA Y TORO 3459;Puente Alto;Región Metropolitana de Santiago;LE;Publicada;COTIZAR: PRECIOS UNITARIOS NETOS, SOLO COTIZAR PRODUCTOS CON STOCK PARA DESPACHO INMEDIATO, Y CON VENCIMIENTO MAYOR A 12 MESES, INDICAR FACTOR EMPAQUE EN CADA LÍNEA COTIZADA E INDICAR EL NOMBRE DE LA MARCA OFERTADA.;2025-04-08T11:49:21.547;2025-04-14T15:01:00;2025-04-30T17:29:00;;CLP;0;0
618641-6-LE25;ADQUISICION DE EQUIPOS PARA TEATRO MUNICIPAL;I MUNICIPALIDAD DE CASABLANCA;69.061.400-6;CENTRO CULTURAL;AVDA. CONSTITUCION N 111;Casablanca;Región de Valparaíso;LE;Publicada;La necesidad de contar con renovación de equipos de sonido, iluminación y electricidad, para el reemplazo de los equipos existentes que se encuentran deteriorados ya que tienen un promedio de 10 años de uso. El teatro municipal requiere entregar un servicio de calidad, compromiso plasmado en el Plan Municipal Cultural PMC aprobado por el H. Concejo Municipal.;2025-04-08T11:48:58.227;2025-04-22T15:05:00;2025-05-07T18:00:00;;CLP;0;0
1058095-51-LE25;REPOSICIÓN MEDICAMENTOS PARA 3 MESES 5;COMPLEJO ASISTENCIAL DR. SOTERO DEL RIO;61.608.502-6;Fármarcos;CONCHA Y TORO 3459;Puente Alto;Región Metropolitana de Santiago;LE;Publicada;COTIZAR: PRECIOS UNITARIOS NETOS, SOLO COTIZAR PRODUCTOS CON STOCK PARA DESPACHO INMEDIATO, Y CON VENCIMIENTO MAYOR A 12 MESES, INDICAR FACTOR EMPAQUE EN CADA LÍNEA COTIZADA E INDICAR EL NOMBRE DE LA MARCA OFERTADA.;2025-04-08T11:47:31.29;2025-04-14T15:01:00;2025-04-30T18:41:00;;CLP;0;0
1058095-52-LE25;REPOSICIÓN MEDICAMENTOS PARA 3 MESES 6;COMPLEJO ASISTENCIAL DR. SOTERO DEL RIO;61.608.502-6;Fármarcos;CONCHA Y TORO 3459;Puente Alto;Región Metropolitana de Santiago;LE;Publicada;COTIZAR: PRECIOS UNITARIOS NETOS, SOLO COTIZAR PRODUCTOS CON STOCK PARA DESPACHO INMEDIATO, Y CON VENCIMIENTO MAYOR A 12 MESES, INDICAR FACTOR EMPAQUE EN CADA LÍNEA COTIZADA E INDICAR EL NOMBRE DE LA MARCA OFERTADA.;2025-04-08T11:48:16.86;2025-04-14T15:01:00;2025-04-30T16:15:00;;CLP;0;0
1058095-48-LE25;REPOSICIÓN MEDICAMENTOS PARA 3 MESES 2;COMPLEJO ASISTENCIAL DR. SOTERO DEL RIO;61.608.502-6;Fármarcos;CONCHA Y TORO 3459;Puente Alto;Región Metropolitana de Santiago;LE;Publicada;COTIZAR: PRECIOS UNITARIOS NETOS, SOLO COTIZAR PRODUCTOS CON STOCK PARA DESPACHO INMEDIATO, Y CON VENCIMIENTO MAYOR A 12 MESES, INDICAR FACTOR EMPAQUE EN CADA LÍNEA COTIZADA E INDICAR EL NOMBRE DE LA MARCA OFERTADA.;2025-04-08T11:46:08.73;2025-04-14T15:07:00;2025-04-30T15:08:00;;CLP;0;0
2153-8-LE25;Cortinas con rieles de separación en salas;Hospital Sanatorio San José de Maipo;61.608.503-4;Hospital Sanatorio San José de Maipo;Camino al Sanatorio S/N;San José de Maipo;Región Metropolitana de Santiago;LE;Publicada;La presente licitación tiene como objetivo la contratación de la oferta más conveniente para que abastezca de Cortinas con rieles de separación en Urgencias área de reanimación, área Box, área observaciones, área clínica, área de procedimientos y curaciones;2025-04-08T11:43:56.157;2025-04-21T15:04:00;2025-05-19T15:06:00;;CLP;0;0
593951-10-L125;Certificados de Firma electrónica Avanzada (FEA) y Dispositivo criptográfico Token USB (tipo A o tipo B);FUNDACION EDUCACIONAL PARA EL DESAROLLO INTEGRAL DE LA NIÑEZ;70.574.900-0;Departamento de Abastecimiento de Fundación Integra;Alonso Ovalle #1180;Santiago;Región Metropolitana de Santiago;L1;Publicada;Esta licitación tiene como finalidad abastecer de firma electrónica avanzada a personas de la Fundación.;2025-04-08T11:43:12.783;2025-04-16T15:00:00;2025-04-25T18:00:00;5658000;CLP;0;0
3691-14-LP25;Servicio de transporte escolar año 2025;I MUNICIPALIDAD DE LAS CABRAS;69.080.800-5;Educación;;;Región del Libertador General Bernardo OHiggins;LP;Publicada;El Departamento de Administración de Educación Municipal e la comuna de Las Cabras requiere efectuar llamado a licitación pública para la contratación de transporte escolar para el traslado de alumnos de los diferentes sectores de la comuna hacía su respectivo establecimiento de educacional.;2025-04-08T11:42:03.117;2025-04-21T15:30:00;2025-05-21T15:30:00;112000000;CLP;0;0
4290-51-LE25;Adq. e inst. Data Center Municipalidad de Limache0;I MUNICIPALIDAD DE LIMACHE;69.061.100-7;Secpla - MUNICIPALIDAD LIMACHE;Palmira Romano Sur N 340;Limache;Región de Valparaíso;LE;Publicada;Adquisición e instalación de data center en dependencia de Municipalidad de Limache.;2025-04-08T11:39:52.453;2025-04-22T12:00:00;2025-05-16T17:00:00;;CLP;0;0
1514-44-LP25;Convenio de Suministro de Insumos Para Cirugías de Cadera y Rodilla;SERVICIO DE SALUD CHILOE;61.602.275-k;Hospital de Castro;Ramón Freire 852;Castro;Región de los Lagos;LP;Publicada;Que, en virtud de lo señalado en el considerando anterior, el Hospital de Castro requiere realizar Licitación Pública para establecer Convenio de Suministro de Insumos Para Cirugías de Cadera y Rodilla, para el normal funcionamiento del Hospital de Castro.;2025-04-08T11:37:45.377;2025-04-21T15:01:00;2025-06-20T17:30:00;;CLP;0;0
1030-11-LE25;Repuestos y accesorios para camión salero;MINISTERIO DE OBRAS PUBLICAS DIREC CION GRAL DE OO PP DCYF;61.202.000-0;Dirección de Vialidad - XII Región - Provincia U. Esperanza;;;Región de Magallanes y de la Antártica;LE;Publicada;Comprende la adquisición de Repuestos y accesorios para camión salero M.Benz, Perteneciente a la Provincia de Última esperanza, Región de Magallanes y de la Antártica Chilena.;2025-04-08T11:38:57.01;2025-04-14T15:01:00;2025-04-16T15:33:00;;CLP;0;0
2743-22-LE25;ADQUISICIÓN DE VEHICULO PARA SEGURIDAD PUBLICA MUNICIPALIDAD DE ANGOL;I MUNICIPALIDAD DE ANGOL;69.180.100-4;SECPLA;Pedro Aguirre Cerda N 509;Angol;Región de la Araucanía;LE;Publicada;La Municipalidad de Angol invita a los oferentes del rubro de venta de vehículos, para ofertar en la propuesta pública ADQUISICIÓN DE VEHICULO PARA SEGURIDAD PUBLICA, MUNICIPALIDAD DE ANGOL, conforme a las exigencias de las presentes bases, aclaraciones o modificaciones a las mismas, Especificaciones Técnicas y cumpliendo además con la reglamentación vigente respecto de las compras públicas y el uso del portal www.mercadopublico.cl.;2025-04-08T11:34:57.803;2025-04-24T14:00:00;2025-05-13T17:29:00;;CLP;0;0
2295-49-LP25;CONTRATACIÓN SERVICIO DE ARRIENDO DE BUSES CON CHOFER Y COMBUSTIBLE INCLUIDO PARA ACTIVIDAD MUNICIPAL TALCA VIAJA CONTIGO;I MUNICIPALIDAD DE TALCA;69.110.400-1;SECRETARIA COMUNAL DE PLANIFICACION;Edificio Don Ambrosio N1247, 2 Oriente Talca;Talca;Región del Maule;LP;Publicada;Las presentes bases tienen por objeto reglamentar, la Contratación Servicio de Arriendo de Buses con chofer y combustible para la actividad municipal Talca Viaja Contigo, según detalles contenidos en los Requerimientos;2025-04-08T11:25:41.623;2025-04-23T12:00:00;2025-05-16T17:00:00;;CLP;0;0
1057501-27-LQ25;CONVENIO TORULAS BIOLUMINISCENCIA CON COMODATO;COMPLEJO ASISTENCIAL DR. SOTERO DEL RIO;61.608.502-6;COMPLEJO ASISTENCIAL DR. SOTERO DEL RIO;Avenida Melchor Concha y Toro 3459, Puente Alto;Puente Alto;Región Metropolitana de Santiago;LQ;Publicada;DAR CONTINUIDAD A LA ATENCION DE PACIENTES;2025-04-08T11:20:56.28;2025-04-28T15:30:00;2025-06-27T17:31:00;;CLP;0;0
3730-37-L125;ADQUISICION DE IMPLEMENTACION DEPORTIVA Y MODULO DE TEATRO DE TITERES;I MUNICIPALIDAD DE CHIMBARONGO;69.090.300-8;Adquisiciones Obras;CHIMBARONGO, VALENTIN LETELIER ESTADIO 72283965;Chimbarongo;Región del Libertador General Bernardo OHiggins;L1;Publicada;SE REQUIERE LA ADQUISICION DE IMPLEMENTOS DEPORTIVOS Y MODULO DE TEATRO, SEGUN ESPECIFICACIONES TECNICAS ADJUNTAS A REVISAR Y CUMPLIR EN ANEXO ADJUNTO, CON DESPACHO A BODEGA,;2025-04-08T11:20:12.31;2025-04-14T15:00:00;2025-05-05T13:47:00;768166;CLP;0;0
2310-8-LE25;SUMINISTRO DE FOTOCOPIADO -DAEM;ILUSTRE MUNICIPALIDAD DE MOLINA;69.110.100-2;Dirección Comunal De Educación;MAIPU N1846;Molina;Región del Maule;LE;Publicada;CONTRATO DE SUMINISTRO DE FOTOCOPIADO, MANTENCION, SCANNER PARA ESCUELAS PUBLICAS, JARDINES INFANTILESVTF Y EDIFICIO DAEM, COMUNA DE MOLINA-2025;2025-04-08T11:25:37.117;2025-04-17T16:40:00;2025-04-21T16:41:00;;CLP;0;0
634-61-LP25;SERVICIO DE RADIOTAXI;DIRECCION GENERAL DE GENDARMERIA DE CHIL;61.004.000-4;Dirección Nacional;COMPAÑÍA N1048- piso 10;Santiago;Región Metropolitana de Santiago;LP;Publicada;DISPONE LLAMADO A LICITACIÓN PÚBLICA Y APRUEBA BASES ADMINISTRATIVAS, TÉCNICAS Y FORMULARIOS DESTINADOS A LA CONTRATACION DEL SERVICIO DE RADIOTAXI PARA LA DIRECCIÓN NACIONAL Y DEPARTAMENTO DE BIENESTAR SOCIAL Y CALIDAD DE VIDA, POR UN PERIODO DE 24 MESES. MONTO DE 91.200.000.;2025-04-08T11:25:00;2025-04-30T16:00:00;2025-06-19T18:40:00;;CLP;0;0
1079694-10-LE25;ADQUISICIÓN DE BATERÍAS PARA VEHÍCULOS;DIRECCION DE LOGISTICA DE CARABINEROS;60.505.523-0;SECCIÓN COMPRAS ZONA DE CARABINEROS DE LOS RIOS;BEAUCHEF N 1025, VALDIVIA XIV;Valdivia;Región de Los Ríos;LE;Publicada;Adquisición de baterías destinadas al parque vehicular de la Zona de Carabineros de Los Ríos, con la finalidad de mantener los vehículos en óptimas condiciones de operatividad para el desarrollo de los servicios policiales.-;2025-04-08T11:17:48.543;2025-04-21T15:01:00;2025-05-02T18:00:00;12100000;CLP;0;0
552975-21-LE25;SERVICIO DE TRANSPORTE VISITAS PEDAGÓGICAS 2025;CORP DE DESARROLLO SOCIAL DE PROVIDENCIA;69.070.301-7;CDSP;Av. Eliodoro Yáñez 1947;Providencia;Región Metropolitana de Santiago;LE;Publicada;La Corporación de Desarrollo Social de Providencia, en adelante la Corporación, llama a licitación pública para el SERVICIO DE TRANSPORTE PARA VISITAS PEDAGÓGICAS AÑO 2025 DE LA CDS el cual tiene por objetivo la contratación de un proveedor que transporte a los estudiantes de los establecimientos educacionales a salidas pedagógicas, garantizando la seguridad, comodidad y eficiencia de dichas visitas educativas.;2025-04-08T11:17:08.603;2025-04-21T16:00:00;2025-05-21T17:00:00;;CLP;0;0
1162-5-LE25;ADQUISICION DE KITS ELISAS PARA LABORATORIO SAG;SERVICIO AGRICOLA Y GANADERO;61.308.000-7;SAG - Magallanes;Bulnes 0309 piso 3;Punta Arenas;Región de Magallanes y de la Antártica;LE;Publicada;Adquisición de KITS ELISAS para el Laboratorio de Diagnostico Regional SAG en la Región de Magallanes y Antártica Chilena;2025-04-08T11:13:54.647;2025-04-21T15:01:00;2025-04-29T18:49:00;;CLP;0;0
3671-25-LE25;SUMINISTRO MANTENCION Y LAVADO DE VEHÍCULOS MENORES Y MAYORES;ILUSTRE MUNICIPALIDAD DE CHILLAN VIEJO;69.266.500-7;Secplan;Ignacio Serrano N 300;Chillán Viejo;Región del Ñuble;LE;Publicada;La presente licitación tiene como finalidad dar continuidad al requerimiento para que los vehículos livianos y pesados del Municipio se mantengan en condiciones óptimas, y permitan cumplir labores diarias y pro de la comunidad. Se busca lograr la mejor oferta posible con los recursos disponibles por la municipalidad, según las bases administrativas y técnicas que en adelante se describen.;2025-04-08T11:11:46.363;2025-04-21T15:30:00;2025-07-21T17:00:00;24000000;CLP;0;0
2308-35-LE25;ADQUISICIÓN DE UN DRON Y UNA ESTACIÓN MÓVIL;I MUNICIPALIDAD DE OSORNO;69.210.100-6;SECRETARIA DE PLANIFICACION;AVDA. JUAN MACKENNA N851, Bodega Subsuelo;Osorno;Región de los Lagos;LE;Publicada;La iniciativa comprende la adquisición de un Dron y una estación móvil D-RTK 2 para la fiscalización ambiental en materia de proyectos de extracción de áridos, humedales y patrimonio ambiental existente en la comuna, el cual se deberá ejecutar conforme a los requerimientos establecidos en las presentes bases administrativas y especificaciones técnicas adjuntas.;2025-04-08T11:09:41.22;2025-04-21T15:05:00;2025-05-22T16:00:00;;CLP;0;0
4086-28-LE25;MEJORAMIENTO POSTA ASTILLEROS;I MUNICIPALIDAD DE MAULLIN;69.220.500-6;Administracion y Finanzas;Bernardo O'Higgins 641;Maullín;Región de los Lagos;LE;Publicada;MEJORAMIENTO POSTA ASTILLEROS;2025-04-08T11:05:00;2025-04-25T12:00:00;2025-05-29T12:17:00;61396030;CLP;0;0
2310-7-LE25;SUMINISTRO DE LIMPIA FOSAS DAEM;ILUSTRE MUNICIPALIDAD DE MOLINA;69.110.100-2;Dirección Comunal De Educación;MAIPU N1846;Molina;Región del Maule;LE;Publicada;SUMINISTRO DE LIMPIA FOSAS PARA UNIDADES EDUCATIVAS Y JARDINES INFANTILES VTF DAEM;2025-04-08T11:04:05.64;2025-04-17T09:00:00;2025-04-22T15:32:00;;CLP;0;0
2467-37-LE25;ADQUISICION DE CAMARAS DE SEGURIDAD PARA RECAMBIO;I MUNICIPALIDAD DE CHILLAN;69.140.900-7;IMUNI_CHILLAN ADQUISICIONES;18 de Septiembre 510;Chillán;Región del Ñuble;LE;Publicada;La I. Municipalidad de Chillán, requiere la adquisición equipamiento para la instalación de cámaras de seguridad para recambio en diferentes sectores de la cuidad de Chillán, de acuerdo a bases técnicas adjuntas.;2025-04-08T11:01:54.773;2025-04-21T15:32:00;2025-05-30T15:33:00;31400000;CLP;0;0
2952-6-LE25;MATERIALES E INSUMOS PARA MANTENIMIENTO;DIRECCION DE ABASTECIMIENTO DE LA ARMADA;61.102.074-0;ARSENAL NAVAL TALCAHUANO;Avda. Jorge Montt S/N;Talcahuano;Región del Biobío;LE;Publicada;LA NECESIDAD DE ADQUIRIR MATERIALES E INSUMOS PARA MANTENIMIENTO SEGÚN ANEXO A ADJUNTO.;2025-04-08T10:56:38.85;2025-04-14T15:00:00;2025-04-30T17:00:00;8800000;CLP;0;0
4284-69-L125;ALIMENTOS PARA ACTIVIDAD OFICINA LOCAL DE LA NIÑEZ;I MUNICIPALIDAD DE CUNCO;69.191.000-8;Municipalidad de Cunco;Pedro Aguirre Cerda N 600;Cunco;Región de la Araucanía;L1;Publicada;La municipalidad de Cunco necesita adquirir alimentos para actividad de consejo consultivo de niños, niñas y adolescentes de la ComunaOLN, de acuerdo a bases administrativas.;2025-04-08T10:54:46.073;2025-04-14T16:00:00;2025-04-21T10:00:00;150000;CLP;0;0
3968-28-LE25;MOVILIZACION CECI LOS AROMITOS;I MUNICIPALIDAD DE HUALANE;69.100.600-K;Depto. Educacion Municipal;Avenida 11 De Septiembre s/n;Hualañé;Región del Maule;LE;Publicada;El Departamento de Educación Municipal de Hualañé requiere el servicio de transporte para el traslado de Párvulos del Ceci los Aromitos de Barba rubia desde sus hogares hasta el establecimiento y viceversa, desde el 02 de mayo hasta el 31 de diciembre del 2025.;2025-04-08T10:51:02.707;2025-04-16T15:00:00;2025-04-24T16:00:00;;CLP;0;0
3929-29-LP25;DISEÑO Y EJECUCIÓN ÁREA VERDE SECTOR BELLAVISTA BAJO DESLINDE SUR CAMPAMENTO MANUEL BUSTOS;I MUNICIPALIDAD DE VINA DEL MAR;69.061.000-0;Secpla;;;Región de Valparaíso;LP;Publicada;Las presentes bases norman el proceso de la propuesta pública que efectúa el llamado para la licitación denominada Diseño y Ejecución Área verde Sector Bellavista Bajo Deslinde Sur, Campamento Manuel Bustos..;2025-04-08T10:49:25.89;2025-04-30T09:00:00;2025-07-29T09:00:00;130000000;CLP;0;0
2099-21-LE25;ADQ. REACTIVOS E INSUMOS TOXINAS MARINAS XII REGIO;SUBSECRETARIA DE SALUD PUBLICA;61.601.000-K;Seremi de Salud de XII Región;AV. BULNES N 0136;Punta Arenas;Región de Magallanes y de la Antártica;LE;Publicada;La Seremi de Salud de Magallanes requiere adquirir reactivos e insumos para el Área de Toxinas Marinas del Laboratorio de Salud Pública, Ambiental y Laboral de Punta Arenas para cumplir con el programa de Vigilancia de Marea Roja.;2025-04-08T10:43:05.953;2025-04-21T15:05:00;2025-05-05T20:00:00;;CLP;0;0
956-29-LE25;Adquisición de Instrumental Cirugía Infantil II para el nuevo Hospital Claudio Vicuña de San Antonio;SERVICIO DE SALUD VALPARAISO SAN ANTONIO;61.606.500-9;SERVICIO DE SALUD VALPARAISO SAN ANTONIO;Av. Brasil 1435;Valparaíso;Región de Valparaíso;LE;Publicada;La necesidad de realizar un proceso de licitación para la Adquisición de Instrumental Cirugía Infantil II para el nuevo Hospital Claudio Vicuña de San Antonio, requerido por la Subdirección de Desarrollo Institucional de la Dirección del Servicio de Salud Valparaíso San Antonio.;2025-04-08T10:39:38.777;2025-04-21T16:00:00;2025-06-20T16:00:00;28510868;CLP;0;0
682935-2-LE25;Servicio de Transporte;CORP ADMINISTRATIVA DEL PODER JUDICIAL;60.301.001-9;Jdo de Garantia de La Calera;Av. Gonzalo Lisosain N 203;La Calera;Región de Valparaíso;LE;Publicada;Servicio de Transporte para Traslado de funcionarios notificadores del Juzgado de Garantía de La Calera;2025-04-08T10:41:54.6;2025-04-21T16:00:00;2025-05-30T22:00:00;;CLF;0;0
4290-50-LE25;Rep. cámaras de televigilancia Limache;I MUNICIPALIDAD DE LIMACHE;69.061.100-7;Secpla - MUNICIPALIDAD LIMACHE;Palmira Romano Sur N 340;Limache;Región de Valparaíso;LE;Publicada;Reposición cámaras de televigilancia de Seguridad Pública, Limache.;2025-04-08T10:40:27.033;2025-04-22T12:00:00;2025-05-16T16:41:00;;CLP;0;0
1075963-152-LE25;ADQUISICIÓN DE INSUMOS Y MATERIALES GENERALES PARA BANCO DE SANGRE;SERVICIO DE SALUD ARICA HOSP DR JUAN NOE CREVANI;61.606.001-5;Hospital Juan Noé;18 DE SEPTIEMBRE #1000, ARICA.;Santiago;Región de Arica y Parinacota;LE;Publicada;convenio de suministros por 36 meses para banco de sangre.;2025-04-08T10:36:24.273;2025-04-21T15:35:00;2025-08-21T13:23:00;;CLP;0;0
5520-11-LE25;SERVICIO DE INGENIERÍA;UNIVERSIDAD DE CHILE;60.910.000-1;FCFM IDIEM;Plaza Ercilla 883;Santiago;Región Metropolitana de Santiago;LE;Publicada;Por el presente instrumento, IDIEM convoca a licitación para la contratación del Servicio de ingeniería, por un periodo de 24 meses o hasta el agotamiento de los recursos, lo que ocurra primero, según las características y especificaciones establecidas en las presentes bases administrativas, bases técnicas y anexos.;2025-04-08T10:37:48.47;2025-04-24T17:00:00;2025-08-29T17:00:00;;CLF;0;0
5196-14-LE25;RAA SN 41 ADQ. MONITOR MULTIPARAMETROS;FUERZA AEREA DE CHILE COMANDO LOGISTICO;61.978.670-K;II Brigada Aérea;AVENIDA DIEGO BARROS ORTIZ 2300, PUDAHUEL;Pudahuel;Región de Valparaíso;LE;Publicada;RAA SN 41 ADQ. MONITOR MULTIPARAMETROS;2025-04-08T10:33:24.897;2025-04-22T15:00:00;2025-05-13T15:02:00;13000000;CLP;0;0
1057495-7-LE25;SERVICIOS DE CAPACITACIÓN Y FORMACIÓN PARA EL HDL;SERVICIO DE SALUD SUR HOSPITAL LUCIO CORDOVA;61.608.104-7;Bienes y Servicios;Bienes y Servicios;San Miguel;Región Metropolitana de Santiago;LE;Publicada;CONTRATACIÓN POR SERVICIOS DE CAPACITACIÓN Y FORMACIÓN A FUNCIONARIOS DEL HOSPITAL DE ENFERMEDADES INFECCIOSAS DR. LUCIO CÓRDOVA. El Hospital de Enfermedades Infecciosas Dr. Lucio Córdova convoca a licitación pública para la prestación de servicios denominados Contratación de servicios de capacitación y formación para funcionarios del Hospital Dr. Lucio Córdova, con el objetivo de proporcionar a los funcionarios herramientas y capacidades que fortalezcan y consoliden sus funciones laborales, junto con entregar conocimientos para el desarrollo de su vida extralaboral.;2025-04-08T10:32:06.593;2025-04-23T16:00:00;2025-05-23T17:00:00;8020000;CLP;0;0
2782-8-LE25;SERVICIO DE MOVILIZACIÓN ESCUELAS DE LA COMUNA.;I MUNICIPALIDAD DE LA LIGUA;69.050.100-7;DEPARTAMENTO DE EDUCACION MUNICIPAL;MANUEL MONTT 127, LA LIGUA;La Ligua;Región de Valparaíso;LE;Publicada;NECESIDAD DEL SERVICIO.;2025-04-08T10:29:44.533;2025-04-14T15:00:00;2025-04-15T17:00:00;27000000;CLP;0;0
1271359-56-LE25;CAPACITACIÓN CATALIZADORES DEL CAMBIO - DIRESAL;CORP MUNICIPAL DE DESARROLLO SOCIAL DE LAMPA;70.954.200-1;LICITACIONES;Sargento aldea 898;Lampa;Región Metropolitana de Santiago;LE;Publicada;La Corporación Municipal de Desarrollo Social de Lampa mediante la dirección de salud comunal solicita gestionar la contratación de capacitación con el fin de fortalecer los conocimientos y competencias de los funcionarios de los distintos establecimientos de salud dependientes de la corporación de desarrollo social de Lampa.;2025-04-08T10:27:46.513;2025-04-17T15:00:00;2025-04-30T20:00:00;12500000;CLP;0;0
646-1-LE25;SERVICIO DE TRASLADO PARA EL DEPARTAMENTO TECNICO;SERVICIO DE VIVIENDA Y URBANIZACION IV REGION;61.816.000-9;SERVIU IV Región;Almagro 372;La Serena;Región de Coquimbo;LE;Publicada;El SERVIU Región de Coquimbo, llama a presentar ofertas para proveer el servicio de traslado de funcionarios y documentación del Departamento Técnico del SERVIU Región de Coquimbo, para fiscalizaciones, reuniones y actividades propias en la ejecución de sus funciones, en el marco de desarrollo de la política habitacional del MINVU. El servicio requerido considera una 1 camioneta.;2025-04-08T10:27:01.767;2025-04-21T15:01:00;2025-04-25T15:30:00;19800000;CLP;0;0
2952-7-LE25;DESPEJE Y TALA DE ÁRBOLES;DIRECCION DE ABASTECIMIENTO DE LA ARMADA;61.102.074-0;ARSENAL NAVAL TALCAHUANO;Avda. Jorge Montt S/N;Talcahuano;Región del Biobío;LE;Publicada;LA NECESIDAD DE CONTRATAR EL SERVICIO DE DESPEJE Y TALA DE ÁRBOLES EN LÍNEAS DE FIBRA ÓPTICA Y MEDIA TENSIÓN SEGÚN ANEXO A ADJUNTO.;2025-04-08T10:25:57.14;2025-04-15T15:00:00;2025-04-30T19:00:00;9019346;CLP;0;0
3446-9-LE25;SERVICIO DE ARRIENDO DE UNA CAMIONETA 4X4;COMANDO DE APOYO A LA FUERZA;61.101.028-1;Escuela de Montaña - ESCMÑA;Ruta CH60, Kilómetro 80, sin número, Río Blanco;Los Andes;Región de Valparaíso;LE;Publicada;2DO LLAMADO A LICITACIÓN PÚBLICA PARA LA CONTRATACIÓN DEL SERVICIO DE ARRIENDO DE UNA CAMIONETA 4X4 PARA LA ESCUELA DE MONTAÑA DEL EJÉRCITO.;2025-04-08T10:19:19.54;2025-04-21T15:05:00;2025-04-25T17:00:00;;CLP;0;0
998-9-LE25;ADQUISICIÓN DE EPP PRIMERAS CAPAS - DRV BIOBIO;MINISTERIO DE OBRAS PUBLICAS DIREC CION GRAL DE OO PP DCYF;61.202.000-0;Dirección de Vialidad - VIII Región - Dirección Regional;Avenida Arturo Prat N 501, 5 Piso.;Concepción;Región del Biobío;LE;Publicada;ADQUISICIÓN DE ELEMENTOS DE PROTECCIÓN PERSONAL PARA TEMPORADA DE FRÍO PARA FUNCIONARIOS DE LA DIRECCIÓN REGIONAL DE VIALIDAD, REGIÓN DEL BIOBÍO. La Dirección de Vialidad, Región del Biobío requiere adquirir elementos de protección personal para temporada de frío para funcionarios que ejecutan labores en el Departamento de Conservación por administración directa.;2025-04-08T10:15:06.01;2025-04-21T15:01:00;2025-05-06T18:00:00;;CLP;0;0
2467-54-LE25;MANTENCIÓN PERMANENTE DE EQUIPOS GABINETES PSICOTE;I MUNICIPALIDAD DE CHILLAN;69.140.900-7;IMUNI_CHILLAN ADQUISICIONES;18 de Septiembre 510;Chillán;Región del Ñuble;LE;Publicada;La presente licitación tiene como objeto suscribir CONTRATO SERVICIO DE MANTENCIÓN PERMANENTE DE EQUIPOS GABINETES PSICOTECNICOS PARA EL DEPARTAMENTO DE LICENCIAS DE CONDUCIR, CHILLÁN por un periodo de 24 meses, actualmente la Dirección de Tránsito y Transporte Público opera 3 equipos psicotécnicos marca Petrinovic modelo ATS 1 por un periodo de 02 años.;2025-04-08T10:19:14.923;2025-04-21T15:36:00;2025-05-30T16:37:00;;CLP;0;0
2591-63-LE25;ADQ. INS. VETERINARIOS PARA TENENCIA RESPONSABLE;ILUSTRE MUNICIPALIDAD DE POZO ALMONTE;83.017.500-8;IMUNI_POZOALMONTE ADQUISICIONES;BALMACEDA 276;Pozo Almonte;Región de Tarapacá;LE;Publicada;SOLICITADO POR SECPLAC TENENCIA RESPONSABLE POR PAMELA CABELLO, SEGÚN SOL INTERNA NRO. 230, CÓDIGO DE INTRANET NRO. 2302, CERT. FACTIBILIDAD NRO.339, DECRETO DE PUBLICACIÓN NRO. 335-2025.;2025-04-08T10:15:55.73;2025-04-17T10:01:00;2025-05-21T10:02:00;16000000;CLP;0;0
4337-12-L125;CS Radiografias de caderas.;I MUNICIPALIDAD DE RENAICO;69.180.400-3;Consultorio - Farmacia;Cornelio Olsen N 398;Renaico;Región de la Araucanía;L1;Publicada;Las necesidad de generar convenio de suministro para realizar radiografías de caderas a lactante de 3 mes inscritos en CESFAM Renaico y CECOSF Tijeral.;2025-04-08T10:08:38.38;2025-04-15T11:26:00;2025-04-17T11:27:00;12500;CLP;0;0
937232-32-LE25;CONVENIO DE INSUMOS DENTALES PARA ENDODONCIA;CENTRO DE REFERENCIA DE SALUD HOSPITAL PROVINCIA CORDILLERA;61.980.620-4;Centro de Referencia de Salud Hospital Provincia Cordillera;;;Región Metropolitana de Santiago;LE;Publicada;EL CRS Hospital Provincia Cordillera requiere abastecer de forma oportuna a los boxes de la unidad clínica de Dental. Esta adquisición presenta los siguientes objetivos: Contar con productos dentales indicados para procedimientos de los módulos de atención de pacientes ambulatorios. Asegurar la entrega oportuna insumos para tratamiento de Endodoncia a la Unidad de Dental.;2025-04-08T10:07:17.15;2025-04-21T16:00:00;2025-05-22T18:00:00;;CLP;0;0
682965-1-LE25;Mantención preventiva Sistemas Control de Incendio;CORP ADMINISTRATIVA DEL PODER JUDICIAL;60.301.001-9;Jdo de Familia de Valparaiso;Tomas Ramos 98;Valparaíso;Región de Valparaíso;LE;Publicada;Mantención semestral preventiva Sistemas Control de Incendio para el Juzgado de Familia de Valparaiso, según bases adjuntas.;2025-04-08T10:05:16.94;2025-04-21T16:00:00;2025-06-20T19:58:00;;CLP;0;0
548868-3-LE25;Servicio de arriendo lancha motorizada región de Los Lagos;INSTITUTO DE PREVISION SOCIAL;61.979.440-0;IPS Region de Los Lagos;Almirante Riveros N 538;Chaitén;Región de los Lagos;LE;Publicada;El Instituto de Previsión Social requiere contratar el SERVICIO DE ARRIENDO DE LANCHA MOTORIZADA PARA TRASLADO DE FUNCIONARIOS A LAS DISTINTAS LOCALIDADES DE PAGOS MOVILES DEL IPS DE LA PROVINCIA DE CHILOÉ Y PALENA - REGIÓN DE LOS LAGOS.;2025-04-08T10:14:48.907;2025-04-22T10:00:00;2025-05-06T11:05:00;12500000;CLP;0;0
1057543-14-LP25;SERVICIO AUX.DE SERVICIO AUX DE ALIMENTACIÓN Y MA;SERVICIO DE SALUD TALCAHUANO HOSPITAL DE;61.607.201-3;Bienes y Servicios;Bienes y Servicios;Tomé;Región del Biobío;LP;Publicada;SE REQUIERE CONTRATAR SERVICIOS DE AUXILIARES DE SERVICIO, AUXILIARES DE ALIMENTACIÓN Y MANTENCIÓN PARA EL HOSPITAL DE TOMÉ, SEGÚN BSES ADMINISTRATIVAS.;2025-04-08T10:03:16.56;2025-04-28T15:30:00;2025-05-29T17:00:00;;CLP;0;0
1058085-80-LQ25;SUMINISTRO DE GLATIRAMERO ACETATO 40 MGML;SERVICIO DE SALUD ORIENTE HOSPITAL DEL SALVADOR;61.608.406-2;Fármacos;AV SALVADOR 364;Providencia;Región Metropolitana de Santiago;LQ;Publicada;CONVENIO SUMINISTRO DE GLATIRAMERO ACETATO 40 MGML SOLUCIÓN INYECTABLE PROGRAMA MINISTERIAL EN CASO DE NO DESPACHO DE CENABAST PARA EL HOSPITAL DEL SALVADOR;2025-04-08T10:02:31.57;2025-04-29T15:30:00;2025-07-30T15:30:00;280000000;CLP;0;0
2448-62-LQ25;SUMINISTRO DE ARTICULOS DE ESCRITORIO 2025-2026;I MUNICIPALIDAD DE COQUIMBO;69.040.300-5;Departamento de Salud;Bilbao 348;Coquimbo;Región de Coquimbo;LQ;Publicada;Es necesario contar con el SUMINISTRO DE ARTICULOS DE ESCRITORIO 2025-2026 para los centros de salud APS Coquimbo, que es especialmente requerido para labores administrativas.;2025-04-08T10:00:07.503;2025-04-28T18:46:00;2025-05-16T18:47:00;200000000;CLP;0;0
777304-6-LR25;AUDÍFONOS DE HIPOACUSIA GES PARA EL HLF;HOSPITAL CLINICO METROPOLITANO DE LA FLORIDA DOCTORA ELOISA DIAZ;65.075.485-9;UNIDAD DE COMPRA INSUMOS Y OTROS;FROILAN ROA 6542;La Florida;Región Metropolitana de Santiago;LR;Publicada;Las presentes bases de licitación son formuladas para establecer la regulación del proceso de adquisición de AUDÍFONOS DE HIPOACUSIA MODERADA, SEVERA Y PROFUNDA ADULTO PARA PROGRAMA GES DEL HOSPITAL LA FLORIDA, y reglamentan entre otros aspectos las condiciones que deben cumplir las ofertas, las etapas del proceso licitatorio, su forma de evaluación y adjudicación, las condiciones de los contratos, y todos los aspectos necesarios para el correcto proceso de adquisición. Cabe hacer presente que todos los insumos suministrados deben ser nuevos y sin uso, todo lo anterior debe ajustarse a las especificaciones de estas bases. Las cantidades de los productos solicitados en la presente licitación son referenciales y estimados, por lo cual, pueden disminuir o aumentar de acuerdo a las necesidades, contingencia, existencias y recursos financieros del Hospital la Florida. No podrá el proveedor ofertar insumos distintos a los establecidos en estas bases de licitación ni complementos o extras no contemplados en los requerimientos técnicos, todo lo extra ofertado, no será considerado en la evaluación. Los productos solicitados, así como los montos estimados de gasto, asignados a cada uno, se encuentran detallados en las bases Técnicas de licitación. Con todo, sin perjuicio de lo anterior, cualquier extra ofertado, no requerido por él Hospital, y que no pueda ser separado técnica o económicamente del Bien a adquirir, se entenderá, que no cumple con lo solicitado y dará causal para ser declarada inadmisible la oferta. Tampoco podrá el proveedor presentar dos insumos alternativos en una misma oferta, a menos que lo haga de forma separada en ofertas principal y alternativa, todo, conforme a bases, de lo contrario, la oferta será declarada inadmisible. Así también, si en un proceso se presentan ofertas simultáneas respecto de un mismo bien o servicio o ítem licitado por parte de empresas pertenecientes a un mismo grupo empresarial o relacionadas entre sí, según dispone el artículo 9 de la Ley de Compras, el Hospital considerará para efectos de la evaluación de la licitación pública o ítem ofertado, solo la oferta más conveniente de los respectivos proveedores del mismo grupo empresarial o relacionadas entre sí, según los criterios de evaluación establecidos en bases.;2025-04-08T09:59:34.297;2025-05-08T16:00:00;2025-06-11T17:30:00;1505352425;CLP;0;0
2448-60-LQ25;SUMINISTRO DE ARTICULOS DE ASEO 2025-2026;I MUNICIPALIDAD DE COQUIMBO;69.040.300-5;Departamento de Salud;Bilbao 348;Coquimbo;Región de Coquimbo;LQ;Publicada;Es necesario contar con el SUMINISTRO DE ARTICULOS DE ASEO 2025-2026 para los centros de salud APS Coquimbo, que son especialmente requeridos en la higiene y limpieza general de la institución.;2025-04-08T09:54:27.12;2025-04-28T18:45:00;2025-05-16T18:46:00;188000000;CLP;0;0
2310-6-LE25;SUMINISTRO DE CONTROL DE PLAGAS - DAEM;ILUSTRE MUNICIPALIDAD DE MOLINA;69.110.100-2;Dirección Comunal De Educación;MAIPU N1846;Molina;Región del Maule;LE;Publicada;CONTRATO DE SUMINISTRO DE SERVICIO DE DESRATIZACION, SANITIZACION Y CONTROL DE PLAGAS ROEDORES, INSECTOS,PALOMAS, ETC .;2025-04-08T09:47:48.763;2025-04-17T17:41:00;2025-04-21T17:42:00;;CLP;0;0
2448-59-LQ25;SUMINISTRO DE PAPELERIA 2025-2026;I MUNICIPALIDAD DE COQUIMBO;69.040.300-5;Departamento de Salud;Bilbao 348;Coquimbo;Región de Coquimbo;LQ;Publicada;Es necesario contar con el SUMINISTRO DE PAPELERIA 2025-2026 para los centros de salud APS Coquimbo, que es especialmente requerido en las atenciones generales de la institución;2025-04-08T09:47:19.493;2025-04-28T18:38:00;2025-05-16T18:39:00;190000000;CLP;0;0
3191-22-LE25;LE REAC INSUMOS CLINICOS Y REACTIVOS.;DIRECCION DE ABASTECIMIENTO DE LA ARMADA;61.102.017-1;HOSPITAL NAVAL ALMIRANTE NEF;SUBIDA ALESSANDRI S/N;Viña del Mar;Región de Valparaíso;LE;Publicada;SATISFACER LAS NECESIDADES DEL HOSPITAL NAVAL ALMTE NEF;2025-04-08T09:46:14.8;2025-04-14T15:00:00;2025-05-14T18:00:00;31500000;CLP;0;0
948806-20-LP25;ADQUISICIÓN DE SISTEMA DE FIJACIÓN MÍNIMAMENTE INVASIVO LATERAL TRANSPSOAS DLIF PARA NEUROCIRUGÍA EN MODALIDAD DE CONSIGNACIÓN EN TRÁNSITO POR SISTEMA DE SUMINISTRO PARA EL HOSPITAL DIPRECA;FONDO HOSPITAL DE LA DIRECCION DE PREVISION DE CARABINEROS DE CHILE;61.513.003-6;Unidad de Compra Insumos en Consignación;Av. Vital Apoquindo N1200;Las Condes;Región Metropolitana de Santiago;LP;Publicada;El Hospital de la Dirección de Previsión de Carabineros de Chile, ubicado en Vital Apoquindo N1.200, Comuna de las Condes, Región Metropolitana, en adelante EL HOSPITAL, llama a Licitación Pública para la Adquisición de Sistema de Fijación Mínimamente Invasivo Lateral Transpsoas (DLIF) para Neurocirugía en Modalidad de Consignación en Tránsito, por Sistema de Suministro, en adelante LOS INSUMOS, para un periodo de 36 meses o hasta que se consuma la totalidad del monto contratado, según lo que primero ocurra, para el referido Centro Asistencial, cuyas características y requisitos técnicos constan en las bases administrativas y técnicas de esta licitación con sus respectivos anexos.;2025-04-08T09:46:57.993;2025-04-21T16:00:00;2025-07-21T20:00:00;170000000;CLP;0;0
2446-92-LE25;SERVICIO DE PROD 2DA EDICION CAMPEONATO BASQUETBOL;I MUNICIPALIDAD DE COQUIMBO;69.040.300-5;IMUNI_COQUIMBO;BILBAO 348;Coquimbo;Región de Coquimbo;LE;Publicada;SERVICIO DE PRODUCCIÓN 2DA EDICION CAMPEONATO BASQUETBOL;2025-04-08T09:45:56.287;2025-04-21T15:01:00;2025-05-02T23:59:00;10000000;CLP;0;0
2298-19-LE25;SUMINISTRO SERVICIO DE INSTALACIÓN Y MANTENCIÓN DE AIRES ACONDICIONADO;ILUSTRE MUNICIPALIDAD DE MOLINA;69.110.100-2;Oficina de Adquisiciones Municipales;MAIPU 1846;Molina;Región del Maule;LE;Publicada;SUMINISTRO SERVICIO DE INSTALACIÓN Y MANTENCIÓN DE AIRES ACONDICIONADO FORMULARIO DE COMPRA N277;2025-04-08T09:45:26.973;2025-04-21T15:01:00;2025-04-30T13:00:00;;CLP;0;0
2771-29-LE25;PRODUCCION DE EVENTOS: ORNAMENTACIÓN Y SERVICIO DE COCTELERÍA PARA CUENTA PUBLICA 2024 MUNICIPALIDAD DE CHIGUAYANTE .;I MUNICIPALIDAD DE CHIGUAYANTE;69.264.700-9;MUNICIPALIDAD DE CHIGUAYANTE;OROZIMBO BARBOSA 104 PARQUE LOS CASTAÑOS;Chiguayante;Región del Biobío;LE;Publicada;Se requiere contratar el PRODUCCION DE EVENTOS: ORNAMENTACIÓN Y SERVICIO DE COCTELERÍA PARA CUENTA PUBLICA 2024, MUNICIPALIDAD DE CHIGUAYANTE, el cual se llevará a cabo el día 29 de abril de 2025 a las 18:00 pm en el Liceo Obispo San Miguel de la comuna de Chiguayante. El evento será para 700 personas, según especificaciones técnicas.;2025-04-08T09:44:23.95;2025-04-21T15:01:00;2025-04-25T16:00:00;12000000;CLP;0;0
1035-3-LE25;Faenas Forestales;CORP NACIONAL FORESTAL;61.313.000-4;VI - Oficina Regional y Prov. Cachapoal;Cuevas 480;Rancagua;Región del Libertador General Bernardo OHiggins;LE;Publicada;Manejo de la regeneración natural de Pino insigne, por medio de control mecánico, en una superficie de 100 ha, en predios de pequeños y medianos propietarios forestales afectados por incendios forestales;2025-04-08T09:41:51.86;2025-04-21T15:05:00;2025-04-23T19:56:00;60000000;CLP;0;0
1036569-14-LE25;EQUIPOS INFORMATICOS;GOBIERNO REGIONAL DE ÑUBLE;62.000.390-5;División de Administración y Finanzas;Av Libertad S/N 3er piso;Chillán;Región del Ñuble;LE;Publicada;El Gobierno Regional de Ñuble, requiere COMPRA EQUIPOS INFORMATICOS para nuevos funcionarios, ya que no se cuenta con stock de estos equipos.;2025-04-08T09:40:31.327;2025-04-14T15:01:00;2025-04-21T18:48:00;11580000;CLP;0;0
3935-29-LE25;ADQUISICIÓN PELLET DE ASERRIN ENPLUS A1 PARA USO EN CALEFACCION DEL CESFAM FREIRE Y CESFAM QUEPE;I MUNICIPALIDAD DE FREIRE;69.190.900-K;Secretaria de Planificación;Pedro Camalez N85;Freire;Región de la Araucanía;LE;Publicada;ADQUISICIÓN PELLET DE ASERRIN ENPLUS A1 PARA USO EN CALEFACCION DEL CESFAM FREIRE Y CESFAM QUEPE;2025-04-08T09:37:40.86;2025-04-17T11:00:00;2025-05-30T18:00:00;;CLP;0;0
653-9-LQ25;PLAN DE EMERGENCIA HABITACIONAL 2025;SERVICIO DE VIVIENDA Y URBANIZACION VII REGION;61.819.000-5;SERVICIO DE VIVIENDA Y URBANIZACION VII REGION;2 NORTE N 720;Talca;Región del Maule;LQ;Publicada;El Servicio de Vivienda y Urbanización SERVIU Región del Maule, requiere la contratación de Servicios para el Plan de Emergencia Habitacional un total de 10 profesionales entre: arquitectos, constructores, ingenieros, tasadores, abogados y asistentes sociales.;2025-04-08T09:28:40.98;2025-04-30T10:00:00;2025-05-30T18:00:00;;CLP;0;0
1110404-55-LE25;ADQUISICIÓN PROYECTO EDUCATIVO ASIGNATURAS MATEMÁTICAS Y LENGUAJE PARA COLEGIO INTEGRADO EDUARDO FREI MONTALVA PERTENECIENTE AL SLEP DE CHINCHORRO DE ARICA.;SERVICIO LOCAL DE EDUCACION DE CHINCHORRO;62.000.660-2;SLEPCH - EE - Programa 02;Calle Codpa N 2173;Arica;Región de Arica y Parinacota;LE;Publicada;ADQUISICIÓN PROYECTO EDUCATIVO ASIGNATURAS MATEMÁTICAS Y LENGUAJE PARA COLEGIO INTEGRADO EDUARDO FREI MONTALVA PERTENECIENTE AL SLEP DE CHINCHORRO DE ARICA.;2025-04-08T09:23:30.077;2025-04-14T15:00:00;2025-04-25T17:30:00;31199919;CLP;0;0
3947-22-LE25;ADQUISICION DE EQUIPAMIENTO PARA LICEO NUEVA ZELANDIA, EN EL MARCO DE LOS PROYECTOS DE EQUIPAMIENTO PARA ESTABLECIMIENTOS DE EDUCACION MEDIA TECNICO-PROFESIONAL AÑO 2024;I MUNICIPALIDAD DE SANTA JUANA;69.151.400-5;Municipalidad de Santa Juana;Yungay 125;Santa Juana;Región del Biobío;LE;Publicada;ADQUISICION DE EQUIPAMIENTO PARA LICEO NUEVA ZELANDIA, EN EL MARCO DE LOS PROYECTOS DE EQUIPAMIENTO PARA ESTABLECIMIENTOS DE EDUCACION MEDIA TECNICO-PROFESIONAL AÑO 2024;2025-04-08T09:17:18.89;2025-04-15T16:00:00;2025-04-24T16:00:00;35975061;CLP;0;0
2069-60-LP25;CGM MANT PREV Y CORREC EQUIPO DE COCINA INDUSTRIAL;SERVICIO DE SALUD METROPOLITANO SUR HOSP;61.608.101-2;HOSPITAL BARROS LUCO TRUDEAU;Gran Avenida 3204;San Miguel;Región Metropolitana de Santiago;LP;Publicada;El Hospital Barros Luco Trudeau, como Establecimiento Autogestionado en Red, desempeña funciones asistenciales ambulatorias, hospitalarias y de urgencia, haciendo uso de diversos equipos. Estos equipos son fundamentales para el desarrollo eficiente de las funciones asistenciales del hospital. En virtud de lo anterior, se busca contratar el Servicio de Mantenimiento Preventivo y Correctivo para su equipamiento de cocina industrial del servicio de Alimentación. Este servicio deberá cumplir con las condiciones estipuladas en las bases de la licitación y seguir las recomendaciones del fabricante. El objetivo es garantizar el óptimo funcionamiento de los equipos, contribuir a la seguridad tanto del paciente como del personal, y prolongar la vida útil de los equipos. Los equipos sujetos a este servicio se detallan en el cuadro siguiente: En el ámbito técnico, se evaluará la oferta que cumpla con los requisitos establecidos en las bases, considerando la idoneidad y calidad técnica del oferente. El objetivo es asegurar que el adjudicatario se ajuste de manera precisa a los requisitos específicos que el Hospital Barros Luco Trudeau ha detallado para la ejecución del contrato licitado. En el ámbito económico, se espera recibir ofertas ventajosas que se encuentren dentro de los precios de mercado. Este factor también será evaluado para garantizar una propuesta que represente una relación costo-beneficio favorable para el Hospital. Es importante destacar que el Hospital adjudicará la licitación a un solo proveedor, para todos los ítems del proceso. El criterio de adjudicación se basará en el puntaje obtenido conforme a las pautas de evaluación que se detallarán más adelante. Cada oferente deberá presentar una oferta por la totalidad de los equipos detallados. En caso de no cumplir con este requisito, su oferta será declarada inadmisible.;2025-04-08T09:06:13.847;2025-04-21T16:00:00;2025-07-18T18:00:00;104000000;CLP;0;0
2069-57-LR25;SGN-SUM DE PROTESIS DE RODILLA CON INSTRUMENTAL;SERVICIO DE SALUD METROPOLITANO SUR HOSP;61.608.101-2;HOSPITAL BARROS LUCO TRUDEAU;Gran Avenida 3204;San Miguel;Región Metropolitana de Santiago;LR;Publicada;El objetivo de la presente licitación es contratar durante 12 doce meses el SUMINISTRO DE PROTESIS DE RODILLA CON INSTRUMENTAL Y MOTORES ASOCIADOS PARA EL HOSPITAL BARROS LUCO TRUDEAU, con las características que se señalan en las Bases Técnicas, respecto a los procedimientos, términos y exigencias del suministro de los productos solicitados, que apoyen el correcto funcionamiento de este servicio y con esto responder a las necesidades del Hospital Barros Luco Trudeau. Que, además para los fines precedentes, el los proveedor es que contraten, serán responsables de cumplir estricta y cabalmente con los requerimientos y especificaciones consagrados en los documentos de la presente licitación. Sin perjuicio de lo anterior, el suministro a contratar deberá permitir la opción de ser ampliado o reducido, de acuerdo a las necesidades del Hospital, en consideración a la demanda variable del establecimiento.;2025-04-08T09:00:17.52;2025-05-09T16:00:00;2025-08-08T17:00:00;;CLP;0;0
1261592-25-LP25;CONVENIO SUMINISTRO BODEGA DE ESCRITORIO CMDS ANTF;CORP MUNICIPAL DE DESARROLLO SOCIAL DE A;71.102.600-2;UNIDAD TÉCNICA DIRECCIÓN DE SALUD;AVENIDA ARGENTINA 1595 II PISO;Antofagasta;Región de Antofagasta;LP;Publicada;La presente propuesta tiene como objetivo contar con un convenio de suministro para abastecer la bodega de escritorio y garantizar la disponibilidad y calidad de los productos para los distintos centros de la APS de Antofagasta.;2025-04-08T08:42:49.04;2025-04-29T15:01:00;2025-06-30T17:00:00;;CLP;0;0
1658-133-L125;S1-25/DIRECCION DE TRANSITO/DEPTO INGENIERIA/SERVICIO DE GRUA PARA RETIRO DE VEHICULOS ABANDONADOS EN LA VIA PUBLICA;I MUNICIPALIDAD DE TEMUCO;69.190.700-7;I MUNICIPALIDAD DE TEMUCO;CALLE IMPERIAL 40;Temuco;Región de la Araucanía;L1;Publicada;SERVICIO DE GRUA PARA RETIRO DE VEHICULOS ABANDONADOS EN LA VIA PUBLICA, SEGÚN ESPECIFICACIONES TÉCNICAS ADJUNTAS;2025-04-08T08:39:50.033;2025-04-14T17:00:00;2025-04-24T17:00:00;1800000;CLP;0;0
885-28-L125;Servicios de Mantención Preventiva de ascensor CR de Antofagasta.;CONTRALORIA GENERAL DE LA REPUBLICA;60.400.000-9;Contraloría General de la República;Ejercito N415, Puerto Montt,;Puerto Montt;Región de los Lagos;L1;Publicada;Servicio de mantención preventiva de un ascensor marca Schindler, modelo 3300 AP MRL instalado en el edificio institucional de la Contraloría Regional de Antofagasta, ubicada en José de San Martín N 2972, comuna de Antofagasta.;2025-04-08T08:39:00;2025-04-14T16:00:00;2025-05-14T18:00:00;3100000;CLP;0;0
4605-7-LE25;Mantenciones Menores;SERVICIO DE VIVIENDA Y URBANIZACION VII REGION;61.819.000-5;SERVICIOS GENERALES;2 NORTE 720;Talca;Región del Maule;LE;Publicada;CONTRATACIÓN DE LOS SERVICIOS DE MANTENCIÓN, REPARACIÓN Y READECUACIÓN DE ESPACIOS FISICOS EN GENERAL, PERTENECIENTES AL SERVIU REGIÓN DEL MAULE, POR UN PERIODO DE 24 MESES, A CONTAR DE JUNIO 2025;2025-04-08T08:37:37.93;2025-04-22T10:00:00;2025-04-30T17:30:00;;CLP;0;0
1641-167-LE25;BRAZALETES PARA TOMA DE PRESIÓN NO INVASIVA DE NEO;SERVICIO DE SALUD OCCIDENTE HOSPITAL SAN JUAN DE DIOS;61.608.204-3;SERVICIO DE SALUD OCCIDENTE HOSPITAL SAN JUAN DE D;Avda Compañía de Jesús 3265;Santiago;Región Metropolitana de Santiago;LE;Publicada;RESOLUCIÓN QUE LLAMA A LICITACIÓN PÚBLICA Y APRUEBA BASES PARA LA CONTRATACIÓN DE BRAZALETES PARA TOMA DE PRESIÓN NO INVASIVA DE NEONATOLOGÍA, MONTO DE CONTRATACIÓN SUPERIORES A 100 UTM E INFERIORES A 1.000 UTM, PARA EL HOSPITAL SAN JUAN DE DIOS CDT;2025-04-08T08:38:08.763;2025-04-15T17:01:00;2025-06-16T17:00:00;;CLP;0;0
4605-6-LE25;Contrato de Suministro de Ss. Eléctricos y Datos;SERVICIO DE VIVIENDA Y URBANIZACION VII REGION;61.819.000-5;SERVICIOS GENERALES;2 NORTE 720;Talca;Región del Maule;LE;Publicada;CONTRATACIÓN DE LOS SERVICIOS DE MANTENCIÓN, REPARACIÓN Y HABILITACIÓN DE LOS SISTEMAS ELÉCTRICOS Y DE DATOS PARA LOS DEPTOS. PROVINCIALES DE CURICÓ, LINARES Y CAUQUENES, DE LAS OFICINAS LOCALES DE CONSTITUCIÓN Y PARRAL Y DEL CLUB DE NIÑOS SERVIU TALCA, PERTENECIENTES AL SERVIU REGIÓN DEL MAULE, BAJO LA MODALIDAD DE CONTRATO DE SUMINISTROS, POR UN PERIODO DE 24 MESES, A CONTAR DE ABRIL 2025.;2025-04-08T08:37:04.723;2025-04-22T10:00:00;2025-04-30T17:30:00;;CLP;0;0
3958-45-L125;Ruta 5A Divina Gabriela transporte escolar DAEM (abril, mayo y junio 2025);I MUNICIPALIDAD DE NAVIDAD;69.073.800-7;Unidad de Educacion;Juan Montes #693 Liceo Pablo Neruda;Navidad;Región del Libertador General Bernardo OHiggins;L1;Publicada;Ver documento adjunto denominado Licitación Simplificada .;2025-04-08T08:37:52.123;2025-04-14T23:38:00;2025-04-16T23:38:00;2718045;CLP;0;0
4605-5-LE25;FRANQUEO CONVENIDO 2025-2026;SERVICIO DE VIVIENDA Y URBANIZACION VII REGION;61.819.000-5;SERVICIOS GENERALES;2 NORTE 720;Talca;Región del Maule;LE;Publicada;CONTRATACIÓN DE SERVICIOS DE FRANQUEO CONVENIDO PARA EL SERVIU REGIÓN DEL MAULE, POR UN PERIODO DE 24 MESES, A CONTAR DE ABRIL AÑO 2025;2025-04-08T08:34:45.407;2025-04-16T10:00:00;2025-04-25T16:30:00;;CLP;0;0
3958-48-L125;Ruta 10B transporte escolar DAEM (abril, mayo y junio 2025);I MUNICIPALIDAD DE NAVIDAD;69.073.800-7;Unidad de Educacion;Juan Montes #693 Liceo Pablo Neruda;Navidad;Región del Libertador General Bernardo OHiggins;L1;Publicada;Para mayor detalle, ver documento Licitación Simplificada .;2025-04-08T08:31:30.633;2025-04-14T15:00:00;2025-04-16T00:41:00;1865325;CLP;0;0
3958-47-L125;Ruta 10a transporte escolar DAEM (abril, mayo y junio 2025);I MUNICIPALIDAD DE NAVIDAD;69.073.800-7;Unidad de Educacion;Juan Montes #693 Liceo Pablo Neruda;Navidad;Región del Libertador General Bernardo OHiggins;L1;Publicada;Ver detalle en adjunto Licitación Simplificada .;2025-04-08T08:31:11.163;2025-04-14T15:00:00;2025-04-16T00:27:00;1492260;CLP;0;0
4469-31-CO25;SC 36840-36839 DS ADQ.EQUIPAMIENTO LABORATORIO;UNIVERSIDAD DE PLAYA ANCHA DE CIENCIAS DE LA EDUCACION;70.754.700-6;ADQUISICIONES;BLANCO 737 VALPARAISO;Valparaíso;Región de Valparaíso;CO;Publicada;ADQUISICIÓN DE EQUIPAMIENTO PARA LABORATORIO INTERDISCIPLINARIO DE INTERCULTURALIDAD Y BILINGÜISMO INTBIL LAB, DE LA UNIVERSIDAD DE PLAYA ANCHA DE CIENCIAS DE LA EDUACIÓN. PROVENIENTE DE LA LICITACION PUBLICA 4469-7-LE25;2025-04-08T08:25:46.74;2025-04-21T15:01:00;2025-05-08T17:00:00;;CLP;0;0
434-26-LE25;CONTRATO SUMINISTRO SERVICIO ALIMENTACION MEMO N 794 DIDECO;I MUNICIPALIDAD DE CAUQUENES;69.120.400-6;Adquisiciones;BODEGA MUNICIPAL;Cauquenes;Región del Maule;LE;Publicada;CONTRATO DE SUMINISTRO SERVICIO DE ALIMENTACION NECESARIO PARA ACTIVIDADES DE ORGANIZACIONES COMUNITARIAS, SEGUN MEMO N 794 DE DIDECO.;2025-04-08T08:23:41.2;2025-04-15T12:00:00;2025-04-30T16:00:00;15000000;CLP;0;0
4134-15-LE25;SERVICIO DE MANTENCIÓN DE MÁQUINAS RETROEXCAVADORA;ILUSTRE MUNICIPALIDAD DE SAGRADA FAMILIA;69.110.200-9;ADMINISTRACION Y FINANZAS - ADQUISICIONES;San Francisco 40 Sagrada Familia;Sagrada Familia;Región del Maule;LE;Publicada;Se requiere el servicio de mantención de dos máquinas retroexcavadoras marca Caterpillar modelo 416F2, p.p.u. KLHJ-87 y KLHJ-88, de acuerdo a lo requerido en las especificaciones técnicas del proceso licitatorio;2025-04-10T12:32:06.033;2025-04-17T15:37:00;2025-04-17T15:48:00;7850000;CLP;0;0
1218463-5-LE25;MEJORAMIENTO DE MULTICANCHA LICEO JUAN BAUTISTA LA;CORP.MUNICIPAL GABRIEL GONZALEZ VIDELA DE LA SERENA;70.892.100-9;Área Educación SEP;Ánima de Diego 550;La Serena;Región de Coquimbo;LE;Publicada;La Corporación Municipal Gabriel González Videla, a través de la Unidad de Infraestructura y Proyectos, requiere mejorar la multicancha del Liceo Juan Bautista de Lasalle, así como reponer los tableros de basquetbol, mejorando este espacio educativo de gran importancia para los estudiantes.;2025-04-10T12:29:50.57;2025-04-28T15:01:00;2025-05-19T16:30:00;14055401;CLP;0;0
956-35-LP25;Adquisición de Instrumental Traumatología IV para el nuevo Hospital Claudio Vicuña de San Antonio;SERVICIO DE SALUD VALPARAISO SAN ANTONIO;61.606.500-9;SERVICIO DE SALUD VALPARAISO SAN ANTONIO;Av. Brasil 1435;Valparaíso;Región de Valparaíso;LP;Publicada;La necesidad de realizar un proceso de licitación para la Adquisición de Instrumental Traumatología IV para el nuevo Hospital Claudio Vicuña de San Antonio, requerido por la Subdirección de Desarrollo Institucional de la Dirección del Servicio de Salud Valparaíso San Antonio.;2025-04-10T12:26:36.62;2025-05-05T16:00:00;2025-07-04T16:00:00;69231711;CLP;0;0
2598-2-LE25;CAPACITACIÓN EN SALUD FAMILIAR PARA FUNCIONARIOS DEL CESFAM Y DESAM DE CONCÓN;I MUNICIPALIDAD DE CONCON;73.568.600-3;DEPARTAMENTO DE SALUD;CHAÑARCILLO 1150;Concón;Región de Valparaíso;LE;Publicada;El Departamento de Salud Municipal Concón, DESAM, requiere adquirir un curso de capacitación para 157 funcionarios del CESFAM y DESAM enfocado en la salud familiar y ECICEP.;2025-04-10T12:22:18.057;2025-04-21T15:43:00;2025-04-30T18:44:00;9500000;CLP;0;0
1736-27-LE25;Servicio de coctel para 1.000 personas en el marco del programa Cuenta Pública 2024 SC 403.;I MUNICIPALIDAD DE LA COMUNA DE EL BOSQUE;69.255.300-4;I MUNICIPALIDAD DE LA COMUNA DE EL BOSQUE;JAVIERA CARRERA 736;El Bosque;Región Metropolitana de Santiago;LE;Publicada;Contratar servicio de coctel para 1.000 personas, a realizarse el 25 de abril de 2025, en el marco del programa Cuenta Publica Gestión Municipal 2024, Memorándum N100/187/2025, solicitud de compra N403.;2025-04-10T12:15:14.127;2025-04-15T15:40:00;2025-04-24T17:00:00;11000000;CLP;0;0
908585-1-LE25;ADQUISICIÓN MATERIAL FUNGIBLE JARDINES INFANTILES;CORP.MUNICIPAL GABRIEL GONZALEZ VIDELA DE LA SERENA;70.892.100-9;Jardines Infantiles VTF;Ánima de Diego 550;La Serena;Región de Coquimbo;LE;Publicada;Adquisición de material fungible para los Jardines Infantiles VTF dependientes de la Corporación Municipal Gabriel González Videla.;2025-04-10T12:11:36.707;2025-04-16T16:31:00;2025-05-16T16:30:00;10820265;CLP;0;0
2147-26-LE25;SERVICIO PROFESIONAL DE PSICÓLOGO PARA PSM;SERVICIO DE SALUD COQUIMBO HOSPITAL COMB;61.606.406-1;Hospital Combarbalá;Comercio 800;Combarbalá;Región de Coquimbo;LE;Publicada;El Hospital San Juan de Dios de Combarbalá, a través Programa de Salud Mental, llama a licitación pública a través del Portal Mercado Público para SERVICIO PROFESIONAL DE PSICÓLOGO PARA PROGRAMA SALUD MENTAL.;2025-04-10T12:09:36.16;2025-04-21T16:00:00;2025-04-28T16:00:00;;CLP;0;0
608-133-LP25;LPA- ADQUISICIÓND DE MEDICAMENTOS 4;HOSPITAL DR GUSTAVO FRICKE DE VINA DEL MAR;61.606.602-1;Hospital Dr. Gustavo Fricke;ALVAREZ 1532;Viña del Mar;Región de Valparaíso;LP;Publicada;ver bases;2025-04-10T12:03:08.41;2025-04-25T15:00:00;2025-06-26T17:00:00;;CLP;0;0
894863-34-LQ25;FTO MAESTRANZA EX FERRONOR COQUIMBO;SERVICIO DE VIVIENDA Y URBANIZACION IV REGION;61.816.000-9;Propuestas y Contratos;Almagro 372;La Serena;Región de Coquimbo;LQ;Publicada;Serviu región de Coquimbo requiere contratar el servicio de Fiscalización Técnica de Obras para el Proyecto Modalidad Mega Proyecto MP MAESTRANZA Ex-Ferronor de la comuna de Coquimbo del FSEV, regulado por el D.S. Nro. 49, V. y U., de 2011 y sus modificaciones, conforme la normativa Resolución Ex. N 1875, V. y U., de 2015 y sus modificaciones.;2025-04-10T12:00:15.407;2025-05-02T15:01:00;2025-06-13T17:00:00;;CLF;0;0
1057474-12-LE25;MANTENCIONES PREVENTIVAS Y CORRECTIVAS CALDERAS;SERVICIO DE SALUD METROPOLITANO NORTE;61.608.000-8;Bienes y Servicios;Maruri 272;Independencia;Región Metropolitana de Santiago;LE;Publicada;El objeto de la presente Licitación es la contratación del SERVICIO DE MANTENIMIENTO PREVENTIVO Y CORRECTIVO DE CALDERA Y BOMBAS DE ELEVACIÓN DE AGUA DEL SSMN;2025-04-10T11:59:33.017;2025-04-21T15:01:00;2025-05-13T18:00:00;;CLP;0;0
2309-71-LE25;TRASLADO Y MONTAJE TALLER LICEO JUAN MORALES LONTUÉ;ILUSTRE MUNICIPALIDAD DE MOLINA;69.110.100-2;Secretaria Comunal de Planificacion;MAIPU 1846;Molina;Región del Maule;LE;Publicada;TRASLADO Y MONTAJE TALLER LICEO JUAN MORALES LONTUÉ, D.A. N 1729 (Ap. las BAG, Anexos Especificaciones técnicas), D.A. 2035 ( Declárese Desierta la licitacion ID N 2309-69-LE25.......... Llámese a licitación....);2025-04-10T11:58:31.43;2025-04-22T10:00:00;2025-05-07T17:30:00;8336000;CLP;0;0
2831-20-LP25;Convenio de Salud para otorgar prestaciones medic;I MUNICIPALIDAD DE QUILLOTA;69.060.100-1;SECRETARIA COMUNAL DE PLANIFICACION;Ariztía N 525. 2 Piso .Quillota.;Quillota;Región de Valparaíso;LP;Publicada;Convenio de Salud para otorgar prestaciones médicas y dentales adicionales a los funcionarios de la Municipalidad de Quillota.;2025-04-10T12:06:20.53;2025-04-25T12:00:00;2025-05-28T15:35:00;3298.01;CLF;0;0
2908-11-L125;Contrato suministro servicio oftalmológico TM;I MUNICIPALIDAD DE LANCO;69.200.300-4;Departamento de Salud;libertad 251;Lanco;Región de Los Ríos;L1;Publicada;CONTRATO DE SUMINISTRO SERVICIO OFTALMOLOGICO TM;2025-04-10T11:54:48.76;2025-04-21T16:00:00;2025-05-29T13:57:00;;CLP;0;0
3231-92-LE25;SERVICIO DE MONITOREO DE AGUAS Y GASES SEGUN BASE;I MUNICIPALIDAD DE PELLUHUE;69.252.700-3;Departamento de Administración y Finanzas;Avenida Padre Samuel Jofré 415;Pelluhue;Región del Maule;LE;Publicada;01 SERVICIO DE MONITOREO Y ANALISIS DE AGUAS SUBTERRANEAS Y GASES EN PLAN DE CIERRE VERTEDERO COMUNA DE PELLUHUE, SEGUN BASES TECNICAS Y ADMINISTRATIVAS.;2025-04-10T11:53:46.667;2025-04-21T15:01:00;2025-05-19T18:41:00;15000000;CLP;0;0
2215-5-LE25;GESTION DE RETIRO DE RESIDUOS;SERVICIO DE SALUD ANTOFAGASTA HOSP C CIS;61.606.202-6;Hospital Carlos Cisternas de Calama;dipresrecepcion@custodium.com;Antofagasta;Región de Antofagasta;LE;Publicada;GESTION DE RETIRO DE RESIDUOS ASIMILABLES A DOMICILIARIO PARA EL HOSPITAL DR. CARLOS CISTERNAS DE CALAMA;2025-04-10T11:51:39.68;2025-04-21T15:30:00;2025-05-30T19:51:00;;CLP;0;0
621-342-LP25;CEPILLO TOMA MUEST ENDOCERVICAL PARA PAP 1000021092;CENTRAL DE ABASTECIMIENTO DEL SISTEMA NACIONAL DE SERVICIO DE SALUD;61.608.700-2;Compras del Giro 621;Bodega Proveedor;Santiago Centro;Región Metropolitana de Santiago;LP;Publicada;BASES ADMINISTRATIVAS Y TÉCNICAS TIPO, POR LAS QUE SE REGIRÁN LOS PROCESOS DE LICITACIÓN PARA LA ADQUISICIÓN DE PRODUCTOS FARMACÉUTICOS, COSMÉTICOS, VACUNAS, INSUMOS, DISPOSITIVOS, Y/O ALIMENTOS DE USO MÉDICO, DESTINADO AL EJERCICIO DE ACCIONES DE SALUD;2025-04-10T11:50:57.053;2025-04-30T16:00:00;2025-06-02T17:30:00;99025472;CLP;0;0
1973-36-LQ25;CONSULTAS MÉDICAS ESPECIALISTAS PARA EL CRSCO;CENTRO DE REFERENCIA DE SALUD DE PENALOLEN CORDILLERA ORIENTE;61.953.200-7;CRS de Peñalolen Cordillera Oriente;Avda. Las Torres 5100;Peñalolén;Región Metropolitana de Santiago;LQ;Publicada;El objeto de este proceso licitatorio es la contratación consultas médicas especialistas para el Centro de Referencia de Salud de Peñalolén Cordillera Oriente para otorgar prestación a distintos pacientes atendidos en la Institución, a realizarse en dependencias del CRSCO ubicado en Av. Las Torres 5100, Peñalolén, por el periodo de 12 meses. Por esta razón, se exigirá calidad técnica en el servicio licitado y el cumplimiento del proveedor en los aspectos administrativos como los tiempos de respuesta y otros. Las características o especificaciones técnicas se evaluarán en base a la oferta que cumpla con los requisitos señalados en las bases y la idoneidad y calidad técnica del oferente, con el objeto de asegurar que el adjudicatario se ajuste a los requisitos que el CRSCO ha especificado para la ejecución del contrato licitado. Formarán parte integrante de estas bases sus eventuales aclaraciones, rectificaciones, enmiendas, formularios y sus anexos todo ello debidamente publicado en el portal Mercado Público. Se entenderá que todo proveedor conoce y acepta irrevocablemente el contenido de estas Bases, por el solo hecho de presentar ofertas en este proceso de compra. Déjese establecido que los requerimientos de suministro serán de flujo variable, no comprometiéndose el CRSCO a requerir y adquirir una determinada cantidad de estos de manera periódica durante la vigencia del contrato.;2025-04-10T11:50:07.673;2025-04-30T17:30:00;2025-06-02T18:00:00;;CLP;0;0
2595-32-LE25;CONTRATACION DEL SERVICIO MANTENCION DE CAMIONETAS;I MUNICIPALIDAD DE PARRAL;69.130.700-K;I MUNICIPALIDAD DE PARRAL;Dieciocho N 720;Parral;Región del Maule;LE;Publicada;CONTRATACION DEL SERVICIO MANTENCION DE CAMIONETAS NISSAN NAVARA DE LOS 40.000 - 100.000 KILOMETROS, PERTENECIENTES A LA ILUISTRE MUNICIPALIDAD DE PARRAL.;2025-04-10T11:49:44.363;2025-04-21T15:32:00;2025-04-30T17:30:00;;CLP;0;0
1058045-17-LQ25;Convenio Suministro Pancreolipasa;SERVICIO DE SALUD COQUIMBO HOSPITAL DE O;61.606.404-5;Fármarcos;Av. Manuel Peñafiel S/N;Ovalle;Región de Coquimbo;LQ;Publicada;Generar una convenio por fármaco pancreolipasa, para dar cobertura a la necesidad de entregar atención oportuna a diagnósticos de fibrosis quística;2025-04-10T11:49:21.657;2025-04-21T15:25:00;2025-05-16T16:00:00;;CLP;0;0
1057547-175-LE25;COMPRA SERVICIOS DE REPARACION VIDEOPANENDOSCOPIOS;SERVICIO DE SALUD VALDIVIA HOSPITAL BASE;61.607.502-0;Bienes y Servicios;Bienes y Servicios;Valdivia;Región de Los Ríos;LE;Publicada;COMPRA DE SERVICIOS DE REPARACION PARA VIDEOPANENDOSCOPIOS DEL SERVICIO DE GASTROENTEROLOGIA DEL HOSPITAL BASE VALDIVIA;2025-04-10T11:45:16.413;2025-04-15T19:01:00;2025-07-09T19:59:00;13500000;CLP;0;0
608-121-LP25;LPA - ADQUISICIÓN DE MEDICAMENTOS 3;HOSPITAL DR GUSTAVO FRICKE DE VINA DEL MAR;61.606.602-1;Hospital Dr. Gustavo Fricke;ALVAREZ 1532;Viña del Mar;Región de Valparaíso;LP;Publicada;ver bases;2025-04-10T11:44:50.12;2025-04-25T15:00:00;2025-06-26T17:00:00;;CLP;0;0
765-14-LE25;SERVICIO ADM. DE SALAS CUNAS Y JARDÍN INFANTIL;CORP NACIONAL DE DESARROLLO INDIGENA;72.396.000-2;CORP NACIONAL DE DESARROLLO INDIGENA;Vicuña Mackenna N 399;Temuco;Región de la Araucanía;LE;Publicada;La Corporación Nacional de Desarrollo Indígena CONADI, en desempeño de sus funciones requiere contratar el SERVICIO DE ADMINISTRACIÓN DE SALAS CUNAS Y JARDÍN INFANTIL PARA LOSAS HIJOSAS DE FUNCIONARIOSAS DEL PROGRAMA ACCIÓN TERRITORIAL DE LA CORPORACIÓN NACIONAL DE DESARROLLO INDÍGENA, CONADI, a fin de garantizar el cumplimiento de las normas de protección a la maternidad vigentes, por un periodo de 8 meses.;2025-04-10T11:42:16.18;2025-04-21T15:01:00;2025-05-13T17:00:00;;CLP;0;0
5407-3-O125;CONST URB LOTEO STA ALICIA DICHATO, TOME.;SERVICIO DE VIVIENDA Y URBANIZACION REGIÓN DEL BIO BIO;61.820.004-3;Departamento Técnico;Prat 575 Concepción;Concepción;Región del Biobío;O1;Publicada;La presente licitación consiste en la construcción de las obras detalladas en las Bases Técnicas, EETT y Planos correspondientes al proyecto CONSTRUCCIÓN URBANIZACIÓN LOTEO SANTA ALICIA, DICHATO, COMUNA DE TOME, debiéndose ejecutar de tal manera de minimizar los inconvenientes a los usuarios de las vías y habitantes del sector. Corresponde a las Obras de acceso a Ruta MOP, para ejecución en este caso del Acceso a la Ruta N-14-O.;2025-04-10T11:41:06.367;2025-05-13T11:00:00;2025-06-13T20:00:00;;CLP;0;0
875646-20-LR25;FIBROBRONCOSCOPIO DESECHABLE CON MONITOR PORTATIL;Hospital Dr. Eduardo Pereira Ramirez;61.602.057-9;Hospital Dr. Eduardo Pereira Ramirez;Enrique Ibsen s/ n Cerro Delicias;Valparaíso;Región de Valparaíso;LR;Publicada;El Hospital llama a Licitación Pública para la ADQUISICIÓN FIBROBRONCOSCOPIO DESECHABLE CON MONITOR PORTATIL COMPATIBLE, para la Unidad de pabellón, del Hospital Eduardo Pereira Ramirez.;2025-04-10T12:59:54.223;2025-05-12T15:12:00;2025-09-09T19:00:00;670000000;CLP;0;0
438-35-LP25;CONTRATO DE SUMINISTRO DE ADQUISICION DE LENTES DE OPTICOS POR VICIO REFRACCION;I MUNICIPALIDAD DE SAN RAMON;69.253.900-1;Secretaria de Planificación San Ramón;Avenida Ossa 1771;San Ramón;Región Metropolitana de Santiago;LP;Publicada;CONTRATO DE SUMINISTRO DE ADQUISICION DE LENTES DE OPTICOS POR VICIO REFRACCION;2025-04-10T12:44:45.52;2025-04-22T09:00:00;2025-05-22T19:00:00;75147750;CLP;0;0
1063487-7-LR25;SERVICIO CONTROL PROYECTO LAJA DIGUILLIN 2025-2026;MINISTERIO DE OBRAS PUBLICAS DIREC CION GRAL DE OO PP DCYF;61.202.000-0;Dirección de Obras Hidráulicas Región del Ñuble;Calle Sargento Aldea N329 Chillán;Chillán;Región del Ñuble;LR;Publicada;SERVICIO DE CONTROL, GESTIÓN Y VIGILANCIA PROYECTO LAJA DIGUILLÍN, REGIÓN DE ÑUBLE, PERÍODO 2025-2026.;2025-04-10T12:48:22.01;2025-05-12T15:00:00;2025-05-26T17:00:00;;CLP;0;0
1186229-8-LE25;Renovación y soporte de licencias F5.;SERVICIO DE REGISTRO CIVIL E IDENTIFICACION;61.002.000-3;Unidad de Compras Nivel Central;Catedral N 1772;Santiago;Región Metropolitana de Santiago;LE;Publicada;Que, el Servicio de Registro Civil e Identificación, en el marco de la posibilidad de que sus funcionarios desempeñen sus labores mediante teletrabajo, ha implementado dicho régimen a través de la licencia F5.;2025-04-10T12:46:33.107;2025-04-21T15:30:00;2025-05-20T18:00:00;30000;USD;0;0
1039-1-LR25;Adquisición de 7 siete camionetas Primer Ataque;CORP NACIONAL FORESTAL;61.313.000-4;XIII Región - Oficina Regional Metropolitana;Echeñique 6478;La Reina;Región Metropolitana de Santiago;LR;Publicada;Adquisición de siete Camionetas de Primer Ataque para el combate de Incendios Forestales en la Región Metropolitana, Departamento de Protección Contra Incendios Forestales.;2025-04-10T12:45:48.253;2025-05-12T15:00:00;2025-06-10T18:00:00;899640000;CLP;0;0
5251-66-CO25;Papel continuo para impresión braille;UNIVERSIDAD TECNOLOGICA METROPOLITANA;70.729.100-1;DEPARTAMENTO DE ABASTECIMIENTO;Calle Dieciocho N178, Santiago;Santiago;Región Metropolitana de Santiago;CO;Publicada;Se requiere adquirir Papel continuo para impresión braille de la Universidad Tecnológica Metropolitana, destinados para la impresión de textos en braille del CECAT/UTEM correspondiente a convenio firmado entre la UTEM Y MINEDUC año 2024-2025;2025-04-10T12:38:18.13;2025-04-21T20:00:00;2025-05-22T16:30:00;19100000;CLP;0;0
1036569-15-LP25;CONSERVACION CUBIERTA EDIFICIO PUBLICO CHILLAN;GOBIERNO REGIONAL DE ÑUBLE;62.000.390-5;División de Administración y Finanzas;Av Libertad S/N 3er piso;Chillán;Región del Ñuble;LP;Publicada;El Gobierno Regional de Ñuble requiere la CONSERVACIÓN DE CUBIERTA EN EDIFICIO PÚBLICO, CHILLÁN, CÓDIGO BIP 40061308-0, cuya individualización consta en las especificaciones técnicas. La conservación del edificio público ubicado en libertad sn, tercer piso, consiste en el mejoramiento de cubierta del sector tercer piso.;2025-04-10T12:40:26.44;2025-04-30T18:50:00;2025-06-04T18:51:00;136000000;CLP;0;0
1057540-38-LE25;COMPRA PROTESIS DENTALES REMOVIBLES Y FIJAS II;SERVICIO SALUD TALCAHUANO HOSPITAL PENCO-LIRQUEN;61.602.198-2;Hospital Penco - Lirquen;Camino a Tome s/n;Penco;Región del Biobío;LE;Publicada;COMPRA PROTESIS DENTALES REMOVIBLES Y FIJAS II REQUERIMIENTO UNIDAD ESPECIALIDADES ODONTOLOGICAS;2025-04-10T12:45:27.53;2025-04-16T09:01:00;2025-05-16T19:51:00;;CLP;0;0
5554-11-LE25;Insumos para Campañas Preventivas para adheridos;INSTITUTO DE SEGURIDAD LABORAL;61.533.000-0;ISL Región de Valparaíso;Av. Brasil 1265 piso 3;Valparaíso;Región de Valparaíso;LE;Publicada;La Sección de Prevención de Riesgos del Instituto de Seguridad Laboral en Valparaíso, requiere la Adquisición de Insumos para Campañas Preventivas para Empresas y Servicios Públicos Adheridos a ISL región Valparaíso ESTADO VERDE: E1O2RT9 ID SGP: 00090-2025;2025-04-10T12:36:56.697;2025-04-21T15:05:00;2025-05-06T18:00:00;20000000;CLP;0;0
5350-14-LE25;CONVENIO ENDOSCOPIAS Y CIRUGIA MENOR 2025;I MUNICIPALIDAD DE VALLENAR;69.030.500-3;DEPTO DE SALUD MUNICIPAL;Calle Merced Esquina Talca N1455 - Ex Hospital;Vallenar;Región de Atacama;LE;Publicada;CONVENIO ENDOSCOPIAS Y CIRUGIA MENOR 2025;2025-04-10T12:44:58.897;2025-04-21T17:29:00;2025-04-22T17:30:00;31735000;CLP;0;0
2776-21-LE25;MATERIALES PARA REPARACION DE ALUMBRADO PUBLICO DE LA COMUNA DE RENGO;I MUNICIPALIDAD DE RENGO;69.081.200-2;ADQUISICION MUNICIPAL;Avenida Bisquert 262, Rengo;Rengo;Región del Libertador General Bernardo OHiggins;LE;Publicada;ADQUISICION DE MATERIALES PARA REPARACION DE ALUMBRADO PUBLICO DE LA COMUNA DE RENGO;2025-04-10T12:57:10.237;2025-04-17T14:00:00;2025-06-06T14:00:00;;CLP;0;0
1199-32-LE25;ARTÍCULOS DE PREMIACIÓN COMPETENCIA ESC Y EDUC SUP;INSTITUTO NACIONAL DE DEPORTES DE CHILE;61.107.000-4;I.N.D. REGION VII;4 Norte N 1049.;Talca;Región del Maule;LE;Publicada;La presente licitación tiene por objeto la adquisición de artículos de premiación consistentes en Medallas y Trofeos para el Programa Competencia Escolar y Programa Ligas de Educación Superior, de acuerdo a las especificaciones que se detallan en las bases técnicas. Dicha compra tiene por objeto realizar premiaciones a los deportistas en todas sus etapas de los Juegos Deportivos Escolares, Comunal, Provincial y Regional.;2025-04-10T12:42:02.503;2025-04-21T17:00:00;2025-05-15T17:00:00;42600000;CLP;0;0
2598-3-L125;SERVICIO DE MANTENCIÓN PREVENTIVA Y CORRECTIVA DE EQUIPOS DE REFRIGERACIÓN Y DE CONGELAMIENTO DEL CESFAM-SAR DE CONCÓN;I MUNICIPALIDAD DE CONCON;73.568.600-3;DEPARTAMENTO DE SALUD;CHAÑARCILLO 1150;Concón;Región de Valparaíso;L1;Publicada;El Departamento de Salud Municipal Concón, DESAM, requiere adquirir ser servicio de mantenimiento preventivo y correctivo para equipos de refrigeración y de congelamiento del CESFAM-SAR de Concón.;2025-04-10T12:51:49.75;2025-04-16T18:33:00;2025-04-30T14:34:00;4800000;CLP;0;0
875646-19-LR25;JCB. Servicio de Aseo;Hospital Dr. Eduardo Pereira Ramirez;61.602.057-9;Hospital Dr. Eduardo Pereira Ramirez;Enrique Ibsen s/ n Cerro Delicias;Valparaíso;Región de Valparaíso;LR;Publicada;La Contratación del Servicio de Aseo en dependencias del hospital Eduardo Pereira y Centro de Especialidades. El Servicio de Aseo Contratado debe cumplir con los estándares de calidad y con los protocolos vigentes del establecimiento respecto al Control y Prevención de las Infecciones Asociadas a la Atención de Salud, y de acuerdo al D.S 6 del REAS, que considera: Norma de higiene de manos Norma de aseo Norma de salud del personal Norma de precauciones estándar Norma de precauciones según vía de transmisión. Manejo de residuos especiales y peligrosos;2025-04-10T12:40:19.933;2025-05-12T16:00:00;2025-08-13T19:48:00;970200000;CLP;0;0
2730-29-LE25;MANTENCIÓN REPARACIÓN Y REPUESTOS PARA CAMIONES;I MUNICIPALIDAD DE CASTRO;69.230.400-4;ILUSTRE MUNICIPALIDAD DE CASTRO;BLANCO N273 -Bodega interior.;Castro;Región de los Lagos;LE;Publicada;La necesidad de adquirir servicio por mantención, reparación y repuestos para maquinaria Jhon Deere, Komatsu y camiones Mercedes Benz;2025-04-10T12:42:55.633;2025-04-16T10:00:00;2025-04-22T16:15:00;;CLP;0;0
4290-54-LE25;Cont. suministro medios de comunicación;I MUNICIPALIDAD DE LIMACHE;69.061.100-7;Secpla - MUNICIPALIDAD LIMACHE;Palmira Romano Sur N 340;Limache;Región de Valparaíso;LE;Publicada;Contrato de suministro para medios de comunicación para la Ilustre Municipalidad de Limache.;2025-04-10T12:56:40.443;2025-04-22T16:00:00;2025-05-09T17:00:00;;CLP;0;0
1423460-2-LE25;SERVICIOS DE AUDITORÍA DE CERTIFICACIÓN Y MANTENCIÓN EN LA NORMA ISO 9001:2015 DEL ISL;INSTITUTO DE SEGURIDAD LABORAL;61.533.000-0;ISL Departamento de Gestión Estratégica;Teatinos N 726, Santiago;Santiago Centro;Región Metropolitana de Santiago;LE;Publicada;SERVICIOS DE AUDITORÍA DE CERTIFICACIÓN Y MANTENCIÓN EN LA NORMA ISO 9001:2015 DEL ISL E1O2RT9;2025-04-10T13:22:56.17;2025-04-25T15:00:00;2025-05-27T19:00:00;;CLP;0;0
1274907-19-LE25;Servicio de Ecotomografía Abdominal y de Gastroenterología;CORPORACIÓN MUNICIPAL DE EDUCACIÓN, SALUD Y ATENCIÓN DE MENORES CHONCHI;71.299.000-7;ADQUISICIONES;Sargento Candelaria 275, Chonchi;Chonchi;Región de los Lagos;LE;Publicada;Proveer la realización de estos exámenes para la población comunal;2025-04-10T13:13:57.31;2025-04-21T15:06:00;2025-04-22T15:07:00;20440000;CLP;0;0
4857-64-CO25;Material de Aseo e Higiene entre Otros.;I MUNICIPALIDAD DE TIRUA;69.160.700-3;Educación;Avenida Costanera 080;Tirúa;Región del Biobío;CO;Publicada;Licitación Pública para Contrato de Suministro de Material de Aseo e Higiene, entre otros para Liceo, Escuelas y Jardines Municipales Año 2025. Postular de Acuerdo a Bases y Todos sus Respaldos.;2025-04-10T13:04:56.6;2025-04-17T15:28:00;2025-05-30T17:29:00;;CLP;0;0
1003473-67-LE25;CONVENIO DE SUMINISTRO DE VENDAS Y TELAS ADHESIVAS PARA EL HOSPITAL SAN JUAN DE DIOS DE CURICÓ;SERVICIO DE SALUD DEL MAULE HOSPITAL DE CURICO;61.606.903-9;INSUMOS CLINICOS;;;Región del Maule;LE;Publicada;Las presentes bases de Licitación Pública tienen la finalidad de celebrar el CONVENIO DE SUMINISTRO DE VENDAS Y TELAS ADHESIVAS PARA EL HOSPITAL SAN JUAN DE DIOS DE CURICÓ por 24 (veinticuatro) meses, para satisfacer de manera adecuada y eficiente la labor asistencial de los distintos Servicios Clínicos del Hospital San Juan de Dios de Curicó. El detalle sobre el CONVENIO DE SUMINISTRO DE VENDAS Y TELAS ADHESIVAS PARA EL HOSPITAL SAN JUAN DE DIOS DE CURICÓ, con sus respectivas cantidades estimativas de consumo por un periodo de 24 meses y el presupuesto estimativo asignado, se especificarán en las respectivas resoluciones exentas que emita el hospital para estos efectos, y que tienen por objetivo autorizar e iniciar el respectivo proceso licitatorio en el portal www.mercadopúblico.cl.;2025-04-10T13:12:03.893;2025-04-21T15:01:00;2025-05-21T17:30:00;;CLP;0;0
4594-29-LE25;Suministro de tubos al vacío e insumos asociados;I MUNICIPALIDAD DE COIHUECO;69.141.102-8;Departamento de Salud;Sargento Aldea / 18 de Septiembre;Coihueco;Región del Ñuble;LE;Publicada;Contar con ofertas para la adquisición de suministro de tubos al vacío e insumos asociados para Laboratorio comunal de Coihueco.;2025-04-10T13:01:48.4;2025-04-22T14:25:00;2025-05-07T18:26:00;10000000;CLP;0;0
2007-2-LP25;Mezcla Asfáltica en Caliente Vialidad San Felipe;MINISTERIO DE OBRAS PUBLICAS DIREC CION GRAL DE OO PP DCYF;61.202.000-0;Dirección de Vialidad - V Región - Provincia de San Felipe;Calle Las Heras 165;San Felipe;Región de Valparaíso;LP;Publicada;La Dirección de Vialidad Provincia de San Felipe, Región de Valparaíso, solicita ofertas para la adquisición de 600 m3 de Mezcla Asfáltica en Caliente, puesto en terreno en Ruta E-547, comuna de Putaendo 350 m3 app y E-635, comuna de Catemu 250 m3 app en la Provincia de San Felipe, de la Dirección de Vialidad, Región de Valparaíso.;2025-04-10T13:21:35.32;2025-04-21T15:01:00;2025-05-13T15:00:00;123000000;CLP;0;0
1070620-63-LE25;PVE ADQ SERVICIOS DE COFFEE BREAK;HOSPITAL DOCTOR ERNESTO TORRES GALDAMES;62.000.530-4;Hospital Dr. Ernesto Torres Galdames;Av. Héroes de la Concepción 502;Iquique;Región de Tarapacá;LE;Publicada;SERVICIOS DE COFFEE BREAK PARA EL DEPARTAMENTO DE CAPACITACIÓN-FORMACIÓN Y DESARROLLO DE LAS PERSONAS DEL HOSPITAL DR. ERNESTO TORRES GALDAMES;2025-04-10T13:03:29.057;2025-04-16T15:00:00;2025-06-03T17:00:00;13120800;CLP;0;0
2974-31-LE25;ADQUISICIÓN MOBILIARIO PARA LA SECCIÓN LOGISTICA1572024;FUERZA AEREA DE CHILE COMANDO LOGISTICO;61.103.006-1;División de Bienestar Social;;;Región Metropolitana de Santiago;LE;Publicada;ADQUISICIÓN MOBILIARIO PARA LA SECCIÓN LOGISTICA(157/2024);2025-04-10T13:20:03.23;2025-04-21T15:08:00;2025-06-20T15:09:00;14223931;CLP;0;0
5625-1-LE25;E1O2RT9 SERVICIOS DE ASEO SERNAPESCA CORRAL;SERV NACIONAL DE PESCA;61.978.990-3;XIV - Servicio Nacional de Pesca y Acuicultura;San Carlos N50, 4 piso Oficina N43, Valdivia;Valdivia;Región de Los Ríos;LE;Publicada;LLamese a Licitación Pública para la contratación de convenios de suministros por servicios de aseo para las oficinas ubicada en, calle Miraflores sn comuna de Corral, dependiente de la Dirección Regional de los Ríos, del servicio nacional de pesca y acuicultura, u otras oficinas que el servicio le indique durante la ejecución del contrato.;2025-04-10T13:18:32.08;2025-04-23T15:02:00;2025-04-25T15:03:00;6840000;CLP;0;0
2446-102-LQ25;CONSTRUCCIÓN PLAZA DEPORTIVA PUMPTRACK SINDEMPART;I MUNICIPALIDAD DE COQUIMBO;69.040.300-5;IMUNI_COQUIMBO;BILBAO 348;Coquimbo;Región de Coquimbo;LQ;Publicada;El proyecto consiste en la ejecución de intervenciones en un espacio deportivo ubicado en un costado de la Ruta 5, donde actualmente existe un skatepark en funcionamiento y que representa un gran centro de actividad deportiva para la comunidad. Esta intervención contempla un mejoramiento integral del espacio, incorporando un pumptrack para la práctica de deportistas adultos, uno para menores, una serie de mobiliarios y equipamiento, veredas y todo lo requerido en las especificaciones técnicas del proyecto. La obra que se licita en el presente proceso, cuenta con permiso de obra menor N0068 de fecha 27012025, emitido por la Dirección de Obras Municipales, por lo cual será responsabilidad de la empresa contratista ejecutar la obra de acuerdo a planos aprobados por la DOM, lo dispuesto en las especificaciones técnicas, son las bases mínimas para la ejecución del proyecto, siendo responsabilidad de la empresa contratada, la encargada de verificar las condiciones del terreno, stock de materiales, profesionales y equipo de trabajo necesario, así como todas las condiciones que corresponda para correcta ejecución y entrega de la obra.;2025-04-10T13:20:38.973;2025-05-02T15:30:00;2025-06-02T17:30:00;330000000;CLP;0;0
5056-40-LP25;COMPRA DE SERVICIO PARA CONTINUIDAD ESTRATEGIA CRR;SERVICIO DE SALUD DEL MAULE HOSPITAL DE TALCA;61.606.901-2;Servicios;1 Norte N 1990;Talca;Región del Maule;LP;Publicada;La presente propuesta tiene por objeto la compra de servicios de personal para dar continuidad a la estrategia de centros regionales de Resolución (CRR) en Hospital Regional de Talca, aproximadamente 12 puestos temporales los cuales podrán aumentar o disminuir de acuerdo a las requerimientos de la institución y desempeñaran un servicio temporal dentro del Hospital Regional de Talca.;2025-04-10T13:15:23.697;2025-04-21T15:01:00;2025-04-30T17:30:00;;CLP;0;0
2963-21-LE25;ARRIENDO DE VEHICULOS SALUD 2 CAMIONETAS;I MUNICIPALIDAD DE LA GRANJA;69.072.400-6;SECPLA;Americo Vespucio 002 - dideco;La Granja;Región Metropolitana de Santiago;LE;Publicada;Dos 2 vehículos tipo camioneta doble cabina, para el uso del Departamento de Administración de Salud Municipal o para el recinto de Salud municipal que ellos designen. NOTA IMPORTANTE: POR EFECTOS DE COSTO, SÓLO SE REQUIEREN VEHÍCULOS USADOS DESDE EL AÑO 2018 HASTA EL AÑO 2025 EN USO.;2025-04-10T13:14:46.74;2025-04-24T10:00:00;2025-05-19T10:30:00;;CLP;0;0
2279-31-LE25;SP 208 TRABAJOS DE TRASLADO DE POSTES DE RED;MUNICIPALIDAD DE PUDAHUEL;69.071.100-1;IMUNI_PUDAHUEL ADQUISICIONES;SAN PABLO 8444;Pudahuel;Región Metropolitana de Santiago;LE;Publicada;Se requiere la contratación para trabajos de traslado de Postes de Red de Baja Tensión según lo solicitado en especificaciones técnicas adjuntas;2025-04-10T13:16:21.19;2025-04-22T09:00:00;2025-05-30T17:30:00;20000000;CLP;0;0
2974-30-LE25;SERVICIO DE FUMIGACION DESRATIZACION DESINSECTACION Y SANITIZACION EN UNIDADES INTERNAS DE LA DBS 68-2025;FUERZA AEREA DE CHILE COMANDO LOGISTICO;61.103.006-1;División de Bienestar Social;;;Región Metropolitana de Santiago;LE;Publicada;SERVICIO DE FUMIGACION DESRATIZACION DESINSECTACION Y SANITIZACION EN UNIDADES INTERNAS DE LA DBS 68-2025;2025-04-10T13:21:01.883;2025-04-21T15:12:00;2025-06-20T15:13:00;13655420;CLP;0;0
4179-20-LR25;MEJORAMIENTO BARRIO SANTA ANA COMUNA DE LAUTARO 2 llamado;I MUNICIPALIDAD DE LAUTARO;69.190.100-9;ABASTECIMIENTO;OHIGGINS N 1032 LAUTARO;Lautaro;Región de la Araucanía;LR;Publicada;La Municipalidad de Lautaro llama a Licitación Pública para el Proyecto Mejoramiento Barrio Santa Ana, Comuna de Lautaro , (2 Llamado), código BIP: 40024422-0, que considera obras en Bandejón Libertad contemplando reposición de multicancha, construcción de estructura de cubierta tipo arcotecho, cierros perimetrales en multicancha, mobiliario urbano, juegos infantiles y deportivos, pérgola para sombra, mirador, obras de paisajismo: áreas verdes, circulaciones peatonales, jardineras, instalaciones de electricidad y de riego, pinturas y terminaciones, entre otras partidas, de acuerdo a proyecto adjunto, dentro del PROGRAMA DE RECUPERACION DE BARRIOS.;2025-04-10T13:02:18.21;2025-05-12T15:00:00;2025-05-30T12:15:00;540493611;CLP;0;0
3863-39-LE25;CONVENIO SUMINISTRO MEDALLAS TROFEOS Y GALVANOS;I MUNICIPALIDAD DE SANTA CRUZ;69.090.600-7;Educacion Municipal;Avda. Gabriela Mistral N 470;Santa Cruz;Región del Libertador General Bernardo OHiggins;LE;Publicada;SEGÚN BASES ADMINISTRATIVAS.;2025-04-10T13:16:59.013;2025-04-23T12:00:00;2025-05-27T18:30:00;;CLP;0;0
2674-20-LE25;ADQUISICIÓN DE HERRAMIENTAS Y MATERIALES PARA PODA;ILUSTRE MUNICIPALIDAD DE MELIPILLA;69.072.900-8;ILUSTRE MUNICIPALIDAD DE MELIPILLA;SILVA CHAVEZ 480;Melipilla;Región Metropolitana de Santiago;LE;Publicada;ADQUISICIÓN DE HERRAMIENTAS Y MATERIALES PARA PODA 2025;2025-04-10T13:20:09.05;2025-04-22T15:00:00;2025-07-31T23:00:00;10264421;CLP;0;0
1057049-91-LQ25;VDH - Servicio mantencion preventiva y correctiva equipos medicos;SERV SALUD METROPOLITANO CENTRAL HOSPITAL CLINICO SAN BORJA ARRIARAN;61.608.604-9;Bienes y Servicios;Santa Rosa 1234;Santiago;Región Metropolitana de Santiago;LQ;Publicada;El objetivo de la Propuesta es la contratación de Servicio de Mantención Preventiva y Correctiva de Equipos Médicos del Hospital Clínico San Borja Arriarán, solicitados en las especificaciones técnicas, en concordancia con las Bases Administrativas, Técnicas, Formularios, aclaraciones y otros documentos que pudieran formularse en el transcurso de la licitación. Se entenderá que todo proveedor conoce y acepta irrevocablemente el contenido de las Bases de licitación, por el solo hecho de presentar ofertas en este proceso de licitación.;2025-04-10T13:12:24.46;2025-04-21T15:30:00;2025-06-18T18:00:00;;CLP;0;0
3598-22-LE25;Suministro de Insumos Veterinarios;I MUNICIPALIDAD DE MARCHIGUE;69.091.300-3;Ilustre Municipalidad de Marchigue;LIBERTAD n 490;Marchigue;Región del Libertador General Bernardo OHiggins;LE;Publicada;Suministro de Insumos Veterinarios para Veterinaria Municipal y Programa de Desarrollo Rural.;2025-04-10T13:26:19.43;2025-04-21T15:07:00;2025-04-25T12:00:00;;CLP;0;0
2770-29-LQ25;ADQUISICIÓN DE EQUIPAMIENTO INSUMOS HERRAMIENTAS Y REPUESTOS INFORMÁTICOS Y DE TELECOMUNICACIONES PARA LA DIRECCIÓN DE SALUD;I MUNICIPALIDAD DE MAIPU;69.070.900-7;I MUNICIPALIDAD DE MAIPU;AVDA. CINCO DE ABRIL 0260;Maipú;Región Metropolitana de Santiago;LQ;Publicada;La presente licitación tiene por finalidad adquirir todo el equipamiento, insumos, herramientas y repuestos, tanto informáticos como de telecomunicaciones, que se requieren para la correcta operatividad y funcionamiento de la Dirección de Salud Municipal (DISAM) y sus respectivos Centros de Salud, permitiendo que los funcionarios dispongan de las herramientas tecnológicas y soporte necesarios para llevar a cabo una atención adecuada a los usuarios de los establecimientos pertenecientes a la Red de Salud Comunal. Todo lo anterior, de acuerdo con los requerimientos establecidos en las Bases Administrativas, las Bases Técnicas, los anexos publicados y demás antecedentes de esta licitación.;2025-04-10T13:25:10.92;2025-04-30T16:00:00;2025-08-28T17:30:00;330543620;CLP;0;0
2385-22-LE25;Adquisición de Máquina Demarcadora Vial;I MUNICIPALIDAD DE CALAMA;69.020.200-K;ADQUISICIONES;VICUÑA MACKENNA 2001;Calama;Región de Antofagasta;LE;Publicada;La maquina demarcadora será utilizada por la Dirección de Tránsito y transporte Público para realizar diversos trabajos en colegios, jardines, juntas de vecino y el mantenimiento de espacios públicos en general de la ciudad de Calama.;2025-04-10T13:26:46.91;2025-04-21T15:01:00;2025-05-22T15:00:00;;CLP;0;0
2791-17-LE25;ARRIENDO DE CAMIONETA PARA DEM HUECHURABA;Municipalidad de Huechuraba;69.255.400-0;Departamento de Educación Municipal;Recoleta 5640;Huechuraba;Región Metropolitana de Santiago;LE;Publicada;El Departamento de Educación, requiere contratar el servicio de arriendo de camioneta doble cabina, para traslado de directivos, funcionarios, alumnos, entrega de documentos, materiales, especies y herramientas de distinta índole, principalmente dentro de la Región Metropolitana. COMPRAS25-160;2025-04-10T13:44:09.093;2025-04-21T15:01:00;2025-05-14T17:30:00;;CLP;0;0
4162-14-L125;SUMINISTRO DE SERVICIOS DE RETIRO RESIDUOS PELIGRO;I MUNICIPALIDAD DE DONIHUE;69.080.600-2;Salud;Dr.Sanhueza S/N;Doñihue;Región del Libertador General Bernardo OHiggins;L1;Publicada;La Municipalidad de Doñihue, a través de su Departamento de Salud Municipal, invita a los proveedores de Chile Compra a participar del proceso de Licitación Publica denominado ADQUISICION DE SERVICIOS DE RETIRO REAS, con objetivo de adquirir el servicio de retiro de reas en los Centros de Salud Familiar de Doñihue y Lo Miranda que obligatoriamente debe contemplar manual y normas establecida por autoridad sanitaria, de lo contrario se solicita NO participar.;2025-04-10T13:26:25.36;2025-04-16T15:18:00;2025-04-28T15:19:00;;CLP;0;0
324-23-LQ25;SERVICIO DE REMATE PÚBLICO DE VEHICULOS ABANDONADO;I MUNICIPALIDAD DE CERRILLOS;69.255.000-5;Administración y Finanzas - Abastecimiento;Piloto Lazo N120;Cerrillos;Región Metropolitana de Santiago;LQ;Publicada;La Municipalidad de Cerrillos requiere el SERVICIO DE REMATE PÚBLICO DE VEHICULOS ABANDONADOS RETIRADOS DE CIRCULACIÓN Y OTROS MUNICIPALIDAD DE CERRILLOS AÑO 2014-2024, que requiere contratar el servicio de Remate Público de los Vehículos abandonados retirados de Circulación en el Centro Metropolitano de Vehículos Retirados de Circulación /C.M.V.R.C), ubicado en calle Lo Echevers 920, Quilicura, y otros bienes mueble municipales dados de baja. Lo anterior en conformidad a lo indicado en las Especificaciones Técnicas, Bases Administrativas y toda la documentación que es parte de la presente propuesta a objeto de: 1 Coadyuvar a la Municipalidad de Cerrillos con el proceso de remate de especies muebles dadas de baja y, en especial, de vehículos existentes en el C.M.V.R.C., que se encuentren en condiciones legales y judiciales de subastarse. 2 Desarrollar el proceso de revisión previa, estudio, reunión de antecedentes, requerir y efectuar los tramites que fueren pertinentes de los bienes muebles (incluidos los vehículos o parte de estos), que serán del remate. 3 Ejecutar todas las gestiones previas y posteriores al remate que permitan un buen desarrollo integral del mismo, como por ejemplo: disponer de maquinarias, equipos y personal necesarios para la exhibición de las especies que se remataran, ordenamiento de los lotes (antes y después del remate), entre otras.;2025-04-10T13:31:40.54;2025-05-07T15:00:00;2025-06-02T15:30:00;;CLP;0;0
438-36-LQ25;ADQUISICION DE TARJETAS GIFT CARDS PARA VECINOSAS RECEPTORES DE ASISTENCIA SOCIAL;I MUNICIPALIDAD DE SAN RAMON;69.253.900-1;Secretaria de Planificación San Ramón;Avenida Ossa 1771;San Ramón;Región Metropolitana de Santiago;LQ;Publicada;ADQUISICION DE TARJETAS GIFT CARDS PARA VECINOS/AS RECEPTORES DE ASISTENCIA SOCIAL PREVIA EVALUACION TECNICA DE LA MUNICIPALIDAD DE SAN RAMON;2025-04-10T13:25:06.687;2025-04-21T15:30:00;2025-05-21T19:00:00;175000000;CLP;0;0
2776-22-LE25;MEDIAGUAS TIPO CASA PREFABRICADAS PARA ASISTENCIALIDAD DEL DEPARTAMENTO SOCIAL DE LA MUNICIPALIDAD DE RENGO;I MUNICIPALIDAD DE RENGO;69.081.200-2;ADQUISICION MUNICIPAL;Avenida Bisquert 262, Rengo;Rengo;Región del Libertador General Bernardo OHiggins;LE;Publicada;ADQUISICION DE MEDIAGUAS TIPO CASA PREFABRICADAS PARA ASISTENCIALIDAD DEL DEPARTAMENTO SOCIAL DE LA MUNICIPALIDAD DE RENGO;2025-04-10T13:42:43.343;2025-04-17T14:00:00;2025-06-06T14:00:00;;CLP;0;0
1240099-3-LP25;COMPRA SERVICIOS PROCESAMIENTO DE ESTUDIOS INMUNOHISTOQUIMICA;SERVICIO DE SALUD COQUIMBO HOSPITAL DE O;61.606.404-5;Servicios de Exámenes;Ariztia 7;Ovalle;Región de Coquimbo;LP;Publicada;COMPRA SERVICIOS PROCESAMIENTO DE ESTUDIOS INMUNOHISTOQUIMICA POR UN PERIODO DE 12 MESES PARA EL HOSPITAL PROVINCIAL DE OVALLE;2025-04-10T13:37:47.297;2025-04-21T15:25:00;2025-05-12T18:00:00;120000000;CLP;0;0
2945-5-LP25;SERVICIO DE COURIER NACIONAL;DIRECCION DE ABASTECIMIENTO DE LA ARMADA;61.102.004-K;DIRECCION DE ABASTECIMIENTO DE LA ARMADA;DIRECCIÓN DE ABASTECIMIENTO DE LA ARMADA, ALMIRANTE SEÑORET 47;Valparaíso;Región de Valparaíso;LP;Publicada;la Armada de Chile requiere contratar el Servicio de Courier Nacional, por un período de dos 2 años, según lo especificado en las Bases y Anexos que rigen la Licitación que se aprueba mediante la presente Resolución.;2025-04-10T14:10:26.46;2025-04-30T15:00:00;2025-06-29T16:30:00;;CLP;0;0
600644-7-LP25;Guardias de Seguridad y Operadores de CCTV;DELEGACIÓN PRESIDENCIAL PROVINCIAL DEL TAMARUGAL;61.979.010-3;UNIDAD COMPLEJO FRONTERIZOS COLCHANE;COLCHANE S/N;Colchane;Región de Tarapacá;LP;Publicada;La Delegación Presidencial Provincial del Tamarugal invita a todos los proveedores habilitados para contratar con el Estado, a participar en la licitación pública denominada CONTRATACIÓN DE SERVICIO EXTERNO DE VIGILANCIA Y MONITOREO CCTV, PARA LAS INSTALACIONES DEL COMPLEJO FRONTERIZO COLCHANE. Los servicios de seguridad y vigilancia para las dependencias del Complejo Fronterizo de Colchane ubicadas en la comuna de Colchane que se requiere contratar, tienen la calidad de servicios habituales, de conformidad a lo establecido en el N 30 del artículo 4 del Reglamento de la Ley N19.886.;2025-04-10T13:51:05.083;2025-04-22T15:32:00;2025-04-25T15:33:00;130000000;CLP;0;0
2599-20-LE25;SERVICIO DE MANTENCIÓN Y REPARACIÓN ELÉCTRICA;I MUNICIPALIDAD DE CONCON;73.568.600-3;DEPARTAMENTO DE EDUCACION;CALLE PORVENIR N865 CONCÓN;Concón;Región de Valparaíso;LE;Publicada;SERVICIO DE MANTENCIÓN Y REPARACIÓN ELÉCTRICA EN LOS ESTABLECIMIENTOS EDUCACIONALES MUNICIPALIZADOS DE CONCÓN, SEGÚN DETALLE EN DECRETO ALCALDICIO N1089 QUE CONTIENE LAS BASES TÉCNICAS Y ADMINISTRATIVAS QUE REGULAN LA LICITACIÓN.;2025-04-10T14:05:16.23;2025-04-21T18:42:00;2025-04-30T18:43:00;32000000;CLP;0;0
600644-6-LP25;CONVENIO DE SUMINISTRO MANTENCIONES;DELEGACIÓN PRESIDENCIAL PROVINCIAL DEL TAMARUGAL;61.979.010-3;UNIDAD COMPLEJO FRONTERIZOS COLCHANE;COLCHANE S/N;Colchane;Región de Tarapacá;LP;Publicada;La presente Licitación tiene por objeto el Convenio de suministro de Servicios de Mantención General e insumos en el Complejo Fronterizo Colchane, ubicado la comuna de Colchane. Se licitará servicios de mantención en general a las instalaciones del Complejo Fronterizo de Colchane e insumos.;2025-04-10T13:49:02.343;2025-04-29T18:52:00;2025-04-30T18:53:00;100000000;CLP;0;0
5019-9-LE25;SERV. DE CONSULTA MATRON A Y TOMA DE MUESTRA PARA APOYO AL DIAGNOSTICO;COMANDO DE APOYO A LA FUERZA;65.224.300-2;Centro Clínico Militar Coyhaique - CCM Coyhaique;Av. Ejército S/N;Coyhaique;Región Aysén del General Carlos Ibáñez del Campo;LE;Publicada;SERVICIO DE CONSULTA DE MATRÓN(A) Y TOMA DE MUESTRAS PARA APOYO AL DIAGNÓSTICO;2025-04-10T13:49:31.1;2025-04-16T13:30:00;2025-05-05T16:30:00;7800000;CLP;0;0
1058134-55-LQ25;CONVENIO DE MEDICAMENTO PEGASPARGASA;SERVICIO DE SALUD VALDIVIA HOSPITAL BASE;61.607.502-0;Fármarcos;Bienes y Servicios;Valdivia;Región de Los Ríos;LQ;Publicada;CONVENIO DE MEDICAMENTO PEGASPARGASA PARA EL HOSPITAL BASE VALDIVIA;2025-04-10T14:00:23.807;2025-04-30T19:00:00;2025-07-09T19:59:00;325000000;CLP;0;0
1293138-10-LR25;ADQUISICIÓN TORRES ENDOSCOPIA;SERVICIO SALUD METROPOLITANO OCCIDENTE;61.608.200-0;EQUIPAMIENTO NUEVO HOSPITAL DE MELIPILLA;ALAMEDA 2429;Santiago;Región Metropolitana de Santiago;LR;Publicada;NECESIDAD DEL SERVICIO DE SALUD OCCIDENTE PARA LA IMPLEMENTACIÓN DEL PROYECTO REPOSICIÓN CON RELOCALIZACIÓN HOSPITAL DE MELIPILLA;2025-04-10T13:54:08.883;2025-05-12T15:00:00;2025-09-02T18:00:00;;CLP;0;0
4631-18-LP25;MITIGACIÓN AGUAS LLUVIAS SECTOR TIL-TIL L7-25;I MUNICIPALIDAD DE COPIAPO;69.030.200-4;Secpla;Calle Miraflores N745,Población Pedro León Gallo;Copiapó;Región de Atacama;LP;Publicada;La I. Municipalidad de Copiapó convoca a la presente licitación pública para el mejoramiento de una superficie aproximada de 75 m2 y están relacionados con las aguas lluvias en Avenida Los Loros en el sector de Til Til Bajo, de la ciudad de Copiapó. Estas aguas lluvias, acumuladas por escurrimiento natural de la calzada, se direccionan hacia el humedal, en el punto más bajo, atravesando subterráneamente la Avenida los Loros, encauzada por una tubería de 400 mm., de diámetro en PVC tradicional, siendo captada por sumideros tipo MOP 60-18-R hacia una cámara decantadora protegida por un dado de hormigón en el atravieso de la calzada, la cual llega al sector de aguas abajo hacia el Humedal. En esta área se consultan los trabajos necesarios en el terreno adyacente para ir nivelando la tubería de 1% de pendiente, e instalando las obras de arte correspondientes al proyecto, para lograr mitigar el cauce natural que afectaba al talud y viviendas aledañas.;2025-04-10T14:47:36.843;2025-04-30T15:00:00;2025-05-20T15:00:00;;CLP;0;0
1493-29-L125;SEGUNDO LLAMADO CAPACITACION PROGRAMA FALIMLIAS ACTIVA TU PRESUPUESTO;I MUNICIPALIDAD DE SAN NICOLAS;69.140.800-0;I MUNICIPALIDAD DE SAN NICOLAS;Arturo Prat 202 - San Nicolás;San Nicolás;Región del Ñuble;L1;Publicada;SEGUNDO LLAMADO CAPACITACION PROGRAMA FALIMLIAS ACTIVA TU PRESUPUESTO;2025-04-10T14:21:11.427;2025-04-16T16:14:00;2025-04-25T16:15:00;4000000;CLP;0;0
1288-11-LE25;ADQUISICIÓN DE BANQUETA EN OBRA Y MALETIN TERRENO;SERVICIO SALUD METROPOLITANO OCCIDENTE;61.608.200-0;Servicio de Salud Metropolitano Occidente;Libertador Bernardo OHiggnis N 2429, Santiago;Santiago;Región Metropolitana de Santiago;LE;Publicada;Que, existe la necesidad para este Servicio de Salud de licitar la adquisición de ADQUISICIÓN DE BANQUETA EN OBRA Y MALETIN TERRENO PARA CESFAM EL MONTE, CÓDIGO BIP N. 30116548-0;2025-04-10T14:28:39.613;2025-04-21T18:00:00;2025-07-02T18:00:00;;CLP;0;0
2133-45-LP25;PPTA 136-25 DFL36 C. HRS MEDICAS UPC CARDIO;HOSPITAL DOCTOR HERNAN HENRIQUEZ ARAVENA;61.602.232-6;HOSPITAL DR HERNAN HENRIQUEZ A COMPRA DE SERVICIO;Manuel Montt 115;Temuco;Región de la Araucanía;LP;Publicada;El objetivo de esta Propuesta Pública es la compra de horas médicas para Unidad de Paciente Critico Cardiovascular, con el propósito de cubrir la demanda clínica de atención cerrada que permita resolver a pacientes institucionales y derivados de la Macrozona Sur, que requieren de este servicio, específicamente resolviendo pacientes con patologías graves como, infarto de miocardio, insuficiencia cardiaca aguda, arritmias cardiacas graves, embolia pulmonar, síndromes coronarios agudos, entre otras patologías más, a través de los servicios de Médicos en Formación y Especialistas, dado que, no se cuenta con los profesionales suficientes para suplir la demanda de estas atenciones, las cuales, tienen como finalidad ofrecer tratamiento intensivo, oportuno y especializado que resguarde vidas y optimice los resultados en el largo plazo. El servicio se realizará en dependencias del Hospital, en las mejores condiciones posibles para ambas partes, según se detalla en las presentes bases administrativas, y bases técnicas, y según cantidades definidas en el Anexo N 1. El respectivo contrato estará sujeto a las disposiciones del Decreto con Fuerza de Ley N 36, del 10 de Julio de 1980 del Ministerio de Salud y sus modificaciones introducidas por la Ley N 18.417, sólo respecto de los prestadores de salud que ejercen las acciones de salud que les corresponde ejecutar. En este sentido, El Prestador de Acciones de Salud se obligará a proporcionar por cuenta y a nombre del Hospital, y por la vía de la delegación, conforme a lo requerido por el inc. 1 del art. 2 del DFL 3680 a los Beneficiarios del Régimen de Prestaciones de Salud de la Ley N 18.469, las acciones de prevención, fomento, recuperación, protección o de rehabilitación de salud que por este acto se licitan.;2025-04-10T14:45:08.453;2025-04-21T15:01:00;2025-07-18T17:30:00;264504000;CLP;0;0
3421-1-LE25;ADQ. DE ALIMENTO PARA EJEMPLARES CANINOS UCAM;COMANDO DE APOYO A LA FUERZA;65.084.220-0;Regimiento de Policía Militar N1 Santiago;Avenida Las Perdices 700;Peñalolén;Región Metropolitana de Santiago;LE;Publicada;El Regimiento de Policía Militar N. 1 Santiago, se encuentra en la necesidad de gestionar la adquisición de alimento seco para los ejemplares caninos de dotación de la Unidad Canina Militar UCAM pertenecientes a esta unidad, permitiendo así mantener una dieta apropiada a las actividades de sus funciones institucionales.;2025-04-10T14:36:22.833;2025-04-16T17:30:00;2025-04-23T18:00:00;;CLP;0;0
4309-109-LP25;CONVENIO SUMINISTRO CINTAS HEMOGLUCOTEST;HOSPITAL GUILLERMO GRANT BENAVENTE DE CO;61.602.189-3;Abastecimiento Fármacos;San Martin 1436;Concepción;Región del Biobío;LP;Publicada;NECESIDAD DE ABASTECER AL HGGB;2025-04-10T14:44:07.703;2025-04-21T15:05:00;2025-07-21T13:00:00;;CLP;0;0
1057374-7-LP25;CONVENIO DE SERVICIOS DE ASEO;SERVICIO NACIONAL DE SALUD HOSPITAL DE LLAY LLAY;61.602.042-0;Bienes y Servicios;Calle San Francisco N 76 Comuna de Llay Llay;Llay-Llay;Región de Valparaíso;LP;Publicada;La necesidad de establecimiento de realizar mediante Convenio de Suministro la CONTRATACIÓN DE SERVICIO DE ASEO HOSPITAL SAN FRANCISCO DE LLAY LLAY por un periodo de 12 meses, para Hospital San Francisco de Llay Llay.;2025-04-10T14:41:27.897;2025-04-21T15:31:00;2025-05-30T12:18:00;;CLP;0;0
3145-3-LE25;GBA SERVICIO DE ASEO PABELLONES SOLTEROS;FUERZA AEREA DE CHILE COMANDO LOGISTICO;61.103.023-1;Ala Base N4;Retiro en bodega del Proveedor en la Sucursal. Iquique;Iquique;Región de Tarapacá;LE;Publicada;Se requiere contratar el servicio de aseo para el Casino Suboficiales Solteros ubicado en Base Aérea Los Cóndores, según especificaciones técnicas adjuntas.;2025-04-10T14:32:03.1;2025-04-25T18:00:00;2025-06-03T15:30:00;;CLP;0;0
817-15-O125;Diseño AALL Quebrada Honda y Mirador;MINISTERIO DE OBRAS PUBLICAS DIREC CION GRAL DE OO PP DCYF;61.202.000-0;Dirección de Obras Hidráulicas - X Región;Bernardo OHiggins 451, piso 6;Puerto Montt;Región de los Lagos;O1;Publicada;La presente Consultoría tiene como objetivo, estudiar a nivel de factibilidad distintas alternativas de obras de solución a los problemas de capacidad de captación, conducción y de carácter operativo de las aguas lluvias presentes en el área de estudio de cada proyecto: Cajón Quebrada Honda, Teobaldo Kuschel y Mirador.;2025-04-10T14:24:08.08;2025-04-30T14:30:00;2025-06-20T16:00:00;;CLP;0;0
611669-8-LE25;Licencia Sistema de Monitoreo PRTG para la SMA;Superintendencia del Medio Ambiente;61.979.950-k;Superintendencia del Medio Ambiente -Nivel Central;Teatinos #280 Piso 8;Santiago Centro;Región Metropolitana de Santiago;LE;Publicada;Licencia para Sistema de Monitoreo PRTG, para la Superintendencia del Medio Ambiente. E1O2RT9 Expediente N 24550;2025-04-10T14:23:13.27;2025-04-22T16:00:00;2025-05-07T16:00:00;;CLP;0;0
538598-11-LE25;Resonancia magnética nuclear RMNcintigramaPET-CT;HOSPITAL METROPOLITANO DE SANTIAGO;61.979.450-8;ABASTECIMIENTO;AVENIDA HOLANDA #60;Providencia;Región Metropolitana de Santiago;LE;Publicada;Adquisición de servicios de resonancia magnética nuclear RMN, cintigrama y PET-CT para los pacientes del Hospital Metropolitano de Santiago, ubicado en Holanda N060, Providencia, Región Metropolitana.;2025-04-10T14:46:31.597;2025-04-25T16:00:00;2025-05-27T16:00:00;;CLP;0;0
2133-46-LP25;PPTA 167-25 DFL36 C.S INT QX TIROIDECTOMIA;HOSPITAL DOCTOR HERNAN HENRIQUEZ ARAVENA;61.602.232-6;HOSPITAL DR HERNAN HENRIQUEZ A COMPRA DE SERVICIO;Manuel Montt 115;Temuco;Región de la Araucanía;LP;Publicada;El objetivo principal de esta propuesta pública es contratar el Servicio de Intervenciones Quirúrgicas de Tiroidectomía para Cáncer de Tiroides y Bocios, para dar respuesta a pacientes con Garantías Explicitas en Salud GES, y aquellos pacientes que se encuentran en lista de espera quirúrgica derivadas desde los establecimientos de la red Araucanía Norte y Sur, que requieren de estas cirugías las cuales, por falta de disponibilidad de pabellón y su demanda, no se logran realizar dentro del horario institucional destinado para ello. Por lo tanto, este servicio tiene por finalidad resolver y dar cumplimiento dentro de los plazos garantizados por Ley, todas aquellas cirugías de pacientes con diagnóstico de cáncer u otros diagnósticos. Dichas intervenciones serán realizadas en dependencias del Establecimiento, fuera de horario institucional, y a beneficiarios del Sistema Público de Salud, en las mejores condiciones posibles para ambas partes, según se detalla en las bases administrativas y técnicas, y en Anexo N 1. El respectivo contrato estará sujeto a las disposiciones del Decreto con Fuerza de Ley N 36, del 10 de Julio de 1980 del Ministerio de Salud y sus modificaciones introducidas por la Ley N 18.417, en este sentido, El Prestador de Acciones de Salud se obligará a proporcionar por cuenta y a nombre del Hospital, y por la vía de la delegación, conforme a lo requerido por el inc. 1 del art. 2 del DFL 3680 a los Beneficiarios del Régimen de Prestaciones de Salud de la Ley N 18.469, las acciones de prevención, fomento, recuperación, protección o de rehabilitación de salud que por este acto se licitan.;2025-04-10T14:47:06.03;2025-04-21T15:01:00;2025-07-18T17:30:00;335550592;CLP;0;0
3117-29-LE25;MANTENCIÓN DE BOMBAS POB. NAVAL NUEVO HORIZONTE;DIRECCION DE ABASTECIMIENTO DE LA ARMADA;61.102.006-6;DEPTO. DE BIENESTAR SOCIAL (V);INDEPENDENCIA 1786;Valparaíso;Región de Valparaíso;LE;Publicada;MANTENCIÓN DE BOMBAS POBLACIÓN NAVAL NUEVO HORIZONTE, DEPENDIENTE DEL DEPARTAMENTO DE BIENESTAR SOCIAL IRA ZONA NAVAL.;2025-04-10T14:42:55.293;2025-04-22T10:30:00;2025-05-22T15:04:00;7700000;CLP;0;0
4401-40-LE25;SC 330 Adq. Insumos de librería;I MUNICIPALIDAD DE SAN CLEMENTE;69.110.500-8;DEPARTAMENTO SALUD MUNICIPALIDAD DE SAN CLEMENTE;LOS ESPINOS S/N (EX CONSULTORIO);San Clemente;Región del Maule;LE;Publicada;Se requiere la adquisición de insumos de librería para el Departamento de Salud;2025-04-10T14:41:08.11;2025-04-21T16:00:00;2025-06-24T16:22:00;;CLP;0;0
769-52-LP25;ADQUISICION MEDICAMENTOS ENFERM. CRONICAS PP-32;SERVICIO DE SALUD ANTOFAGASTA DIRECCION;61.606.200-k;SERVICIO DE SALUD ANTOFAGASTA DIRECCION;Bolivar 523, Antofagasta;Antofagasta;Región de Antofagasta;LP;Publicada;Adquirir o contratar lo siguiente: La presente propuesta pública tiene como objetivo adquirir o contratar medicamentos e insumos para pie diabético del programa fondo de farmacia para enfermedades crónicas no trasmisibles, para la red de atención primaria de salud de la segunda región.;2025-04-10T14:54:10.847;2025-04-28T15:30:00;2025-05-30T18:52:00;;CLP;0;0
1418393-1-LR25;ADQUISICIÓN E INST. 3 EQUIPOS ESCANEO CORPORAL;SERVICIO NACIONAL DE MENORES;61.008.000-6;COMPRAS GORE METROPOLITANO;;;Región Metropolitana de Santiago;LR;Publicada;Contratación, ejecución y recepción del servicio, denominado ADQUISICIÓN E INSTALACIÓN DE TRES 3 EQUIPOS DE ESCANEO CORPORAL EN CENTROS CERRADOS DE LA REGIÓN METROPOLITANA;2025-04-10T14:53:57.72;2025-05-12T15:30:00;2025-05-22T18:30:00;;CLP;0;0
1536-4-LE25;ADQUSICIÓN DE 150 CAJAS DE ALIMENTOS DPP 2 LLAMADO;DELEGACIÓN PRESIDENCIAL PROVINCIAL DE TIERRA DEL FUEGO;60.511.123-8;DELEGACIÓN PRESIDENCIAL PROVINCIAL DE TIERRA DEL F;Mario Zavattaro 525;Porvenir;Región de Magallanes y de la Antártica;LE;Publicada;La Delegación Presidencial Provincial de Tierra del Fuego, en adelante también, La DPP, llama a presentar ofertas mediante Licitación Pública para ADQUISICIÓN DE 150 CAJAS DE ALIMENTOS, para la DPP, ubicada Mario Zavattaro 525, en la Comuna de Porvenir, Provincia de Tierra del Fuego;2025-04-10T14:53:13.357;2025-04-21T18:36:00;2025-04-22T18:37:00;;CLP;0;0
4856-19-LE25;Cambio de puertas de urgencia y de box SAR Tirúa;I MUNICIPALIDAD DE TIRUA;69.160.700-3;Salud;Atahualpa N220;Tirúa;Región del Biobío;LE;Publicada;Adquisición cambio de puertas de urgencia y de box, SAR Tirúa, según bases adjuntas;2025-04-10T14:50:52.43;2025-04-21T17:32:00;2025-04-22T17:33:00;;CLP;0;0
2271-21-LE25;Reparación de techo de torre de control y ampliación de bodega del aeródromo La Independencia Rancagua.;DIRECCION GENERAL DE AERONAUTICA CIVIL;61.104.000-8;UNIDAD DE COMPRA ZONAL CENTRAL;;;Región del Libertador General Bernardo OHiggins;LE;Publicada;Contratar el servicio de reparación de techo de torre de control y ampliación de bodega del aeródromo La Independencia, Rancagua.;2025-04-10T14:52:34.24;2025-04-25T10:00:00;2025-04-30T15:05:00;10260029;CLP;0;0